ISO-10303-21;
HEADER;
FILE_DESCRIPTION((''),'2;1');
FILE_NAME('RHB0032R_ASM','2017-06-21T',('a0412025'),(''),
'CREO PARAMETRIC BY PTC INC, 2016050','CREO PARAMETRIC BY PTC INC, 2016050','');
FILE_SCHEMA(('AUTOMOTIVE_DESIGN { 1 0 10303 214 1 1 1 1 }'));
ENDSEC;
DATA;
#28=DIRECTION('',(1.E0,0.E0,0.E0));
#29=VECTOR('',#28,3.35E0);
#30=CARTESIAN_POINT('',(-1.5E0,0.E0,-1.85E0));
#31=LINE('',#30,#29);
#32=DRAUGHTING_PRE_DEFINED_CURVE_FONT('continuous');
#33=CURVE_STYLE('',#32,POSITIVE_LENGTH_MEASURE(2.E-2),#6);
#34=PRESENTATION_STYLE_ASSIGNMENT((#33));
#35=STYLED_ITEM('',(#34),#31);
#36=DIRECTION('',(0.E0,0.E0,1.E0));
#37=VECTOR('',#36,3.7E0);
#38=CARTESIAN_POINT('',(1.85E0,0.E0,-1.85E0));
#39=LINE('',#38,#37);
#40=CURVE_STYLE('',#32,POSITIVE_LENGTH_MEASURE(2.E-2),#6);
#41=PRESENTATION_STYLE_ASSIGNMENT((#40));
#42=STYLED_ITEM('',(#41),#39);
#43=DIRECTION('',(-1.E0,0.E0,0.E0));
#44=VECTOR('',#43,3.7E0);
#45=CARTESIAN_POINT('',(1.85E0,0.E0,1.85E0));
#46=LINE('',#45,#44);
#47=CURVE_STYLE('',#32,POSITIVE_LENGTH_MEASURE(2.E-2),#6);
#48=PRESENTATION_STYLE_ASSIGNMENT((#47));
#49=STYLED_ITEM('',(#48),#46);
#50=DIRECTION('',(0.E0,0.E0,-1.E0));
#51=VECTOR('',#50,3.35E0);
#52=CARTESIAN_POINT('',(-1.85E0,0.E0,1.85E0));
#53=LINE('',#52,#51);
#54=CURVE_STYLE('',#32,POSITIVE_LENGTH_MEASURE(2.E-2),#6);
#55=PRESENTATION_STYLE_ASSIGNMENT((#54));
#56=STYLED_ITEM('',(#55),#53);
#57=DIRECTION('',(-7.071067811865E-1,0.E0,7.071067811865E-1));
#58=VECTOR('',#57,4.949747468306E-1);
#59=CARTESIAN_POINT('',(-1.5E0,0.E0,-1.85E0));
#60=LINE('',#59,#58);
#61=CURVE_STYLE('',#32,POSITIVE_LENGTH_MEASURE(2.E-2),#6);
#62=PRESENTATION_STYLE_ASSIGNMENT((#61));
#63=STYLED_ITEM('',(#62),#60);
#64=DIRECTION('',(1.E0,0.E0,0.E0));
#65=VECTOR('',#64,1.25E-1);
#66=CARTESIAN_POINT('',(-2.45E0,0.E0,-2.45E0));
#67=LINE('',#66,#65);
#68=CURVE_STYLE('',#32,POSITIVE_LENGTH_MEASURE(2.E-2),#6);
#69=PRESENTATION_STYLE_ASSIGNMENT((#68));
#70=STYLED_ITEM('',(#69),#67);
#71=DIRECTION('',(0.E0,0.E0,-1.E0));
#72=VECTOR('',#71,1.25E-1);
#73=CARTESIAN_POINT('',(-2.45E0,0.E0,-2.325E0));
#74=LINE('',#73,#72);
#75=CURVE_STYLE('',#32,POSITIVE_LENGTH_MEASURE(2.E-2),#6);
#76=PRESENTATION_STYLE_ASSIGNMENT((#75));
#77=STYLED_ITEM('',(#76),#74);
#78=DIRECTION('',(1.E0,0.E0,0.E0));
#79=VECTOR('',#78,1.25E-1);
#80=CARTESIAN_POINT('',(-2.45E0,0.E0,-2.325E0));
#81=LINE('',#80,#79);
#82=CURVE_STYLE('',#32,POSITIVE_LENGTH_MEASURE(2.E-2),#6);
#83=PRESENTATION_STYLE_ASSIGNMENT((#82));
#84=STYLED_ITEM('',(#83),#81);
#85=DIRECTION('',(0.E0,0.E0,1.E0));
#86=VECTOR('',#85,1.25E-1);
#87=CARTESIAN_POINT('',(-2.325E0,0.E0,-2.45E0));
#88=LINE('',#87,#86);
#89=CURVE_STYLE('',#32,POSITIVE_LENGTH_MEASURE(2.E-2),#6);
#90=PRESENTATION_STYLE_ASSIGNMENT((#89));
#91=STYLED_ITEM('',(#90),#88);
#92=DIRECTION('',(1.E0,0.E0,0.E0));
#93=VECTOR('',#92,2.5E-1);
#94=CARTESIAN_POINT('',(-2.125E0,0.E0,-2.45E0));
#95=LINE('',#94,#93);
#96=CURVE_STYLE('',#32,POSITIVE_LENGTH_MEASURE(2.E-2),#6);
#97=PRESENTATION_STYLE_ASSIGNMENT((#96));
#98=STYLED_ITEM('',(#97),#95);
#99=DIRECTION('',(0.E0,0.E0,1.E0));
#100=VECTOR('',#99,3.25E-1);
#101=CARTESIAN_POINT('',(-2.125E0,0.E0,-2.45E0));
#102=LINE('',#101,#100);
#103=CURVE_STYLE('',#32,POSITIVE_LENGTH_MEASURE(2.E-2),#6);
#104=PRESENTATION_STYLE_ASSIGNMENT((#103));
#105=STYLED_ITEM('',(#104),#102);
#106=DIRECTION('',(1.E0,0.E0,0.E0));
#107=VECTOR('',#106,3.25E-1);
#108=CARTESIAN_POINT('',(-2.45E0,0.E0,-2.125E0));
#109=LINE('',#108,#107);
#110=CURVE_STYLE('',#32,POSITIVE_LENGTH_MEASURE(2.E-2),#6);
#111=PRESENTATION_STYLE_ASSIGNMENT((#110));
#112=STYLED_ITEM('',(#111),#109);
#113=DIRECTION('',(0.E0,0.E0,-1.E0));
#114=VECTOR('',#113,2.5E-1);
#115=CARTESIAN_POINT('',(-2.45E0,0.E0,-1.875E0));
#116=LINE('',#115,#114);
#117=CURVE_STYLE('',#32,POSITIVE_LENGTH_MEASURE(2.E-2),#6);
#118=PRESENTATION_STYLE_ASSIGNMENT((#117));
#119=STYLED_ITEM('',(#118),#116);
#120=DIRECTION('',(1.E0,0.E0,0.E0));
#121=VECTOR('',#120,2.25E-1);
#122=CARTESIAN_POINT('',(-2.45E0,0.E0,-1.875E0));
#123=LINE('',#122,#121);
#124=CURVE_STYLE('',#32,POSITIVE_LENGTH_MEASURE(2.E-2),#6);
#125=PRESENTATION_STYLE_ASSIGNMENT((#124));
#126=STYLED_ITEM('',(#125),#123);
#127=CARTESIAN_POINT('',(-2.225E0,0.E0,-1.75E0));
#128=DIRECTION('',(0.E0,-1.E0,0.E0));
#129=DIRECTION('',(0.E0,0.E0,-1.E0));
#130=AXIS2_PLACEMENT_3D('',#127,#128,#129);
#132=CURVE_STYLE('',#32,POSITIVE_LENGTH_MEASURE(2.E-2),#6);
#133=PRESENTATION_STYLE_ASSIGNMENT((#132));
#134=STYLED_ITEM('',(#133),#131);
#135=DIRECTION('',(1.E0,0.E0,0.E0));
#136=VECTOR('',#135,2.25E-1);
#137=CARTESIAN_POINT('',(-2.45E0,0.E0,-1.625E0));
#138=LINE('',#137,#136);
#139=CURVE_STYLE('',#32,POSITIVE_LENGTH_MEASURE(2.E-2),#6);
#140=PRESENTATION_STYLE_ASSIGNMENT((#139));
#141=STYLED_ITEM('',(#140),#138);
#142=DIRECTION('',(0.E0,0.E0,-1.E0));
#143=VECTOR('',#142,2.5E-1);
#144=CARTESIAN_POINT('',(-2.45E0,0.E0,-1.375E0));
#145=LINE('',#144,#143);
#146=CURVE_STYLE('',#32,POSITIVE_LENGTH_MEASURE(2.E-2),#6);
#147=PRESENTATION_STYLE_ASSIGNMENT((#146));
#148=STYLED_ITEM('',(#147),#145);
#149=DIRECTION('',(1.E0,0.E0,0.E0));
#150=VECTOR('',#149,2.25E-1);
#151=CARTESIAN_POINT('',(-2.45E0,0.E0,-1.375E0));
#152=LINE('',#151,#150);
#153=CURVE_STYLE('',#32,POSITIVE_LENGTH_MEASURE(2.E-2),#6);
#154=PRESENTATION_STYLE_ASSIGNMENT((#153));
#155=STYLED_ITEM('',(#154),#152);
#156=CARTESIAN_POINT('',(-2.225E0,0.E0,-1.25E0));
#157=DIRECTION('',(0.E0,-1.E0,0.E0));
#158=DIRECTION('',(0.E0,0.E0,-1.E0));
#159=AXIS2_PLACEMENT_3D('',#156,#157,#158);
#161=CURVE_STYLE('',#32,POSITIVE_LENGTH_MEASURE(2.E-2),#6);
#162=PRESENTATION_STYLE_ASSIGNMENT((#161));
#163=STYLED_ITEM('',(#162),#160);
#164=DIRECTION('',(1.E0,0.E0,0.E0));
#165=VECTOR('',#164,2.25E-1);
#166=CARTESIAN_POINT('',(-2.45E0,0.E0,-1.125E0));
#167=LINE('',#166,#165);
#168=CURVE_STYLE('',#32,POSITIVE_LENGTH_MEASURE(2.E-2),#6);
#169=PRESENTATION_STYLE_ASSIGNMENT((#168));
#170=STYLED_ITEM('',(#169),#167);
#171=DIRECTION('',(0.E0,0.E0,-1.E0));
#172=VECTOR('',#171,2.5E-1);
#173=CARTESIAN_POINT('',(-2.45E0,0.E0,-8.75E-1));
#174=LINE('',#173,#172);
#175=CURVE_STYLE('',#32,POSITIVE_LENGTH_MEASURE(2.E-2),#6);
#176=PRESENTATION_STYLE_ASSIGNMENT((#175));
#177=STYLED_ITEM('',(#176),#174);
#178=DIRECTION('',(1.E0,0.E0,0.E0));
#179=VECTOR('',#178,2.25E-1);
#180=CARTESIAN_POINT('',(-2.45E0,0.E0,-8.75E-1));
#181=LINE('',#180,#179);
#182=CURVE_STYLE('',#32,POSITIVE_LENGTH_MEASURE(2.E-2),#6);
#183=PRESENTATION_STYLE_ASSIGNMENT((#182));
#184=STYLED_ITEM('',(#183),#181);
#185=CARTESIAN_POINT('',(-2.225E0,0.E0,-7.5E-1));
#186=DIRECTION('',(0.E0,-1.E0,0.E0));
#187=DIRECTION('',(0.E0,0.E0,-1.E0));
#188=AXIS2_PLACEMENT_3D('',#185,#186,#187);
#190=CURVE_STYLE('',#32,POSITIVE_LENGTH_MEASURE(2.E-2),#6);
#191=PRESENTATION_STYLE_ASSIGNMENT((#190));
#192=STYLED_ITEM('',(#191),#189);
#193=DIRECTION('',(1.E0,0.E0,0.E0));
#194=VECTOR('',#193,2.25E-1);
#195=CARTESIAN_POINT('',(-2.45E0,0.E0,-6.25E-1));
#196=LINE('',#195,#194);
#197=CURVE_STYLE('',#32,POSITIVE_LENGTH_MEASURE(2.E-2),#6);
#198=PRESENTATION_STYLE_ASSIGNMENT((#197));
#199=STYLED_ITEM('',(#198),#196);
#200=DIRECTION('',(0.E0,0.E0,-1.E0));
#201=VECTOR('',#200,2.5E-1);
#202=CARTESIAN_POINT('',(-2.45E0,0.E0,-3.75E-1));
#203=LINE('',#202,#201);
#204=CURVE_STYLE('',#32,POSITIVE_LENGTH_MEASURE(2.E-2),#6);
#205=PRESENTATION_STYLE_ASSIGNMENT((#204));
#206=STYLED_ITEM('',(#205),#203);
#207=DIRECTION('',(1.E0,0.E0,0.E0));
#208=VECTOR('',#207,2.25E-1);
#209=CARTESIAN_POINT('',(-2.45E0,0.E0,-3.75E-1));
#210=LINE('',#209,#208);
#211=CURVE_STYLE('',#32,POSITIVE_LENGTH_MEASURE(2.E-2),#6);
#212=PRESENTATION_STYLE_ASSIGNMENT((#211));
#213=STYLED_ITEM('',(#212),#210);
#214=CARTESIAN_POINT('',(-2.225E0,0.E0,-2.5E-1));
#215=DIRECTION('',(0.E0,-1.E0,0.E0));
#216=DIRECTION('',(0.E0,0.E0,-1.E0));
#217=AXIS2_PLACEMENT_3D('',#214,#215,#216);
#219=CURVE_STYLE('',#32,POSITIVE_LENGTH_MEASURE(2.E-2),#6);
#220=PRESENTATION_STYLE_ASSIGNMENT((#219));
#221=STYLED_ITEM('',(#220),#218);
#222=DIRECTION('',(1.E0,0.E0,0.E0));
#223=VECTOR('',#222,2.25E-1);
#224=CARTESIAN_POINT('',(-2.45E0,0.E0,-1.25E-1));
#225=LINE('',#224,#223);
#226=CURVE_STYLE('',#32,POSITIVE_LENGTH_MEASURE(2.E-2),#6);
#227=PRESENTATION_STYLE_ASSIGNMENT((#226));
#228=STYLED_ITEM('',(#227),#225);
#229=DIRECTION('',(0.E0,0.E0,-1.E0));
#230=VECTOR('',#229,2.5E-1);
#231=CARTESIAN_POINT('',(-2.45E0,0.E0,1.25E-1));
#232=LINE('',#231,#230);
#233=CURVE_STYLE('',#32,POSITIVE_LENGTH_MEASURE(2.E-2),#6);
#234=PRESENTATION_STYLE_ASSIGNMENT((#233));
#235=STYLED_ITEM('',(#234),#232);
#236=DIRECTION('',(1.E0,0.E0,0.E0));
#237=VECTOR('',#236,2.25E-1);
#238=CARTESIAN_POINT('',(-2.45E0,0.E0,1.25E-1));
#239=LINE('',#238,#237);
#240=CURVE_STYLE('',#32,POSITIVE_LENGTH_MEASURE(2.E-2),#6);
#241=PRESENTATION_STYLE_ASSIGNMENT((#240));
#242=STYLED_ITEM('',(#241),#239);
#243=CARTESIAN_POINT('',(-2.225E0,0.E0,2.5E-1));
#244=DIRECTION('',(0.E0,-1.E0,0.E0));
#245=DIRECTION('',(0.E0,0.E0,-1.E0));
#246=AXIS2_PLACEMENT_3D('',#243,#244,#245);
#248=CURVE_STYLE('',#32,POSITIVE_LENGTH_MEASURE(2.E-2),#6);
#249=PRESENTATION_STYLE_ASSIGNMENT((#248));
#250=STYLED_ITEM('',(#249),#247);
#251=DIRECTION('',(1.E0,0.E0,0.E0));
#252=VECTOR('',#251,2.25E-1);
#253=CARTESIAN_POINT('',(-2.45E0,0.E0,3.75E-1));
#254=LINE('',#253,#252);
#255=CURVE_STYLE('',#32,POSITIVE_LENGTH_MEASURE(2.E-2),#6);
#256=PRESENTATION_STYLE_ASSIGNMENT((#255));
#257=STYLED_ITEM('',(#256),#254);
#258=DIRECTION('',(0.E0,0.E0,-1.E0));
#259=VECTOR('',#258,2.5E-1);
#260=CARTESIAN_POINT('',(-2.45E0,0.E0,6.25E-1));
#261=LINE('',#260,#259);
#262=CURVE_STYLE('',#32,POSITIVE_LENGTH_MEASURE(2.E-2),#6);
#263=PRESENTATION_STYLE_ASSIGNMENT((#262));
#264=STYLED_ITEM('',(#263),#261);
#265=DIRECTION('',(1.E0,0.E0,0.E0));
#266=VECTOR('',#265,2.25E-1);
#267=CARTESIAN_POINT('',(-2.45E0,0.E0,6.25E-1));
#268=LINE('',#267,#266);
#269=CURVE_STYLE('',#32,POSITIVE_LENGTH_MEASURE(2.E-2),#6);
#270=PRESENTATION_STYLE_ASSIGNMENT((#269));
#271=STYLED_ITEM('',(#270),#268);
#272=CARTESIAN_POINT('',(-2.225E0,0.E0,7.5E-1));
#273=DIRECTION('',(0.E0,-1.E0,0.E0));
#274=DIRECTION('',(0.E0,0.E0,-1.E0));
#275=AXIS2_PLACEMENT_3D('',#272,#273,#274);
#277=CURVE_STYLE('',#32,POSITIVE_LENGTH_MEASURE(2.E-2),#6);
#278=PRESENTATION_STYLE_ASSIGNMENT((#277));
#279=STYLED_ITEM('',(#278),#276);
#280=DIRECTION('',(1.E0,0.E0,0.E0));
#281=VECTOR('',#280,2.25E-1);
#282=CARTESIAN_POINT('',(-2.45E0,0.E0,8.75E-1));
#283=LINE('',#282,#281);
#284=CURVE_STYLE('',#32,POSITIVE_LENGTH_MEASURE(2.E-2),#6);
#285=PRESENTATION_STYLE_ASSIGNMENT((#284));
#286=STYLED_ITEM('',(#285),#283);
#287=DIRECTION('',(0.E0,0.E0,-1.E0));
#288=VECTOR('',#287,2.5E-1);
#289=CARTESIAN_POINT('',(-2.45E0,0.E0,1.125E0));
#290=LINE('',#289,#288);
#291=CURVE_STYLE('',#32,POSITIVE_LENGTH_MEASURE(2.E-2),#6);
#292=PRESENTATION_STYLE_ASSIGNMENT((#291));
#293=STYLED_ITEM('',(#292),#290);
#294=DIRECTION('',(1.E0,0.E0,0.E0));
#295=VECTOR('',#294,2.25E-1);
#296=CARTESIAN_POINT('',(-2.45E0,0.E0,1.125E0));
#297=LINE('',#296,#295);
#298=CURVE_STYLE('',#32,POSITIVE_LENGTH_MEASURE(2.E-2),#6);
#299=PRESENTATION_STYLE_ASSIGNMENT((#298));
#300=STYLED_ITEM('',(#299),#297);
#301=CARTESIAN_POINT('',(-2.225E0,0.E0,1.25E0));
#302=DIRECTION('',(0.E0,-1.E0,0.E0));
#303=DIRECTION('',(0.E0,0.E0,-1.E0));
#304=AXIS2_PLACEMENT_3D('',#301,#302,#303);
#306=CURVE_STYLE('',#32,POSITIVE_LENGTH_MEASURE(2.E-2),#6);
#307=PRESENTATION_STYLE_ASSIGNMENT((#306));
#308=STYLED_ITEM('',(#307),#305);
#309=DIRECTION('',(1.E0,0.E0,0.E0));
#310=VECTOR('',#309,2.25E-1);
#311=CARTESIAN_POINT('',(-2.45E0,0.E0,1.375E0));
#312=LINE('',#311,#310);
#313=CURVE_STYLE('',#32,POSITIVE_LENGTH_MEASURE(2.E-2),#6);
#314=PRESENTATION_STYLE_ASSIGNMENT((#313));
#315=STYLED_ITEM('',(#314),#312);
#316=DIRECTION('',(0.E0,0.E0,-1.E0));
#317=VECTOR('',#316,2.5E-1);
#318=CARTESIAN_POINT('',(-2.45E0,0.E0,1.625E0));
#319=LINE('',#318,#317);
#320=CURVE_STYLE('',#32,POSITIVE_LENGTH_MEASURE(2.E-2),#6);
#321=PRESENTATION_STYLE_ASSIGNMENT((#320));
#322=STYLED_ITEM('',(#321),#319);
#323=DIRECTION('',(1.E0,0.E0,0.E0));
#324=VECTOR('',#323,2.25E-1);
#325=CARTESIAN_POINT('',(-2.45E0,0.E0,1.625E0));
#326=LINE('',#325,#324);
#327=CURVE_STYLE('',#32,POSITIVE_LENGTH_MEASURE(2.E-2),#6);
#328=PRESENTATION_STYLE_ASSIGNMENT((#327));
#329=STYLED_ITEM('',(#328),#326);
#330=CARTESIAN_POINT('',(-2.225E0,0.E0,1.75E0));
#331=DIRECTION('',(0.E0,-1.E0,0.E0));
#332=DIRECTION('',(0.E0,0.E0,-1.E0));
#333=AXIS2_PLACEMENT_3D('',#330,#331,#332);
#335=CURVE_STYLE('',#32,POSITIVE_LENGTH_MEASURE(2.E-2),#6);
#336=PRESENTATION_STYLE_ASSIGNMENT((#335));
#337=STYLED_ITEM('',(#336),#334);
#338=DIRECTION('',(1.E0,0.E0,0.E0));
#339=VECTOR('',#338,2.25E-1);
#340=CARTESIAN_POINT('',(-2.45E0,0.E0,1.875E0));
#341=LINE('',#340,#339);
#342=CURVE_STYLE('',#32,POSITIVE_LENGTH_MEASURE(2.E-2),#6);
#343=PRESENTATION_STYLE_ASSIGNMENT((#342));
#344=STYLED_ITEM('',(#343),#341);
#345=DIRECTION('',(0.E0,0.E0,-1.E0));
#346=VECTOR('',#345,2.5E-1);
#347=CARTESIAN_POINT('',(-2.45E0,0.E0,2.125E0));
#348=LINE('',#347,#346);
#349=CURVE_STYLE('',#32,POSITIVE_LENGTH_MEASURE(2.E-2),#6);
#350=PRESENTATION_STYLE_ASSIGNMENT((#349));
#351=STYLED_ITEM('',(#350),#348);
#352=DIRECTION('',(1.E0,0.E0,0.E0));
#353=VECTOR('',#352,3.25E-1);
#354=CARTESIAN_POINT('',(-2.45E0,0.E0,2.125E0));
#355=LINE('',#354,#353);
#356=CURVE_STYLE('',#32,POSITIVE_LENGTH_MEASURE(2.E-2),#6);
#357=PRESENTATION_STYLE_ASSIGNMENT((#356));
#358=STYLED_ITEM('',(#357),#355);
#359=DIRECTION('',(0.E0,0.E0,-1.E0));
#360=VECTOR('',#359,3.25E-1);
#361=CARTESIAN_POINT('',(-2.125E0,0.E0,2.45E0));
#362=LINE('',#361,#360);
#363=CURVE_STYLE('',#32,POSITIVE_LENGTH_MEASURE(2.E-2),#6);
#364=PRESENTATION_STYLE_ASSIGNMENT((#363));
#365=STYLED_ITEM('',(#364),#362);
#366=DIRECTION('',(-1.E0,0.E0,0.E0));
#367=VECTOR('',#366,2.5E-1);
#368=CARTESIAN_POINT('',(-1.875E0,0.E0,2.45E0));
#369=LINE('',#368,#367);
#370=CURVE_STYLE('',#32,POSITIVE_LENGTH_MEASURE(2.E-2),#6);
#371=PRESENTATION_STYLE_ASSIGNMENT((#370));
#372=STYLED_ITEM('',(#371),#369);
#373=DIRECTION('',(0.E0,0.E0,-1.E0));
#374=VECTOR('',#373,2.25E-1);
#375=CARTESIAN_POINT('',(-1.875E0,0.E0,2.45E0));
#376=LINE('',#375,#374);
#377=CURVE_STYLE('',#32,POSITIVE_LENGTH_MEASURE(2.E-2),#6);
#378=PRESENTATION_STYLE_ASSIGNMENT((#377));
#379=STYLED_ITEM('',(#378),#376);
#380=CARTESIAN_POINT('',(-1.75E0,0.E0,2.225E0));
#381=DIRECTION('',(0.E0,-1.E0,0.E0));
#382=DIRECTION('',(-1.E0,0.E0,0.E0));
#383=AXIS2_PLACEMENT_3D('',#380,#381,#382);
#385=CURVE_STYLE('',#32,POSITIVE_LENGTH_MEASURE(2.E-2),#6);
#386=PRESENTATION_STYLE_ASSIGNMENT((#385));
#387=STYLED_ITEM('',(#386),#384);
#388=DIRECTION('',(0.E0,0.E0,-1.E0));
#389=VECTOR('',#388,2.25E-1);
#390=CARTESIAN_POINT('',(-1.625E0,0.E0,2.45E0));
#391=LINE('',#390,#389);
#392=CURVE_STYLE('',#32,POSITIVE_LENGTH_MEASURE(2.E-2),#6);
#393=PRESENTATION_STYLE_ASSIGNMENT((#392));
#394=STYLED_ITEM('',(#393),#391);
#395=DIRECTION('',(-1.E0,0.E0,0.E0));
#396=VECTOR('',#395,2.5E-1);
#397=CARTESIAN_POINT('',(-1.375E0,0.E0,2.45E0));
#398=LINE('',#397,#396);
#399=CURVE_STYLE('',#32,POSITIVE_LENGTH_MEASURE(2.E-2),#6);
#400=PRESENTATION_STYLE_ASSIGNMENT((#399));
#401=STYLED_ITEM('',(#400),#398);
#402=DIRECTION('',(0.E0,0.E0,-1.E0));
#403=VECTOR('',#402,2.25E-1);
#404=CARTESIAN_POINT('',(-1.375E0,0.E0,2.45E0));
#405=LINE('',#404,#403);
#406=CURVE_STYLE('',#32,POSITIVE_LENGTH_MEASURE(2.E-2),#6);
#407=PRESENTATION_STYLE_ASSIGNMENT((#406));
#408=STYLED_ITEM('',(#407),#405);
#409=CARTESIAN_POINT('',(-1.25E0,0.E0,2.225E0));
#410=DIRECTION('',(0.E0,-1.E0,0.E0));
#411=DIRECTION('',(-1.E0,0.E0,0.E0));
#412=AXIS2_PLACEMENT_3D('',#409,#410,#411);
#414=CURVE_STYLE('',#32,POSITIVE_LENGTH_MEASURE(2.E-2),#6);
#415=PRESENTATION_STYLE_ASSIGNMENT((#414));
#416=STYLED_ITEM('',(#415),#413);
#417=DIRECTION('',(0.E0,0.E0,-1.E0));
#418=VECTOR('',#417,2.25E-1);
#419=CARTESIAN_POINT('',(-1.125E0,0.E0,2.45E0));
#420=LINE('',#419,#418);
#421=CURVE_STYLE('',#32,POSITIVE_LENGTH_MEASURE(2.E-2),#6);
#422=PRESENTATION_STYLE_ASSIGNMENT((#421));
#423=STYLED_ITEM('',(#422),#420);
#424=DIRECTION('',(-1.E0,0.E0,0.E0));
#425=VECTOR('',#424,2.5E-1);
#426=CARTESIAN_POINT('',(-8.75E-1,0.E0,2.45E0));
#427=LINE('',#426,#425);
#428=CURVE_STYLE('',#32,POSITIVE_LENGTH_MEASURE(2.E-2),#6);
#429=PRESENTATION_STYLE_ASSIGNMENT((#428));
#430=STYLED_ITEM('',(#429),#427);
#431=DIRECTION('',(0.E0,0.E0,-1.E0));
#432=VECTOR('',#431,2.25E-1);
#433=CARTESIAN_POINT('',(-8.75E-1,0.E0,2.45E0));
#434=LINE('',#433,#432);
#435=CURVE_STYLE('',#32,POSITIVE_LENGTH_MEASURE(2.E-2),#6);
#436=PRESENTATION_STYLE_ASSIGNMENT((#435));
#437=STYLED_ITEM('',(#436),#434);
#438=CARTESIAN_POINT('',(-7.5E-1,0.E0,2.225E0));
#439=DIRECTION('',(0.E0,-1.E0,0.E0));
#440=DIRECTION('',(-1.E0,0.E0,0.E0));
#441=AXIS2_PLACEMENT_3D('',#438,#439,#440);
#443=CURVE_STYLE('',#32,POSITIVE_LENGTH_MEASURE(2.E-2),#6);
#444=PRESENTATION_STYLE_ASSIGNMENT((#443));
#445=STYLED_ITEM('',(#444),#442);
#446=DIRECTION('',(0.E0,0.E0,-1.E0));
#447=VECTOR('',#446,2.25E-1);
#448=CARTESIAN_POINT('',(-6.25E-1,0.E0,2.45E0));
#449=LINE('',#448,#447);
#450=CURVE_STYLE('',#32,POSITIVE_LENGTH_MEASURE(2.E-2),#6);
#451=PRESENTATION_STYLE_ASSIGNMENT((#450));
#452=STYLED_ITEM('',(#451),#449);
#453=DIRECTION('',(-1.E0,0.E0,0.E0));
#454=VECTOR('',#453,2.5E-1);
#455=CARTESIAN_POINT('',(-3.75E-1,0.E0,2.45E0));
#456=LINE('',#455,#454);
#457=CURVE_STYLE('',#32,POSITIVE_LENGTH_MEASURE(2.E-2),#6);
#458=PRESENTATION_STYLE_ASSIGNMENT((#457));
#459=STYLED_ITEM('',(#458),#456);
#460=DIRECTION('',(0.E0,0.E0,-1.E0));
#461=VECTOR('',#460,2.25E-1);
#462=CARTESIAN_POINT('',(-3.75E-1,0.E0,2.45E0));
#463=LINE('',#462,#461);
#464=CURVE_STYLE('',#32,POSITIVE_LENGTH_MEASURE(2.E-2),#6);
#465=PRESENTATION_STYLE_ASSIGNMENT((#464));
#466=STYLED_ITEM('',(#465),#463);
#467=CARTESIAN_POINT('',(-2.5E-1,0.E0,2.225E0));
#468=DIRECTION('',(0.E0,-1.E0,0.E0));
#469=DIRECTION('',(-1.E0,0.E0,0.E0));
#470=AXIS2_PLACEMENT_3D('',#467,#468,#469);
#472=CURVE_STYLE('',#32,POSITIVE_LENGTH_MEASURE(2.E-2),#6);
#473=PRESENTATION_STYLE_ASSIGNMENT((#472));
#474=STYLED_ITEM('',(#473),#471);
#475=DIRECTION('',(0.E0,0.E0,-1.E0));
#476=VECTOR('',#475,2.25E-1);
#477=CARTESIAN_POINT('',(-1.25E-1,0.E0,2.45E0));
#478=LINE('',#477,#476);
#479=CURVE_STYLE('',#32,POSITIVE_LENGTH_MEASURE(2.E-2),#6);
#480=PRESENTATION_STYLE_ASSIGNMENT((#479));
#481=STYLED_ITEM('',(#480),#478);
#482=DIRECTION('',(-1.E0,0.E0,0.E0));
#483=VECTOR('',#482,2.5E-1);
#484=CARTESIAN_POINT('',(1.25E-1,0.E0,2.45E0));
#485=LINE('',#484,#483);
#486=CURVE_STYLE('',#32,POSITIVE_LENGTH_MEASURE(2.E-2),#6);
#487=PRESENTATION_STYLE_ASSIGNMENT((#486));
#488=STYLED_ITEM('',(#487),#485);
#489=DIRECTION('',(0.E0,0.E0,-1.E0));
#490=VECTOR('',#489,2.25E-1);
#491=CARTESIAN_POINT('',(1.25E-1,0.E0,2.45E0));
#492=LINE('',#491,#490);
#493=CURVE_STYLE('',#32,POSITIVE_LENGTH_MEASURE(2.E-2),#6);
#494=PRESENTATION_STYLE_ASSIGNMENT((#493));
#495=STYLED_ITEM('',(#494),#492);
#496=CARTESIAN_POINT('',(2.5E-1,0.E0,2.225E0));
#497=DIRECTION('',(0.E0,-1.E0,0.E0));
#498=DIRECTION('',(-1.E0,0.E0,0.E0));
#499=AXIS2_PLACEMENT_3D('',#496,#497,#498);
#501=CURVE_STYLE('',#32,POSITIVE_LENGTH_MEASURE(2.E-2),#6);
#502=PRESENTATION_STYLE_ASSIGNMENT((#501));
#503=STYLED_ITEM('',(#502),#500);
#504=DIRECTION('',(0.E0,0.E0,-1.E0));
#505=VECTOR('',#504,2.25E-1);
#506=CARTESIAN_POINT('',(3.75E-1,0.E0,2.45E0));
#507=LINE('',#506,#505);
#508=CURVE_STYLE('',#32,POSITIVE_LENGTH_MEASURE(2.E-2),#6);
#509=PRESENTATION_STYLE_ASSIGNMENT((#508));
#510=STYLED_ITEM('',(#509),#507);
#511=DIRECTION('',(-1.E0,0.E0,0.E0));
#512=VECTOR('',#511,2.5E-1);
#513=CARTESIAN_POINT('',(6.25E-1,0.E0,2.45E0));
#514=LINE('',#513,#512);
#515=CURVE_STYLE('',#32,POSITIVE_LENGTH_MEASURE(2.E-2),#6);
#516=PRESENTATION_STYLE_ASSIGNMENT((#515));
#517=STYLED_ITEM('',(#516),#514);
#518=DIRECTION('',(0.E0,0.E0,-1.E0));
#519=VECTOR('',#518,2.25E-1);
#520=CARTESIAN_POINT('',(6.25E-1,0.E0,2.45E0));
#521=LINE('',#520,#519);
#522=CURVE_STYLE('',#32,POSITIVE_LENGTH_MEASURE(2.E-2),#6);
#523=PRESENTATION_STYLE_ASSIGNMENT((#522));
#524=STYLED_ITEM('',(#523),#521);
#525=CARTESIAN_POINT('',(7.5E-1,0.E0,2.225E0));
#526=DIRECTION('',(0.E0,-1.E0,0.E0));
#527=DIRECTION('',(-1.E0,0.E0,0.E0));
#528=AXIS2_PLACEMENT_3D('',#525,#526,#527);
#530=CURVE_STYLE('',#32,POSITIVE_LENGTH_MEASURE(2.E-2),#6);
#531=PRESENTATION_STYLE_ASSIGNMENT((#530));
#532=STYLED_ITEM('',(#531),#529);
#533=DIRECTION('',(0.E0,0.E0,-1.E0));
#534=VECTOR('',#533,2.25E-1);
#535=CARTESIAN_POINT('',(8.75E-1,0.E0,2.45E0));
#536=LINE('',#535,#534);
#537=CURVE_STYLE('',#32,POSITIVE_LENGTH_MEASURE(2.E-2),#6);
#538=PRESENTATION_STYLE_ASSIGNMENT((#537));
#539=STYLED_ITEM('',(#538),#536);
#540=DIRECTION('',(-1.E0,0.E0,0.E0));
#541=VECTOR('',#540,2.5E-1);
#542=CARTESIAN_POINT('',(1.125E0,0.E0,2.45E0));
#543=LINE('',#542,#541);
#544=CURVE_STYLE('',#32,POSITIVE_LENGTH_MEASURE(2.E-2),#6);
#545=PRESENTATION_STYLE_ASSIGNMENT((#544));
#546=STYLED_ITEM('',(#545),#543);
#547=DIRECTION('',(0.E0,0.E0,-1.E0));
#548=VECTOR('',#547,2.25E-1);
#549=CARTESIAN_POINT('',(1.125E0,0.E0,2.45E0));
#550=LINE('',#549,#548);
#551=CURVE_STYLE('',#32,POSITIVE_LENGTH_MEASURE(2.E-2),#6);
#552=PRESENTATION_STYLE_ASSIGNMENT((#551));
#553=STYLED_ITEM('',(#552),#550);
#554=CARTESIAN_POINT('',(1.25E0,0.E0,2.225E0));
#555=DIRECTION('',(0.E0,-1.E0,0.E0));
#556=DIRECTION('',(-1.E0,0.E0,0.E0));
#557=AXIS2_PLACEMENT_3D('',#554,#555,#556);
#559=CURVE_STYLE('',#32,POSITIVE_LENGTH_MEASURE(2.E-2),#6);
#560=PRESENTATION_STYLE_ASSIGNMENT((#559));
#561=STYLED_ITEM('',(#560),#558);
#562=DIRECTION('',(0.E0,0.E0,-1.E0));
#563=VECTOR('',#562,2.25E-1);
#564=CARTESIAN_POINT('',(1.375E0,0.E0,2.45E0));
#565=LINE('',#564,#563);
#566=CURVE_STYLE('',#32,POSITIVE_LENGTH_MEASURE(2.E-2),#6);
#567=PRESENTATION_STYLE_ASSIGNMENT((#566));
#568=STYLED_ITEM('',(#567),#565);
#569=DIRECTION('',(-1.E0,0.E0,0.E0));
#570=VECTOR('',#569,2.5E-1);
#571=CARTESIAN_POINT('',(1.625E0,0.E0,2.45E0));
#572=LINE('',#571,#570);
#573=CURVE_STYLE('',#32,POSITIVE_LENGTH_MEASURE(2.E-2),#6);
#574=PRESENTATION_STYLE_ASSIGNMENT((#573));
#575=STYLED_ITEM('',(#574),#572);
#576=DIRECTION('',(0.E0,0.E0,-1.E0));
#577=VECTOR('',#576,2.25E-1);
#578=CARTESIAN_POINT('',(1.625E0,0.E0,2.45E0));
#579=LINE('',#578,#577);
#580=CURVE_STYLE('',#32,POSITIVE_LENGTH_MEASURE(2.E-2),#6);
#581=PRESENTATION_STYLE_ASSIGNMENT((#580));
#582=STYLED_ITEM('',(#581),#579);
#583=CARTESIAN_POINT('',(1.75E0,0.E0,2.225E0));
#584=DIRECTION('',(0.E0,-1.E0,0.E0));
#585=DIRECTION('',(-1.E0,0.E0,0.E0));
#586=AXIS2_PLACEMENT_3D('',#583,#584,#585);
#588=CURVE_STYLE('',#32,POSITIVE_LENGTH_MEASURE(2.E-2),#6);
#589=PRESENTATION_STYLE_ASSIGNMENT((#588));
#590=STYLED_ITEM('',(#589),#587);
#591=DIRECTION('',(0.E0,0.E0,-1.E0));
#592=VECTOR('',#591,2.25E-1);
#593=CARTESIAN_POINT('',(1.875E0,0.E0,2.45E0));
#594=LINE('',#593,#592);
#595=CURVE_STYLE('',#32,POSITIVE_LENGTH_MEASURE(2.E-2),#6);
#596=PRESENTATION_STYLE_ASSIGNMENT((#595));
#597=STYLED_ITEM('',(#596),#594);
#598=DIRECTION('',(-1.E0,0.E0,0.E0));
#599=VECTOR('',#598,2.5E-1);
#600=CARTESIAN_POINT('',(2.125E0,0.E0,2.45E0));
#601=LINE('',#600,#599);
#602=CURVE_STYLE('',#32,POSITIVE_LENGTH_MEASURE(2.E-2),#6);
#603=PRESENTATION_STYLE_ASSIGNMENT((#602));
#604=STYLED_ITEM('',(#603),#601);
#605=DIRECTION('',(0.E0,0.E0,-1.E0));
#606=VECTOR('',#605,3.25E-1);
#607=CARTESIAN_POINT('',(2.125E0,0.E0,2.45E0));
#608=LINE('',#607,#606);
#609=CURVE_STYLE('',#32,POSITIVE_LENGTH_MEASURE(2.E-2),#6);
#610=PRESENTATION_STYLE_ASSIGNMENT((#609));
#611=STYLED_ITEM('',(#610),#608);
#612=DIRECTION('',(-1.E0,0.E0,0.E0));
#613=VECTOR('',#612,3.25E-1);
#614=CARTESIAN_POINT('',(2.45E0,0.E0,2.125E0));
#615=LINE('',#614,#613);
#616=CURVE_STYLE('',#32,POSITIVE_LENGTH_MEASURE(2.E-2),#6);
#617=PRESENTATION_STYLE_ASSIGNMENT((#616));
#618=STYLED_ITEM('',(#617),#615);
#619=DIRECTION('',(0.E0,0.E0,1.E0));
#620=VECTOR('',#619,2.5E-1);
#621=CARTESIAN_POINT('',(2.45E0,0.E0,1.875E0));
#622=LINE('',#621,#620);
#623=CURVE_STYLE('',#32,POSITIVE_LENGTH_MEASURE(2.E-2),#6);
#624=PRESENTATION_STYLE_ASSIGNMENT((#623));
#625=STYLED_ITEM('',(#624),#622);
#626=DIRECTION('',(-1.E0,0.E0,0.E0));
#627=VECTOR('',#626,2.25E-1);
#628=CARTESIAN_POINT('',(2.45E0,0.E0,1.875E0));
#629=LINE('',#628,#627);
#630=CURVE_STYLE('',#32,POSITIVE_LENGTH_MEASURE(2.E-2),#6);
#631=PRESENTATION_STYLE_ASSIGNMENT((#630));
#632=STYLED_ITEM('',(#631),#629);
#633=CARTESIAN_POINT('',(2.225E0,0.E0,1.75E0));
#634=DIRECTION('',(0.E0,1.E0,0.E0));
#635=DIRECTION('',(0.E0,0.E0,-1.E0));
#636=AXIS2_PLACEMENT_3D('',#633,#634,#635);
#638=CURVE_STYLE('',#32,POSITIVE_LENGTH_MEASURE(2.E-2),#6);
#639=PRESENTATION_STYLE_ASSIGNMENT((#638));
#640=STYLED_ITEM('',(#639),#637);
#641=DIRECTION('',(-1.E0,0.E0,0.E0));
#642=VECTOR('',#641,2.25E-1);
#643=CARTESIAN_POINT('',(2.45E0,0.E0,1.625E0));
#644=LINE('',#643,#642);
#645=CURVE_STYLE('',#32,POSITIVE_LENGTH_MEASURE(2.E-2),#6);
#646=PRESENTATION_STYLE_ASSIGNMENT((#645));
#647=STYLED_ITEM('',(#646),#644);
#648=DIRECTION('',(0.E0,0.E0,1.E0));
#649=VECTOR('',#648,2.5E-1);
#650=CARTESIAN_POINT('',(2.45E0,0.E0,1.375E0));
#651=LINE('',#650,#649);
#652=CURVE_STYLE('',#32,POSITIVE_LENGTH_MEASURE(2.E-2),#6);
#653=PRESENTATION_STYLE_ASSIGNMENT((#652));
#654=STYLED_ITEM('',(#653),#651);
#655=DIRECTION('',(-1.E0,0.E0,0.E0));
#656=VECTOR('',#655,2.25E-1);
#657=CARTESIAN_POINT('',(2.45E0,0.E0,1.375E0));
#658=LINE('',#657,#656);
#659=CURVE_STYLE('',#32,POSITIVE_LENGTH_MEASURE(2.E-2),#6);
#660=PRESENTATION_STYLE_ASSIGNMENT((#659));
#661=STYLED_ITEM('',(#660),#658);
#662=CARTESIAN_POINT('',(2.225E0,0.E0,1.25E0));
#663=DIRECTION('',(0.E0,1.E0,0.E0));
#664=DIRECTION('',(0.E0,0.E0,-1.E0));
#665=AXIS2_PLACEMENT_3D('',#662,#663,#664);
#667=CURVE_STYLE('',#32,POSITIVE_LENGTH_MEASURE(2.E-2),#6);
#668=PRESENTATION_STYLE_ASSIGNMENT((#667));
#669=STYLED_ITEM('',(#668),#666);
#670=DIRECTION('',(-1.E0,0.E0,0.E0));
#671=VECTOR('',#670,2.25E-1);
#672=CARTESIAN_POINT('',(2.45E0,0.E0,1.125E0));
#673=LINE('',#672,#671);
#674=CURVE_STYLE('',#32,POSITIVE_LENGTH_MEASURE(2.E-2),#6);
#675=PRESENTATION_STYLE_ASSIGNMENT((#674));
#676=STYLED_ITEM('',(#675),#673);
#677=DIRECTION('',(0.E0,0.E0,1.E0));
#678=VECTOR('',#677,2.5E-1);
#679=CARTESIAN_POINT('',(2.45E0,0.E0,8.75E-1));
#680=LINE('',#679,#678);
#681=CURVE_STYLE('',#32,POSITIVE_LENGTH_MEASURE(2.E-2),#6);
#682=PRESENTATION_STYLE_ASSIGNMENT((#681));
#683=STYLED_ITEM('',(#682),#680);
#684=DIRECTION('',(-1.E0,0.E0,0.E0));
#685=VECTOR('',#684,2.25E-1);
#686=CARTESIAN_POINT('',(2.45E0,0.E0,8.75E-1));
#687=LINE('',#686,#685);
#688=CURVE_STYLE('',#32,POSITIVE_LENGTH_MEASURE(2.E-2),#6);
#689=PRESENTATION_STYLE_ASSIGNMENT((#688));
#690=STYLED_ITEM('',(#689),#687);
#691=CARTESIAN_POINT('',(2.225E0,0.E0,7.5E-1));
#692=DIRECTION('',(0.E0,1.E0,0.E0));
#693=DIRECTION('',(0.E0,0.E0,-1.E0));
#694=AXIS2_PLACEMENT_3D('',#691,#692,#693);
#696=CURVE_STYLE('',#32,POSITIVE_LENGTH_MEASURE(2.E-2),#6);
#697=PRESENTATION_STYLE_ASSIGNMENT((#696));
#698=STYLED_ITEM('',(#697),#695);
#699=DIRECTION('',(-1.E0,0.E0,0.E0));
#700=VECTOR('',#699,2.25E-1);
#701=CARTESIAN_POINT('',(2.45E0,0.E0,6.25E-1));
#702=LINE('',#701,#700);
#703=CURVE_STYLE('',#32,POSITIVE_LENGTH_MEASURE(2.E-2),#6);
#704=PRESENTATION_STYLE_ASSIGNMENT((#703));
#705=STYLED_ITEM('',(#704),#702);
#706=DIRECTION('',(0.E0,0.E0,1.E0));
#707=VECTOR('',#706,2.5E-1);
#708=CARTESIAN_POINT('',(2.45E0,0.E0,3.75E-1));
#709=LINE('',#708,#707);
#710=CURVE_STYLE('',#32,POSITIVE_LENGTH_MEASURE(2.E-2),#6);
#711=PRESENTATION_STYLE_ASSIGNMENT((#710));
#712=STYLED_ITEM('',(#711),#709);
#713=DIRECTION('',(-1.E0,0.E0,0.E0));
#714=VECTOR('',#713,2.25E-1);
#715=CARTESIAN_POINT('',(2.45E0,0.E0,3.75E-1));
#716=LINE('',#715,#714);
#717=CURVE_STYLE('',#32,POSITIVE_LENGTH_MEASURE(2.E-2),#6);
#718=PRESENTATION_STYLE_ASSIGNMENT((#717));
#719=STYLED_ITEM('',(#718),#716);
#720=CARTESIAN_POINT('',(2.225E0,0.E0,2.5E-1));
#721=DIRECTION('',(0.E0,1.E0,0.E0));
#722=DIRECTION('',(0.E0,0.E0,-1.E0));
#723=AXIS2_PLACEMENT_3D('',#720,#721,#722);
#725=CURVE_STYLE('',#32,POSITIVE_LENGTH_MEASURE(2.E-2),#6);
#726=PRESENTATION_STYLE_ASSIGNMENT((#725));
#727=STYLED_ITEM('',(#726),#724);
#728=DIRECTION('',(-1.E0,0.E0,0.E0));
#729=VECTOR('',#728,2.25E-1);
#730=CARTESIAN_POINT('',(2.45E0,0.E0,1.25E-1));
#731=LINE('',#730,#729);
#732=CURVE_STYLE('',#32,POSITIVE_LENGTH_MEASURE(2.E-2),#6);
#733=PRESENTATION_STYLE_ASSIGNMENT((#732));
#734=STYLED_ITEM('',(#733),#731);
#735=DIRECTION('',(0.E0,0.E0,1.E0));
#736=VECTOR('',#735,2.5E-1);
#737=CARTESIAN_POINT('',(2.45E0,0.E0,-1.25E-1));
#738=LINE('',#737,#736);
#739=CURVE_STYLE('',#32,POSITIVE_LENGTH_MEASURE(2.E-2),#6);
#740=PRESENTATION_STYLE_ASSIGNMENT((#739));
#741=STYLED_ITEM('',(#740),#738);
#742=DIRECTION('',(-1.E0,0.E0,0.E0));
#743=VECTOR('',#742,2.25E-1);
#744=CARTESIAN_POINT('',(2.45E0,0.E0,-1.25E-1));
#745=LINE('',#744,#743);
#746=CURVE_STYLE('',#32,POSITIVE_LENGTH_MEASURE(2.E-2),#6);
#747=PRESENTATION_STYLE_ASSIGNMENT((#746));
#748=STYLED_ITEM('',(#747),#745);
#749=CARTESIAN_POINT('',(2.225E0,0.E0,-2.5E-1));
#750=DIRECTION('',(0.E0,1.E0,0.E0));
#751=DIRECTION('',(0.E0,0.E0,-1.E0));
#752=AXIS2_PLACEMENT_3D('',#749,#750,#751);
#754=CURVE_STYLE('',#32,POSITIVE_LENGTH_MEASURE(2.E-2),#6);
#755=PRESENTATION_STYLE_ASSIGNMENT((#754));
#756=STYLED_ITEM('',(#755),#753);
#757=DIRECTION('',(-1.E0,0.E0,0.E0));
#758=VECTOR('',#757,2.25E-1);
#759=CARTESIAN_POINT('',(2.45E0,0.E0,-3.75E-1));
#760=LINE('',#759,#758);
#761=CURVE_STYLE('',#32,POSITIVE_LENGTH_MEASURE(2.E-2),#6);
#762=PRESENTATION_STYLE_ASSIGNMENT((#761));
#763=STYLED_ITEM('',(#762),#760);
#764=DIRECTION('',(0.E0,0.E0,1.E0));
#765=VECTOR('',#764,2.5E-1);
#766=CARTESIAN_POINT('',(2.45E0,0.E0,-6.25E-1));
#767=LINE('',#766,#765);
#768=CURVE_STYLE('',#32,POSITIVE_LENGTH_MEASURE(2.E-2),#6);
#769=PRESENTATION_STYLE_ASSIGNMENT((#768));
#770=STYLED_ITEM('',(#769),#767);
#771=DIRECTION('',(-1.E0,0.E0,0.E0));
#772=VECTOR('',#771,2.25E-1);
#773=CARTESIAN_POINT('',(2.45E0,0.E0,-6.25E-1));
#774=LINE('',#773,#772);
#775=CURVE_STYLE('',#32,POSITIVE_LENGTH_MEASURE(2.E-2),#6);
#776=PRESENTATION_STYLE_ASSIGNMENT((#775));
#777=STYLED_ITEM('',(#776),#774);
#778=CARTESIAN_POINT('',(2.225E0,0.E0,-7.5E-1));
#779=DIRECTION('',(0.E0,1.E0,0.E0));
#780=DIRECTION('',(0.E0,0.E0,-1.E0));
#781=AXIS2_PLACEMENT_3D('',#778,#779,#780);
#783=CURVE_STYLE('',#32,POSITIVE_LENGTH_MEASURE(2.E-2),#6);
#784=PRESENTATION_STYLE_ASSIGNMENT((#783));
#785=STYLED_ITEM('',(#784),#782);
#786=DIRECTION('',(-1.E0,0.E0,0.E0));
#787=VECTOR('',#786,2.25E-1);
#788=CARTESIAN_POINT('',(2.45E0,0.E0,-8.75E-1));
#789=LINE('',#788,#787);
#790=CURVE_STYLE('',#32,POSITIVE_LENGTH_MEASURE(2.E-2),#6);
#791=PRESENTATION_STYLE_ASSIGNMENT((#790));
#792=STYLED_ITEM('',(#791),#789);
#793=DIRECTION('',(0.E0,0.E0,1.E0));
#794=VECTOR('',#793,2.5E-1);
#795=CARTESIAN_POINT('',(2.45E0,0.E0,-1.125E0));
#796=LINE('',#795,#794);
#797=CURVE_STYLE('',#32,POSITIVE_LENGTH_MEASURE(2.E-2),#6);
#798=PRESENTATION_STYLE_ASSIGNMENT((#797));
#799=STYLED_ITEM('',(#798),#796);
#800=DIRECTION('',(-1.E0,0.E0,0.E0));
#801=VECTOR('',#800,2.25E-1);
#802=CARTESIAN_POINT('',(2.45E0,0.E0,-1.125E0));
#803=LINE('',#802,#801);
#804=CURVE_STYLE('',#32,POSITIVE_LENGTH_MEASURE(2.E-2),#6);
#805=PRESENTATION_STYLE_ASSIGNMENT((#804));
#806=STYLED_ITEM('',(#805),#803);
#807=CARTESIAN_POINT('',(2.225E0,0.E0,-1.25E0));
#808=DIRECTION('',(0.E0,1.E0,0.E0));
#809=DIRECTION('',(0.E0,0.E0,-1.E0));
#810=AXIS2_PLACEMENT_3D('',#807,#808,#809);
#812=CURVE_STYLE('',#32,POSITIVE_LENGTH_MEASURE(2.E-2),#6);
#813=PRESENTATION_STYLE_ASSIGNMENT((#812));
#814=STYLED_ITEM('',(#813),#811);
#815=DIRECTION('',(-1.E0,0.E0,0.E0));
#816=VECTOR('',#815,2.25E-1);
#817=CARTESIAN_POINT('',(2.45E0,0.E0,-1.375E0));
#818=LINE('',#817,#816);
#819=CURVE_STYLE('',#32,POSITIVE_LENGTH_MEASURE(2.E-2),#6);
#820=PRESENTATION_STYLE_ASSIGNMENT((#819));
#821=STYLED_ITEM('',(#820),#818);
#822=DIRECTION('',(0.E0,0.E0,1.E0));
#823=VECTOR('',#822,2.5E-1);
#824=CARTESIAN_POINT('',(2.45E0,0.E0,-1.625E0));
#825=LINE('',#824,#823);
#826=CURVE_STYLE('',#32,POSITIVE_LENGTH_MEASURE(2.E-2),#6);
#827=PRESENTATION_STYLE_ASSIGNMENT((#826));
#828=STYLED_ITEM('',(#827),#825);
#829=DIRECTION('',(-1.E0,0.E0,0.E0));
#830=VECTOR('',#829,2.25E-1);
#831=CARTESIAN_POINT('',(2.45E0,0.E0,-1.625E0));
#832=LINE('',#831,#830);
#833=CURVE_STYLE('',#32,POSITIVE_LENGTH_MEASURE(2.E-2),#6);
#834=PRESENTATION_STYLE_ASSIGNMENT((#833));
#835=STYLED_ITEM('',(#834),#832);
#836=CARTESIAN_POINT('',(2.225E0,0.E0,-1.75E0));
#837=DIRECTION('',(0.E0,1.E0,0.E0));
#838=DIRECTION('',(0.E0,0.E0,-1.E0));
#839=AXIS2_PLACEMENT_3D('',#836,#837,#838);
#841=CURVE_STYLE('',#32,POSITIVE_LENGTH_MEASURE(2.E-2),#6);
#842=PRESENTATION_STYLE_ASSIGNMENT((#841));
#843=STYLED_ITEM('',(#842),#840);
#844=DIRECTION('',(-1.E0,0.E0,0.E0));
#845=VECTOR('',#844,2.25E-1);
#846=CARTESIAN_POINT('',(2.45E0,0.E0,-1.875E0));
#847=LINE('',#846,#845);
#848=CURVE_STYLE('',#32,POSITIVE_LENGTH_MEASURE(2.E-2),#6);
#849=PRESENTATION_STYLE_ASSIGNMENT((#848));
#850=STYLED_ITEM('',(#849),#847);
#851=DIRECTION('',(0.E0,0.E0,1.E0));
#852=VECTOR('',#851,2.5E-1);
#853=CARTESIAN_POINT('',(2.45E0,0.E0,-2.125E0));
#854=LINE('',#853,#852);
#855=CURVE_STYLE('',#32,POSITIVE_LENGTH_MEASURE(2.E-2),#6);
#856=PRESENTATION_STYLE_ASSIGNMENT((#855));
#857=STYLED_ITEM('',(#856),#854);
#858=DIRECTION('',(-1.E0,0.E0,0.E0));
#859=VECTOR('',#858,3.25E-1);
#860=CARTESIAN_POINT('',(2.45E0,0.E0,-2.125E0));
#861=LINE('',#860,#859);
#862=CURVE_STYLE('',#32,POSITIVE_LENGTH_MEASURE(2.E-2),#6);
#863=PRESENTATION_STYLE_ASSIGNMENT((#862));
#864=STYLED_ITEM('',(#863),#861);
#865=DIRECTION('',(0.E0,0.E0,1.E0));
#866=VECTOR('',#865,3.25E-1);
#867=CARTESIAN_POINT('',(2.125E0,0.E0,-2.45E0));
#868=LINE('',#867,#866);
#869=CURVE_STYLE('',#32,POSITIVE_LENGTH_MEASURE(2.E-2),#6);
#870=PRESENTATION_STYLE_ASSIGNMENT((#869));
#871=STYLED_ITEM('',(#870),#868);
#872=DIRECTION('',(1.E0,0.E0,0.E0));
#873=VECTOR('',#872,2.5E-1);
#874=CARTESIAN_POINT('',(1.875E0,0.E0,-2.45E0));
#875=LINE('',#874,#873);
#876=CURVE_STYLE('',#32,POSITIVE_LENGTH_MEASURE(2.E-2),#6);
#877=PRESENTATION_STYLE_ASSIGNMENT((#876));
#878=STYLED_ITEM('',(#877),#875);
#879=DIRECTION('',(0.E0,0.E0,1.E0));
#880=VECTOR('',#879,2.25E-1);
#881=CARTESIAN_POINT('',(1.875E0,0.E0,-2.45E0));
#882=LINE('',#881,#880);
#883=CURVE_STYLE('',#32,POSITIVE_LENGTH_MEASURE(2.E-2),#6);
#884=PRESENTATION_STYLE_ASSIGNMENT((#883));
#885=STYLED_ITEM('',(#884),#882);
#886=CARTESIAN_POINT('',(1.75E0,0.E0,-2.225E0));
#887=DIRECTION('',(0.E0,1.E0,0.E0));
#888=DIRECTION('',(-1.E0,0.E0,0.E0));
#889=AXIS2_PLACEMENT_3D('',#886,#887,#888);
#891=CURVE_STYLE('',#32,POSITIVE_LENGTH_MEASURE(2.E-2),#6);
#892=PRESENTATION_STYLE_ASSIGNMENT((#891));
#893=STYLED_ITEM('',(#892),#890);
#894=DIRECTION('',(0.E0,0.E0,1.E0));
#895=VECTOR('',#894,2.25E-1);
#896=CARTESIAN_POINT('',(1.625E0,0.E0,-2.45E0));
#897=LINE('',#896,#895);
#898=CURVE_STYLE('',#32,POSITIVE_LENGTH_MEASURE(2.E-2),#6);
#899=PRESENTATION_STYLE_ASSIGNMENT((#898));
#900=STYLED_ITEM('',(#899),#897);
#901=DIRECTION('',(1.E0,0.E0,0.E0));
#902=VECTOR('',#901,2.5E-1);
#903=CARTESIAN_POINT('',(1.375E0,0.E0,-2.45E0));
#904=LINE('',#903,#902);
#905=CURVE_STYLE('',#32,POSITIVE_LENGTH_MEASURE(2.E-2),#6);
#906=PRESENTATION_STYLE_ASSIGNMENT((#905));
#907=STYLED_ITEM('',(#906),#904);
#908=DIRECTION('',(0.E0,0.E0,1.E0));
#909=VECTOR('',#908,2.25E-1);
#910=CARTESIAN_POINT('',(1.375E0,0.E0,-2.45E0));
#911=LINE('',#910,#909);
#912=CURVE_STYLE('',#32,POSITIVE_LENGTH_MEASURE(2.E-2),#6);
#913=PRESENTATION_STYLE_ASSIGNMENT((#912));
#914=STYLED_ITEM('',(#913),#911);
#915=CARTESIAN_POINT('',(1.25E0,0.E0,-2.225E0));
#916=DIRECTION('',(0.E0,1.E0,0.E0));
#917=DIRECTION('',(-1.E0,0.E0,0.E0));
#918=AXIS2_PLACEMENT_3D('',#915,#916,#917);
#920=CURVE_STYLE('',#32,POSITIVE_LENGTH_MEASURE(2.E-2),#6);
#921=PRESENTATION_STYLE_ASSIGNMENT((#920));
#922=STYLED_ITEM('',(#921),#919);
#923=DIRECTION('',(0.E0,0.E0,1.E0));
#924=VECTOR('',#923,2.25E-1);
#925=CARTESIAN_POINT('',(1.125E0,0.E0,-2.45E0));
#926=LINE('',#925,#924);
#927=CURVE_STYLE('',#32,POSITIVE_LENGTH_MEASURE(2.E-2),#6);
#928=PRESENTATION_STYLE_ASSIGNMENT((#927));
#929=STYLED_ITEM('',(#928),#926);
#930=DIRECTION('',(1.E0,0.E0,0.E0));
#931=VECTOR('',#930,2.5E-1);
#932=CARTESIAN_POINT('',(8.75E-1,0.E0,-2.45E0));
#933=LINE('',#932,#931);
#934=CURVE_STYLE('',#32,POSITIVE_LENGTH_MEASURE(2.E-2),#6);
#935=PRESENTATION_STYLE_ASSIGNMENT((#934));
#936=STYLED_ITEM('',(#935),#933);
#937=DIRECTION('',(0.E0,0.E0,1.E0));
#938=VECTOR('',#937,2.25E-1);
#939=CARTESIAN_POINT('',(8.75E-1,0.E0,-2.45E0));
#940=LINE('',#939,#938);
#941=CURVE_STYLE('',#32,POSITIVE_LENGTH_MEASURE(2.E-2),#6);
#942=PRESENTATION_STYLE_ASSIGNMENT((#941));
#943=STYLED_ITEM('',(#942),#940);
#944=CARTESIAN_POINT('',(7.5E-1,0.E0,-2.225E0));
#945=DIRECTION('',(0.E0,1.E0,0.E0));
#946=DIRECTION('',(-1.E0,0.E0,0.E0));
#947=AXIS2_PLACEMENT_3D('',#944,#945,#946);
#949=CURVE_STYLE('',#32,POSITIVE_LENGTH_MEASURE(2.E-2),#6);
#950=PRESENTATION_STYLE_ASSIGNMENT((#949));
#951=STYLED_ITEM('',(#950),#948);
#952=DIRECTION('',(0.E0,0.E0,1.E0));
#953=VECTOR('',#952,2.25E-1);
#954=CARTESIAN_POINT('',(6.25E-1,0.E0,-2.45E0));
#955=LINE('',#954,#953);
#956=CURVE_STYLE('',#32,POSITIVE_LENGTH_MEASURE(2.E-2),#6);
#957=PRESENTATION_STYLE_ASSIGNMENT((#956));
#958=STYLED_ITEM('',(#957),#955);
#959=DIRECTION('',(1.E0,0.E0,0.E0));
#960=VECTOR('',#959,2.5E-1);
#961=CARTESIAN_POINT('',(3.75E-1,0.E0,-2.45E0));
#962=LINE('',#961,#960);
#963=CURVE_STYLE('',#32,POSITIVE_LENGTH_MEASURE(2.E-2),#6);
#964=PRESENTATION_STYLE_ASSIGNMENT((#963));
#965=STYLED_ITEM('',(#964),#962);
#966=DIRECTION('',(0.E0,0.E0,1.E0));
#967=VECTOR('',#966,2.25E-1);
#968=CARTESIAN_POINT('',(3.75E-1,0.E0,-2.45E0));
#969=LINE('',#968,#967);
#970=CURVE_STYLE('',#32,POSITIVE_LENGTH_MEASURE(2.E-2),#6);
#971=PRESENTATION_STYLE_ASSIGNMENT((#970));
#972=STYLED_ITEM('',(#971),#969);
#973=CARTESIAN_POINT('',(2.5E-1,0.E0,-2.225E0));
#974=DIRECTION('',(0.E0,1.E0,0.E0));
#975=DIRECTION('',(-1.E0,0.E0,0.E0));
#976=AXIS2_PLACEMENT_3D('',#973,#974,#975);
#978=CURVE_STYLE('',#32,POSITIVE_LENGTH_MEASURE(2.E-2),#6);
#979=PRESENTATION_STYLE_ASSIGNMENT((#978));
#980=STYLED_ITEM('',(#979),#977);
#981=DIRECTION('',(0.E0,0.E0,1.E0));
#982=VECTOR('',#981,2.25E-1);
#983=CARTESIAN_POINT('',(1.25E-1,0.E0,-2.45E0));
#984=LINE('',#983,#982);
#985=CURVE_STYLE('',#32,POSITIVE_LENGTH_MEASURE(2.E-2),#6);
#986=PRESENTATION_STYLE_ASSIGNMENT((#985));
#987=STYLED_ITEM('',(#986),#984);
#988=DIRECTION('',(1.E0,0.E0,0.E0));
#989=VECTOR('',#988,2.5E-1);
#990=CARTESIAN_POINT('',(-1.25E-1,0.E0,-2.45E0));
#991=LINE('',#990,#989);
#992=CURVE_STYLE('',#32,POSITIVE_LENGTH_MEASURE(2.E-2),#6);
#993=PRESENTATION_STYLE_ASSIGNMENT((#992));
#994=STYLED_ITEM('',(#993),#991);
#995=DIRECTION('',(0.E0,0.E0,1.E0));
#996=VECTOR('',#995,2.25E-1);
#997=CARTESIAN_POINT('',(-1.25E-1,0.E0,-2.45E0));
#998=LINE('',#997,#996);
#999=CURVE_STYLE('',#32,POSITIVE_LENGTH_MEASURE(2.E-2),#6);
#1000=PRESENTATION_STYLE_ASSIGNMENT((#999));
#1001=STYLED_ITEM('',(#1000),#998);
#1002=CARTESIAN_POINT('',(-2.5E-1,0.E0,-2.225E0));
#1003=DIRECTION('',(0.E0,1.E0,0.E0));
#1004=DIRECTION('',(-1.E0,0.E0,0.E0));
#1005=AXIS2_PLACEMENT_3D('',#1002,#1003,#1004);
#1007=CURVE_STYLE('',#32,POSITIVE_LENGTH_MEASURE(2.E-2),#6);
#1008=PRESENTATION_STYLE_ASSIGNMENT((#1007));
#1009=STYLED_ITEM('',(#1008),#1006);
#1010=DIRECTION('',(0.E0,0.E0,1.E0));
#1011=VECTOR('',#1010,2.25E-1);
#1012=CARTESIAN_POINT('',(-3.75E-1,0.E0,-2.45E0));
#1013=LINE('',#1012,#1011);
#1014=CURVE_STYLE('',#32,POSITIVE_LENGTH_MEASURE(2.E-2),#6);
#1015=PRESENTATION_STYLE_ASSIGNMENT((#1014));
#1016=STYLED_ITEM('',(#1015),#1013);
#1017=DIRECTION('',(1.E0,0.E0,0.E0));
#1018=VECTOR('',#1017,2.5E-1);
#1019=CARTESIAN_POINT('',(-6.25E-1,0.E0,-2.45E0));
#1020=LINE('',#1019,#1018);
#1021=CURVE_STYLE('',#32,POSITIVE_LENGTH_MEASURE(2.E-2),#6);
#1022=PRESENTATION_STYLE_ASSIGNMENT((#1021));
#1023=STYLED_ITEM('',(#1022),#1020);
#1024=DIRECTION('',(0.E0,0.E0,1.E0));
#1025=VECTOR('',#1024,2.25E-1);
#1026=CARTESIAN_POINT('',(-6.25E-1,0.E0,-2.45E0));
#1027=LINE('',#1026,#1025);
#1028=CURVE_STYLE('',#32,POSITIVE_LENGTH_MEASURE(2.E-2),#6);
#1029=PRESENTATION_STYLE_ASSIGNMENT((#1028));
#1030=STYLED_ITEM('',(#1029),#1027);
#1031=CARTESIAN_POINT('',(-7.5E-1,0.E0,-2.225E0));
#1032=DIRECTION('',(0.E0,1.E0,0.E0));
#1033=DIRECTION('',(-1.E0,0.E0,0.E0));
#1034=AXIS2_PLACEMENT_3D('',#1031,#1032,#1033);
#1036=CURVE_STYLE('',#32,POSITIVE_LENGTH_MEASURE(2.E-2),#6);
#1037=PRESENTATION_STYLE_ASSIGNMENT((#1036));
#1038=STYLED_ITEM('',(#1037),#1035);
#1039=DIRECTION('',(0.E0,0.E0,1.E0));
#1040=VECTOR('',#1039,2.25E-1);
#1041=CARTESIAN_POINT('',(-8.75E-1,0.E0,-2.45E0));
#1042=LINE('',#1041,#1040);
#1043=CURVE_STYLE('',#32,POSITIVE_LENGTH_MEASURE(2.E-2),#6);
#1044=PRESENTATION_STYLE_ASSIGNMENT((#1043));
#1045=STYLED_ITEM('',(#1044),#1042);
#1046=DIRECTION('',(1.E0,0.E0,0.E0));
#1047=VECTOR('',#1046,2.5E-1);
#1048=CARTESIAN_POINT('',(-1.125E0,0.E0,-2.45E0));
#1049=LINE('',#1048,#1047);
#1050=CURVE_STYLE('',#32,POSITIVE_LENGTH_MEASURE(2.E-2),#6);
#1051=PRESENTATION_STYLE_ASSIGNMENT((#1050));
#1052=STYLED_ITEM('',(#1051),#1049);
#1053=DIRECTION('',(0.E0,0.E0,1.E0));
#1054=VECTOR('',#1053,2.25E-1);
#1055=CARTESIAN_POINT('',(-1.125E0,0.E0,-2.45E0));
#1056=LINE('',#1055,#1054);
#1057=CURVE_STYLE('',#32,POSITIVE_LENGTH_MEASURE(2.E-2),#6);
#1058=PRESENTATION_STYLE_ASSIGNMENT((#1057));
#1059=STYLED_ITEM('',(#1058),#1056);
#1060=CARTESIAN_POINT('',(-1.25E0,0.E0,-2.225E0));
#1061=DIRECTION('',(0.E0,1.E0,0.E0));
#1062=DIRECTION('',(-1.E0,0.E0,0.E0));
#1063=AXIS2_PLACEMENT_3D('',#1060,#1061,#1062);
#1065=CURVE_STYLE('',#32,POSITIVE_LENGTH_MEASURE(2.E-2),#6);
#1066=PRESENTATION_STYLE_ASSIGNMENT((#1065));
#1067=STYLED_ITEM('',(#1066),#1064);
#1068=DIRECTION('',(0.E0,0.E0,1.E0));
#1069=VECTOR('',#1068,2.25E-1);
#1070=CARTESIAN_POINT('',(-1.375E0,0.E0,-2.45E0));
#1071=LINE('',#1070,#1069);
#1072=CURVE_STYLE('',#32,POSITIVE_LENGTH_MEASURE(2.E-2),#6);
#1073=PRESENTATION_STYLE_ASSIGNMENT((#1072));
#1074=STYLED_ITEM('',(#1073),#1071);
#1075=DIRECTION('',(1.E0,0.E0,0.E0));
#1076=VECTOR('',#1075,2.5E-1);
#1077=CARTESIAN_POINT('',(-1.625E0,0.E0,-2.45E0));
#1078=LINE('',#1077,#1076);
#1079=CURVE_STYLE('',#32,POSITIVE_LENGTH_MEASURE(2.E-2),#6);
#1080=PRESENTATION_STYLE_ASSIGNMENT((#1079));
#1081=STYLED_ITEM('',(#1080),#1078);
#1082=DIRECTION('',(0.E0,0.E0,1.E0));
#1083=VECTOR('',#1082,2.25E-1);
#1084=CARTESIAN_POINT('',(-1.625E0,0.E0,-2.45E0));
#1085=LINE('',#1084,#1083);
#1086=CURVE_STYLE('',#32,POSITIVE_LENGTH_MEASURE(2.E-2),#6);
#1087=PRESENTATION_STYLE_ASSIGNMENT((#1086));
#1088=STYLED_ITEM('',(#1087),#1085);
#1089=CARTESIAN_POINT('',(-1.75E0,0.E0,-2.225E0));
#1090=DIRECTION('',(0.E0,1.E0,0.E0));
#1091=DIRECTION('',(-1.E0,0.E0,0.E0));
#1092=AXIS2_PLACEMENT_3D('',#1089,#1090,#1091);
#1094=CURVE_STYLE('',#32,POSITIVE_LENGTH_MEASURE(2.E-2),#6);
#1095=PRESENTATION_STYLE_ASSIGNMENT((#1094));
#1096=STYLED_ITEM('',(#1095),#1093);
#1097=DIRECTION('',(0.E0,0.E0,1.E0));
#1098=VECTOR('',#1097,2.25E-1);
#1099=CARTESIAN_POINT('',(-1.875E0,0.E0,-2.45E0));
#1100=LINE('',#1099,#1098);
#1101=CURVE_STYLE('',#32,POSITIVE_LENGTH_MEASURE(2.E-2),#6);
#1102=PRESENTATION_STYLE_ASSIGNMENT((#1101));
#1103=STYLED_ITEM('',(#1102),#1100);
#1104=DIRECTION('',(0.E0,0.E0,1.E0));
#1105=VECTOR('',#1104,1.25E-1);
#1106=CARTESIAN_POINT('',(2.45E0,0.E0,-2.45E0));
#1107=LINE('',#1106,#1105);
#1108=CURVE_STYLE('',#32,POSITIVE_LENGTH_MEASURE(2.E-2),#6);
#1109=PRESENTATION_STYLE_ASSIGNMENT((#1108));
#1110=STYLED_ITEM('',(#1109),#1107);
#1111=DIRECTION('',(1.E0,0.E0,0.E0));
#1112=VECTOR('',#1111,1.25E-1);
#1113=CARTESIAN_POINT('',(2.325E0,0.E0,-2.45E0));
#1114=LINE('',#1113,#1112);
#1115=CURVE_STYLE('',#32,POSITIVE_LENGTH_MEASURE(2.E-2),#6);
#1116=PRESENTATION_STYLE_ASSIGNMENT((#1115));
#1117=STYLED_ITEM('',(#1116),#1114);
#1118=DIRECTION('',(0.E0,0.E0,1.E0));
#1119=VECTOR('',#1118,1.25E-1);
#1120=CARTESIAN_POINT('',(2.325E0,0.E0,-2.45E0));
#1121=LINE('',#1120,#1119);
#1122=CURVE_STYLE('',#32,POSITIVE_LENGTH_MEASURE(2.E-2),#6);
#1123=PRESENTATION_STYLE_ASSIGNMENT((#1122));
#1124=STYLED_ITEM('',(#1123),#1121);
#1125=DIRECTION('',(-1.E0,0.E0,0.E0));
#1126=VECTOR('',#1125,1.25E-1);
#1127=CARTESIAN_POINT('',(2.45E0,0.E0,-2.325E0));
#1128=LINE('',#1127,#1126);
#1129=CURVE_STYLE('',#32,POSITIVE_LENGTH_MEASURE(2.E-2),#6);
#1130=PRESENTATION_STYLE_ASSIGNMENT((#1129));
#1131=STYLED_ITEM('',(#1130),#1128);
#1132=DIRECTION('',(-1.E0,0.E0,0.E0));
#1133=VECTOR('',#1132,1.25E-1);
#1134=CARTESIAN_POINT('',(2.45E0,0.E0,2.45E0));
#1135=LINE('',#1134,#1133);
#1136=CURVE_STYLE('',#32,POSITIVE_LENGTH_MEASURE(2.E-2),#6);
#1137=PRESENTATION_STYLE_ASSIGNMENT((#1136));
#1138=STYLED_ITEM('',(#1137),#1135);
#1139=DIRECTION('',(0.E0,0.E0,1.E0));
#1140=VECTOR('',#1139,1.25E-1);
#1141=CARTESIAN_POINT('',(2.45E0,0.E0,2.325E0));
#1142=LINE('',#1141,#1140);
#1143=CURVE_STYLE('',#32,POSITIVE_LENGTH_MEASURE(2.E-2),#6);
#1144=PRESENTATION_STYLE_ASSIGNMENT((#1143));
#1145=STYLED_ITEM('',(#1144),#1142);
#1146=DIRECTION('',(-1.E0,0.E0,0.E0));
#1147=VECTOR('',#1146,1.25E-1);
#1148=CARTESIAN_POINT('',(2.45E0,0.E0,2.325E0));
#1149=LINE('',#1148,#1147);
#1150=CURVE_STYLE('',#32,POSITIVE_LENGTH_MEASURE(2.E-2),#6);
#1151=PRESENTATION_STYLE_ASSIGNMENT((#1150));
#1152=STYLED_ITEM('',(#1151),#1149);
#1153=DIRECTION('',(0.E0,0.E0,-1.E0));
#1154=VECTOR('',#1153,1.25E-1);
#1155=CARTESIAN_POINT('',(2.325E0,0.E0,2.45E0));
#1156=LINE('',#1155,#1154);
#1157=CURVE_STYLE('',#32,POSITIVE_LENGTH_MEASURE(2.E-2),#6);
#1158=PRESENTATION_STYLE_ASSIGNMENT((#1157));
#1159=STYLED_ITEM('',(#1158),#1156);
#1160=DIRECTION('',(0.E0,0.E0,-1.E0));
#1161=VECTOR('',#1160,1.25E-1);
#1162=CARTESIAN_POINT('',(-2.45E0,0.E0,2.45E0));
#1163=LINE('',#1162,#1161);
#1164=CURVE_STYLE('',#32,POSITIVE_LENGTH_MEASURE(2.E-2),#6);
#1165=PRESENTATION_STYLE_ASSIGNMENT((#1164));
#1166=STYLED_ITEM('',(#1165),#1163);
#1167=DIRECTION('',(-1.E0,0.E0,0.E0));
#1168=VECTOR('',#1167,1.25E-1);
#1169=CARTESIAN_POINT('',(-2.325E0,0.E0,2.45E0));
#1170=LINE('',#1169,#1168);
#1171=CURVE_STYLE('',#32,POSITIVE_LENGTH_MEASURE(2.E-2),#6);
#1172=PRESENTATION_STYLE_ASSIGNMENT((#1171));
#1173=STYLED_ITEM('',(#1172),#1170);
#1174=DIRECTION('',(0.E0,0.E0,-1.E0));
#1175=VECTOR('',#1174,1.25E-1);
#1176=CARTESIAN_POINT('',(-2.325E0,0.E0,2.45E0));
#1177=LINE('',#1176,#1175);
#1178=CURVE_STYLE('',#32,POSITIVE_LENGTH_MEASURE(2.E-2),#6);
#1179=PRESENTATION_STYLE_ASSIGNMENT((#1178));
#1180=STYLED_ITEM('',(#1179),#1177);
#1181=DIRECTION('',(1.E0,0.E0,0.E0));
#1182=VECTOR('',#1181,1.25E-1);
#1183=CARTESIAN_POINT('',(-2.45E0,0.E0,2.325E0));
#1184=LINE('',#1183,#1182);
#1185=CURVE_STYLE('',#32,POSITIVE_LENGTH_MEASURE(2.E-2),#6);
#1186=PRESENTATION_STYLE_ASSIGNMENT((#1185));
#1187=STYLED_ITEM('',(#1186),#1184);
#1188=DIRECTION('',(0.E0,1.E0,0.E0));
#1189=VECTOR('',#1188,7.5E-2);
#1190=CARTESIAN_POINT('',(-1.5E0,0.E0,-1.85E0));
#1191=LINE('',#1190,#1189);
#1192=CURVE_STYLE('',#32,POSITIVE_LENGTH_MEASURE(2.E-2),#6);
#1193=PRESENTATION_STYLE_ASSIGNMENT((#1192));
#1194=STYLED_ITEM('',(#1193),#1191);
#1195=DIRECTION('',(-7.071067811865E-1,0.E0,7.071067811865E-1));
#1196=VECTOR('',#1195,4.949747468306E-1);
#1197=CARTESIAN_POINT('',(-1.5E0,7.5E-2,-1.85E0));
#1198=LINE('',#1197,#1196);
#1199=CURVE_STYLE('',#32,POSITIVE_LENGTH_MEASURE(2.E-2),#6);
#1200=PRESENTATION_STYLE_ASSIGNMENT((#1199));
#1201=STYLED_ITEM('',(#1200),#1198);
#1202=DIRECTION('',(0.E0,1.E0,0.E0));
#1203=VECTOR('',#1202,7.5E-2);
#1204=CARTESIAN_POINT('',(-1.85E0,0.E0,-1.5E0));
#1205=LINE('',#1204,#1203);
#1206=CURVE_STYLE('',#32,POSITIVE_LENGTH_MEASURE(2.E-2),#6);
#1207=PRESENTATION_STYLE_ASSIGNMENT((#1206));
#1208=STYLED_ITEM('',(#1207),#1205);
#1209=DIRECTION('',(0.E0,-1.E0,0.E0));
#1210=VECTOR('',#1209,7.5E-2);
#1211=CARTESIAN_POINT('',(-1.85E0,7.5E-2,1.85E0));
#1212=LINE('',#1211,#1210);
#1213=CURVE_STYLE('',#32,POSITIVE_LENGTH_MEASURE(2.E-2),#6);
#1214=PRESENTATION_STYLE_ASSIGNMENT((#1213));
#1215=STYLED_ITEM('',(#1214),#1212);
#1216=DIRECTION('',(0.E0,-1.E0,0.E0));
#1217=VECTOR('',#1216,7.5E-2);
#1218=CARTESIAN_POINT('',(1.85E0,7.5E-2,1.85E0));
#1219=LINE('',#1218,#1217);
#1220=CURVE_STYLE('',#32,POSITIVE_LENGTH_MEASURE(2.E-2),#6);
#1221=PRESENTATION_STYLE_ASSIGNMENT((#1220));
#1222=STYLED_ITEM('',(#1221),#1219);
#1223=DIRECTION('',(0.E0,-1.E0,0.E0));
#1224=VECTOR('',#1223,7.5E-2);
#1225=CARTESIAN_POINT('',(1.85E0,7.5E-2,-1.85E0));
#1226=LINE('',#1225,#1224);
#1227=CURVE_STYLE('',#32,POSITIVE_LENGTH_MEASURE(2.E-2),#6);
#1228=PRESENTATION_STYLE_ASSIGNMENT((#1227));
#1229=STYLED_ITEM('',(#1228),#1226);
#1230=DIRECTION('',(0.E0,0.E0,1.E0));
#1231=VECTOR('',#1230,3.9E0);
#1232=CARTESIAN_POINT('',(-1.95E0,7.5E-2,-1.95E0));
#1233=LINE('',#1232,#1231);
#1234=CURVE_STYLE('',#32,POSITIVE_LENGTH_MEASURE(2.E-2),#6);
#1235=PRESENTATION_STYLE_ASSIGNMENT((#1234));
#1236=STYLED_ITEM('',(#1235),#1233);
#1237=DIRECTION('',(-1.E0,0.E0,0.E0));
#1238=VECTOR('',#1237,3.9E0);
#1239=CARTESIAN_POINT('',(1.95E0,7.5E-2,-1.95E0));
#1240=LINE('',#1239,#1238);
#1241=CURVE_STYLE('',#32,POSITIVE_LENGTH_MEASURE(2.E-2),#6);
#1242=PRESENTATION_STYLE_ASSIGNMENT((#1241));
#1243=STYLED_ITEM('',(#1242),#1240);
#1244=DIRECTION('',(0.E0,0.E0,-1.E0));
#1245=VECTOR('',#1244,3.9E0);
#1246=CARTESIAN_POINT('',(1.95E0,7.5E-2,1.95E0));
#1247=LINE('',#1246,#1245);
#1248=CURVE_STYLE('',#32,POSITIVE_LENGTH_MEASURE(2.E-2),#6);
#1249=PRESENTATION_STYLE_ASSIGNMENT((#1248));
#1250=STYLED_ITEM('',(#1249),#1247);
#1251=DIRECTION('',(1.E0,0.E0,0.E0));
#1252=VECTOR('',#1251,3.9E0);
#1253=CARTESIAN_POINT('',(-1.95E0,7.5E-2,1.95E0));
#1254=LINE('',#1253,#1252);
#1255=CURVE_STYLE('',#32,POSITIVE_LENGTH_MEASURE(2.E-2),#6);
#1256=PRESENTATION_STYLE_ASSIGNMENT((#1255));
#1257=STYLED_ITEM('',(#1256),#1254);
#1258=DIRECTION('',(0.E0,0.E0,-1.E0));
#1259=VECTOR('',#1258,3.35E0);
#1260=CARTESIAN_POINT('',(-1.85E0,7.5E-2,1.85E0));
#1261=LINE('',#1260,#1259);
#1262=CURVE_STYLE('',#32,POSITIVE_LENGTH_MEASURE(2.E-2),#6);
#1263=PRESENTATION_STYLE_ASSIGNMENT((#1262));
#1264=STYLED_ITEM('',(#1263),#1261);
#1265=DIRECTION('',(-1.E0,0.E0,0.E0));
#1266=VECTOR('',#1265,3.7E0);
#1267=CARTESIAN_POINT('',(1.85E0,7.5E-2,1.85E0));
#1268=LINE('',#1267,#1266);
#1269=CURVE_STYLE('',#32,POSITIVE_LENGTH_MEASURE(2.E-2),#6);
#1270=PRESENTATION_STYLE_ASSIGNMENT((#1269));
#1271=STYLED_ITEM('',(#1270),#1268);
#1272=DIRECTION('',(0.E0,0.E0,1.E0));
#1273=VECTOR('',#1272,3.7E0);
#1274=CARTESIAN_POINT('',(1.85E0,7.5E-2,-1.85E0));
#1275=LINE('',#1274,#1273);
#1276=CURVE_STYLE('',#32,POSITIVE_LENGTH_MEASURE(2.E-2),#6);
#1277=PRESENTATION_STYLE_ASSIGNMENT((#1276));
#1278=STYLED_ITEM('',(#1277),#1275);
#1279=DIRECTION('',(1.E0,0.E0,0.E0));
#1280=VECTOR('',#1279,3.35E0);
#1281=CARTESIAN_POINT('',(-1.5E0,7.5E-2,-1.85E0));
#1282=LINE('',#1281,#1280);
#1283=CURVE_STYLE('',#32,POSITIVE_LENGTH_MEASURE(2.E-2),#6);
#1284=PRESENTATION_STYLE_ASSIGNMENT((#1283));
#1285=STYLED_ITEM('',(#1284),#1282);
#1286=DIRECTION('',(0.E0,1.E0,0.E0));
#1287=VECTOR('',#1286,1.E-1);
#1288=CARTESIAN_POINT('',(-1.95E0,7.5E-2,-1.95E0));
#1289=LINE('',#1288,#1287);
#1290=CURVE_STYLE('',#32,POSITIVE_LENGTH_MEASURE(2.E-2),#6);
#1291=PRESENTATION_STYLE_ASSIGNMENT((#1290));
#1292=STYLED_ITEM('',(#1291),#1289);
#1293=DIRECTION('',(0.E0,1.E0,0.E0));
#1294=VECTOR('',#1293,1.E-1);
#1295=CARTESIAN_POINT('',(-1.95E0,7.5E-2,1.95E0));
#1296=LINE('',#1295,#1294);
#1297=CURVE_STYLE('',#32,POSITIVE_LENGTH_MEASURE(2.E-2),#6);
#1298=PRESENTATION_STYLE_ASSIGNMENT((#1297));
#1299=STYLED_ITEM('',(#1298),#1296);
#1300=DIRECTION('',(0.E0,1.E0,0.E0));
#1301=VECTOR('',#1300,1.E-1);
#1302=CARTESIAN_POINT('',(1.95E0,7.5E-2,1.95E0));
#1303=LINE('',#1302,#1301);
#1304=CURVE_STYLE('',#32,POSITIVE_LENGTH_MEASURE(2.E-2),#6);
#1305=PRESENTATION_STYLE_ASSIGNMENT((#1304));
#1306=STYLED_ITEM('',(#1305),#1303);
#1307=DIRECTION('',(0.E0,1.E0,0.E0));
#1308=VECTOR('',#1307,1.E-1);
#1309=CARTESIAN_POINT('',(1.95E0,7.5E-2,-1.95E0));
#1310=LINE('',#1309,#1308);
#1311=CURVE_STYLE('',#32,POSITIVE_LENGTH_MEASURE(2.E-2),#6);
#1312=PRESENTATION_STYLE_ASSIGNMENT((#1311));
#1313=STYLED_ITEM('',(#1312),#1310);
#1314=DIRECTION('',(0.E0,0.E0,1.E0));
#1315=VECTOR('',#1314,3.9E0);
#1316=CARTESIAN_POINT('',(-1.95E0,1.75E-1,-1.95E0));
#1317=LINE('',#1316,#1315);
#1318=CURVE_STYLE('',#32,POSITIVE_LENGTH_MEASURE(2.E-2),#6);
#1319=PRESENTATION_STYLE_ASSIGNMENT((#1318));
#1320=STYLED_ITEM('',(#1319),#1317);
#1321=DIRECTION('',(1.E0,0.E0,0.E0));
#1322=VECTOR('',#1321,3.9E0);
#1323=CARTESIAN_POINT('',(-1.95E0,1.75E-1,1.95E0));
#1324=LINE('',#1323,#1322);
#1325=CURVE_STYLE('',#32,POSITIVE_LENGTH_MEASURE(2.E-2),#6);
#1326=PRESENTATION_STYLE_ASSIGNMENT((#1325));
#1327=STYLED_ITEM('',(#1326),#1324);
#1328=DIRECTION('',(0.E0,0.E0,-1.E0));
#1329=VECTOR('',#1328,3.9E0);
#1330=CARTESIAN_POINT('',(1.95E0,1.75E-1,1.95E0));
#1331=LINE('',#1330,#1329);
#1332=CURVE_STYLE('',#32,POSITIVE_LENGTH_MEASURE(2.E-2),#6);
#1333=PRESENTATION_STYLE_ASSIGNMENT((#1332));
#1334=STYLED_ITEM('',(#1333),#1331);
#1335=DIRECTION('',(-1.E0,0.E0,0.E0));
#1336=VECTOR('',#1335,3.9E0);
#1337=CARTESIAN_POINT('',(1.95E0,1.75E-1,-1.95E0));
#1338=LINE('',#1337,#1336);
#1339=CURVE_STYLE('',#32,POSITIVE_LENGTH_MEASURE(2.E-2),#6);
#1340=PRESENTATION_STYLE_ASSIGNMENT((#1339));
#1341=STYLED_ITEM('',(#1340),#1338);
#1342=DIRECTION('',(0.E0,1.E0,0.E0));
#1343=VECTOR('',#1342,7.5E-2);
#1344=CARTESIAN_POINT('',(-2.45E0,0.E0,-2.45E0));
#1345=LINE('',#1344,#1343);
#1346=CURVE_STYLE('',#32,POSITIVE_LENGTH_MEASURE(2.E-2),#6);
#1347=PRESENTATION_STYLE_ASSIGNMENT((#1346));
#1348=STYLED_ITEM('',(#1347),#1345);
#1349=DIRECTION('',(0.E0,0.E0,1.E0));
#1350=VECTOR('',#1349,5.E-2);
#1351=CARTESIAN_POINT('',(-2.325E0,7.5E-2,-2.5E0));
#1352=LINE('',#1351,#1350);
#1353=CURVE_STYLE('',#32,POSITIVE_LENGTH_MEASURE(2.E-2),#6);
#1354=PRESENTATION_STYLE_ASSIGNMENT((#1353));
#1355=STYLED_ITEM('',(#1354),#1352);
#1356=DIRECTION('',(0.E0,1.E0,0.E0));
#1357=VECTOR('',#1356,7.5E-2);
#1358=CARTESIAN_POINT('',(-2.325E0,0.E0,-2.45E0));
#1359=LINE('',#1358,#1357);
#1360=CURVE_STYLE('',#32,POSITIVE_LENGTH_MEASURE(2.E-2),#6);
#1361=PRESENTATION_STYLE_ASSIGNMENT((#1360));
#1362=STYLED_ITEM('',(#1361),#1359);
#1363=DIRECTION('',(-1.E0,0.E0,0.E0));
#1364=VECTOR('',#1363,1.75E-1);
#1365=CARTESIAN_POINT('',(2.5E0,7.5E-2,-2.5E0));
#1366=LINE('',#1365,#1364);
#1367=CURVE_STYLE('',#32,POSITIVE_LENGTH_MEASURE(2.E-2),#6);
#1368=PRESENTATION_STYLE_ASSIGNMENT((#1367));
#1369=STYLED_ITEM('',(#1368),#1366);
#1370=DIRECTION('',(0.E0,1.E0,0.E0));
#1371=VECTOR('',#1370,9.E-1);
#1372=CARTESIAN_POINT('',(2.5E0,7.5E-2,-2.5E0));
#1373=LINE('',#1372,#1371);
#1374=CURVE_STYLE('',#32,POSITIVE_LENGTH_MEASURE(2.E-2),#6);
#1375=PRESENTATION_STYLE_ASSIGNMENT((#1374));
#1376=STYLED_ITEM('',(#1375),#1373);
#1377=DIRECTION('',(-1.E0,0.E0,0.E0));
#1378=VECTOR('',#1377,1.75E-1);
#1379=CARTESIAN_POINT('',(-2.325E0,7.5E-2,-2.5E0));
#1380=LINE('',#1379,#1378);
#1381=CURVE_STYLE('',#32,POSITIVE_LENGTH_MEASURE(2.E-2),#6);
#1382=PRESENTATION_STYLE_ASSIGNMENT((#1381));
#1383=STYLED_ITEM('',(#1382),#1380);
#1384=DIRECTION('',(0.E0,1.E0,0.E0));
#1385=VECTOR('',#1384,1.E-1);
#1386=CARTESIAN_POINT('',(-2.325E0,7.5E-2,-2.5E0));
#1387=LINE('',#1386,#1385);
#1388=CURVE_STYLE('',#32,POSITIVE_LENGTH_MEASURE(2.E-2),#6);
#1389=PRESENTATION_STYLE_ASSIGNMENT((#1388));
#1390=STYLED_ITEM('',(#1389),#1387);
#1391=DIRECTION('',(1.E0,0.E0,0.E0));
#1392=VECTOR('',#1391,2.E-1);
#1393=CARTESIAN_POINT('',(-2.325E0,1.75E-1,-2.5E0));
#1394=LINE('',#1393,#1392);
#1395=CURVE_STYLE('',#32,POSITIVE_LENGTH_MEASURE(2.E-2),#6);
#1396=PRESENTATION_STYLE_ASSIGNMENT((#1395));
#1397=STYLED_ITEM('',(#1396),#1394);
#1398=DIRECTION('',(0.E0,1.E0,0.E0));
#1399=VECTOR('',#1398,1.E-1);
#1400=CARTESIAN_POINT('',(-2.125E0,7.5E-2,-2.5E0));
#1401=LINE('',#1400,#1399);
#1402=CURVE_STYLE('',#32,POSITIVE_LENGTH_MEASURE(2.E-2),#6);
#1403=PRESENTATION_STYLE_ASSIGNMENT((#1402));
#1404=STYLED_ITEM('',(#1403),#1401);
#1405=DIRECTION('',(-1.E0,0.E0,0.E0));
#1406=VECTOR('',#1405,2.5E-1);
#1407=CARTESIAN_POINT('',(-1.875E0,7.5E-2,-2.5E0));
#1408=LINE('',#1407,#1406);
#1409=CURVE_STYLE('',#32,POSITIVE_LENGTH_MEASURE(2.E-2),#6);
#1410=PRESENTATION_STYLE_ASSIGNMENT((#1409));
#1411=STYLED_ITEM('',(#1410),#1408);
#1412=DIRECTION('',(0.E0,1.E0,0.E0));
#1413=VECTOR('',#1412,1.E-1);
#1414=CARTESIAN_POINT('',(-1.875E0,7.5E-2,-2.5E0));
#1415=LINE('',#1414,#1413);
#1416=CURVE_STYLE('',#32,POSITIVE_LENGTH_MEASURE(2.E-2),#6);
#1417=PRESENTATION_STYLE_ASSIGNMENT((#1416));
#1418=STYLED_ITEM('',(#1417),#1415);
#1419=DIRECTION('',(1.E0,0.E0,0.E0));
#1420=VECTOR('',#1419,2.5E-1);
#1421=CARTESIAN_POINT('',(-1.875E0,1.75E-1,-2.5E0));
#1422=LINE('',#1421,#1420);
#1423=CURVE_STYLE('',#32,POSITIVE_LENGTH_MEASURE(2.E-2),#6);
#1424=PRESENTATION_STYLE_ASSIGNMENT((#1423));
#1425=STYLED_ITEM('',(#1424),#1422);
#1426=DIRECTION('',(0.E0,1.E0,0.E0));
#1427=VECTOR('',#1426,1.E-1);
#1428=CARTESIAN_POINT('',(-1.625E0,7.5E-2,-2.5E0));
#1429=LINE('',#1428,#1427);
#1430=CURVE_STYLE('',#32,POSITIVE_LENGTH_MEASURE(2.E-2),#6);
#1431=PRESENTATION_STYLE_ASSIGNMENT((#1430));
#1432=STYLED_ITEM('',(#1431),#1429);
#1433=DIRECTION('',(-1.E0,0.E0,0.E0));
#1434=VECTOR('',#1433,2.5E-1);
#1435=CARTESIAN_POINT('',(-1.375E0,7.5E-2,-2.5E0));
#1436=LINE('',#1435,#1434);
#1437=CURVE_STYLE('',#32,POSITIVE_LENGTH_MEASURE(2.E-2),#6);
#1438=PRESENTATION_STYLE_ASSIGNMENT((#1437));
#1439=STYLED_ITEM('',(#1438),#1436);
#1440=DIRECTION('',(0.E0,1.E0,0.E0));
#1441=VECTOR('',#1440,1.E-1);
#1442=CARTESIAN_POINT('',(-1.375E0,7.5E-2,-2.5E0));
#1443=LINE('',#1442,#1441);
#1444=CURVE_STYLE('',#32,POSITIVE_LENGTH_MEASURE(2.E-2),#6);
#1445=PRESENTATION_STYLE_ASSIGNMENT((#1444));
#1446=STYLED_ITEM('',(#1445),#1443);
#1447=DIRECTION('',(1.E0,0.E0,0.E0));
#1448=VECTOR('',#1447,2.5E-1);
#1449=CARTESIAN_POINT('',(-1.375E0,1.75E-1,-2.5E0));
#1450=LINE('',#1449,#1448);
#1451=CURVE_STYLE('',#32,POSITIVE_LENGTH_MEASURE(2.E-2),#6);
#1452=PRESENTATION_STYLE_ASSIGNMENT((#1451));
#1453=STYLED_ITEM('',(#1452),#1450);
#1454=DIRECTION('',(0.E0,1.E0,0.E0));
#1455=VECTOR('',#1454,1.E-1);
#1456=CARTESIAN_POINT('',(-1.125E0,7.5E-2,-2.5E0));
#1457=LINE('',#1456,#1455);
#1458=CURVE_STYLE('',#32,POSITIVE_LENGTH_MEASURE(2.E-2),#6);
#1459=PRESENTATION_STYLE_ASSIGNMENT((#1458));
#1460=STYLED_ITEM('',(#1459),#1457);
#1461=DIRECTION('',(-1.E0,0.E0,0.E0));
#1462=VECTOR('',#1461,2.5E-1);
#1463=CARTESIAN_POINT('',(-8.75E-1,7.5E-2,-2.5E0));
#1464=LINE('',#1463,#1462);
#1465=CURVE_STYLE('',#32,POSITIVE_LENGTH_MEASURE(2.E-2),#6);
#1466=PRESENTATION_STYLE_ASSIGNMENT((#1465));
#1467=STYLED_ITEM('',(#1466),#1464);
#1468=DIRECTION('',(0.E0,1.E0,0.E0));
#1469=VECTOR('',#1468,1.E-1);
#1470=CARTESIAN_POINT('',(-8.75E-1,7.5E-2,-2.5E0));
#1471=LINE('',#1470,#1469);
#1472=CURVE_STYLE('',#32,POSITIVE_LENGTH_MEASURE(2.E-2),#6);
#1473=PRESENTATION_STYLE_ASSIGNMENT((#1472));
#1474=STYLED_ITEM('',(#1473),#1471);
#1475=DIRECTION('',(1.E0,0.E0,0.E0));
#1476=VECTOR('',#1475,2.5E-1);
#1477=CARTESIAN_POINT('',(-8.75E-1,1.75E-1,-2.5E0));
#1478=LINE('',#1477,#1476);
#1479=CURVE_STYLE('',#32,POSITIVE_LENGTH_MEASURE(2.E-2),#6);
#1480=PRESENTATION_STYLE_ASSIGNMENT((#1479));
#1481=STYLED_ITEM('',(#1480),#1478);
#1482=DIRECTION('',(0.E0,1.E0,0.E0));
#1483=VECTOR('',#1482,1.E-1);
#1484=CARTESIAN_POINT('',(-6.25E-1,7.5E-2,-2.5E0));
#1485=LINE('',#1484,#1483);
#1486=CURVE_STYLE('',#32,POSITIVE_LENGTH_MEASURE(2.E-2),#6);
#1487=PRESENTATION_STYLE_ASSIGNMENT((#1486));
#1488=STYLED_ITEM('',(#1487),#1485);
#1489=DIRECTION('',(-1.E0,0.E0,0.E0));
#1490=VECTOR('',#1489,2.5E-1);
#1491=CARTESIAN_POINT('',(-3.75E-1,7.5E-2,-2.5E0));
#1492=LINE('',#1491,#1490);
#1493=CURVE_STYLE('',#32,POSITIVE_LENGTH_MEASURE(2.E-2),#6);
#1494=PRESENTATION_STYLE_ASSIGNMENT((#1493));
#1495=STYLED_ITEM('',(#1494),#1492);
#1496=DIRECTION('',(0.E0,1.E0,0.E0));
#1497=VECTOR('',#1496,1.E-1);
#1498=CARTESIAN_POINT('',(-3.75E-1,7.5E-2,-2.5E0));
#1499=LINE('',#1498,#1497);
#1500=CURVE_STYLE('',#32,POSITIVE_LENGTH_MEASURE(2.E-2),#6);
#1501=PRESENTATION_STYLE_ASSIGNMENT((#1500));
#1502=STYLED_ITEM('',(#1501),#1499);
#1503=DIRECTION('',(1.E0,0.E0,0.E0));
#1504=VECTOR('',#1503,2.5E-1);
#1505=CARTESIAN_POINT('',(-3.75E-1,1.75E-1,-2.5E0));
#1506=LINE('',#1505,#1504);
#1507=CURVE_STYLE('',#32,POSITIVE_LENGTH_MEASURE(2.E-2),#6);
#1508=PRESENTATION_STYLE_ASSIGNMENT((#1507));
#1509=STYLED_ITEM('',(#1508),#1506);
#1510=DIRECTION('',(0.E0,1.E0,0.E0));
#1511=VECTOR('',#1510,1.E-1);
#1512=CARTESIAN_POINT('',(-1.25E-1,7.5E-2,-2.5E0));
#1513=LINE('',#1512,#1511);
#1514=CURVE_STYLE('',#32,POSITIVE_LENGTH_MEASURE(2.E-2),#6);
#1515=PRESENTATION_STYLE_ASSIGNMENT((#1514));
#1516=STYLED_ITEM('',(#1515),#1513);
#1517=DIRECTION('',(-1.E0,0.E0,0.E0));
#1518=VECTOR('',#1517,2.5E-1);
#1519=CARTESIAN_POINT('',(1.25E-1,7.5E-2,-2.5E0));
#1520=LINE('',#1519,#1518);
#1521=CURVE_STYLE('',#32,POSITIVE_LENGTH_MEASURE(2.E-2),#6);
#1522=PRESENTATION_STYLE_ASSIGNMENT((#1521));
#1523=STYLED_ITEM('',(#1522),#1520);
#1524=DIRECTION('',(0.E0,1.E0,0.E0));
#1525=VECTOR('',#1524,1.E-1);
#1526=CARTESIAN_POINT('',(1.25E-1,7.5E-2,-2.5E0));
#1527=LINE('',#1526,#1525);
#1528=CURVE_STYLE('',#32,POSITIVE_LENGTH_MEASURE(2.E-2),#6);
#1529=PRESENTATION_STYLE_ASSIGNMENT((#1528));
#1530=STYLED_ITEM('',(#1529),#1527);
#1531=DIRECTION('',(1.E0,0.E0,0.E0));
#1532=VECTOR('',#1531,2.5E-1);
#1533=CARTESIAN_POINT('',(1.25E-1,1.75E-1,-2.5E0));
#1534=LINE('',#1533,#1532);
#1535=CURVE_STYLE('',#32,POSITIVE_LENGTH_MEASURE(2.E-2),#6);
#1536=PRESENTATION_STYLE_ASSIGNMENT((#1535));
#1537=STYLED_ITEM('',(#1536),#1534);
#1538=DIRECTION('',(0.E0,1.E0,0.E0));
#1539=VECTOR('',#1538,1.E-1);
#1540=CARTESIAN_POINT('',(3.75E-1,7.5E-2,-2.5E0));
#1541=LINE('',#1540,#1539);
#1542=CURVE_STYLE('',#32,POSITIVE_LENGTH_MEASURE(2.E-2),#6);
#1543=PRESENTATION_STYLE_ASSIGNMENT((#1542));
#1544=STYLED_ITEM('',(#1543),#1541);
#1545=DIRECTION('',(-1.E0,0.E0,0.E0));
#1546=VECTOR('',#1545,2.5E-1);
#1547=CARTESIAN_POINT('',(6.25E-1,7.5E-2,-2.5E0));
#1548=LINE('',#1547,#1546);
#1549=CURVE_STYLE('',#32,POSITIVE_LENGTH_MEASURE(2.E-2),#6);
#1550=PRESENTATION_STYLE_ASSIGNMENT((#1549));
#1551=STYLED_ITEM('',(#1550),#1548);
#1552=DIRECTION('',(0.E0,1.E0,0.E0));
#1553=VECTOR('',#1552,1.E-1);
#1554=CARTESIAN_POINT('',(6.25E-1,7.5E-2,-2.5E0));
#1555=LINE('',#1554,#1553);
#1556=CURVE_STYLE('',#32,POSITIVE_LENGTH_MEASURE(2.E-2),#6);
#1557=PRESENTATION_STYLE_ASSIGNMENT((#1556));
#1558=STYLED_ITEM('',(#1557),#1555);
#1559=DIRECTION('',(1.E0,0.E0,0.E0));
#1560=VECTOR('',#1559,2.5E-1);
#1561=CARTESIAN_POINT('',(6.25E-1,1.75E-1,-2.5E0));
#1562=LINE('',#1561,#1560);
#1563=CURVE_STYLE('',#32,POSITIVE_LENGTH_MEASURE(2.E-2),#6);
#1564=PRESENTATION_STYLE_ASSIGNMENT((#1563));
#1565=STYLED_ITEM('',(#1564),#1562);
#1566=DIRECTION('',(0.E0,1.E0,0.E0));
#1567=VECTOR('',#1566,1.E-1);
#1568=CARTESIAN_POINT('',(8.75E-1,7.5E-2,-2.5E0));
#1569=LINE('',#1568,#1567);
#1570=CURVE_STYLE('',#32,POSITIVE_LENGTH_MEASURE(2.E-2),#6);
#1571=PRESENTATION_STYLE_ASSIGNMENT((#1570));
#1572=STYLED_ITEM('',(#1571),#1569);
#1573=DIRECTION('',(-1.E0,0.E0,0.E0));
#1574=VECTOR('',#1573,2.5E-1);
#1575=CARTESIAN_POINT('',(1.125E0,7.5E-2,-2.5E0));
#1576=LINE('',#1575,#1574);
#1577=CURVE_STYLE('',#32,POSITIVE_LENGTH_MEASURE(2.E-2),#6);
#1578=PRESENTATION_STYLE_ASSIGNMENT((#1577));
#1579=STYLED_ITEM('',(#1578),#1576);
#1580=DIRECTION('',(0.E0,1.E0,0.E0));
#1581=VECTOR('',#1580,1.E-1);
#1582=CARTESIAN_POINT('',(1.125E0,7.5E-2,-2.5E0));
#1583=LINE('',#1582,#1581);
#1584=CURVE_STYLE('',#32,POSITIVE_LENGTH_MEASURE(2.E-2),#6);
#1585=PRESENTATION_STYLE_ASSIGNMENT((#1584));
#1586=STYLED_ITEM('',(#1585),#1583);
#1587=DIRECTION('',(1.E0,0.E0,0.E0));
#1588=VECTOR('',#1587,2.5E-1);
#1589=CARTESIAN_POINT('',(1.125E0,1.75E-1,-2.5E0));
#1590=LINE('',#1589,#1588);
#1591=CURVE_STYLE('',#32,POSITIVE_LENGTH_MEASURE(2.E-2),#6);
#1592=PRESENTATION_STYLE_ASSIGNMENT((#1591));
#1593=STYLED_ITEM('',(#1592),#1590);
#1594=DIRECTION('',(0.E0,1.E0,0.E0));
#1595=VECTOR('',#1594,1.E-1);
#1596=CARTESIAN_POINT('',(1.375E0,7.5E-2,-2.5E0));
#1597=LINE('',#1596,#1595);
#1598=CURVE_STYLE('',#32,POSITIVE_LENGTH_MEASURE(2.E-2),#6);
#1599=PRESENTATION_STYLE_ASSIGNMENT((#1598));
#1600=STYLED_ITEM('',(#1599),#1597);
#1601=DIRECTION('',(-1.E0,0.E0,0.E0));
#1602=VECTOR('',#1601,2.5E-1);
#1603=CARTESIAN_POINT('',(1.625E0,7.5E-2,-2.5E0));
#1604=LINE('',#1603,#1602);
#1605=CURVE_STYLE('',#32,POSITIVE_LENGTH_MEASURE(2.E-2),#6);
#1606=PRESENTATION_STYLE_ASSIGNMENT((#1605));
#1607=STYLED_ITEM('',(#1606),#1604);
#1608=DIRECTION('',(0.E0,1.E0,0.E0));
#1609=VECTOR('',#1608,1.E-1);
#1610=CARTESIAN_POINT('',(1.625E0,7.5E-2,-2.5E0));
#1611=LINE('',#1610,#1609);
#1612=CURVE_STYLE('',#32,POSITIVE_LENGTH_MEASURE(2.E-2),#6);
#1613=PRESENTATION_STYLE_ASSIGNMENT((#1612));
#1614=STYLED_ITEM('',(#1613),#1611);
#1615=DIRECTION('',(1.E0,0.E0,0.E0));
#1616=VECTOR('',#1615,2.5E-1);
#1617=CARTESIAN_POINT('',(1.625E0,1.75E-1,-2.5E0));
#1618=LINE('',#1617,#1616);
#1619=CURVE_STYLE('',#32,POSITIVE_LENGTH_MEASURE(2.E-2),#6);
#1620=PRESENTATION_STYLE_ASSIGNMENT((#1619));
#1621=STYLED_ITEM('',(#1620),#1618);
#1622=DIRECTION('',(0.E0,1.E0,0.E0));
#1623=VECTOR('',#1622,1.E-1);
#1624=CARTESIAN_POINT('',(1.875E0,7.5E-2,-2.5E0));
#1625=LINE('',#1624,#1623);
#1626=CURVE_STYLE('',#32,POSITIVE_LENGTH_MEASURE(2.E-2),#6);
#1627=PRESENTATION_STYLE_ASSIGNMENT((#1626));
#1628=STYLED_ITEM('',(#1627),#1625);
#1629=DIRECTION('',(-1.E0,0.E0,0.E0));
#1630=VECTOR('',#1629,2.5E-1);
#1631=CARTESIAN_POINT('',(2.125E0,7.5E-2,-2.5E0));
#1632=LINE('',#1631,#1630);
#1633=CURVE_STYLE('',#32,POSITIVE_LENGTH_MEASURE(2.E-2),#6);
#1634=PRESENTATION_STYLE_ASSIGNMENT((#1633));
#1635=STYLED_ITEM('',(#1634),#1632);
#1636=DIRECTION('',(0.E0,1.E0,0.E0));
#1637=VECTOR('',#1636,1.E-1);
#1638=CARTESIAN_POINT('',(2.125E0,7.5E-2,-2.5E0));
#1639=LINE('',#1638,#1637);
#1640=CURVE_STYLE('',#32,POSITIVE_LENGTH_MEASURE(2.E-2),#6);
#1641=PRESENTATION_STYLE_ASSIGNMENT((#1640));
#1642=STYLED_ITEM('',(#1641),#1639);
#1643=DIRECTION('',(-1.E0,0.E0,0.E0));
#1644=VECTOR('',#1643,2.E-1);
#1645=CARTESIAN_POINT('',(2.325E0,1.75E-1,-2.5E0));
#1646=LINE('',#1645,#1644);
#1647=CURVE_STYLE('',#32,POSITIVE_LENGTH_MEASURE(2.E-2),#6);
#1648=PRESENTATION_STYLE_ASSIGNMENT((#1647));
#1649=STYLED_ITEM('',(#1648),#1646);
#1650=DIRECTION('',(0.E0,1.E0,0.E0));
#1651=VECTOR('',#1650,1.E-1);
#1652=CARTESIAN_POINT('',(2.325E0,7.5E-2,-2.5E0));
#1653=LINE('',#1652,#1651);
#1654=CURVE_STYLE('',#32,POSITIVE_LENGTH_MEASURE(2.E-2),#6);
#1655=PRESENTATION_STYLE_ASSIGNMENT((#1654));
#1656=STYLED_ITEM('',(#1655),#1653);
#1657=DIRECTION('',(0.E0,0.E0,-1.E0));
#1658=VECTOR('',#1657,1.25E-1);
#1659=CARTESIAN_POINT('',(-2.45E0,7.5E-2,-2.325E0));
#1660=LINE('',#1659,#1658);
#1661=CURVE_STYLE('',#32,POSITIVE_LENGTH_MEASURE(2.E-2),#6);
#1662=PRESENTATION_STYLE_ASSIGNMENT((#1661));
#1663=STYLED_ITEM('',(#1662),#1660);
#1664=DIRECTION('',(1.E0,0.E0,0.E0));
#1665=VECTOR('',#1664,1.25E-1);
#1666=CARTESIAN_POINT('',(-2.45E0,7.5E-2,-2.45E0));
#1667=LINE('',#1666,#1665);
#1668=CURVE_STYLE('',#32,POSITIVE_LENGTH_MEASURE(2.E-2),#6);
#1669=PRESENTATION_STYLE_ASSIGNMENT((#1668));
#1670=STYLED_ITEM('',(#1669),#1667);
#1671=DIRECTION('',(0.E0,0.E0,-1.E0));
#1672=VECTOR('',#1671,2.5E-1);
#1673=CARTESIAN_POINT('',(-2.45E0,7.5E-2,-1.875E0));
#1674=LINE('',#1673,#1672);
#1675=CURVE_STYLE('',#32,POSITIVE_LENGTH_MEASURE(2.E-2),#6);
#1676=PRESENTATION_STYLE_ASSIGNMENT((#1675));
#1677=STYLED_ITEM('',(#1676),#1674);
#1678=DIRECTION('',(0.E0,0.E0,-1.E0));
#1679=VECTOR('',#1678,2.5E-1);
#1680=CARTESIAN_POINT('',(-2.45E0,7.5E-2,-1.375E0));
#1681=LINE('',#1680,#1679);
#1682=CURVE_STYLE('',#32,POSITIVE_LENGTH_MEASURE(2.E-2),#6);
#1683=PRESENTATION_STYLE_ASSIGNMENT((#1682));
#1684=STYLED_ITEM('',(#1683),#1681);
#1685=DIRECTION('',(0.E0,0.E0,-1.E0));
#1686=VECTOR('',#1685,2.5E-1);
#1687=CARTESIAN_POINT('',(-2.45E0,7.5E-2,-8.75E-1));
#1688=LINE('',#1687,#1686);
#1689=CURVE_STYLE('',#32,POSITIVE_LENGTH_MEASURE(2.E-2),#6);
#1690=PRESENTATION_STYLE_ASSIGNMENT((#1689));
#1691=STYLED_ITEM('',(#1690),#1688);
#1692=DIRECTION('',(0.E0,0.E0,-1.E0));
#1693=VECTOR('',#1692,2.5E-1);
#1694=CARTESIAN_POINT('',(-2.45E0,7.5E-2,-3.75E-1));
#1695=LINE('',#1694,#1693);
#1696=CURVE_STYLE('',#32,POSITIVE_LENGTH_MEASURE(2.E-2),#6);
#1697=PRESENTATION_STYLE_ASSIGNMENT((#1696));
#1698=STYLED_ITEM('',(#1697),#1695);
#1699=DIRECTION('',(0.E0,0.E0,-1.E0));
#1700=VECTOR('',#1699,2.5E-1);
#1701=CARTESIAN_POINT('',(-2.45E0,7.5E-2,1.25E-1));
#1702=LINE('',#1701,#1700);
#1703=CURVE_STYLE('',#32,POSITIVE_LENGTH_MEASURE(2.E-2),#6);
#1704=PRESENTATION_STYLE_ASSIGNMENT((#1703));
#1705=STYLED_ITEM('',(#1704),#1702);
#1706=DIRECTION('',(0.E0,0.E0,-1.E0));
#1707=VECTOR('',#1706,2.5E-1);
#1708=CARTESIAN_POINT('',(-2.45E0,7.5E-2,6.25E-1));
#1709=LINE('',#1708,#1707);
#1710=CURVE_STYLE('',#32,POSITIVE_LENGTH_MEASURE(2.E-2),#6);
#1711=PRESENTATION_STYLE_ASSIGNMENT((#1710));
#1712=STYLED_ITEM('',(#1711),#1709);
#1713=DIRECTION('',(0.E0,0.E0,-1.E0));
#1714=VECTOR('',#1713,2.5E-1);
#1715=CARTESIAN_POINT('',(-2.45E0,7.5E-2,1.125E0));
#1716=LINE('',#1715,#1714);
#1717=CURVE_STYLE('',#32,POSITIVE_LENGTH_MEASURE(2.E-2),#6);
#1718=PRESENTATION_STYLE_ASSIGNMENT((#1717));
#1719=STYLED_ITEM('',(#1718),#1716);
#1720=DIRECTION('',(0.E0,0.E0,-1.E0));
#1721=VECTOR('',#1720,2.5E-1);
#1722=CARTESIAN_POINT('',(-2.45E0,7.5E-2,1.625E0));
#1723=LINE('',#1722,#1721);
#1724=CURVE_STYLE('',#32,POSITIVE_LENGTH_MEASURE(2.E-2),#6);
#1725=PRESENTATION_STYLE_ASSIGNMENT((#1724));
#1726=STYLED_ITEM('',(#1725),#1723);
#1727=DIRECTION('',(0.E0,0.E0,-1.E0));
#1728=VECTOR('',#1727,2.5E-1);
#1729=CARTESIAN_POINT('',(-2.45E0,7.5E-2,2.125E0));
#1730=LINE('',#1729,#1728);
#1731=CURVE_STYLE('',#32,POSITIVE_LENGTH_MEASURE(2.E-2),#6);
#1732=PRESENTATION_STYLE_ASSIGNMENT((#1731));
#1733=STYLED_ITEM('',(#1732),#1730);
#1734=DIRECTION('',(-1.E0,0.E0,0.E0));
#1735=VECTOR('',#1734,1.25E-1);
#1736=CARTESIAN_POINT('',(-2.325E0,7.5E-2,2.45E0));
#1737=LINE('',#1736,#1735);
#1738=CURVE_STYLE('',#32,POSITIVE_LENGTH_MEASURE(2.E-2),#6);
#1739=PRESENTATION_STYLE_ASSIGNMENT((#1738));
#1740=STYLED_ITEM('',(#1739),#1737);
#1741=DIRECTION('',(0.E0,0.E0,-1.E0));
#1742=VECTOR('',#1741,1.25E-1);
#1743=CARTESIAN_POINT('',(-2.45E0,7.5E-2,2.45E0));
#1744=LINE('',#1743,#1742);
#1745=CURVE_STYLE('',#32,POSITIVE_LENGTH_MEASURE(2.E-2),#6);
#1746=PRESENTATION_STYLE_ASSIGNMENT((#1745));
#1747=STYLED_ITEM('',(#1746),#1744);
#1748=DIRECTION('',(-1.E0,0.E0,0.E0));
#1749=VECTOR('',#1748,2.5E-1);
#1750=CARTESIAN_POINT('',(-1.875E0,7.5E-2,2.45E0));
#1751=LINE('',#1750,#1749);
#1752=CURVE_STYLE('',#32,POSITIVE_LENGTH_MEASURE(2.E-2),#6);
#1753=PRESENTATION_STYLE_ASSIGNMENT((#1752));
#1754=STYLED_ITEM('',(#1753),#1751);
#1755=DIRECTION('',(-1.E0,0.E0,0.E0));
#1756=VECTOR('',#1755,2.5E-1);
#1757=CARTESIAN_POINT('',(-1.375E0,7.5E-2,2.45E0));
#1758=LINE('',#1757,#1756);
#1759=CURVE_STYLE('',#32,POSITIVE_LENGTH_MEASURE(2.E-2),#6);
#1760=PRESENTATION_STYLE_ASSIGNMENT((#1759));
#1761=STYLED_ITEM('',(#1760),#1758);
#1762=DIRECTION('',(-1.E0,0.E0,0.E0));
#1763=VECTOR('',#1762,2.5E-1);
#1764=CARTESIAN_POINT('',(-8.75E-1,7.5E-2,2.45E0));
#1765=LINE('',#1764,#1763);
#1766=CURVE_STYLE('',#32,POSITIVE_LENGTH_MEASURE(2.E-2),#6);
#1767=PRESENTATION_STYLE_ASSIGNMENT((#1766));
#1768=STYLED_ITEM('',(#1767),#1765);
#1769=DIRECTION('',(-1.E0,0.E0,0.E0));
#1770=VECTOR('',#1769,2.5E-1);
#1771=CARTESIAN_POINT('',(-3.75E-1,7.5E-2,2.45E0));
#1772=LINE('',#1771,#1770);
#1773=CURVE_STYLE('',#32,POSITIVE_LENGTH_MEASURE(2.E-2),#6);
#1774=PRESENTATION_STYLE_ASSIGNMENT((#1773));
#1775=STYLED_ITEM('',(#1774),#1772);
#1776=DIRECTION('',(-1.E0,0.E0,0.E0));
#1777=VECTOR('',#1776,2.5E-1);
#1778=CARTESIAN_POINT('',(1.25E-1,7.5E-2,2.45E0));
#1779=LINE('',#1778,#1777);
#1780=CURVE_STYLE('',#32,POSITIVE_LENGTH_MEASURE(2.E-2),#6);
#1781=PRESENTATION_STYLE_ASSIGNMENT((#1780));
#1782=STYLED_ITEM('',(#1781),#1779);
#1783=DIRECTION('',(-1.E0,0.E0,0.E0));
#1784=VECTOR('',#1783,2.5E-1);
#1785=CARTESIAN_POINT('',(6.25E-1,7.5E-2,2.45E0));
#1786=LINE('',#1785,#1784);
#1787=CURVE_STYLE('',#32,POSITIVE_LENGTH_MEASURE(2.E-2),#6);
#1788=PRESENTATION_STYLE_ASSIGNMENT((#1787));
#1789=STYLED_ITEM('',(#1788),#1786);
#1790=DIRECTION('',(-1.E0,0.E0,0.E0));
#1791=VECTOR('',#1790,2.5E-1);
#1792=CARTESIAN_POINT('',(1.125E0,7.5E-2,2.45E0));
#1793=LINE('',#1792,#1791);
#1794=CURVE_STYLE('',#32,POSITIVE_LENGTH_MEASURE(2.E-2),#6);
#1795=PRESENTATION_STYLE_ASSIGNMENT((#1794));
#1796=STYLED_ITEM('',(#1795),#1793);
#1797=DIRECTION('',(-1.E0,0.E0,0.E0));
#1798=VECTOR('',#1797,2.5E-1);
#1799=CARTESIAN_POINT('',(1.625E0,7.5E-2,2.45E0));
#1800=LINE('',#1799,#1798);
#1801=CURVE_STYLE('',#32,POSITIVE_LENGTH_MEASURE(2.E-2),#6);
#1802=PRESENTATION_STYLE_ASSIGNMENT((#1801));
#1803=STYLED_ITEM('',(#1802),#1800);
#1804=DIRECTION('',(-1.E0,0.E0,0.E0));
#1805=VECTOR('',#1804,2.5E-1);
#1806=CARTESIAN_POINT('',(2.125E0,7.5E-2,2.45E0));
#1807=LINE('',#1806,#1805);
#1808=CURVE_STYLE('',#32,POSITIVE_LENGTH_MEASURE(2.E-2),#6);
#1809=PRESENTATION_STYLE_ASSIGNMENT((#1808));
#1810=STYLED_ITEM('',(#1809),#1807);
#1811=DIRECTION('',(0.E0,0.E0,1.E0));
#1812=VECTOR('',#1811,1.25E-1);
#1813=CARTESIAN_POINT('',(2.45E0,7.5E-2,2.325E0));
#1814=LINE('',#1813,#1812);
#1815=CURVE_STYLE('',#32,POSITIVE_LENGTH_MEASURE(2.E-2),#6);
#1816=PRESENTATION_STYLE_ASSIGNMENT((#1815));
#1817=STYLED_ITEM('',(#1816),#1814);
#1818=DIRECTION('',(-1.E0,0.E0,0.E0));
#1819=VECTOR('',#1818,1.25E-1);
#1820=CARTESIAN_POINT('',(2.45E0,7.5E-2,2.45E0));
#1821=LINE('',#1820,#1819);
#1822=CURVE_STYLE('',#32,POSITIVE_LENGTH_MEASURE(2.E-2),#6);
#1823=PRESENTATION_STYLE_ASSIGNMENT((#1822));
#1824=STYLED_ITEM('',(#1823),#1821);
#1825=DIRECTION('',(0.E0,0.E0,1.E0));
#1826=VECTOR('',#1825,2.5E-1);
#1827=CARTESIAN_POINT('',(2.45E0,7.5E-2,1.875E0));
#1828=LINE('',#1827,#1826);
#1829=CURVE_STYLE('',#32,POSITIVE_LENGTH_MEASURE(2.E-2),#6);
#1830=PRESENTATION_STYLE_ASSIGNMENT((#1829));
#1831=STYLED_ITEM('',(#1830),#1828);
#1832=DIRECTION('',(0.E0,0.E0,1.E0));
#1833=VECTOR('',#1832,2.5E-1);
#1834=CARTESIAN_POINT('',(2.45E0,7.5E-2,1.375E0));
#1835=LINE('',#1834,#1833);
#1836=CURVE_STYLE('',#32,POSITIVE_LENGTH_MEASURE(2.E-2),#6);
#1837=PRESENTATION_STYLE_ASSIGNMENT((#1836));
#1838=STYLED_ITEM('',(#1837),#1835);
#1839=DIRECTION('',(0.E0,0.E0,1.E0));
#1840=VECTOR('',#1839,2.5E-1);
#1841=CARTESIAN_POINT('',(2.45E0,7.5E-2,8.75E-1));
#1842=LINE('',#1841,#1840);
#1843=CURVE_STYLE('',#32,POSITIVE_LENGTH_MEASURE(2.E-2),#6);
#1844=PRESENTATION_STYLE_ASSIGNMENT((#1843));
#1845=STYLED_ITEM('',(#1844),#1842);
#1846=DIRECTION('',(0.E0,0.E0,1.E0));
#1847=VECTOR('',#1846,2.5E-1);
#1848=CARTESIAN_POINT('',(2.45E0,7.5E-2,3.75E-1));
#1849=LINE('',#1848,#1847);
#1850=CURVE_STYLE('',#32,POSITIVE_LENGTH_MEASURE(2.E-2),#6);
#1851=PRESENTATION_STYLE_ASSIGNMENT((#1850));
#1852=STYLED_ITEM('',(#1851),#1849);
#1853=DIRECTION('',(0.E0,0.E0,1.E0));
#1854=VECTOR('',#1853,2.5E-1);
#1855=CARTESIAN_POINT('',(2.45E0,7.5E-2,-1.25E-1));
#1856=LINE('',#1855,#1854);
#1857=CURVE_STYLE('',#32,POSITIVE_LENGTH_MEASURE(2.E-2),#6);
#1858=PRESENTATION_STYLE_ASSIGNMENT((#1857));
#1859=STYLED_ITEM('',(#1858),#1856);
#1860=DIRECTION('',(0.E0,0.E0,1.E0));
#1861=VECTOR('',#1860,2.5E-1);
#1862=CARTESIAN_POINT('',(2.45E0,7.5E-2,-6.25E-1));
#1863=LINE('',#1862,#1861);
#1864=CURVE_STYLE('',#32,POSITIVE_LENGTH_MEASURE(2.E-2),#6);
#1865=PRESENTATION_STYLE_ASSIGNMENT((#1864));
#1866=STYLED_ITEM('',(#1865),#1863);
#1867=DIRECTION('',(0.E0,0.E0,1.E0));
#1868=VECTOR('',#1867,2.5E-1);
#1869=CARTESIAN_POINT('',(2.45E0,7.5E-2,-1.125E0));
#1870=LINE('',#1869,#1868);
#1871=CURVE_STYLE('',#32,POSITIVE_LENGTH_MEASURE(2.E-2),#6);
#1872=PRESENTATION_STYLE_ASSIGNMENT((#1871));
#1873=STYLED_ITEM('',(#1872),#1870);
#1874=DIRECTION('',(0.E0,0.E0,1.E0));
#1875=VECTOR('',#1874,2.5E-1);
#1876=CARTESIAN_POINT('',(2.45E0,7.5E-2,-1.625E0));
#1877=LINE('',#1876,#1875);
#1878=CURVE_STYLE('',#32,POSITIVE_LENGTH_MEASURE(2.E-2),#6);
#1879=PRESENTATION_STYLE_ASSIGNMENT((#1878));
#1880=STYLED_ITEM('',(#1879),#1877);
#1881=DIRECTION('',(0.E0,0.E0,1.E0));
#1882=VECTOR('',#1881,2.5E-1);
#1883=CARTESIAN_POINT('',(2.45E0,7.5E-2,-2.125E0));
#1884=LINE('',#1883,#1882);
#1885=CURVE_STYLE('',#32,POSITIVE_LENGTH_MEASURE(2.E-2),#6);
#1886=PRESENTATION_STYLE_ASSIGNMENT((#1885));
#1887=STYLED_ITEM('',(#1886),#1884);
#1888=DIRECTION('',(1.E0,0.E0,0.E0));
#1889=VECTOR('',#1888,1.25E-1);
#1890=CARTESIAN_POINT('',(2.325E0,7.5E-2,-2.45E0));
#1891=LINE('',#1890,#1889);
#1892=CURVE_STYLE('',#32,POSITIVE_LENGTH_MEASURE(2.E-2),#6);
#1893=PRESENTATION_STYLE_ASSIGNMENT((#1892));
#1894=STYLED_ITEM('',(#1893),#1891);
#1895=DIRECTION('',(0.E0,0.E0,1.E0));
#1896=VECTOR('',#1895,1.25E-1);
#1897=CARTESIAN_POINT('',(2.45E0,7.5E-2,-2.45E0));
#1898=LINE('',#1897,#1896);
#1899=CURVE_STYLE('',#32,POSITIVE_LENGTH_MEASURE(2.E-2),#6);
#1900=PRESENTATION_STYLE_ASSIGNMENT((#1899));
#1901=STYLED_ITEM('',(#1900),#1898);
#1902=DIRECTION('',(1.E0,0.E0,0.E0));
#1903=VECTOR('',#1902,2.5E-1);
#1904=CARTESIAN_POINT('',(1.875E0,7.5E-2,-2.45E0));
#1905=LINE('',#1904,#1903);
#1906=CURVE_STYLE('',#32,POSITIVE_LENGTH_MEASURE(2.E-2),#6);
#1907=PRESENTATION_STYLE_ASSIGNMENT((#1906));
#1908=STYLED_ITEM('',(#1907),#1905);
#1909=DIRECTION('',(1.E0,0.E0,0.E0));
#1910=VECTOR('',#1909,2.5E-1);
#1911=CARTESIAN_POINT('',(1.375E0,7.5E-2,-2.45E0));
#1912=LINE('',#1911,#1910);
#1913=CURVE_STYLE('',#32,POSITIVE_LENGTH_MEASURE(2.E-2),#6);
#1914=PRESENTATION_STYLE_ASSIGNMENT((#1913));
#1915=STYLED_ITEM('',(#1914),#1912);
#1916=DIRECTION('',(1.E0,0.E0,0.E0));
#1917=VECTOR('',#1916,2.5E-1);
#1918=CARTESIAN_POINT('',(8.75E-1,7.5E-2,-2.45E0));
#1919=LINE('',#1918,#1917);
#1920=CURVE_STYLE('',#32,POSITIVE_LENGTH_MEASURE(2.E-2),#6);
#1921=PRESENTATION_STYLE_ASSIGNMENT((#1920));
#1922=STYLED_ITEM('',(#1921),#1919);
#1923=DIRECTION('',(1.E0,0.E0,0.E0));
#1924=VECTOR('',#1923,2.5E-1);
#1925=CARTESIAN_POINT('',(3.75E-1,7.5E-2,-2.45E0));
#1926=LINE('',#1925,#1924);
#1927=CURVE_STYLE('',#32,POSITIVE_LENGTH_MEASURE(2.E-2),#6);
#1928=PRESENTATION_STYLE_ASSIGNMENT((#1927));
#1929=STYLED_ITEM('',(#1928),#1926);
#1930=DIRECTION('',(1.E0,0.E0,0.E0));
#1931=VECTOR('',#1930,2.5E-1);
#1932=CARTESIAN_POINT('',(-1.25E-1,7.5E-2,-2.45E0));
#1933=LINE('',#1932,#1931);
#1934=CURVE_STYLE('',#32,POSITIVE_LENGTH_MEASURE(2.E-2),#6);
#1935=PRESENTATION_STYLE_ASSIGNMENT((#1934));
#1936=STYLED_ITEM('',(#1935),#1933);
#1937=DIRECTION('',(1.E0,0.E0,0.E0));
#1938=VECTOR('',#1937,2.5E-1);
#1939=CARTESIAN_POINT('',(-6.25E-1,7.5E-2,-2.45E0));
#1940=LINE('',#1939,#1938);
#1941=CURVE_STYLE('',#32,POSITIVE_LENGTH_MEASURE(2.E-2),#6);
#1942=PRESENTATION_STYLE_ASSIGNMENT((#1941));
#1943=STYLED_ITEM('',(#1942),#1940);
#1944=DIRECTION('',(1.E0,0.E0,0.E0));
#1945=VECTOR('',#1944,2.5E-1);
#1946=CARTESIAN_POINT('',(-1.125E0,7.5E-2,-2.45E0));
#1947=LINE('',#1946,#1945);
#1948=CURVE_STYLE('',#32,POSITIVE_LENGTH_MEASURE(2.E-2),#6);
#1949=PRESENTATION_STYLE_ASSIGNMENT((#1948));
#1950=STYLED_ITEM('',(#1949),#1947);
#1951=DIRECTION('',(1.E0,0.E0,0.E0));
#1952=VECTOR('',#1951,2.5E-1);
#1953=CARTESIAN_POINT('',(-1.625E0,7.5E-2,-2.45E0));
#1954=LINE('',#1953,#1952);
#1955=CURVE_STYLE('',#32,POSITIVE_LENGTH_MEASURE(2.E-2),#6);
#1956=PRESENTATION_STYLE_ASSIGNMENT((#1955));
#1957=STYLED_ITEM('',(#1956),#1954);
#1958=DIRECTION('',(1.E0,0.E0,0.E0));
#1959=VECTOR('',#1958,2.5E-1);
#1960=CARTESIAN_POINT('',(-2.125E0,7.5E-2,-2.45E0));
#1961=LINE('',#1960,#1959);
#1962=CURVE_STYLE('',#32,POSITIVE_LENGTH_MEASURE(2.E-2),#6);
#1963=PRESENTATION_STYLE_ASSIGNMENT((#1962));
#1964=STYLED_ITEM('',(#1963),#1961);
#1965=DIRECTION('',(0.E0,0.E0,1.E0));
#1966=VECTOR('',#1965,1.75E-1);
#1967=CARTESIAN_POINT('',(-2.5E0,7.5E-2,-2.5E0));
#1968=LINE('',#1967,#1966);
#1969=CURVE_STYLE('',#32,POSITIVE_LENGTH_MEASURE(2.E-2),#6);
#1970=PRESENTATION_STYLE_ASSIGNMENT((#1969));
#1971=STYLED_ITEM('',(#1970),#1968);
#1972=DIRECTION('',(0.E0,1.E0,0.E0));
#1973=VECTOR('',#1972,9.E-1);
#1974=CARTESIAN_POINT('',(-2.5E0,7.5E-2,-2.5E0));
#1975=LINE('',#1974,#1973);
#1976=CURVE_STYLE('',#32,POSITIVE_LENGTH_MEASURE(2.E-2),#6);
#1977=PRESENTATION_STYLE_ASSIGNMENT((#1976));
#1978=STYLED_ITEM('',(#1977),#1975);
#1979=DIRECTION('',(0.E0,0.E0,1.E0));
#1980=VECTOR('',#1979,1.75E-1);
#1981=CARTESIAN_POINT('',(-2.5E0,7.5E-2,2.325E0));
#1982=LINE('',#1981,#1980);
#1983=CURVE_STYLE('',#32,POSITIVE_LENGTH_MEASURE(2.E-2),#6);
#1984=PRESENTATION_STYLE_ASSIGNMENT((#1983));
#1985=STYLED_ITEM('',(#1984),#1982);
#1986=DIRECTION('',(0.E0,1.E0,0.E0));
#1987=VECTOR('',#1986,1.E-1);
#1988=CARTESIAN_POINT('',(-2.5E0,7.5E-2,2.325E0));
#1989=LINE('',#1988,#1987);
#1990=CURVE_STYLE('',#32,POSITIVE_LENGTH_MEASURE(2.E-2),#6);
#1991=PRESENTATION_STYLE_ASSIGNMENT((#1990));
#1992=STYLED_ITEM('',(#1991),#1989);
#1993=DIRECTION('',(0.E0,0.E0,-1.E0));
#1994=VECTOR('',#1993,2.E-1);
#1995=CARTESIAN_POINT('',(-2.5E0,1.75E-1,2.325E0));
#1996=LINE('',#1995,#1994);
#1997=CURVE_STYLE('',#32,POSITIVE_LENGTH_MEASURE(2.E-2),#6);
#1998=PRESENTATION_STYLE_ASSIGNMENT((#1997));
#1999=STYLED_ITEM('',(#1998),#1996);
#2000=DIRECTION('',(0.E0,1.E0,0.E0));
#2001=VECTOR('',#2000,1.E-1);
#2002=CARTESIAN_POINT('',(-2.5E0,7.5E-2,2.125E0));
#2003=LINE('',#2002,#2001);
#2004=CURVE_STYLE('',#32,POSITIVE_LENGTH_MEASURE(2.E-2),#6);
#2005=PRESENTATION_STYLE_ASSIGNMENT((#2004));
#2006=STYLED_ITEM('',(#2005),#2003);
#2007=DIRECTION('',(0.E0,0.E0,1.E0));
#2008=VECTOR('',#2007,2.5E-1);
#2009=CARTESIAN_POINT('',(-2.5E0,7.5E-2,1.875E0));
#2010=LINE('',#2009,#2008);
#2011=CURVE_STYLE('',#32,POSITIVE_LENGTH_MEASURE(2.E-2),#6);
#2012=PRESENTATION_STYLE_ASSIGNMENT((#2011));
#2013=STYLED_ITEM('',(#2012),#2010);
#2014=DIRECTION('',(0.E0,1.E0,0.E0));
#2015=VECTOR('',#2014,1.E-1);
#2016=CARTESIAN_POINT('',(-2.5E0,7.5E-2,1.875E0));
#2017=LINE('',#2016,#2015);
#2018=CURVE_STYLE('',#32,POSITIVE_LENGTH_MEASURE(2.E-2),#6);
#2019=PRESENTATION_STYLE_ASSIGNMENT((#2018));
#2020=STYLED_ITEM('',(#2019),#2017);
#2021=DIRECTION('',(0.E0,0.E0,-1.E0));
#2022=VECTOR('',#2021,2.5E-1);
#2023=CARTESIAN_POINT('',(-2.5E0,1.75E-1,1.875E0));
#2024=LINE('',#2023,#2022);
#2025=CURVE_STYLE('',#32,POSITIVE_LENGTH_MEASURE(2.E-2),#6);
#2026=PRESENTATION_STYLE_ASSIGNMENT((#2025));
#2027=STYLED_ITEM('',(#2026),#2024);
#2028=DIRECTION('',(0.E0,1.E0,0.E0));
#2029=VECTOR('',#2028,1.E-1);
#2030=CARTESIAN_POINT('',(-2.5E0,7.5E-2,1.625E0));
#2031=LINE('',#2030,#2029);
#2032=CURVE_STYLE('',#32,POSITIVE_LENGTH_MEASURE(2.E-2),#6);
#2033=PRESENTATION_STYLE_ASSIGNMENT((#2032));
#2034=STYLED_ITEM('',(#2033),#2031);
#2035=DIRECTION('',(0.E0,0.E0,1.E0));
#2036=VECTOR('',#2035,2.5E-1);
#2037=CARTESIAN_POINT('',(-2.5E0,7.5E-2,1.375E0));
#2038=LINE('',#2037,#2036);
#2039=CURVE_STYLE('',#32,POSITIVE_LENGTH_MEASURE(2.E-2),#6);
#2040=PRESENTATION_STYLE_ASSIGNMENT((#2039));
#2041=STYLED_ITEM('',(#2040),#2038);
#2042=DIRECTION('',(0.E0,1.E0,0.E0));
#2043=VECTOR('',#2042,1.E-1);
#2044=CARTESIAN_POINT('',(-2.5E0,7.5E-2,1.375E0));
#2045=LINE('',#2044,#2043);
#2046=CURVE_STYLE('',#32,POSITIVE_LENGTH_MEASURE(2.E-2),#6);
#2047=PRESENTATION_STYLE_ASSIGNMENT((#2046));
#2048=STYLED_ITEM('',(#2047),#2045);
#2049=DIRECTION('',(0.E0,0.E0,-1.E0));
#2050=VECTOR('',#2049,2.5E-1);
#2051=CARTESIAN_POINT('',(-2.5E0,1.75E-1,1.375E0));
#2052=LINE('',#2051,#2050);
#2053=CURVE_STYLE('',#32,POSITIVE_LENGTH_MEASURE(2.E-2),#6);
#2054=PRESENTATION_STYLE_ASSIGNMENT((#2053));
#2055=STYLED_ITEM('',(#2054),#2052);
#2056=DIRECTION('',(0.E0,1.E0,0.E0));
#2057=VECTOR('',#2056,1.E-1);
#2058=CARTESIAN_POINT('',(-2.5E0,7.5E-2,1.125E0));
#2059=LINE('',#2058,#2057);
#2060=CURVE_STYLE('',#32,POSITIVE_LENGTH_MEASURE(2.E-2),#6);
#2061=PRESENTATION_STYLE_ASSIGNMENT((#2060));
#2062=STYLED_ITEM('',(#2061),#2059);
#2063=DIRECTION('',(0.E0,0.E0,1.E0));
#2064=VECTOR('',#2063,2.5E-1);
#2065=CARTESIAN_POINT('',(-2.5E0,7.5E-2,8.75E-1));
#2066=LINE('',#2065,#2064);
#2067=CURVE_STYLE('',#32,POSITIVE_LENGTH_MEASURE(2.E-2),#6);
#2068=PRESENTATION_STYLE_ASSIGNMENT((#2067));
#2069=STYLED_ITEM('',(#2068),#2066);
#2070=DIRECTION('',(0.E0,1.E0,0.E0));
#2071=VECTOR('',#2070,1.E-1);
#2072=CARTESIAN_POINT('',(-2.5E0,7.5E-2,8.75E-1));
#2073=LINE('',#2072,#2071);
#2074=CURVE_STYLE('',#32,POSITIVE_LENGTH_MEASURE(2.E-2),#6);
#2075=PRESENTATION_STYLE_ASSIGNMENT((#2074));
#2076=STYLED_ITEM('',(#2075),#2073);
#2077=DIRECTION('',(0.E0,0.E0,-1.E0));
#2078=VECTOR('',#2077,2.5E-1);
#2079=CARTESIAN_POINT('',(-2.5E0,1.75E-1,8.75E-1));
#2080=LINE('',#2079,#2078);
#2081=CURVE_STYLE('',#32,POSITIVE_LENGTH_MEASURE(2.E-2),#6);
#2082=PRESENTATION_STYLE_ASSIGNMENT((#2081));
#2083=STYLED_ITEM('',(#2082),#2080);
#2084=DIRECTION('',(0.E0,1.E0,0.E0));
#2085=VECTOR('',#2084,1.E-1);
#2086=CARTESIAN_POINT('',(-2.5E0,7.5E-2,6.25E-1));
#2087=LINE('',#2086,#2085);
#2088=CURVE_STYLE('',#32,POSITIVE_LENGTH_MEASURE(2.E-2),#6);
#2089=PRESENTATION_STYLE_ASSIGNMENT((#2088));
#2090=STYLED_ITEM('',(#2089),#2087);
#2091=DIRECTION('',(0.E0,0.E0,1.E0));
#2092=VECTOR('',#2091,2.5E-1);
#2093=CARTESIAN_POINT('',(-2.5E0,7.5E-2,3.75E-1));
#2094=LINE('',#2093,#2092);
#2095=CURVE_STYLE('',#32,POSITIVE_LENGTH_MEASURE(2.E-2),#6);
#2096=PRESENTATION_STYLE_ASSIGNMENT((#2095));
#2097=STYLED_ITEM('',(#2096),#2094);
#2098=DIRECTION('',(0.E0,1.E0,0.E0));
#2099=VECTOR('',#2098,1.E-1);
#2100=CARTESIAN_POINT('',(-2.5E0,7.5E-2,3.75E-1));
#2101=LINE('',#2100,#2099);
#2102=CURVE_STYLE('',#32,POSITIVE_LENGTH_MEASURE(2.E-2),#6);
#2103=PRESENTATION_STYLE_ASSIGNMENT((#2102));
#2104=STYLED_ITEM('',(#2103),#2101);
#2105=DIRECTION('',(0.E0,0.E0,-1.E0));
#2106=VECTOR('',#2105,2.5E-1);
#2107=CARTESIAN_POINT('',(-2.5E0,1.75E-1,3.75E-1));
#2108=LINE('',#2107,#2106);
#2109=CURVE_STYLE('',#32,POSITIVE_LENGTH_MEASURE(2.E-2),#6);
#2110=PRESENTATION_STYLE_ASSIGNMENT((#2109));
#2111=STYLED_ITEM('',(#2110),#2108);
#2112=DIRECTION('',(0.E0,1.E0,0.E0));
#2113=VECTOR('',#2112,1.E-1);
#2114=CARTESIAN_POINT('',(-2.5E0,7.5E-2,1.25E-1));
#2115=LINE('',#2114,#2113);
#2116=CURVE_STYLE('',#32,POSITIVE_LENGTH_MEASURE(2.E-2),#6);
#2117=PRESENTATION_STYLE_ASSIGNMENT((#2116));
#2118=STYLED_ITEM('',(#2117),#2115);
#2119=DIRECTION('',(0.E0,0.E0,1.E0));
#2120=VECTOR('',#2119,2.5E-1);
#2121=CARTESIAN_POINT('',(-2.5E0,7.5E-2,-1.25E-1));
#2122=LINE('',#2121,#2120);
#2123=CURVE_STYLE('',#32,POSITIVE_LENGTH_MEASURE(2.E-2),#6);
#2124=PRESENTATION_STYLE_ASSIGNMENT((#2123));
#2125=STYLED_ITEM('',(#2124),#2122);
#2126=DIRECTION('',(0.E0,1.E0,0.E0));
#2127=VECTOR('',#2126,1.E-1);
#2128=CARTESIAN_POINT('',(-2.5E0,7.5E-2,-1.25E-1));
#2129=LINE('',#2128,#2127);
#2130=CURVE_STYLE('',#32,POSITIVE_LENGTH_MEASURE(2.E-2),#6);
#2131=PRESENTATION_STYLE_ASSIGNMENT((#2130));
#2132=STYLED_ITEM('',(#2131),#2129);
#2133=DIRECTION('',(0.E0,0.E0,-1.E0));
#2134=VECTOR('',#2133,2.5E-1);
#2135=CARTESIAN_POINT('',(-2.5E0,1.75E-1,-1.25E-1));
#2136=LINE('',#2135,#2134);
#2137=CURVE_STYLE('',#32,POSITIVE_LENGTH_MEASURE(2.E-2),#6);
#2138=PRESENTATION_STYLE_ASSIGNMENT((#2137));
#2139=STYLED_ITEM('',(#2138),#2136);
#2140=DIRECTION('',(0.E0,1.E0,0.E0));
#2141=VECTOR('',#2140,1.E-1);
#2142=CARTESIAN_POINT('',(-2.5E0,7.5E-2,-3.75E-1));
#2143=LINE('',#2142,#2141);
#2144=CURVE_STYLE('',#32,POSITIVE_LENGTH_MEASURE(2.E-2),#6);
#2145=PRESENTATION_STYLE_ASSIGNMENT((#2144));
#2146=STYLED_ITEM('',(#2145),#2143);
#2147=DIRECTION('',(0.E0,0.E0,1.E0));
#2148=VECTOR('',#2147,2.5E-1);
#2149=CARTESIAN_POINT('',(-2.5E0,7.5E-2,-6.25E-1));
#2150=LINE('',#2149,#2148);
#2151=CURVE_STYLE('',#32,POSITIVE_LENGTH_MEASURE(2.E-2),#6);
#2152=PRESENTATION_STYLE_ASSIGNMENT((#2151));
#2153=STYLED_ITEM('',(#2152),#2150);
#2154=DIRECTION('',(0.E0,1.E0,0.E0));
#2155=VECTOR('',#2154,1.E-1);
#2156=CARTESIAN_POINT('',(-2.5E0,7.5E-2,-6.25E-1));
#2157=LINE('',#2156,#2155);
#2158=CURVE_STYLE('',#32,POSITIVE_LENGTH_MEASURE(2.E-2),#6);
#2159=PRESENTATION_STYLE_ASSIGNMENT((#2158));
#2160=STYLED_ITEM('',(#2159),#2157);
#2161=DIRECTION('',(0.E0,0.E0,-1.E0));
#2162=VECTOR('',#2161,2.5E-1);
#2163=CARTESIAN_POINT('',(-2.5E0,1.75E-1,-6.25E-1));
#2164=LINE('',#2163,#2162);
#2165=CURVE_STYLE('',#32,POSITIVE_LENGTH_MEASURE(2.E-2),#6);
#2166=PRESENTATION_STYLE_ASSIGNMENT((#2165));
#2167=STYLED_ITEM('',(#2166),#2164);
#2168=DIRECTION('',(0.E0,1.E0,0.E0));
#2169=VECTOR('',#2168,1.E-1);
#2170=CARTESIAN_POINT('',(-2.5E0,7.5E-2,-8.75E-1));
#2171=LINE('',#2170,#2169);
#2172=CURVE_STYLE('',#32,POSITIVE_LENGTH_MEASURE(2.E-2),#6);
#2173=PRESENTATION_STYLE_ASSIGNMENT((#2172));
#2174=STYLED_ITEM('',(#2173),#2171);
#2175=DIRECTION('',(0.E0,0.E0,1.E0));
#2176=VECTOR('',#2175,2.5E-1);
#2177=CARTESIAN_POINT('',(-2.5E0,7.5E-2,-1.125E0));
#2178=LINE('',#2177,#2176);
#2179=CURVE_STYLE('',#32,POSITIVE_LENGTH_MEASURE(2.E-2),#6);
#2180=PRESENTATION_STYLE_ASSIGNMENT((#2179));
#2181=STYLED_ITEM('',(#2180),#2178);
#2182=DIRECTION('',(0.E0,1.E0,0.E0));
#2183=VECTOR('',#2182,1.E-1);
#2184=CARTESIAN_POINT('',(-2.5E0,7.5E-2,-1.125E0));
#2185=LINE('',#2184,#2183);
#2186=CURVE_STYLE('',#32,POSITIVE_LENGTH_MEASURE(2.E-2),#6);
#2187=PRESENTATION_STYLE_ASSIGNMENT((#2186));
#2188=STYLED_ITEM('',(#2187),#2185);
#2189=DIRECTION('',(0.E0,0.E0,-1.E0));
#2190=VECTOR('',#2189,2.5E-1);
#2191=CARTESIAN_POINT('',(-2.5E0,1.75E-1,-1.125E0));
#2192=LINE('',#2191,#2190);
#2193=CURVE_STYLE('',#32,POSITIVE_LENGTH_MEASURE(2.E-2),#6);
#2194=PRESENTATION_STYLE_ASSIGNMENT((#2193));
#2195=STYLED_ITEM('',(#2194),#2192);
#2196=DIRECTION('',(0.E0,1.E0,0.E0));
#2197=VECTOR('',#2196,1.E-1);
#2198=CARTESIAN_POINT('',(-2.5E0,7.5E-2,-1.375E0));
#2199=LINE('',#2198,#2197);
#2200=CURVE_STYLE('',#32,POSITIVE_LENGTH_MEASURE(2.E-2),#6);
#2201=PRESENTATION_STYLE_ASSIGNMENT((#2200));
#2202=STYLED_ITEM('',(#2201),#2199);
#2203=DIRECTION('',(0.E0,0.E0,1.E0));
#2204=VECTOR('',#2203,2.5E-1);
#2205=CARTESIAN_POINT('',(-2.5E0,7.5E-2,-1.625E0));
#2206=LINE('',#2205,#2204);
#2207=CURVE_STYLE('',#32,POSITIVE_LENGTH_MEASURE(2.E-2),#6);
#2208=PRESENTATION_STYLE_ASSIGNMENT((#2207));
#2209=STYLED_ITEM('',(#2208),#2206);
#2210=DIRECTION('',(0.E0,1.E0,0.E0));
#2211=VECTOR('',#2210,1.E-1);
#2212=CARTESIAN_POINT('',(-2.5E0,7.5E-2,-1.625E0));
#2213=LINE('',#2212,#2211);
#2214=CURVE_STYLE('',#32,POSITIVE_LENGTH_MEASURE(2.E-2),#6);
#2215=PRESENTATION_STYLE_ASSIGNMENT((#2214));
#2216=STYLED_ITEM('',(#2215),#2213);
#2217=DIRECTION('',(0.E0,0.E0,-1.E0));
#2218=VECTOR('',#2217,2.5E-1);
#2219=CARTESIAN_POINT('',(-2.5E0,1.75E-1,-1.625E0));
#2220=LINE('',#2219,#2218);
#2221=CURVE_STYLE('',#32,POSITIVE_LENGTH_MEASURE(2.E-2),#6);
#2222=PRESENTATION_STYLE_ASSIGNMENT((#2221));
#2223=STYLED_ITEM('',(#2222),#2220);
#2224=DIRECTION('',(0.E0,1.E0,0.E0));
#2225=VECTOR('',#2224,1.E-1);
#2226=CARTESIAN_POINT('',(-2.5E0,7.5E-2,-1.875E0));
#2227=LINE('',#2226,#2225);
#2228=CURVE_STYLE('',#32,POSITIVE_LENGTH_MEASURE(2.E-2),#6);
#2229=PRESENTATION_STYLE_ASSIGNMENT((#2228));
#2230=STYLED_ITEM('',(#2229),#2227);
#2231=DIRECTION('',(0.E0,0.E0,1.E0));
#2232=VECTOR('',#2231,2.5E-1);
#2233=CARTESIAN_POINT('',(-2.5E0,7.5E-2,-2.125E0));
#2234=LINE('',#2233,#2232);
#2235=CURVE_STYLE('',#32,POSITIVE_LENGTH_MEASURE(2.E-2),#6);
#2236=PRESENTATION_STYLE_ASSIGNMENT((#2235));
#2237=STYLED_ITEM('',(#2236),#2234);
#2238=DIRECTION('',(0.E0,1.E0,0.E0));
#2239=VECTOR('',#2238,1.E-1);
#2240=CARTESIAN_POINT('',(-2.5E0,7.5E-2,-2.125E0));
#2241=LINE('',#2240,#2239);
#2242=CURVE_STYLE('',#32,POSITIVE_LENGTH_MEASURE(2.E-2),#6);
#2243=PRESENTATION_STYLE_ASSIGNMENT((#2242));
#2244=STYLED_ITEM('',(#2243),#2241);
#2245=DIRECTION('',(0.E0,0.E0,1.E0));
#2246=VECTOR('',#2245,2.E-1);
#2247=CARTESIAN_POINT('',(-2.5E0,1.75E-1,-2.325E0));
#2248=LINE('',#2247,#2246);
#2249=CURVE_STYLE('',#32,POSITIVE_LENGTH_MEASURE(2.E-2),#6);
#2250=PRESENTATION_STYLE_ASSIGNMENT((#2249));
#2251=STYLED_ITEM('',(#2250),#2248);
#2252=DIRECTION('',(0.E0,1.E0,0.E0));
#2253=VECTOR('',#2252,1.E-1);
#2254=CARTESIAN_POINT('',(-2.5E0,7.5E-2,-2.325E0));
#2255=LINE('',#2254,#2253);
#2256=CURVE_STYLE('',#32,POSITIVE_LENGTH_MEASURE(2.E-2),#6);
#2257=PRESENTATION_STYLE_ASSIGNMENT((#2256));
#2258=STYLED_ITEM('',(#2257),#2255);
#2259=DIRECTION('',(0.E0,0.E0,1.E0));
#2260=VECTOR('',#2259,5.E0);
#2261=CARTESIAN_POINT('',(-2.5E0,9.75E-1,-2.5E0));
#2262=LINE('',#2261,#2260);
#2263=CURVE_STYLE('',#32,POSITIVE_LENGTH_MEASURE(2.E-2),#6);
#2264=PRESENTATION_STYLE_ASSIGNMENT((#2263));
#2265=STYLED_ITEM('',(#2264),#2262);
#2266=DIRECTION('',(-1.E0,0.E0,0.E0));
#2267=VECTOR('',#2266,5.E0);
#2268=CARTESIAN_POINT('',(2.5E0,9.75E-1,-2.5E0));
#2269=LINE('',#2268,#2267);
#2270=CURVE_STYLE('',#32,POSITIVE_LENGTH_MEASURE(2.E-2),#6);
#2271=PRESENTATION_STYLE_ASSIGNMENT((#2270));
#2272=STYLED_ITEM('',(#2271),#2269);
#2273=DIRECTION('',(0.E0,0.E0,-1.E0));
#2274=VECTOR('',#2273,5.E0);
#2275=CARTESIAN_POINT('',(2.5E0,9.75E-1,2.5E0));
#2276=LINE('',#2275,#2274);
#2277=CURVE_STYLE('',#32,POSITIVE_LENGTH_MEASURE(2.E-2),#6);
#2278=PRESENTATION_STYLE_ASSIGNMENT((#2277));
#2279=STYLED_ITEM('',(#2278),#2276);
#2280=DIRECTION('',(1.E0,0.E0,0.E0));
#2281=VECTOR('',#2280,5.E0);
#2282=CARTESIAN_POINT('',(-2.5E0,9.75E-1,2.5E0));
#2283=LINE('',#2282,#2281);
#2284=CURVE_STYLE('',#32,POSITIVE_LENGTH_MEASURE(2.E-2),#6);
#2285=PRESENTATION_STYLE_ASSIGNMENT((#2284));
#2286=STYLED_ITEM('',(#2285),#2283);
#2287=DIRECTION('',(0.E0,0.E0,-1.E0));
#2288=VECTOR('',#2287,1.75E-1);
#2289=CARTESIAN_POINT('',(2.5E0,7.5E-2,2.5E0));
#2290=LINE('',#2289,#2288);
#2291=CURVE_STYLE('',#32,POSITIVE_LENGTH_MEASURE(2.E-2),#6);
#2292=PRESENTATION_STYLE_ASSIGNMENT((#2291));
#2293=STYLED_ITEM('',(#2292),#2290);
#2294=DIRECTION('',(0.E0,1.E0,0.E0));
#2295=VECTOR('',#2294,9.E-1);
#2296=CARTESIAN_POINT('',(2.5E0,7.5E-2,2.5E0));
#2297=LINE('',#2296,#2295);
#2298=CURVE_STYLE('',#32,POSITIVE_LENGTH_MEASURE(2.E-2),#6);
#2299=PRESENTATION_STYLE_ASSIGNMENT((#2298));
#2300=STYLED_ITEM('',(#2299),#2297);
#2301=DIRECTION('',(0.E0,0.E0,-1.E0));
#2302=VECTOR('',#2301,1.75E-1);
#2303=CARTESIAN_POINT('',(2.5E0,7.5E-2,-2.325E0));
#2304=LINE('',#2303,#2302);
#2305=CURVE_STYLE('',#32,POSITIVE_LENGTH_MEASURE(2.E-2),#6);
#2306=PRESENTATION_STYLE_ASSIGNMENT((#2305));
#2307=STYLED_ITEM('',(#2306),#2304);
#2308=DIRECTION('',(0.E0,1.E0,0.E0));
#2309=VECTOR('',#2308,1.E-1);
#2310=CARTESIAN_POINT('',(2.5E0,7.5E-2,-2.325E0));
#2311=LINE('',#2310,#2309);
#2312=CURVE_STYLE('',#32,POSITIVE_LENGTH_MEASURE(2.E-2),#6);
#2313=PRESENTATION_STYLE_ASSIGNMENT((#2312));
#2314=STYLED_ITEM('',(#2313),#2311);
#2315=DIRECTION('',(0.E0,0.E0,1.E0));
#2316=VECTOR('',#2315,2.E-1);
#2317=CARTESIAN_POINT('',(2.5E0,1.75E-1,-2.325E0));
#2318=LINE('',#2317,#2316);
#2319=CURVE_STYLE('',#32,POSITIVE_LENGTH_MEASURE(2.E-2),#6);
#2320=PRESENTATION_STYLE_ASSIGNMENT((#2319));
#2321=STYLED_ITEM('',(#2320),#2318);
#2322=DIRECTION('',(0.E0,1.E0,0.E0));
#2323=VECTOR('',#2322,1.E-1);
#2324=CARTESIAN_POINT('',(2.5E0,7.5E-2,-2.125E0));
#2325=LINE('',#2324,#2323);
#2326=CURVE_STYLE('',#32,POSITIVE_LENGTH_MEASURE(2.E-2),#6);
#2327=PRESENTATION_STYLE_ASSIGNMENT((#2326));
#2328=STYLED_ITEM('',(#2327),#2325);
#2329=DIRECTION('',(0.E0,0.E0,-1.E0));
#2330=VECTOR('',#2329,2.5E-1);
#2331=CARTESIAN_POINT('',(2.5E0,7.5E-2,-1.875E0));
#2332=LINE('',#2331,#2330);
#2333=CURVE_STYLE('',#32,POSITIVE_LENGTH_MEASURE(2.E-2),#6);
#2334=PRESENTATION_STYLE_ASSIGNMENT((#2333));
#2335=STYLED_ITEM('',(#2334),#2332);
#2336=DIRECTION('',(0.E0,1.E0,0.E0));
#2337=VECTOR('',#2336,1.E-1);
#2338=CARTESIAN_POINT('',(2.5E0,7.5E-2,-1.875E0));
#2339=LINE('',#2338,#2337);
#2340=CURVE_STYLE('',#32,POSITIVE_LENGTH_MEASURE(2.E-2),#6);
#2341=PRESENTATION_STYLE_ASSIGNMENT((#2340));
#2342=STYLED_ITEM('',(#2341),#2339);
#2343=DIRECTION('',(0.E0,0.E0,-1.E0));
#2344=VECTOR('',#2343,2.5E-1);
#2345=CARTESIAN_POINT('',(2.5E0,1.75E-1,-1.625E0));
#2346=LINE('',#2345,#2344);
#2347=CURVE_STYLE('',#32,POSITIVE_LENGTH_MEASURE(2.E-2),#6);
#2348=PRESENTATION_STYLE_ASSIGNMENT((#2347));
#2349=STYLED_ITEM('',(#2348),#2346);
#2350=DIRECTION('',(0.E0,1.E0,0.E0));
#2351=VECTOR('',#2350,1.E-1);
#2352=CARTESIAN_POINT('',(2.5E0,7.5E-2,-1.625E0));
#2353=LINE('',#2352,#2351);
#2354=CURVE_STYLE('',#32,POSITIVE_LENGTH_MEASURE(2.E-2),#6);
#2355=PRESENTATION_STYLE_ASSIGNMENT((#2354));
#2356=STYLED_ITEM('',(#2355),#2353);
#2357=DIRECTION('',(0.E0,0.E0,-1.E0));
#2358=VECTOR('',#2357,2.5E-1);
#2359=CARTESIAN_POINT('',(2.5E0,7.5E-2,-1.375E0));
#2360=LINE('',#2359,#2358);
#2361=CURVE_STYLE('',#32,POSITIVE_LENGTH_MEASURE(2.E-2),#6);
#2362=PRESENTATION_STYLE_ASSIGNMENT((#2361));
#2363=STYLED_ITEM('',(#2362),#2360);
#2364=DIRECTION('',(0.E0,1.E0,0.E0));
#2365=VECTOR('',#2364,1.E-1);
#2366=CARTESIAN_POINT('',(2.5E0,7.5E-2,-1.375E0));
#2367=LINE('',#2366,#2365);
#2368=CURVE_STYLE('',#32,POSITIVE_LENGTH_MEASURE(2.E-2),#6);
#2369=PRESENTATION_STYLE_ASSIGNMENT((#2368));
#2370=STYLED_ITEM('',(#2369),#2367);
#2371=DIRECTION('',(0.E0,0.E0,-1.E0));
#2372=VECTOR('',#2371,2.5E-1);
#2373=CARTESIAN_POINT('',(2.5E0,1.75E-1,-1.125E0));
#2374=LINE('',#2373,#2372);
#2375=CURVE_STYLE('',#32,POSITIVE_LENGTH_MEASURE(2.E-2),#6);
#2376=PRESENTATION_STYLE_ASSIGNMENT((#2375));
#2377=STYLED_ITEM('',(#2376),#2374);
#2378=DIRECTION('',(0.E0,1.E0,0.E0));
#2379=VECTOR('',#2378,1.E-1);
#2380=CARTESIAN_POINT('',(2.5E0,7.5E-2,-1.125E0));
#2381=LINE('',#2380,#2379);
#2382=CURVE_STYLE('',#32,POSITIVE_LENGTH_MEASURE(2.E-2),#6);
#2383=PRESENTATION_STYLE_ASSIGNMENT((#2382));
#2384=STYLED_ITEM('',(#2383),#2381);
#2385=DIRECTION('',(0.E0,0.E0,-1.E0));
#2386=VECTOR('',#2385,2.5E-1);
#2387=CARTESIAN_POINT('',(2.5E0,7.5E-2,-8.75E-1));
#2388=LINE('',#2387,#2386);
#2389=CURVE_STYLE('',#32,POSITIVE_LENGTH_MEASURE(2.E-2),#6);
#2390=PRESENTATION_STYLE_ASSIGNMENT((#2389));
#2391=STYLED_ITEM('',(#2390),#2388);
#2392=DIRECTION('',(0.E0,1.E0,0.E0));
#2393=VECTOR('',#2392,1.E-1);
#2394=CARTESIAN_POINT('',(2.5E0,7.5E-2,-8.75E-1));
#2395=LINE('',#2394,#2393);
#2396=CURVE_STYLE('',#32,POSITIVE_LENGTH_MEASURE(2.E-2),#6);
#2397=PRESENTATION_STYLE_ASSIGNMENT((#2396));
#2398=STYLED_ITEM('',(#2397),#2395);
#2399=DIRECTION('',(0.E0,0.E0,-1.E0));
#2400=VECTOR('',#2399,2.5E-1);
#2401=CARTESIAN_POINT('',(2.5E0,1.75E-1,-6.25E-1));
#2402=LINE('',#2401,#2400);
#2403=CURVE_STYLE('',#32,POSITIVE_LENGTH_MEASURE(2.E-2),#6);
#2404=PRESENTATION_STYLE_ASSIGNMENT((#2403));
#2405=STYLED_ITEM('',(#2404),#2402);
#2406=DIRECTION('',(0.E0,1.E0,0.E0));
#2407=VECTOR('',#2406,1.E-1);
#2408=CARTESIAN_POINT('',(2.5E0,7.5E-2,-6.25E-1));
#2409=LINE('',#2408,#2407);
#2410=CURVE_STYLE('',#32,POSITIVE_LENGTH_MEASURE(2.E-2),#6);
#2411=PRESENTATION_STYLE_ASSIGNMENT((#2410));
#2412=STYLED_ITEM('',(#2411),#2409);
#2413=DIRECTION('',(0.E0,0.E0,-1.E0));
#2414=VECTOR('',#2413,2.5E-1);
#2415=CARTESIAN_POINT('',(2.5E0,7.5E-2,-3.75E-1));
#2416=LINE('',#2415,#2414);
#2417=CURVE_STYLE('',#32,POSITIVE_LENGTH_MEASURE(2.E-2),#6);
#2418=PRESENTATION_STYLE_ASSIGNMENT((#2417));
#2419=STYLED_ITEM('',(#2418),#2416);
#2420=DIRECTION('',(0.E0,1.E0,0.E0));
#2421=VECTOR('',#2420,1.E-1);
#2422=CARTESIAN_POINT('',(2.5E0,7.5E-2,-3.75E-1));
#2423=LINE('',#2422,#2421);
#2424=CURVE_STYLE('',#32,POSITIVE_LENGTH_MEASURE(2.E-2),#6);
#2425=PRESENTATION_STYLE_ASSIGNMENT((#2424));
#2426=STYLED_ITEM('',(#2425),#2423);
#2427=DIRECTION('',(0.E0,0.E0,-1.E0));
#2428=VECTOR('',#2427,2.5E-1);
#2429=CARTESIAN_POINT('',(2.5E0,1.75E-1,-1.25E-1));
#2430=LINE('',#2429,#2428);
#2431=CURVE_STYLE('',#32,POSITIVE_LENGTH_MEASURE(2.E-2),#6);
#2432=PRESENTATION_STYLE_ASSIGNMENT((#2431));
#2433=STYLED_ITEM('',(#2432),#2430);
#2434=DIRECTION('',(0.E0,1.E0,0.E0));
#2435=VECTOR('',#2434,1.E-1);
#2436=CARTESIAN_POINT('',(2.5E0,7.5E-2,-1.25E-1));
#2437=LINE('',#2436,#2435);
#2438=CURVE_STYLE('',#32,POSITIVE_LENGTH_MEASURE(2.E-2),#6);
#2439=PRESENTATION_STYLE_ASSIGNMENT((#2438));
#2440=STYLED_ITEM('',(#2439),#2437);
#2441=DIRECTION('',(0.E0,0.E0,-1.E0));
#2442=VECTOR('',#2441,2.5E-1);
#2443=CARTESIAN_POINT('',(2.5E0,7.5E-2,1.25E-1));
#2444=LINE('',#2443,#2442);
#2445=CURVE_STYLE('',#32,POSITIVE_LENGTH_MEASURE(2.E-2),#6);
#2446=PRESENTATION_STYLE_ASSIGNMENT((#2445));
#2447=STYLED_ITEM('',(#2446),#2444);
#2448=DIRECTION('',(0.E0,1.E0,0.E0));
#2449=VECTOR('',#2448,1.E-1);
#2450=CARTESIAN_POINT('',(2.5E0,7.5E-2,1.25E-1));
#2451=LINE('',#2450,#2449);
#2452=CURVE_STYLE('',#32,POSITIVE_LENGTH_MEASURE(2.E-2),#6);
#2453=PRESENTATION_STYLE_ASSIGNMENT((#2452));
#2454=STYLED_ITEM('',(#2453),#2451);
#2455=DIRECTION('',(0.E0,0.E0,-1.E0));
#2456=VECTOR('',#2455,2.5E-1);
#2457=CARTESIAN_POINT('',(2.5E0,1.75E-1,3.75E-1));
#2458=LINE('',#2457,#2456);
#2459=CURVE_STYLE('',#32,POSITIVE_LENGTH_MEASURE(2.E-2),#6);
#2460=PRESENTATION_STYLE_ASSIGNMENT((#2459));
#2461=STYLED_ITEM('',(#2460),#2458);
#2462=DIRECTION('',(0.E0,1.E0,0.E0));
#2463=VECTOR('',#2462,1.E-1);
#2464=CARTESIAN_POINT('',(2.5E0,7.5E-2,3.75E-1));
#2465=LINE('',#2464,#2463);
#2466=CURVE_STYLE('',#32,POSITIVE_LENGTH_MEASURE(2.E-2),#6);
#2467=PRESENTATION_STYLE_ASSIGNMENT((#2466));
#2468=STYLED_ITEM('',(#2467),#2465);
#2469=DIRECTION('',(0.E0,0.E0,-1.E0));
#2470=VECTOR('',#2469,2.5E-1);
#2471=CARTESIAN_POINT('',(2.5E0,7.5E-2,6.25E-1));
#2472=LINE('',#2471,#2470);
#2473=CURVE_STYLE('',#32,POSITIVE_LENGTH_MEASURE(2.E-2),#6);
#2474=PRESENTATION_STYLE_ASSIGNMENT((#2473));
#2475=STYLED_ITEM('',(#2474),#2472);
#2476=DIRECTION('',(0.E0,1.E0,0.E0));
#2477=VECTOR('',#2476,1.E-1);
#2478=CARTESIAN_POINT('',(2.5E0,7.5E-2,6.25E-1));
#2479=LINE('',#2478,#2477);
#2480=CURVE_STYLE('',#32,POSITIVE_LENGTH_MEASURE(2.E-2),#6);
#2481=PRESENTATION_STYLE_ASSIGNMENT((#2480));
#2482=STYLED_ITEM('',(#2481),#2479);
#2483=DIRECTION('',(0.E0,0.E0,-1.E0));
#2484=VECTOR('',#2483,2.5E-1);
#2485=CARTESIAN_POINT('',(2.5E0,1.75E-1,8.75E-1));
#2486=LINE('',#2485,#2484);
#2487=CURVE_STYLE('',#32,POSITIVE_LENGTH_MEASURE(2.E-2),#6);
#2488=PRESENTATION_STYLE_ASSIGNMENT((#2487));
#2489=STYLED_ITEM('',(#2488),#2486);
#2490=DIRECTION('',(0.E0,1.E0,0.E0));
#2491=VECTOR('',#2490,1.E-1);
#2492=CARTESIAN_POINT('',(2.5E0,7.5E-2,8.75E-1));
#2493=LINE('',#2492,#2491);
#2494=CURVE_STYLE('',#32,POSITIVE_LENGTH_MEASURE(2.E-2),#6);
#2495=PRESENTATION_STYLE_ASSIGNMENT((#2494));
#2496=STYLED_ITEM('',(#2495),#2493);
#2497=DIRECTION('',(0.E0,0.E0,-1.E0));
#2498=VECTOR('',#2497,2.5E-1);
#2499=CARTESIAN_POINT('',(2.5E0,7.5E-2,1.125E0));
#2500=LINE('',#2499,#2498);
#2501=CURVE_STYLE('',#32,POSITIVE_LENGTH_MEASURE(2.E-2),#6);
#2502=PRESENTATION_STYLE_ASSIGNMENT((#2501));
#2503=STYLED_ITEM('',(#2502),#2500);
#2504=DIRECTION('',(0.E0,1.E0,0.E0));
#2505=VECTOR('',#2504,1.E-1);
#2506=CARTESIAN_POINT('',(2.5E0,7.5E-2,1.125E0));
#2507=LINE('',#2506,#2505);
#2508=CURVE_STYLE('',#32,POSITIVE_LENGTH_MEASURE(2.E-2),#6);
#2509=PRESENTATION_STYLE_ASSIGNMENT((#2508));
#2510=STYLED_ITEM('',(#2509),#2507);
#2511=DIRECTION('',(0.E0,0.E0,-1.E0));
#2512=VECTOR('',#2511,2.5E-1);
#2513=CARTESIAN_POINT('',(2.5E0,1.75E-1,1.375E0));
#2514=LINE('',#2513,#2512);
#2515=CURVE_STYLE('',#32,POSITIVE_LENGTH_MEASURE(2.E-2),#6);
#2516=PRESENTATION_STYLE_ASSIGNMENT((#2515));
#2517=STYLED_ITEM('',(#2516),#2514);
#2518=DIRECTION('',(0.E0,1.E0,0.E0));
#2519=VECTOR('',#2518,1.E-1);
#2520=CARTESIAN_POINT('',(2.5E0,7.5E-2,1.375E0));
#2521=LINE('',#2520,#2519);
#2522=CURVE_STYLE('',#32,POSITIVE_LENGTH_MEASURE(2.E-2),#6);
#2523=PRESENTATION_STYLE_ASSIGNMENT((#2522));
#2524=STYLED_ITEM('',(#2523),#2521);
#2525=DIRECTION('',(0.E0,0.E0,-1.E0));
#2526=VECTOR('',#2525,2.5E-1);
#2527=CARTESIAN_POINT('',(2.5E0,7.5E-2,1.625E0));
#2528=LINE('',#2527,#2526);
#2529=CURVE_STYLE('',#32,POSITIVE_LENGTH_MEASURE(2.E-2),#6);
#2530=PRESENTATION_STYLE_ASSIGNMENT((#2529));
#2531=STYLED_ITEM('',(#2530),#2528);
#2532=DIRECTION('',(0.E0,1.E0,0.E0));
#2533=VECTOR('',#2532,1.E-1);
#2534=CARTESIAN_POINT('',(2.5E0,7.5E-2,1.625E0));
#2535=LINE('',#2534,#2533);
#2536=CURVE_STYLE('',#32,POSITIVE_LENGTH_MEASURE(2.E-2),#6);
#2537=PRESENTATION_STYLE_ASSIGNMENT((#2536));
#2538=STYLED_ITEM('',(#2537),#2535);
#2539=DIRECTION('',(0.E0,0.E0,-1.E0));
#2540=VECTOR('',#2539,2.5E-1);
#2541=CARTESIAN_POINT('',(2.5E0,1.75E-1,1.875E0));
#2542=LINE('',#2541,#2540);
#2543=CURVE_STYLE('',#32,POSITIVE_LENGTH_MEASURE(2.E-2),#6);
#2544=PRESENTATION_STYLE_ASSIGNMENT((#2543));
#2545=STYLED_ITEM('',(#2544),#2542);
#2546=DIRECTION('',(0.E0,1.E0,0.E0));
#2547=VECTOR('',#2546,1.E-1);
#2548=CARTESIAN_POINT('',(2.5E0,7.5E-2,1.875E0));
#2549=LINE('',#2548,#2547);
#2550=CURVE_STYLE('',#32,POSITIVE_LENGTH_MEASURE(2.E-2),#6);
#2551=PRESENTATION_STYLE_ASSIGNMENT((#2550));
#2552=STYLED_ITEM('',(#2551),#2549);
#2553=DIRECTION('',(0.E0,0.E0,-1.E0));
#2554=VECTOR('',#2553,2.5E-1);
#2555=CARTESIAN_POINT('',(2.5E0,7.5E-2,2.125E0));
#2556=LINE('',#2555,#2554);
#2557=CURVE_STYLE('',#32,POSITIVE_LENGTH_MEASURE(2.E-2),#6);
#2558=PRESENTATION_STYLE_ASSIGNMENT((#2557));
#2559=STYLED_ITEM('',(#2558),#2556);
#2560=DIRECTION('',(0.E0,1.E0,0.E0));
#2561=VECTOR('',#2560,1.E-1);
#2562=CARTESIAN_POINT('',(2.5E0,7.5E-2,2.125E0));
#2563=LINE('',#2562,#2561);
#2564=CURVE_STYLE('',#32,POSITIVE_LENGTH_MEASURE(2.E-2),#6);
#2565=PRESENTATION_STYLE_ASSIGNMENT((#2564));
#2566=STYLED_ITEM('',(#2565),#2563);
#2567=DIRECTION('',(0.E0,0.E0,-1.E0));
#2568=VECTOR('',#2567,2.E-1);
#2569=CARTESIAN_POINT('',(2.5E0,1.75E-1,2.325E0));
#2570=LINE('',#2569,#2568);
#2571=CURVE_STYLE('',#32,POSITIVE_LENGTH_MEASURE(2.E-2),#6);
#2572=PRESENTATION_STYLE_ASSIGNMENT((#2571));
#2573=STYLED_ITEM('',(#2572),#2570);
#2574=DIRECTION('',(0.E0,1.E0,0.E0));
#2575=VECTOR('',#2574,1.E-1);
#2576=CARTESIAN_POINT('',(2.5E0,7.5E-2,2.325E0));
#2577=LINE('',#2576,#2575);
#2578=CURVE_STYLE('',#32,POSITIVE_LENGTH_MEASURE(2.E-2),#6);
#2579=PRESENTATION_STYLE_ASSIGNMENT((#2578));
#2580=STYLED_ITEM('',(#2579),#2577);
#2581=DIRECTION('',(1.E0,0.E0,0.E0));
#2582=VECTOR('',#2581,1.75E-1);
#2583=CARTESIAN_POINT('',(-2.5E0,7.5E-2,2.5E0));
#2584=LINE('',#2583,#2582);
#2585=CURVE_STYLE('',#32,POSITIVE_LENGTH_MEASURE(2.E-2),#6);
#2586=PRESENTATION_STYLE_ASSIGNMENT((#2585));
#2587=STYLED_ITEM('',(#2586),#2584);
#2588=DIRECTION('',(0.E0,1.E0,0.E0));
#2589=VECTOR('',#2588,9.E-1);
#2590=CARTESIAN_POINT('',(-2.5E0,7.5E-2,2.5E0));
#2591=LINE('',#2590,#2589);
#2592=CURVE_STYLE('',#32,POSITIVE_LENGTH_MEASURE(2.E-2),#6);
#2593=PRESENTATION_STYLE_ASSIGNMENT((#2592));
#2594=STYLED_ITEM('',(#2593),#2591);
#2595=DIRECTION('',(1.E0,0.E0,0.E0));
#2596=VECTOR('',#2595,1.75E-1);
#2597=CARTESIAN_POINT('',(2.325E0,7.5E-2,2.5E0));
#2598=LINE('',#2597,#2596);
#2599=CURVE_STYLE('',#32,POSITIVE_LENGTH_MEASURE(2.E-2),#6);
#2600=PRESENTATION_STYLE_ASSIGNMENT((#2599));
#2601=STYLED_ITEM('',(#2600),#2598);
#2602=DIRECTION('',(0.E0,1.E0,0.E0));
#2603=VECTOR('',#2602,1.E-1);
#2604=CARTESIAN_POINT('',(2.325E0,7.5E-2,2.5E0));
#2605=LINE('',#2604,#2603);
#2606=CURVE_STYLE('',#32,POSITIVE_LENGTH_MEASURE(2.E-2),#6);
#2607=PRESENTATION_STYLE_ASSIGNMENT((#2606));
#2608=STYLED_ITEM('',(#2607),#2605);
#2609=DIRECTION('',(-1.E0,0.E0,0.E0));
#2610=VECTOR('',#2609,2.E-1);
#2611=CARTESIAN_POINT('',(2.325E0,1.75E-1,2.5E0));
#2612=LINE('',#2611,#2610);
#2613=CURVE_STYLE('',#32,POSITIVE_LENGTH_MEASURE(2.E-2),#6);
#2614=PRESENTATION_STYLE_ASSIGNMENT((#2613));
#2615=STYLED_ITEM('',(#2614),#2612);
#2616=DIRECTION('',(0.E0,1.E0,0.E0));
#2617=VECTOR('',#2616,1.E-1);
#2618=CARTESIAN_POINT('',(2.125E0,7.5E-2,2.5E0));
#2619=LINE('',#2618,#2617);
#2620=CURVE_STYLE('',#32,POSITIVE_LENGTH_MEASURE(2.E-2),#6);
#2621=PRESENTATION_STYLE_ASSIGNMENT((#2620));
#2622=STYLED_ITEM('',(#2621),#2619);
#2623=DIRECTION('',(1.E0,0.E0,0.E0));
#2624=VECTOR('',#2623,2.5E-1);
#2625=CARTESIAN_POINT('',(1.875E0,7.5E-2,2.5E0));
#2626=LINE('',#2625,#2624);
#2627=CURVE_STYLE('',#32,POSITIVE_LENGTH_MEASURE(2.E-2),#6);
#2628=PRESENTATION_STYLE_ASSIGNMENT((#2627));
#2629=STYLED_ITEM('',(#2628),#2626);
#2630=DIRECTION('',(0.E0,1.E0,0.E0));
#2631=VECTOR('',#2630,1.E-1);
#2632=CARTESIAN_POINT('',(1.875E0,7.5E-2,2.5E0));
#2633=LINE('',#2632,#2631);
#2634=CURVE_STYLE('',#32,POSITIVE_LENGTH_MEASURE(2.E-2),#6);
#2635=PRESENTATION_STYLE_ASSIGNMENT((#2634));
#2636=STYLED_ITEM('',(#2635),#2633);
#2637=DIRECTION('',(1.E0,0.E0,0.E0));
#2638=VECTOR('',#2637,2.5E-1);
#2639=CARTESIAN_POINT('',(1.625E0,1.75E-1,2.5E0));
#2640=LINE('',#2639,#2638);
#2641=CURVE_STYLE('',#32,POSITIVE_LENGTH_MEASURE(2.E-2),#6);
#2642=PRESENTATION_STYLE_ASSIGNMENT((#2641));
#2643=STYLED_ITEM('',(#2642),#2640);
#2644=DIRECTION('',(0.E0,1.E0,0.E0));
#2645=VECTOR('',#2644,1.E-1);
#2646=CARTESIAN_POINT('',(1.625E0,7.5E-2,2.5E0));
#2647=LINE('',#2646,#2645);
#2648=CURVE_STYLE('',#32,POSITIVE_LENGTH_MEASURE(2.E-2),#6);
#2649=PRESENTATION_STYLE_ASSIGNMENT((#2648));
#2650=STYLED_ITEM('',(#2649),#2647);
#2651=DIRECTION('',(1.E0,0.E0,0.E0));
#2652=VECTOR('',#2651,2.5E-1);
#2653=CARTESIAN_POINT('',(1.375E0,7.5E-2,2.5E0));
#2654=LINE('',#2653,#2652);
#2655=CURVE_STYLE('',#32,POSITIVE_LENGTH_MEASURE(2.E-2),#6);
#2656=PRESENTATION_STYLE_ASSIGNMENT((#2655));
#2657=STYLED_ITEM('',(#2656),#2654);
#2658=DIRECTION('',(0.E0,1.E0,0.E0));
#2659=VECTOR('',#2658,1.E-1);
#2660=CARTESIAN_POINT('',(1.375E0,7.5E-2,2.5E0));
#2661=LINE('',#2660,#2659);
#2662=CURVE_STYLE('',#32,POSITIVE_LENGTH_MEASURE(2.E-2),#6);
#2663=PRESENTATION_STYLE_ASSIGNMENT((#2662));
#2664=STYLED_ITEM('',(#2663),#2661);
#2665=DIRECTION('',(1.E0,0.E0,0.E0));
#2666=VECTOR('',#2665,2.5E-1);
#2667=CARTESIAN_POINT('',(1.125E0,1.75E-1,2.5E0));
#2668=LINE('',#2667,#2666);
#2669=CURVE_STYLE('',#32,POSITIVE_LENGTH_MEASURE(2.E-2),#6);
#2670=PRESENTATION_STYLE_ASSIGNMENT((#2669));
#2671=STYLED_ITEM('',(#2670),#2668);
#2672=DIRECTION('',(0.E0,1.E0,0.E0));
#2673=VECTOR('',#2672,1.E-1);
#2674=CARTESIAN_POINT('',(1.125E0,7.5E-2,2.5E0));
#2675=LINE('',#2674,#2673);
#2676=CURVE_STYLE('',#32,POSITIVE_LENGTH_MEASURE(2.E-2),#6);
#2677=PRESENTATION_STYLE_ASSIGNMENT((#2676));
#2678=STYLED_ITEM('',(#2677),#2675);
#2679=DIRECTION('',(1.E0,0.E0,0.E0));
#2680=VECTOR('',#2679,2.5E-1);
#2681=CARTESIAN_POINT('',(8.75E-1,7.5E-2,2.5E0));
#2682=LINE('',#2681,#2680);
#2683=CURVE_STYLE('',#32,POSITIVE_LENGTH_MEASURE(2.E-2),#6);
#2684=PRESENTATION_STYLE_ASSIGNMENT((#2683));
#2685=STYLED_ITEM('',(#2684),#2682);
#2686=DIRECTION('',(0.E0,1.E0,0.E0));
#2687=VECTOR('',#2686,1.E-1);
#2688=CARTESIAN_POINT('',(8.75E-1,7.5E-2,2.5E0));
#2689=LINE('',#2688,#2687);
#2690=CURVE_STYLE('',#32,POSITIVE_LENGTH_MEASURE(2.E-2),#6);
#2691=PRESENTATION_STYLE_ASSIGNMENT((#2690));
#2692=STYLED_ITEM('',(#2691),#2689);
#2693=DIRECTION('',(1.E0,0.E0,0.E0));
#2694=VECTOR('',#2693,2.5E-1);
#2695=CARTESIAN_POINT('',(6.25E-1,1.75E-1,2.5E0));
#2696=LINE('',#2695,#2694);
#2697=CURVE_STYLE('',#32,POSITIVE_LENGTH_MEASURE(2.E-2),#6);
#2698=PRESENTATION_STYLE_ASSIGNMENT((#2697));
#2699=STYLED_ITEM('',(#2698),#2696);
#2700=DIRECTION('',(0.E0,1.E0,0.E0));
#2701=VECTOR('',#2700,1.E-1);
#2702=CARTESIAN_POINT('',(6.25E-1,7.5E-2,2.5E0));
#2703=LINE('',#2702,#2701);
#2704=CURVE_STYLE('',#32,POSITIVE_LENGTH_MEASURE(2.E-2),#6);
#2705=PRESENTATION_STYLE_ASSIGNMENT((#2704));
#2706=STYLED_ITEM('',(#2705),#2703);
#2707=DIRECTION('',(1.E0,0.E0,0.E0));
#2708=VECTOR('',#2707,2.5E-1);
#2709=CARTESIAN_POINT('',(3.75E-1,7.5E-2,2.5E0));
#2710=LINE('',#2709,#2708);
#2711=CURVE_STYLE('',#32,POSITIVE_LENGTH_MEASURE(2.E-2),#6);
#2712=PRESENTATION_STYLE_ASSIGNMENT((#2711));
#2713=STYLED_ITEM('',(#2712),#2710);
#2714=DIRECTION('',(0.E0,1.E0,0.E0));
#2715=VECTOR('',#2714,1.E-1);
#2716=CARTESIAN_POINT('',(3.75E-1,7.5E-2,2.5E0));
#2717=LINE('',#2716,#2715);
#2718=CURVE_STYLE('',#32,POSITIVE_LENGTH_MEASURE(2.E-2),#6);
#2719=PRESENTATION_STYLE_ASSIGNMENT((#2718));
#2720=STYLED_ITEM('',(#2719),#2717);
#2721=DIRECTION('',(1.E0,0.E0,0.E0));
#2722=VECTOR('',#2721,2.5E-1);
#2723=CARTESIAN_POINT('',(1.25E-1,1.75E-1,2.5E0));
#2724=LINE('',#2723,#2722);
#2725=CURVE_STYLE('',#32,POSITIVE_LENGTH_MEASURE(2.E-2),#6);
#2726=PRESENTATION_STYLE_ASSIGNMENT((#2725));
#2727=STYLED_ITEM('',(#2726),#2724);
#2728=DIRECTION('',(0.E0,1.E0,0.E0));
#2729=VECTOR('',#2728,1.E-1);
#2730=CARTESIAN_POINT('',(1.25E-1,7.5E-2,2.5E0));
#2731=LINE('',#2730,#2729);
#2732=CURVE_STYLE('',#32,POSITIVE_LENGTH_MEASURE(2.E-2),#6);
#2733=PRESENTATION_STYLE_ASSIGNMENT((#2732));
#2734=STYLED_ITEM('',(#2733),#2731);
#2735=DIRECTION('',(1.E0,0.E0,0.E0));
#2736=VECTOR('',#2735,2.5E-1);
#2737=CARTESIAN_POINT('',(-1.25E-1,7.5E-2,2.5E0));
#2738=LINE('',#2737,#2736);
#2739=CURVE_STYLE('',#32,POSITIVE_LENGTH_MEASURE(2.E-2),#6);
#2740=PRESENTATION_STYLE_ASSIGNMENT((#2739));
#2741=STYLED_ITEM('',(#2740),#2738);
#2742=DIRECTION('',(0.E0,1.E0,0.E0));
#2743=VECTOR('',#2742,1.E-1);
#2744=CARTESIAN_POINT('',(-1.25E-1,7.5E-2,2.5E0));
#2745=LINE('',#2744,#2743);
#2746=CURVE_STYLE('',#32,POSITIVE_LENGTH_MEASURE(2.E-2),#6);
#2747=PRESENTATION_STYLE_ASSIGNMENT((#2746));
#2748=STYLED_ITEM('',(#2747),#2745);
#2749=DIRECTION('',(1.E0,0.E0,0.E0));
#2750=VECTOR('',#2749,2.5E-1);
#2751=CARTESIAN_POINT('',(-3.75E-1,1.75E-1,2.5E0));
#2752=LINE('',#2751,#2750);
#2753=CURVE_STYLE('',#32,POSITIVE_LENGTH_MEASURE(2.E-2),#6);
#2754=PRESENTATION_STYLE_ASSIGNMENT((#2753));
#2755=STYLED_ITEM('',(#2754),#2752);
#2756=DIRECTION('',(0.E0,1.E0,0.E0));
#2757=VECTOR('',#2756,1.E-1);
#2758=CARTESIAN_POINT('',(-3.75E-1,7.5E-2,2.5E0));
#2759=LINE('',#2758,#2757);
#2760=CURVE_STYLE('',#32,POSITIVE_LENGTH_MEASURE(2.E-2),#6);
#2761=PRESENTATION_STYLE_ASSIGNMENT((#2760));
#2762=STYLED_ITEM('',(#2761),#2759);
#2763=DIRECTION('',(1.E0,0.E0,0.E0));
#2764=VECTOR('',#2763,2.5E-1);
#2765=CARTESIAN_POINT('',(-6.25E-1,7.5E-2,2.5E0));
#2766=LINE('',#2765,#2764);
#2767=CURVE_STYLE('',#32,POSITIVE_LENGTH_MEASURE(2.E-2),#6);
#2768=PRESENTATION_STYLE_ASSIGNMENT((#2767));
#2769=STYLED_ITEM('',(#2768),#2766);
#2770=DIRECTION('',(0.E0,1.E0,0.E0));
#2771=VECTOR('',#2770,1.E-1);
#2772=CARTESIAN_POINT('',(-6.25E-1,7.5E-2,2.5E0));
#2773=LINE('',#2772,#2771);
#2774=CURVE_STYLE('',#32,POSITIVE_LENGTH_MEASURE(2.E-2),#6);
#2775=PRESENTATION_STYLE_ASSIGNMENT((#2774));
#2776=STYLED_ITEM('',(#2775),#2773);
#2777=DIRECTION('',(1.E0,0.E0,0.E0));
#2778=VECTOR('',#2777,2.5E-1);
#2779=CARTESIAN_POINT('',(-8.75E-1,1.75E-1,2.5E0));
#2780=LINE('',#2779,#2778);
#2781=CURVE_STYLE('',#32,POSITIVE_LENGTH_MEASURE(2.E-2),#6);
#2782=PRESENTATION_STYLE_ASSIGNMENT((#2781));
#2783=STYLED_ITEM('',(#2782),#2780);
#2784=DIRECTION('',(0.E0,1.E0,0.E0));
#2785=VECTOR('',#2784,1.E-1);
#2786=CARTESIAN_POINT('',(-8.75E-1,7.5E-2,2.5E0));
#2787=LINE('',#2786,#2785);
#2788=CURVE_STYLE('',#32,POSITIVE_LENGTH_MEASURE(2.E-2),#6);
#2789=PRESENTATION_STYLE_ASSIGNMENT((#2788));
#2790=STYLED_ITEM('',(#2789),#2787);
#2791=DIRECTION('',(1.E0,0.E0,0.E0));
#2792=VECTOR('',#2791,2.5E-1);
#2793=CARTESIAN_POINT('',(-1.125E0,7.5E-2,2.5E0));
#2794=LINE('',#2793,#2792);
#2795=CURVE_STYLE('',#32,POSITIVE_LENGTH_MEASURE(2.E-2),#6);
#2796=PRESENTATION_STYLE_ASSIGNMENT((#2795));
#2797=STYLED_ITEM('',(#2796),#2794);
#2798=DIRECTION('',(0.E0,1.E0,0.E0));
#2799=VECTOR('',#2798,1.E-1);
#2800=CARTESIAN_POINT('',(-1.125E0,7.5E-2,2.5E0));
#2801=LINE('',#2800,#2799);
#2802=CURVE_STYLE('',#32,POSITIVE_LENGTH_MEASURE(2.E-2),#6);
#2803=PRESENTATION_STYLE_ASSIGNMENT((#2802));
#2804=STYLED_ITEM('',(#2803),#2801);
#2805=DIRECTION('',(1.E0,0.E0,0.E0));
#2806=VECTOR('',#2805,2.5E-1);
#2807=CARTESIAN_POINT('',(-1.375E0,1.75E-1,2.5E0));
#2808=LINE('',#2807,#2806);
#2809=CURVE_STYLE('',#32,POSITIVE_LENGTH_MEASURE(2.E-2),#6);
#2810=PRESENTATION_STYLE_ASSIGNMENT((#2809));
#2811=STYLED_ITEM('',(#2810),#2808);
#2812=DIRECTION('',(0.E0,1.E0,0.E0));
#2813=VECTOR('',#2812,1.E-1);
#2814=CARTESIAN_POINT('',(-1.375E0,7.5E-2,2.5E0));
#2815=LINE('',#2814,#2813);
#2816=CURVE_STYLE('',#32,POSITIVE_LENGTH_MEASURE(2.E-2),#6);
#2817=PRESENTATION_STYLE_ASSIGNMENT((#2816));
#2818=STYLED_ITEM('',(#2817),#2815);
#2819=DIRECTION('',(1.E0,0.E0,0.E0));
#2820=VECTOR('',#2819,2.5E-1);
#2821=CARTESIAN_POINT('',(-1.625E0,7.5E-2,2.5E0));
#2822=LINE('',#2821,#2820);
#2823=CURVE_STYLE('',#32,POSITIVE_LENGTH_MEASURE(2.E-2),#6);
#2824=PRESENTATION_STYLE_ASSIGNMENT((#2823));
#2825=STYLED_ITEM('',(#2824),#2822);
#2826=DIRECTION('',(0.E0,1.E0,0.E0));
#2827=VECTOR('',#2826,1.E-1);
#2828=CARTESIAN_POINT('',(-1.625E0,7.5E-2,2.5E0));
#2829=LINE('',#2828,#2827);
#2830=CURVE_STYLE('',#32,POSITIVE_LENGTH_MEASURE(2.E-2),#6);
#2831=PRESENTATION_STYLE_ASSIGNMENT((#2830));
#2832=STYLED_ITEM('',(#2831),#2829);
#2833=DIRECTION('',(1.E0,0.E0,0.E0));
#2834=VECTOR('',#2833,2.5E-1);
#2835=CARTESIAN_POINT('',(-1.875E0,1.75E-1,2.5E0));
#2836=LINE('',#2835,#2834);
#2837=CURVE_STYLE('',#32,POSITIVE_LENGTH_MEASURE(2.E-2),#6);
#2838=PRESENTATION_STYLE_ASSIGNMENT((#2837));
#2839=STYLED_ITEM('',(#2838),#2836);
#2840=DIRECTION('',(0.E0,1.E0,0.E0));
#2841=VECTOR('',#2840,1.E-1);
#2842=CARTESIAN_POINT('',(-1.875E0,7.5E-2,2.5E0));
#2843=LINE('',#2842,#2841);
#2844=CURVE_STYLE('',#32,POSITIVE_LENGTH_MEASURE(2.E-2),#6);
#2845=PRESENTATION_STYLE_ASSIGNMENT((#2844));
#2846=STYLED_ITEM('',(#2845),#2843);
#2847=DIRECTION('',(1.E0,0.E0,0.E0));
#2848=VECTOR('',#2847,2.5E-1);
#2849=CARTESIAN_POINT('',(-2.125E0,7.5E-2,2.5E0));
#2850=LINE('',#2849,#2848);
#2851=CURVE_STYLE('',#32,POSITIVE_LENGTH_MEASURE(2.E-2),#6);
#2852=PRESENTATION_STYLE_ASSIGNMENT((#2851));
#2853=STYLED_ITEM('',(#2852),#2850);
#2854=DIRECTION('',(0.E0,1.E0,0.E0));
#2855=VECTOR('',#2854,1.E-1);
#2856=CARTESIAN_POINT('',(-2.125E0,7.5E-2,2.5E0));
#2857=LINE('',#2856,#2855);
#2858=CURVE_STYLE('',#32,POSITIVE_LENGTH_MEASURE(2.E-2),#6);
#2859=PRESENTATION_STYLE_ASSIGNMENT((#2858));
#2860=STYLED_ITEM('',(#2859),#2857);
#2861=DIRECTION('',(1.E0,0.E0,0.E0));
#2862=VECTOR('',#2861,2.E-1);
#2863=CARTESIAN_POINT('',(-2.325E0,1.75E-1,2.5E0));
#2864=LINE('',#2863,#2862);
#2865=CURVE_STYLE('',#32,POSITIVE_LENGTH_MEASURE(2.E-2),#6);
#2866=PRESENTATION_STYLE_ASSIGNMENT((#2865));
#2867=STYLED_ITEM('',(#2866),#2864);
#2868=DIRECTION('',(0.E0,1.E0,0.E0));
#2869=VECTOR('',#2868,1.E-1);
#2870=CARTESIAN_POINT('',(-2.325E0,7.5E-2,2.5E0));
#2871=LINE('',#2870,#2869);
#2872=CURVE_STYLE('',#32,POSITIVE_LENGTH_MEASURE(2.E-2),#6);
#2873=PRESENTATION_STYLE_ASSIGNMENT((#2872));
#2874=STYLED_ITEM('',(#2873),#2871);
#2875=DIRECTION('',(0.E0,0.E0,-1.E0));
#2876=VECTOR('',#2875,5.E-2);
#2877=CARTESIAN_POINT('',(2.325E0,7.5E-2,2.5E0));
#2878=LINE('',#2877,#2876);
#2879=CURVE_STYLE('',#32,POSITIVE_LENGTH_MEASURE(2.E-2),#6);
#2880=PRESENTATION_STYLE_ASSIGNMENT((#2879));
#2881=STYLED_ITEM('',(#2880),#2878);
#2882=DIRECTION('',(0.E0,1.E0,0.E0));
#2883=VECTOR('',#2882,7.5E-2);
#2884=CARTESIAN_POINT('',(2.325E0,0.E0,2.45E0));
#2885=LINE('',#2884,#2883);
#2886=CURVE_STYLE('',#32,POSITIVE_LENGTH_MEASURE(2.E-2),#6);
#2887=PRESENTATION_STYLE_ASSIGNMENT((#2886));
#2888=STYLED_ITEM('',(#2887),#2885);
#2889=DIRECTION('',(0.E0,1.E0,0.E0));
#2890=VECTOR('',#2889,7.5E-2);
#2891=CARTESIAN_POINT('',(2.45E0,0.E0,2.45E0));
#2892=LINE('',#2891,#2890);
#2893=CURVE_STYLE('',#32,POSITIVE_LENGTH_MEASURE(2.E-2),#6);
#2894=PRESENTATION_STYLE_ASSIGNMENT((#2893));
#2895=STYLED_ITEM('',(#2894),#2892);
#2896=DIRECTION('',(0.E0,1.E0,0.E0));
#2897=VECTOR('',#2896,7.5E-2);
#2898=CARTESIAN_POINT('',(2.45E0,0.E0,-2.45E0));
#2899=LINE('',#2898,#2897);
#2900=CURVE_STYLE('',#32,POSITIVE_LENGTH_MEASURE(2.E-2),#6);
#2901=PRESENTATION_STYLE_ASSIGNMENT((#2900));
#2902=STYLED_ITEM('',(#2901),#2899);
#2903=DIRECTION('',(1.E0,0.E0,0.E0));
#2904=VECTOR('',#2903,5.E-2);
#2905=CARTESIAN_POINT('',(2.45E0,7.5E-2,-2.325E0));
#2906=LINE('',#2905,#2904);
#2907=CURVE_STYLE('',#32,POSITIVE_LENGTH_MEASURE(2.E-2),#6);
#2908=PRESENTATION_STYLE_ASSIGNMENT((#2907));
#2909=STYLED_ITEM('',(#2908),#2906);
#2910=DIRECTION('',(0.E0,1.E0,0.E0));
#2911=VECTOR('',#2910,7.5E-2);
#2912=CARTESIAN_POINT('',(2.45E0,0.E0,-2.325E0));
#2913=LINE('',#2912,#2911);
#2914=CURVE_STYLE('',#32,POSITIVE_LENGTH_MEASURE(2.E-2),#6);
#2915=PRESENTATION_STYLE_ASSIGNMENT((#2914));
#2916=STYLED_ITEM('',(#2915),#2913);
#2917=DIRECTION('',(0.E0,1.E0,0.E0));
#2918=VECTOR('',#2917,1.75E-1);
#2919=CARTESIAN_POINT('',(2.325E0,0.E0,-2.325E0));
#2920=LINE('',#2919,#2918);
#2921=CURVE_STYLE('',#32,POSITIVE_LENGTH_MEASURE(2.E-2),#6);
#2922=PRESENTATION_STYLE_ASSIGNMENT((#2921));
#2923=STYLED_ITEM('',(#2922),#2920);
#2924=DIRECTION('',(0.E0,1.E0,0.E0));
#2925=VECTOR('',#2924,7.5E-2);
#2926=CARTESIAN_POINT('',(2.325E0,0.E0,-2.45E0));
#2927=LINE('',#2926,#2925);
#2928=CURVE_STYLE('',#32,POSITIVE_LENGTH_MEASURE(2.E-2),#6);
#2929=PRESENTATION_STYLE_ASSIGNMENT((#2928));
#2930=STYLED_ITEM('',(#2929),#2927);
#2931=DIRECTION('',(0.E0,0.E0,1.E0));
#2932=VECTOR('',#2931,5.E-2);
#2933=CARTESIAN_POINT('',(2.325E0,7.5E-2,-2.5E0));
#2934=LINE('',#2933,#2932);
#2935=CURVE_STYLE('',#32,POSITIVE_LENGTH_MEASURE(2.E-2),#6);
#2936=PRESENTATION_STYLE_ASSIGNMENT((#2935));
#2937=STYLED_ITEM('',(#2936),#2934);
#2938=DIRECTION('',(1.E0,0.E0,0.E0));
#2939=VECTOR('',#2938,1.75E-1);
#2940=CARTESIAN_POINT('',(2.325E0,1.75E-1,-2.325E0));
#2941=LINE('',#2940,#2939);
#2942=CURVE_STYLE('',#32,POSITIVE_LENGTH_MEASURE(2.E-2),#6);
#2943=PRESENTATION_STYLE_ASSIGNMENT((#2942));
#2944=STYLED_ITEM('',(#2943),#2941);
#2945=DIRECTION('',(0.E0,0.E0,1.E0));
#2946=VECTOR('',#2945,1.75E-1);
#2947=CARTESIAN_POINT('',(2.325E0,1.75E-1,-2.5E0));
#2948=LINE('',#2947,#2946);
#2949=CURVE_STYLE('',#32,POSITIVE_LENGTH_MEASURE(2.E-2),#6);
#2950=PRESENTATION_STYLE_ASSIGNMENT((#2949));
#2951=STYLED_ITEM('',(#2950),#2948);
#2952=DIRECTION('',(0.E0,0.E0,-1.E0));
#2953=VECTOR('',#2952,3.75E-1);
#2954=CARTESIAN_POINT('',(2.125E0,1.75E-1,-2.125E0));
#2955=LINE('',#2954,#2953);
#2956=CURVE_STYLE('',#32,POSITIVE_LENGTH_MEASURE(2.E-2),#6);
#2957=PRESENTATION_STYLE_ASSIGNMENT((#2956));
#2958=STYLED_ITEM('',(#2957),#2955);
#2959=DIRECTION('',(-1.E0,0.E0,0.E0));
#2960=VECTOR('',#2959,3.75E-1);
#2961=CARTESIAN_POINT('',(2.5E0,1.75E-1,-2.125E0));
#2962=LINE('',#2961,#2960);
#2963=CURVE_STYLE('',#32,POSITIVE_LENGTH_MEASURE(2.E-2),#6);
#2964=PRESENTATION_STYLE_ASSIGNMENT((#2963));
#2965=STYLED_ITEM('',(#2964),#2962);
#2966=DIRECTION('',(0.E0,0.E0,-1.E0));
#2967=VECTOR('',#2966,5.E-2);
#2968=CARTESIAN_POINT('',(2.125E0,7.5E-2,-2.45E0));
#2969=LINE('',#2968,#2967);
#2970=CURVE_STYLE('',#32,POSITIVE_LENGTH_MEASURE(2.E-2),#6);
#2971=PRESENTATION_STYLE_ASSIGNMENT((#2970));
#2972=STYLED_ITEM('',(#2971),#2969);
#2973=DIRECTION('',(0.E0,1.E0,0.E0));
#2974=VECTOR('',#2973,7.5E-2);
#2975=CARTESIAN_POINT('',(2.125E0,0.E0,-2.45E0));
#2976=LINE('',#2975,#2974);
#2977=CURVE_STYLE('',#32,POSITIVE_LENGTH_MEASURE(2.E-2),#6);
#2978=PRESENTATION_STYLE_ASSIGNMENT((#2977));
#2979=STYLED_ITEM('',(#2978),#2976);
#2980=DIRECTION('',(0.E0,1.E0,0.E0));
#2981=VECTOR('',#2980,1.75E-1);
#2982=CARTESIAN_POINT('',(2.125E0,0.E0,-2.125E0));
#2983=LINE('',#2982,#2981);
#2984=CURVE_STYLE('',#32,POSITIVE_LENGTH_MEASURE(2.E-2),#6);
#2985=PRESENTATION_STYLE_ASSIGNMENT((#2984));
#2986=STYLED_ITEM('',(#2985),#2983);
#2987=DIRECTION('',(0.E0,1.E0,0.E0));
#2988=VECTOR('',#2987,7.5E-2);
#2989=CARTESIAN_POINT('',(2.45E0,0.E0,-2.125E0));
#2990=LINE('',#2989,#2988);
#2991=CURVE_STYLE('',#32,POSITIVE_LENGTH_MEASURE(2.E-2),#6);
#2992=PRESENTATION_STYLE_ASSIGNMENT((#2991));
#2993=STYLED_ITEM('',(#2992),#2990);
#2994=DIRECTION('',(-1.E0,0.E0,0.E0));
#2995=VECTOR('',#2994,5.E-2);
#2996=CARTESIAN_POINT('',(2.5E0,7.5E-2,-2.125E0));
#2997=LINE('',#2996,#2995);
#2998=CURVE_STYLE('',#32,POSITIVE_LENGTH_MEASURE(2.E-2),#6);
#2999=PRESENTATION_STYLE_ASSIGNMENT((#2998));
#3000=STYLED_ITEM('',(#2999),#2997);
#3001=DIRECTION('',(-1.E0,0.E0,0.E0));
#3002=VECTOR('',#3001,5.E-2);
#3003=CARTESIAN_POINT('',(2.5E0,7.5E-2,-1.875E0));
#3004=LINE('',#3003,#3002);
#3005=CURVE_STYLE('',#32,POSITIVE_LENGTH_MEASURE(2.E-2),#6);
#3006=PRESENTATION_STYLE_ASSIGNMENT((#3005));
#3007=STYLED_ITEM('',(#3006),#3004);
#3008=DIRECTION('',(0.E0,1.E0,0.E0));
#3009=VECTOR('',#3008,7.5E-2);
#3010=CARTESIAN_POINT('',(2.45E0,0.E0,-1.875E0));
#3011=LINE('',#3010,#3009);
#3012=CURVE_STYLE('',#32,POSITIVE_LENGTH_MEASURE(2.E-2),#6);
#3013=PRESENTATION_STYLE_ASSIGNMENT((#3012));
#3014=STYLED_ITEM('',(#3013),#3011);
#3015=DIRECTION('',(0.E0,1.E0,0.E0));
#3016=VECTOR('',#3015,1.75E-1);
#3017=CARTESIAN_POINT('',(2.225E0,0.E0,-1.875E0));
#3018=LINE('',#3017,#3016);
#3019=CURVE_STYLE('',#32,POSITIVE_LENGTH_MEASURE(2.E-2),#6);
#3020=PRESENTATION_STYLE_ASSIGNMENT((#3019));
#3021=STYLED_ITEM('',(#3020),#3018);
#3022=DIRECTION('',(1.E0,0.E0,0.E0));
#3023=VECTOR('',#3022,5.E-2);
#3024=CARTESIAN_POINT('',(2.45E0,7.5E-2,-1.625E0));
#3025=LINE('',#3024,#3023);
#3026=CURVE_STYLE('',#32,POSITIVE_LENGTH_MEASURE(2.E-2),#6);
#3027=PRESENTATION_STYLE_ASSIGNMENT((#3026));
#3028=STYLED_ITEM('',(#3027),#3025);
#3029=DIRECTION('',(0.E0,1.E0,0.E0));
#3030=VECTOR('',#3029,1.75E-1);
#3031=CARTESIAN_POINT('',(2.225E0,0.E0,-1.625E0));
#3032=LINE('',#3031,#3030);
#3033=CURVE_STYLE('',#32,POSITIVE_LENGTH_MEASURE(2.E-2),#6);
#3034=PRESENTATION_STYLE_ASSIGNMENT((#3033));
#3035=STYLED_ITEM('',(#3034),#3032);
#3036=DIRECTION('',(0.E0,1.E0,0.E0));
#3037=VECTOR('',#3036,7.5E-2);
#3038=CARTESIAN_POINT('',(2.45E0,0.E0,-1.625E0));
#3039=LINE('',#3038,#3037);
#3040=CURVE_STYLE('',#32,POSITIVE_LENGTH_MEASURE(2.E-2),#6);
#3041=PRESENTATION_STYLE_ASSIGNMENT((#3040));
#3042=STYLED_ITEM('',(#3041),#3039);
#3043=DIRECTION('',(-1.E0,0.E0,0.E0));
#3044=VECTOR('',#3043,2.75E-1);
#3045=CARTESIAN_POINT('',(2.5E0,1.75E-1,-1.875E0));
#3046=LINE('',#3045,#3044);
#3047=CURVE_STYLE('',#32,POSITIVE_LENGTH_MEASURE(2.E-2),#6);
#3048=PRESENTATION_STYLE_ASSIGNMENT((#3047));
#3049=STYLED_ITEM('',(#3048),#3046);
#3050=CARTESIAN_POINT('',(2.225E0,1.75E-1,-1.75E0));
#3051=DIRECTION('',(0.E0,1.E0,0.E0));
#3052=DIRECTION('',(0.E0,0.E0,-1.E0));
#3053=AXIS2_PLACEMENT_3D('',#3050,#3051,#3052);
#3055=CURVE_STYLE('',#32,POSITIVE_LENGTH_MEASURE(2.E-2),#6);
#3056=PRESENTATION_STYLE_ASSIGNMENT((#3055));
#3057=STYLED_ITEM('',(#3056),#3054);
#3058=DIRECTION('',(1.E0,0.E0,0.E0));
#3059=VECTOR('',#3058,2.75E-1);
#3060=CARTESIAN_POINT('',(2.225E0,1.75E-1,-1.625E0));
#3061=LINE('',#3060,#3059);
#3062=CURVE_STYLE('',#32,POSITIVE_LENGTH_MEASURE(2.E-2),#6);
#3063=PRESENTATION_STYLE_ASSIGNMENT((#3062));
#3064=STYLED_ITEM('',(#3063),#3061);
#3065=DIRECTION('',(-1.E0,0.E0,0.E0));
#3066=VECTOR('',#3065,5.E-2);
#3067=CARTESIAN_POINT('',(2.5E0,7.5E-2,-1.375E0));
#3068=LINE('',#3067,#3066);
#3069=CURVE_STYLE('',#32,POSITIVE_LENGTH_MEASURE(2.E-2),#6);
#3070=PRESENTATION_STYLE_ASSIGNMENT((#3069));
#3071=STYLED_ITEM('',(#3070),#3068);
#3072=DIRECTION('',(0.E0,1.E0,0.E0));
#3073=VECTOR('',#3072,7.5E-2);
#3074=CARTESIAN_POINT('',(2.45E0,0.E0,-1.375E0));
#3075=LINE('',#3074,#3073);
#3076=CURVE_STYLE('',#32,POSITIVE_LENGTH_MEASURE(2.E-2),#6);
#3077=PRESENTATION_STYLE_ASSIGNMENT((#3076));
#3078=STYLED_ITEM('',(#3077),#3075);
#3079=DIRECTION('',(0.E0,1.E0,0.E0));
#3080=VECTOR('',#3079,1.75E-1);
#3081=CARTESIAN_POINT('',(2.225E0,0.E0,-1.375E0));
#3082=LINE('',#3081,#3080);
#3083=CURVE_STYLE('',#32,POSITIVE_LENGTH_MEASURE(2.E-2),#6);
#3084=PRESENTATION_STYLE_ASSIGNMENT((#3083));
#3085=STYLED_ITEM('',(#3084),#3082);
#3086=DIRECTION('',(1.E0,0.E0,0.E0));
#3087=VECTOR('',#3086,5.E-2);
#3088=CARTESIAN_POINT('',(2.45E0,7.5E-2,-1.125E0));
#3089=LINE('',#3088,#3087);
#3090=CURVE_STYLE('',#32,POSITIVE_LENGTH_MEASURE(2.E-2),#6);
#3091=PRESENTATION_STYLE_ASSIGNMENT((#3090));
#3092=STYLED_ITEM('',(#3091),#3089);
#3093=DIRECTION('',(0.E0,1.E0,0.E0));
#3094=VECTOR('',#3093,1.75E-1);
#3095=CARTESIAN_POINT('',(2.225E0,0.E0,-1.125E0));
#3096=LINE('',#3095,#3094);
#3097=CURVE_STYLE('',#32,POSITIVE_LENGTH_MEASURE(2.E-2),#6);
#3098=PRESENTATION_STYLE_ASSIGNMENT((#3097));
#3099=STYLED_ITEM('',(#3098),#3096);
#3100=DIRECTION('',(0.E0,1.E0,0.E0));
#3101=VECTOR('',#3100,7.5E-2);
#3102=CARTESIAN_POINT('',(2.45E0,0.E0,-1.125E0));
#3103=LINE('',#3102,#3101);
#3104=CURVE_STYLE('',#32,POSITIVE_LENGTH_MEASURE(2.E-2),#6);
#3105=PRESENTATION_STYLE_ASSIGNMENT((#3104));
#3106=STYLED_ITEM('',(#3105),#3103);
#3107=DIRECTION('',(-1.E0,0.E0,0.E0));
#3108=VECTOR('',#3107,2.75E-1);
#3109=CARTESIAN_POINT('',(2.5E0,1.75E-1,-1.375E0));
#3110=LINE('',#3109,#3108);
#3111=CURVE_STYLE('',#32,POSITIVE_LENGTH_MEASURE(2.E-2),#6);
#3112=PRESENTATION_STYLE_ASSIGNMENT((#3111));
#3113=STYLED_ITEM('',(#3112),#3110);
#3114=CARTESIAN_POINT('',(2.225E0,1.75E-1,-1.25E0));
#3115=DIRECTION('',(0.E0,1.E0,0.E0));
#3116=DIRECTION('',(0.E0,0.E0,-1.E0));
#3117=AXIS2_PLACEMENT_3D('',#3114,#3115,#3116);
#3119=CURVE_STYLE('',#32,POSITIVE_LENGTH_MEASURE(2.E-2),#6);
#3120=PRESENTATION_STYLE_ASSIGNMENT((#3119));
#3121=STYLED_ITEM('',(#3120),#3118);
#3122=DIRECTION('',(1.E0,0.E0,0.E0));
#3123=VECTOR('',#3122,2.75E-1);
#3124=CARTESIAN_POINT('',(2.225E0,1.75E-1,-1.125E0));
#3125=LINE('',#3124,#3123);
#3126=CURVE_STYLE('',#32,POSITIVE_LENGTH_MEASURE(2.E-2),#6);
#3127=PRESENTATION_STYLE_ASSIGNMENT((#3126));
#3128=STYLED_ITEM('',(#3127),#3125);
#3129=DIRECTION('',(-1.E0,0.E0,0.E0));
#3130=VECTOR('',#3129,5.E-2);
#3131=CARTESIAN_POINT('',(2.5E0,7.5E-2,-8.75E-1));
#3132=LINE('',#3131,#3130);
#3133=CURVE_STYLE('',#32,POSITIVE_LENGTH_MEASURE(2.E-2),#6);
#3134=PRESENTATION_STYLE_ASSIGNMENT((#3133));
#3135=STYLED_ITEM('',(#3134),#3132);
#3136=DIRECTION('',(0.E0,1.E0,0.E0));
#3137=VECTOR('',#3136,7.5E-2);
#3138=CARTESIAN_POINT('',(2.45E0,0.E0,-8.75E-1));
#3139=LINE('',#3138,#3137);
#3140=CURVE_STYLE('',#32,POSITIVE_LENGTH_MEASURE(2.E-2),#6);
#3141=PRESENTATION_STYLE_ASSIGNMENT((#3140));
#3142=STYLED_ITEM('',(#3141),#3139);
#3143=DIRECTION('',(0.E0,1.E0,0.E0));
#3144=VECTOR('',#3143,1.75E-1);
#3145=CARTESIAN_POINT('',(2.225E0,0.E0,-8.75E-1));
#3146=LINE('',#3145,#3144);
#3147=CURVE_STYLE('',#32,POSITIVE_LENGTH_MEASURE(2.E-2),#6);
#3148=PRESENTATION_STYLE_ASSIGNMENT((#3147));
#3149=STYLED_ITEM('',(#3148),#3146);
#3150=DIRECTION('',(1.E0,0.E0,0.E0));
#3151=VECTOR('',#3150,5.E-2);
#3152=CARTESIAN_POINT('',(2.45E0,7.5E-2,-6.25E-1));
#3153=LINE('',#3152,#3151);
#3154=CURVE_STYLE('',#32,POSITIVE_LENGTH_MEASURE(2.E-2),#6);
#3155=PRESENTATION_STYLE_ASSIGNMENT((#3154));
#3156=STYLED_ITEM('',(#3155),#3153);
#3157=DIRECTION('',(0.E0,1.E0,0.E0));
#3158=VECTOR('',#3157,1.75E-1);
#3159=CARTESIAN_POINT('',(2.225E0,0.E0,-6.25E-1));
#3160=LINE('',#3159,#3158);
#3161=CURVE_STYLE('',#32,POSITIVE_LENGTH_MEASURE(2.E-2),#6);
#3162=PRESENTATION_STYLE_ASSIGNMENT((#3161));
#3163=STYLED_ITEM('',(#3162),#3160);
#3164=DIRECTION('',(0.E0,1.E0,0.E0));
#3165=VECTOR('',#3164,7.5E-2);
#3166=CARTESIAN_POINT('',(2.45E0,0.E0,-6.25E-1));
#3167=LINE('',#3166,#3165);
#3168=CURVE_STYLE('',#32,POSITIVE_LENGTH_MEASURE(2.E-2),#6);
#3169=PRESENTATION_STYLE_ASSIGNMENT((#3168));
#3170=STYLED_ITEM('',(#3169),#3167);
#3171=DIRECTION('',(-1.E0,0.E0,0.E0));
#3172=VECTOR('',#3171,2.75E-1);
#3173=CARTESIAN_POINT('',(2.5E0,1.75E-1,-8.75E-1));
#3174=LINE('',#3173,#3172);
#3175=CURVE_STYLE('',#32,POSITIVE_LENGTH_MEASURE(2.E-2),#6);
#3176=PRESENTATION_STYLE_ASSIGNMENT((#3175));
#3177=STYLED_ITEM('',(#3176),#3174);
#3178=CARTESIAN_POINT('',(2.225E0,1.75E-1,-7.5E-1));
#3179=DIRECTION('',(0.E0,1.E0,0.E0));
#3180=DIRECTION('',(0.E0,0.E0,-1.E0));
#3181=AXIS2_PLACEMENT_3D('',#3178,#3179,#3180);
#3183=CURVE_STYLE('',#32,POSITIVE_LENGTH_MEASURE(2.E-2),#6);
#3184=PRESENTATION_STYLE_ASSIGNMENT((#3183));
#3185=STYLED_ITEM('',(#3184),#3182);
#3186=DIRECTION('',(1.E0,0.E0,0.E0));
#3187=VECTOR('',#3186,2.75E-1);
#3188=CARTESIAN_POINT('',(2.225E0,1.75E-1,-6.25E-1));
#3189=LINE('',#3188,#3187);
#3190=CURVE_STYLE('',#32,POSITIVE_LENGTH_MEASURE(2.E-2),#6);
#3191=PRESENTATION_STYLE_ASSIGNMENT((#3190));
#3192=STYLED_ITEM('',(#3191),#3189);
#3193=DIRECTION('',(-1.E0,0.E0,0.E0));
#3194=VECTOR('',#3193,5.E-2);
#3195=CARTESIAN_POINT('',(2.5E0,7.5E-2,-3.75E-1));
#3196=LINE('',#3195,#3194);
#3197=CURVE_STYLE('',#32,POSITIVE_LENGTH_MEASURE(2.E-2),#6);
#3198=PRESENTATION_STYLE_ASSIGNMENT((#3197));
#3199=STYLED_ITEM('',(#3198),#3196);
#3200=DIRECTION('',(0.E0,1.E0,0.E0));
#3201=VECTOR('',#3200,7.5E-2);
#3202=CARTESIAN_POINT('',(2.45E0,0.E0,-3.75E-1));
#3203=LINE('',#3202,#3201);
#3204=CURVE_STYLE('',#32,POSITIVE_LENGTH_MEASURE(2.E-2),#6);
#3205=PRESENTATION_STYLE_ASSIGNMENT((#3204));
#3206=STYLED_ITEM('',(#3205),#3203);
#3207=DIRECTION('',(0.E0,1.E0,0.E0));
#3208=VECTOR('',#3207,1.75E-1);
#3209=CARTESIAN_POINT('',(2.225E0,0.E0,-3.75E-1));
#3210=LINE('',#3209,#3208);
#3211=CURVE_STYLE('',#32,POSITIVE_LENGTH_MEASURE(2.E-2),#6);
#3212=PRESENTATION_STYLE_ASSIGNMENT((#3211));
#3213=STYLED_ITEM('',(#3212),#3210);
#3214=DIRECTION('',(1.E0,0.E0,0.E0));
#3215=VECTOR('',#3214,5.E-2);
#3216=CARTESIAN_POINT('',(2.45E0,7.5E-2,-1.25E-1));
#3217=LINE('',#3216,#3215);
#3218=CURVE_STYLE('',#32,POSITIVE_LENGTH_MEASURE(2.E-2),#6);
#3219=PRESENTATION_STYLE_ASSIGNMENT((#3218));
#3220=STYLED_ITEM('',(#3219),#3217);
#3221=DIRECTION('',(0.E0,1.E0,0.E0));
#3222=VECTOR('',#3221,1.75E-1);
#3223=CARTESIAN_POINT('',(2.225E0,0.E0,-1.25E-1));
#3224=LINE('',#3223,#3222);
#3225=CURVE_STYLE('',#32,POSITIVE_LENGTH_MEASURE(2.E-2),#6);
#3226=PRESENTATION_STYLE_ASSIGNMENT((#3225));
#3227=STYLED_ITEM('',(#3226),#3224);
#3228=DIRECTION('',(0.E0,1.E0,0.E0));
#3229=VECTOR('',#3228,7.5E-2);
#3230=CARTESIAN_POINT('',(2.45E0,0.E0,-1.25E-1));
#3231=LINE('',#3230,#3229);
#3232=CURVE_STYLE('',#32,POSITIVE_LENGTH_MEASURE(2.E-2),#6);
#3233=PRESENTATION_STYLE_ASSIGNMENT((#3232));
#3234=STYLED_ITEM('',(#3233),#3231);
#3235=DIRECTION('',(-1.E0,0.E0,0.E0));
#3236=VECTOR('',#3235,2.75E-1);
#3237=CARTESIAN_POINT('',(2.5E0,1.75E-1,-3.75E-1));
#3238=LINE('',#3237,#3236);
#3239=CURVE_STYLE('',#32,POSITIVE_LENGTH_MEASURE(2.E-2),#6);
#3240=PRESENTATION_STYLE_ASSIGNMENT((#3239));
#3241=STYLED_ITEM('',(#3240),#3238);
#3242=CARTESIAN_POINT('',(2.225E0,1.75E-1,-2.5E-1));
#3243=DIRECTION('',(0.E0,1.E0,0.E0));
#3244=DIRECTION('',(0.E0,0.E0,-1.E0));
#3245=AXIS2_PLACEMENT_3D('',#3242,#3243,#3244);
#3247=CURVE_STYLE('',#32,POSITIVE_LENGTH_MEASURE(2.E-2),#6);
#3248=PRESENTATION_STYLE_ASSIGNMENT((#3247));
#3249=STYLED_ITEM('',(#3248),#3246);
#3250=DIRECTION('',(1.E0,0.E0,0.E0));
#3251=VECTOR('',#3250,2.75E-1);
#3252=CARTESIAN_POINT('',(2.225E0,1.75E-1,-1.25E-1));
#3253=LINE('',#3252,#3251);
#3254=CURVE_STYLE('',#32,POSITIVE_LENGTH_MEASURE(2.E-2),#6);
#3255=PRESENTATION_STYLE_ASSIGNMENT((#3254));
#3256=STYLED_ITEM('',(#3255),#3253);
#3257=DIRECTION('',(-1.E0,0.E0,0.E0));
#3258=VECTOR('',#3257,5.E-2);
#3259=CARTESIAN_POINT('',(2.5E0,7.5E-2,1.25E-1));
#3260=LINE('',#3259,#3258);
#3261=CURVE_STYLE('',#32,POSITIVE_LENGTH_MEASURE(2.E-2),#6);
#3262=PRESENTATION_STYLE_ASSIGNMENT((#3261));
#3263=STYLED_ITEM('',(#3262),#3260);
#3264=DIRECTION('',(0.E0,1.E0,0.E0));
#3265=VECTOR('',#3264,7.5E-2);
#3266=CARTESIAN_POINT('',(2.45E0,0.E0,1.25E-1));
#3267=LINE('',#3266,#3265);
#3268=CURVE_STYLE('',#32,POSITIVE_LENGTH_MEASURE(2.E-2),#6);
#3269=PRESENTATION_STYLE_ASSIGNMENT((#3268));
#3270=STYLED_ITEM('',(#3269),#3267);
#3271=DIRECTION('',(0.E0,1.E0,0.E0));
#3272=VECTOR('',#3271,1.75E-1);
#3273=CARTESIAN_POINT('',(2.225E0,0.E0,1.25E-1));
#3274=LINE('',#3273,#3272);
#3275=CURVE_STYLE('',#32,POSITIVE_LENGTH_MEASURE(2.E-2),#6);
#3276=PRESENTATION_STYLE_ASSIGNMENT((#3275));
#3277=STYLED_ITEM('',(#3276),#3274);
#3278=DIRECTION('',(1.E0,0.E0,0.E0));
#3279=VECTOR('',#3278,5.E-2);
#3280=CARTESIAN_POINT('',(2.45E0,7.5E-2,3.75E-1));
#3281=LINE('',#3280,#3279);
#3282=CURVE_STYLE('',#32,POSITIVE_LENGTH_MEASURE(2.E-2),#6);
#3283=PRESENTATION_STYLE_ASSIGNMENT((#3282));
#3284=STYLED_ITEM('',(#3283),#3281);
#3285=DIRECTION('',(0.E0,1.E0,0.E0));
#3286=VECTOR('',#3285,1.75E-1);
#3287=CARTESIAN_POINT('',(2.225E0,0.E0,3.75E-1));
#3288=LINE('',#3287,#3286);
#3289=CURVE_STYLE('',#32,POSITIVE_LENGTH_MEASURE(2.E-2),#6);
#3290=PRESENTATION_STYLE_ASSIGNMENT((#3289));
#3291=STYLED_ITEM('',(#3290),#3288);
#3292=DIRECTION('',(0.E0,1.E0,0.E0));
#3293=VECTOR('',#3292,7.5E-2);
#3294=CARTESIAN_POINT('',(2.45E0,0.E0,3.75E-1));
#3295=LINE('',#3294,#3293);
#3296=CURVE_STYLE('',#32,POSITIVE_LENGTH_MEASURE(2.E-2),#6);
#3297=PRESENTATION_STYLE_ASSIGNMENT((#3296));
#3298=STYLED_ITEM('',(#3297),#3295);
#3299=DIRECTION('',(-1.E0,0.E0,0.E0));
#3300=VECTOR('',#3299,2.75E-1);
#3301=CARTESIAN_POINT('',(2.5E0,1.75E-1,1.25E-1));
#3302=LINE('',#3301,#3300);
#3303=CURVE_STYLE('',#32,POSITIVE_LENGTH_MEASURE(2.E-2),#6);
#3304=PRESENTATION_STYLE_ASSIGNMENT((#3303));
#3305=STYLED_ITEM('',(#3304),#3302);
#3306=CARTESIAN_POINT('',(2.225E0,1.75E-1,2.5E-1));
#3307=DIRECTION('',(0.E0,1.E0,0.E0));
#3308=DIRECTION('',(0.E0,0.E0,-1.E0));
#3309=AXIS2_PLACEMENT_3D('',#3306,#3307,#3308);
#3311=CURVE_STYLE('',#32,POSITIVE_LENGTH_MEASURE(2.E-2),#6);
#3312=PRESENTATION_STYLE_ASSIGNMENT((#3311));
#3313=STYLED_ITEM('',(#3312),#3310);
#3314=DIRECTION('',(1.E0,0.E0,0.E0));
#3315=VECTOR('',#3314,2.75E-1);
#3316=CARTESIAN_POINT('',(2.225E0,1.75E-1,3.75E-1));
#3317=LINE('',#3316,#3315);
#3318=CURVE_STYLE('',#32,POSITIVE_LENGTH_MEASURE(2.E-2),#6);
#3319=PRESENTATION_STYLE_ASSIGNMENT((#3318));
#3320=STYLED_ITEM('',(#3319),#3317);
#3321=DIRECTION('',(-1.E0,0.E0,0.E0));
#3322=VECTOR('',#3321,5.E-2);
#3323=CARTESIAN_POINT('',(2.5E0,7.5E-2,6.25E-1));
#3324=LINE('',#3323,#3322);
#3325=CURVE_STYLE('',#32,POSITIVE_LENGTH_MEASURE(2.E-2),#6);
#3326=PRESENTATION_STYLE_ASSIGNMENT((#3325));
#3327=STYLED_ITEM('',(#3326),#3324);
#3328=DIRECTION('',(0.E0,1.E0,0.E0));
#3329=VECTOR('',#3328,7.5E-2);
#3330=CARTESIAN_POINT('',(2.45E0,0.E0,6.25E-1));
#3331=LINE('',#3330,#3329);
#3332=CURVE_STYLE('',#32,POSITIVE_LENGTH_MEASURE(2.E-2),#6);
#3333=PRESENTATION_STYLE_ASSIGNMENT((#3332));
#3334=STYLED_ITEM('',(#3333),#3331);
#3335=DIRECTION('',(0.E0,1.E0,0.E0));
#3336=VECTOR('',#3335,1.75E-1);
#3337=CARTESIAN_POINT('',(2.225E0,0.E0,6.25E-1));
#3338=LINE('',#3337,#3336);
#3339=CURVE_STYLE('',#32,POSITIVE_LENGTH_MEASURE(2.E-2),#6);
#3340=PRESENTATION_STYLE_ASSIGNMENT((#3339));
#3341=STYLED_ITEM('',(#3340),#3338);
#3342=DIRECTION('',(1.E0,0.E0,0.E0));
#3343=VECTOR('',#3342,5.E-2);
#3344=CARTESIAN_POINT('',(2.45E0,7.5E-2,8.75E-1));
#3345=LINE('',#3344,#3343);
#3346=CURVE_STYLE('',#32,POSITIVE_LENGTH_MEASURE(2.E-2),#6);
#3347=PRESENTATION_STYLE_ASSIGNMENT((#3346));
#3348=STYLED_ITEM('',(#3347),#3345);
#3349=DIRECTION('',(0.E0,1.E0,0.E0));
#3350=VECTOR('',#3349,1.75E-1);
#3351=CARTESIAN_POINT('',(2.225E0,0.E0,8.75E-1));
#3352=LINE('',#3351,#3350);
#3353=CURVE_STYLE('',#32,POSITIVE_LENGTH_MEASURE(2.E-2),#6);
#3354=PRESENTATION_STYLE_ASSIGNMENT((#3353));
#3355=STYLED_ITEM('',(#3354),#3352);
#3356=DIRECTION('',(0.E0,1.E0,0.E0));
#3357=VECTOR('',#3356,7.5E-2);
#3358=CARTESIAN_POINT('',(2.45E0,0.E0,8.75E-1));
#3359=LINE('',#3358,#3357);
#3360=CURVE_STYLE('',#32,POSITIVE_LENGTH_MEASURE(2.E-2),#6);
#3361=PRESENTATION_STYLE_ASSIGNMENT((#3360));
#3362=STYLED_ITEM('',(#3361),#3359);
#3363=DIRECTION('',(-1.E0,0.E0,0.E0));
#3364=VECTOR('',#3363,2.75E-1);
#3365=CARTESIAN_POINT('',(2.5E0,1.75E-1,6.25E-1));
#3366=LINE('',#3365,#3364);
#3367=CURVE_STYLE('',#32,POSITIVE_LENGTH_MEASURE(2.E-2),#6);
#3368=PRESENTATION_STYLE_ASSIGNMENT((#3367));
#3369=STYLED_ITEM('',(#3368),#3366);
#3370=CARTESIAN_POINT('',(2.225E0,1.75E-1,7.5E-1));
#3371=DIRECTION('',(0.E0,1.E0,0.E0));
#3372=DIRECTION('',(0.E0,0.E0,-1.E0));
#3373=AXIS2_PLACEMENT_3D('',#3370,#3371,#3372);
#3375=CURVE_STYLE('',#32,POSITIVE_LENGTH_MEASURE(2.E-2),#6);
#3376=PRESENTATION_STYLE_ASSIGNMENT((#3375));
#3377=STYLED_ITEM('',(#3376),#3374);
#3378=DIRECTION('',(1.E0,0.E0,0.E0));
#3379=VECTOR('',#3378,2.75E-1);
#3380=CARTESIAN_POINT('',(2.225E0,1.75E-1,8.75E-1));
#3381=LINE('',#3380,#3379);
#3382=CURVE_STYLE('',#32,POSITIVE_LENGTH_MEASURE(2.E-2),#6);
#3383=PRESENTATION_STYLE_ASSIGNMENT((#3382));
#3384=STYLED_ITEM('',(#3383),#3381);
#3385=DIRECTION('',(-1.E0,0.E0,0.E0));
#3386=VECTOR('',#3385,5.E-2);
#3387=CARTESIAN_POINT('',(2.5E0,7.5E-2,1.125E0));
#3388=LINE('',#3387,#3386);
#3389=CURVE_STYLE('',#32,POSITIVE_LENGTH_MEASURE(2.E-2),#6);
#3390=PRESENTATION_STYLE_ASSIGNMENT((#3389));
#3391=STYLED_ITEM('',(#3390),#3388);
#3392=DIRECTION('',(0.E0,1.E0,0.E0));
#3393=VECTOR('',#3392,7.5E-2);
#3394=CARTESIAN_POINT('',(2.45E0,0.E0,1.125E0));
#3395=LINE('',#3394,#3393);
#3396=CURVE_STYLE('',#32,POSITIVE_LENGTH_MEASURE(2.E-2),#6);
#3397=PRESENTATION_STYLE_ASSIGNMENT((#3396));
#3398=STYLED_ITEM('',(#3397),#3395);
#3399=DIRECTION('',(0.E0,1.E0,0.E0));
#3400=VECTOR('',#3399,1.75E-1);
#3401=CARTESIAN_POINT('',(2.225E0,0.E0,1.125E0));
#3402=LINE('',#3401,#3400);
#3403=CURVE_STYLE('',#32,POSITIVE_LENGTH_MEASURE(2.E-2),#6);
#3404=PRESENTATION_STYLE_ASSIGNMENT((#3403));
#3405=STYLED_ITEM('',(#3404),#3402);
#3406=DIRECTION('',(1.E0,0.E0,0.E0));
#3407=VECTOR('',#3406,5.E-2);
#3408=CARTESIAN_POINT('',(2.45E0,7.5E-2,1.375E0));
#3409=LINE('',#3408,#3407);
#3410=CURVE_STYLE('',#32,POSITIVE_LENGTH_MEASURE(2.E-2),#6);
#3411=PRESENTATION_STYLE_ASSIGNMENT((#3410));
#3412=STYLED_ITEM('',(#3411),#3409);
#3413=DIRECTION('',(0.E0,1.E0,0.E0));
#3414=VECTOR('',#3413,1.75E-1);
#3415=CARTESIAN_POINT('',(2.225E0,0.E0,1.375E0));
#3416=LINE('',#3415,#3414);
#3417=CURVE_STYLE('',#32,POSITIVE_LENGTH_MEASURE(2.E-2),#6);
#3418=PRESENTATION_STYLE_ASSIGNMENT((#3417));
#3419=STYLED_ITEM('',(#3418),#3416);
#3420=DIRECTION('',(0.E0,1.E0,0.E0));
#3421=VECTOR('',#3420,7.5E-2);
#3422=CARTESIAN_POINT('',(2.45E0,0.E0,1.375E0));
#3423=LINE('',#3422,#3421);
#3424=CURVE_STYLE('',#32,POSITIVE_LENGTH_MEASURE(2.E-2),#6);
#3425=PRESENTATION_STYLE_ASSIGNMENT((#3424));
#3426=STYLED_ITEM('',(#3425),#3423);
#3427=DIRECTION('',(-1.E0,0.E0,0.E0));
#3428=VECTOR('',#3427,2.75E-1);
#3429=CARTESIAN_POINT('',(2.5E0,1.75E-1,1.125E0));
#3430=LINE('',#3429,#3428);
#3431=CURVE_STYLE('',#32,POSITIVE_LENGTH_MEASURE(2.E-2),#6);
#3432=PRESENTATION_STYLE_ASSIGNMENT((#3431));
#3433=STYLED_ITEM('',(#3432),#3430);
#3434=CARTESIAN_POINT('',(2.225E0,1.75E-1,1.25E0));
#3435=DIRECTION('',(0.E0,1.E0,0.E0));
#3436=DIRECTION('',(0.E0,0.E0,-1.E0));
#3437=AXIS2_PLACEMENT_3D('',#3434,#3435,#3436);
#3439=CURVE_STYLE('',#32,POSITIVE_LENGTH_MEASURE(2.E-2),#6);
#3440=PRESENTATION_STYLE_ASSIGNMENT((#3439));
#3441=STYLED_ITEM('',(#3440),#3438);
#3442=DIRECTION('',(1.E0,0.E0,0.E0));
#3443=VECTOR('',#3442,2.75E-1);
#3444=CARTESIAN_POINT('',(2.225E0,1.75E-1,1.375E0));
#3445=LINE('',#3444,#3443);
#3446=CURVE_STYLE('',#32,POSITIVE_LENGTH_MEASURE(2.E-2),#6);
#3447=PRESENTATION_STYLE_ASSIGNMENT((#3446));
#3448=STYLED_ITEM('',(#3447),#3445);
#3449=DIRECTION('',(-1.E0,0.E0,0.E0));
#3450=VECTOR('',#3449,5.E-2);
#3451=CARTESIAN_POINT('',(2.5E0,7.5E-2,1.625E0));
#3452=LINE('',#3451,#3450);
#3453=CURVE_STYLE('',#32,POSITIVE_LENGTH_MEASURE(2.E-2),#6);
#3454=PRESENTATION_STYLE_ASSIGNMENT((#3453));
#3455=STYLED_ITEM('',(#3454),#3452);
#3456=DIRECTION('',(0.E0,1.E0,0.E0));
#3457=VECTOR('',#3456,7.5E-2);
#3458=CARTESIAN_POINT('',(2.45E0,0.E0,1.625E0));
#3459=LINE('',#3458,#3457);
#3460=CURVE_STYLE('',#32,POSITIVE_LENGTH_MEASURE(2.E-2),#6);
#3461=PRESENTATION_STYLE_ASSIGNMENT((#3460));
#3462=STYLED_ITEM('',(#3461),#3459);
#3463=DIRECTION('',(0.E0,1.E0,0.E0));
#3464=VECTOR('',#3463,1.75E-1);
#3465=CARTESIAN_POINT('',(2.225E0,0.E0,1.625E0));
#3466=LINE('',#3465,#3464);
#3467=CURVE_STYLE('',#32,POSITIVE_LENGTH_MEASURE(2.E-2),#6);
#3468=PRESENTATION_STYLE_ASSIGNMENT((#3467));
#3469=STYLED_ITEM('',(#3468),#3466);
#3470=DIRECTION('',(1.E0,0.E0,0.E0));
#3471=VECTOR('',#3470,5.E-2);
#3472=CARTESIAN_POINT('',(2.45E0,7.5E-2,1.875E0));
#3473=LINE('',#3472,#3471);
#3474=CURVE_STYLE('',#32,POSITIVE_LENGTH_MEASURE(2.E-2),#6);
#3475=PRESENTATION_STYLE_ASSIGNMENT((#3474));
#3476=STYLED_ITEM('',(#3475),#3473);
#3477=DIRECTION('',(0.E0,1.E0,0.E0));
#3478=VECTOR('',#3477,1.75E-1);
#3479=CARTESIAN_POINT('',(2.225E0,0.E0,1.875E0));
#3480=LINE('',#3479,#3478);
#3481=CURVE_STYLE('',#32,POSITIVE_LENGTH_MEASURE(2.E-2),#6);
#3482=PRESENTATION_STYLE_ASSIGNMENT((#3481));
#3483=STYLED_ITEM('',(#3482),#3480);
#3484=DIRECTION('',(0.E0,1.E0,0.E0));
#3485=VECTOR('',#3484,7.5E-2);
#3486=CARTESIAN_POINT('',(2.45E0,0.E0,1.875E0));
#3487=LINE('',#3486,#3485);
#3488=CURVE_STYLE('',#32,POSITIVE_LENGTH_MEASURE(2.E-2),#6);
#3489=PRESENTATION_STYLE_ASSIGNMENT((#3488));
#3490=STYLED_ITEM('',(#3489),#3487);
#3491=DIRECTION('',(-1.E0,0.E0,0.E0));
#3492=VECTOR('',#3491,2.75E-1);
#3493=CARTESIAN_POINT('',(2.5E0,1.75E-1,1.625E0));
#3494=LINE('',#3493,#3492);
#3495=CURVE_STYLE('',#32,POSITIVE_LENGTH_MEASURE(2.E-2),#6);
#3496=PRESENTATION_STYLE_ASSIGNMENT((#3495));
#3497=STYLED_ITEM('',(#3496),#3494);
#3498=CARTESIAN_POINT('',(2.225E0,1.75E-1,1.75E0));
#3499=DIRECTION('',(0.E0,1.E0,0.E0));
#3500=DIRECTION('',(0.E0,0.E0,-1.E0));
#3501=AXIS2_PLACEMENT_3D('',#3498,#3499,#3500);
#3503=CURVE_STYLE('',#32,POSITIVE_LENGTH_MEASURE(2.E-2),#6);
#3504=PRESENTATION_STYLE_ASSIGNMENT((#3503));
#3505=STYLED_ITEM('',(#3504),#3502);
#3506=DIRECTION('',(1.E0,0.E0,0.E0));
#3507=VECTOR('',#3506,2.75E-1);
#3508=CARTESIAN_POINT('',(2.225E0,1.75E-1,1.875E0));
#3509=LINE('',#3508,#3507);
#3510=CURVE_STYLE('',#32,POSITIVE_LENGTH_MEASURE(2.E-2),#6);
#3511=PRESENTATION_STYLE_ASSIGNMENT((#3510));
#3512=STYLED_ITEM('',(#3511),#3509);
#3513=DIRECTION('',(-1.E0,0.E0,0.E0));
#3514=VECTOR('',#3513,5.E-2);
#3515=CARTESIAN_POINT('',(2.5E0,7.5E-2,2.125E0));
#3516=LINE('',#3515,#3514);
#3517=CURVE_STYLE('',#32,POSITIVE_LENGTH_MEASURE(2.E-2),#6);
#3518=PRESENTATION_STYLE_ASSIGNMENT((#3517));
#3519=STYLED_ITEM('',(#3518),#3516);
#3520=DIRECTION('',(0.E0,1.E0,0.E0));
#3521=VECTOR('',#3520,7.5E-2);
#3522=CARTESIAN_POINT('',(2.45E0,0.E0,2.125E0));
#3523=LINE('',#3522,#3521);
#3524=CURVE_STYLE('',#32,POSITIVE_LENGTH_MEASURE(2.E-2),#6);
#3525=PRESENTATION_STYLE_ASSIGNMENT((#3524));
#3526=STYLED_ITEM('',(#3525),#3523);
#3527=DIRECTION('',(0.E0,1.E0,0.E0));
#3528=VECTOR('',#3527,1.75E-1);
#3529=CARTESIAN_POINT('',(2.125E0,0.E0,2.125E0));
#3530=LINE('',#3529,#3528);
#3531=CURVE_STYLE('',#32,POSITIVE_LENGTH_MEASURE(2.E-2),#6);
#3532=PRESENTATION_STYLE_ASSIGNMENT((#3531));
#3533=STYLED_ITEM('',(#3532),#3530);
#3534=DIRECTION('',(0.E0,1.E0,0.E0));
#3535=VECTOR('',#3534,7.5E-2);
#3536=CARTESIAN_POINT('',(2.125E0,0.E0,2.45E0));
#3537=LINE('',#3536,#3535);
#3538=CURVE_STYLE('',#32,POSITIVE_LENGTH_MEASURE(2.E-2),#6);
#3539=PRESENTATION_STYLE_ASSIGNMENT((#3538));
#3540=STYLED_ITEM('',(#3539),#3537);
#3541=DIRECTION('',(0.E0,0.E0,1.E0));
#3542=VECTOR('',#3541,5.E-2);
#3543=CARTESIAN_POINT('',(2.125E0,7.5E-2,2.45E0));
#3544=LINE('',#3543,#3542);
#3545=CURVE_STYLE('',#32,POSITIVE_LENGTH_MEASURE(2.E-2),#6);
#3546=PRESENTATION_STYLE_ASSIGNMENT((#3545));
#3547=STYLED_ITEM('',(#3546),#3544);
#3548=DIRECTION('',(0.E0,0.E0,-1.E0));
#3549=VECTOR('',#3548,1.75E-1);
#3550=CARTESIAN_POINT('',(2.325E0,1.75E-1,2.5E0));
#3551=LINE('',#3550,#3549);
#3552=CURVE_STYLE('',#32,POSITIVE_LENGTH_MEASURE(2.E-2),#6);
#3553=PRESENTATION_STYLE_ASSIGNMENT((#3552));
#3554=STYLED_ITEM('',(#3553),#3551);
#3555=DIRECTION('',(1.E0,0.E0,0.E0));
#3556=VECTOR('',#3555,1.75E-1);
#3557=CARTESIAN_POINT('',(2.325E0,1.75E-1,2.325E0));
#3558=LINE('',#3557,#3556);
#3559=CURVE_STYLE('',#32,POSITIVE_LENGTH_MEASURE(2.E-2),#6);
#3560=PRESENTATION_STYLE_ASSIGNMENT((#3559));
#3561=STYLED_ITEM('',(#3560),#3558);
#3562=DIRECTION('',(-1.E0,0.E0,0.E0));
#3563=VECTOR('',#3562,3.75E-1);
#3564=CARTESIAN_POINT('',(2.5E0,1.75E-1,2.125E0));
#3565=LINE('',#3564,#3563);
#3566=CURVE_STYLE('',#32,POSITIVE_LENGTH_MEASURE(2.E-2),#6);
#3567=PRESENTATION_STYLE_ASSIGNMENT((#3566));
#3568=STYLED_ITEM('',(#3567),#3565);
#3569=DIRECTION('',(0.E0,0.E0,1.E0));
#3570=VECTOR('',#3569,3.75E-1);
#3571=CARTESIAN_POINT('',(2.125E0,1.75E-1,2.125E0));
#3572=LINE('',#3571,#3570);
#3573=CURVE_STYLE('',#32,POSITIVE_LENGTH_MEASURE(2.E-2),#6);
#3574=PRESENTATION_STYLE_ASSIGNMENT((#3573));
#3575=STYLED_ITEM('',(#3574),#3572);
#3576=DIRECTION('',(0.E0,1.E0,0.E0));
#3577=VECTOR('',#3576,1.75E-1);
#3578=CARTESIAN_POINT('',(2.325E0,0.E0,2.325E0));
#3579=LINE('',#3578,#3577);
#3580=CURVE_STYLE('',#32,POSITIVE_LENGTH_MEASURE(2.E-2),#6);
#3581=PRESENTATION_STYLE_ASSIGNMENT((#3580));
#3582=STYLED_ITEM('',(#3581),#3579);
#3583=DIRECTION('',(0.E0,1.E0,0.E0));
#3584=VECTOR('',#3583,7.5E-2);
#3585=CARTESIAN_POINT('',(2.45E0,0.E0,2.325E0));
#3586=LINE('',#3585,#3584);
#3587=CURVE_STYLE('',#32,POSITIVE_LENGTH_MEASURE(2.E-2),#6);
#3588=PRESENTATION_STYLE_ASSIGNMENT((#3587));
#3589=STYLED_ITEM('',(#3588),#3586);
#3590=DIRECTION('',(1.E0,0.E0,0.E0));
#3591=VECTOR('',#3590,5.E-2);
#3592=CARTESIAN_POINT('',(2.45E0,7.5E-2,2.325E0));
#3593=LINE('',#3592,#3591);
#3594=CURVE_STYLE('',#32,POSITIVE_LENGTH_MEASURE(2.E-2),#6);
#3595=PRESENTATION_STYLE_ASSIGNMENT((#3594));
#3596=STYLED_ITEM('',(#3595),#3593);
#3597=DIRECTION('',(0.E0,0.E0,1.E0));
#3598=VECTOR('',#3597,5.E-2);
#3599=CARTESIAN_POINT('',(1.875E0,7.5E-2,2.45E0));
#3600=LINE('',#3599,#3598);
#3601=CURVE_STYLE('',#32,POSITIVE_LENGTH_MEASURE(2.E-2),#6);
#3602=PRESENTATION_STYLE_ASSIGNMENT((#3601));
#3603=STYLED_ITEM('',(#3602),#3600);
#3604=DIRECTION('',(0.E0,1.E0,0.E0));
#3605=VECTOR('',#3604,7.5E-2);
#3606=CARTESIAN_POINT('',(1.875E0,0.E0,2.45E0));
#3607=LINE('',#3606,#3605);
#3608=CURVE_STYLE('',#32,POSITIVE_LENGTH_MEASURE(2.E-2),#6);
#3609=PRESENTATION_STYLE_ASSIGNMENT((#3608));
#3610=STYLED_ITEM('',(#3609),#3607);
#3611=DIRECTION('',(0.E0,1.E0,0.E0));
#3612=VECTOR('',#3611,1.75E-1);
#3613=CARTESIAN_POINT('',(1.875E0,0.E0,2.225E0));
#3614=LINE('',#3613,#3612);
#3615=CURVE_STYLE('',#32,POSITIVE_LENGTH_MEASURE(2.E-2),#6);
#3616=PRESENTATION_STYLE_ASSIGNMENT((#3615));
#3617=STYLED_ITEM('',(#3616),#3614);
#3618=DIRECTION('',(0.E0,1.E0,0.E0));
#3619=VECTOR('',#3618,1.75E-1);
#3620=CARTESIAN_POINT('',(1.625E0,0.E0,2.225E0));
#3621=LINE('',#3620,#3619);
#3622=CURVE_STYLE('',#32,POSITIVE_LENGTH_MEASURE(2.E-2),#6);
#3623=PRESENTATION_STYLE_ASSIGNMENT((#3622));
#3624=STYLED_ITEM('',(#3623),#3621);
#3625=DIRECTION('',(0.E0,0.E0,-1.E0));
#3626=VECTOR('',#3625,5.E-2);
#3627=CARTESIAN_POINT('',(1.625E0,7.5E-2,2.5E0));
#3628=LINE('',#3627,#3626);
#3629=CURVE_STYLE('',#32,POSITIVE_LENGTH_MEASURE(2.E-2),#6);
#3630=PRESENTATION_STYLE_ASSIGNMENT((#3629));
#3631=STYLED_ITEM('',(#3630),#3628);
#3632=DIRECTION('',(0.E0,1.E0,0.E0));
#3633=VECTOR('',#3632,7.5E-2);
#3634=CARTESIAN_POINT('',(1.625E0,0.E0,2.45E0));
#3635=LINE('',#3634,#3633);
#3636=CURVE_STYLE('',#32,POSITIVE_LENGTH_MEASURE(2.E-2),#6);
#3637=PRESENTATION_STYLE_ASSIGNMENT((#3636));
#3638=STYLED_ITEM('',(#3637),#3635);
#3639=DIRECTION('',(0.E0,0.E0,1.E0));
#3640=VECTOR('',#3639,2.75E-1);
#3641=CARTESIAN_POINT('',(1.875E0,1.75E-1,2.225E0));
#3642=LINE('',#3641,#3640);
#3643=CURVE_STYLE('',#32,POSITIVE_LENGTH_MEASURE(2.E-2),#6);
#3644=PRESENTATION_STYLE_ASSIGNMENT((#3643));
#3645=STYLED_ITEM('',(#3644),#3642);
#3646=CARTESIAN_POINT('',(1.75E0,1.75E-1,2.225E0));
#3647=DIRECTION('',(0.E0,-1.E0,0.E0));
#3648=DIRECTION('',(-1.E0,0.E0,0.E0));
#3649=AXIS2_PLACEMENT_3D('',#3646,#3647,#3648);
#3651=CURVE_STYLE('',#32,POSITIVE_LENGTH_MEASURE(2.E-2),#6);
#3652=PRESENTATION_STYLE_ASSIGNMENT((#3651));
#3653=STYLED_ITEM('',(#3652),#3650);
#3654=DIRECTION('',(0.E0,0.E0,-1.E0));
#3655=VECTOR('',#3654,2.75E-1);
#3656=CARTESIAN_POINT('',(1.625E0,1.75E-1,2.5E0));
#3657=LINE('',#3656,#3655);
#3658=CURVE_STYLE('',#32,POSITIVE_LENGTH_MEASURE(2.E-2),#6);
#3659=PRESENTATION_STYLE_ASSIGNMENT((#3658));
#3660=STYLED_ITEM('',(#3659),#3657);
#3661=DIRECTION('',(0.E0,0.E0,1.E0));
#3662=VECTOR('',#3661,5.E-2);
#3663=CARTESIAN_POINT('',(1.375E0,7.5E-2,2.45E0));
#3664=LINE('',#3663,#3662);
#3665=CURVE_STYLE('',#32,POSITIVE_LENGTH_MEASURE(2.E-2),#6);
#3666=PRESENTATION_STYLE_ASSIGNMENT((#3665));
#3667=STYLED_ITEM('',(#3666),#3664);
#3668=DIRECTION('',(0.E0,1.E0,0.E0));
#3669=VECTOR('',#3668,7.5E-2);
#3670=CARTESIAN_POINT('',(1.375E0,0.E0,2.45E0));
#3671=LINE('',#3670,#3669);
#3672=CURVE_STYLE('',#32,POSITIVE_LENGTH_MEASURE(2.E-2),#6);
#3673=PRESENTATION_STYLE_ASSIGNMENT((#3672));
#3674=STYLED_ITEM('',(#3673),#3671);
#3675=DIRECTION('',(0.E0,1.E0,0.E0));
#3676=VECTOR('',#3675,1.75E-1);
#3677=CARTESIAN_POINT('',(1.375E0,0.E0,2.225E0));
#3678=LINE('',#3677,#3676);
#3679=CURVE_STYLE('',#32,POSITIVE_LENGTH_MEASURE(2.E-2),#6);
#3680=PRESENTATION_STYLE_ASSIGNMENT((#3679));
#3681=STYLED_ITEM('',(#3680),#3678);
#3682=DIRECTION('',(0.E0,1.E0,0.E0));
#3683=VECTOR('',#3682,1.75E-1);
#3684=CARTESIAN_POINT('',(1.125E0,0.E0,2.225E0));
#3685=LINE('',#3684,#3683);
#3686=CURVE_STYLE('',#32,POSITIVE_LENGTH_MEASURE(2.E-2),#6);
#3687=PRESENTATION_STYLE_ASSIGNMENT((#3686));
#3688=STYLED_ITEM('',(#3687),#3685);
#3689=DIRECTION('',(0.E0,0.E0,-1.E0));
#3690=VECTOR('',#3689,5.E-2);
#3691=CARTESIAN_POINT('',(1.125E0,7.5E-2,2.5E0));
#3692=LINE('',#3691,#3690);
#3693=CURVE_STYLE('',#32,POSITIVE_LENGTH_MEASURE(2.E-2),#6);
#3694=PRESENTATION_STYLE_ASSIGNMENT((#3693));
#3695=STYLED_ITEM('',(#3694),#3692);
#3696=DIRECTION('',(0.E0,1.E0,0.E0));
#3697=VECTOR('',#3696,7.5E-2);
#3698=CARTESIAN_POINT('',(1.125E0,0.E0,2.45E0));
#3699=LINE('',#3698,#3697);
#3700=CURVE_STYLE('',#32,POSITIVE_LENGTH_MEASURE(2.E-2),#6);
#3701=PRESENTATION_STYLE_ASSIGNMENT((#3700));
#3702=STYLED_ITEM('',(#3701),#3699);
#3703=DIRECTION('',(0.E0,0.E0,1.E0));
#3704=VECTOR('',#3703,2.75E-1);
#3705=CARTESIAN_POINT('',(1.375E0,1.75E-1,2.225E0));
#3706=LINE('',#3705,#3704);
#3707=CURVE_STYLE('',#32,POSITIVE_LENGTH_MEASURE(2.E-2),#6);
#3708=PRESENTATION_STYLE_ASSIGNMENT((#3707));
#3709=STYLED_ITEM('',(#3708),#3706);
#3710=CARTESIAN_POINT('',(1.25E0,1.75E-1,2.225E0));
#3711=DIRECTION('',(0.E0,-1.E0,0.E0));
#3712=DIRECTION('',(-1.E0,0.E0,0.E0));
#3713=AXIS2_PLACEMENT_3D('',#3710,#3711,#3712);
#3715=CURVE_STYLE('',#32,POSITIVE_LENGTH_MEASURE(2.E-2),#6);
#3716=PRESENTATION_STYLE_ASSIGNMENT((#3715));
#3717=STYLED_ITEM('',(#3716),#3714);
#3718=DIRECTION('',(0.E0,0.E0,-1.E0));
#3719=VECTOR('',#3718,2.75E-1);
#3720=CARTESIAN_POINT('',(1.125E0,1.75E-1,2.5E0));
#3721=LINE('',#3720,#3719);
#3722=CURVE_STYLE('',#32,POSITIVE_LENGTH_MEASURE(2.E-2),#6);
#3723=PRESENTATION_STYLE_ASSIGNMENT((#3722));
#3724=STYLED_ITEM('',(#3723),#3721);
#3725=DIRECTION('',(0.E0,0.E0,1.E0));
#3726=VECTOR('',#3725,5.E-2);
#3727=CARTESIAN_POINT('',(8.75E-1,7.5E-2,2.45E0));
#3728=LINE('',#3727,#3726);
#3729=CURVE_STYLE('',#32,POSITIVE_LENGTH_MEASURE(2.E-2),#6);
#3730=PRESENTATION_STYLE_ASSIGNMENT((#3729));
#3731=STYLED_ITEM('',(#3730),#3728);
#3732=DIRECTION('',(0.E0,1.E0,0.E0));
#3733=VECTOR('',#3732,7.5E-2);
#3734=CARTESIAN_POINT('',(8.75E-1,0.E0,2.45E0));
#3735=LINE('',#3734,#3733);
#3736=CURVE_STYLE('',#32,POSITIVE_LENGTH_MEASURE(2.E-2),#6);
#3737=PRESENTATION_STYLE_ASSIGNMENT((#3736));
#3738=STYLED_ITEM('',(#3737),#3735);
#3739=DIRECTION('',(0.E0,1.E0,0.E0));
#3740=VECTOR('',#3739,1.75E-1);
#3741=CARTESIAN_POINT('',(8.75E-1,0.E0,2.225E0));
#3742=LINE('',#3741,#3740);
#3743=CURVE_STYLE('',#32,POSITIVE_LENGTH_MEASURE(2.E-2),#6);
#3744=PRESENTATION_STYLE_ASSIGNMENT((#3743));
#3745=STYLED_ITEM('',(#3744),#3742);
#3746=DIRECTION('',(0.E0,1.E0,0.E0));
#3747=VECTOR('',#3746,1.75E-1);
#3748=CARTESIAN_POINT('',(6.25E-1,0.E0,2.225E0));
#3749=LINE('',#3748,#3747);
#3750=CURVE_STYLE('',#32,POSITIVE_LENGTH_MEASURE(2.E-2),#6);
#3751=PRESENTATION_STYLE_ASSIGNMENT((#3750));
#3752=STYLED_ITEM('',(#3751),#3749);
#3753=DIRECTION('',(0.E0,0.E0,-1.E0));
#3754=VECTOR('',#3753,5.E-2);
#3755=CARTESIAN_POINT('',(6.25E-1,7.5E-2,2.5E0));
#3756=LINE('',#3755,#3754);
#3757=CURVE_STYLE('',#32,POSITIVE_LENGTH_MEASURE(2.E-2),#6);
#3758=PRESENTATION_STYLE_ASSIGNMENT((#3757));
#3759=STYLED_ITEM('',(#3758),#3756);
#3760=DIRECTION('',(0.E0,1.E0,0.E0));
#3761=VECTOR('',#3760,7.5E-2);
#3762=CARTESIAN_POINT('',(6.25E-1,0.E0,2.45E0));
#3763=LINE('',#3762,#3761);
#3764=CURVE_STYLE('',#32,POSITIVE_LENGTH_MEASURE(2.E-2),#6);
#3765=PRESENTATION_STYLE_ASSIGNMENT((#3764));
#3766=STYLED_ITEM('',(#3765),#3763);
#3767=DIRECTION('',(0.E0,0.E0,1.E0));
#3768=VECTOR('',#3767,2.75E-1);
#3769=CARTESIAN_POINT('',(8.75E-1,1.75E-1,2.225E0));
#3770=LINE('',#3769,#3768);
#3771=CURVE_STYLE('',#32,POSITIVE_LENGTH_MEASURE(2.E-2),#6);
#3772=PRESENTATION_STYLE_ASSIGNMENT((#3771));
#3773=STYLED_ITEM('',(#3772),#3770);
#3774=CARTESIAN_POINT('',(7.5E-1,1.75E-1,2.225E0));
#3775=DIRECTION('',(0.E0,-1.E0,0.E0));
#3776=DIRECTION('',(-1.E0,0.E0,0.E0));
#3777=AXIS2_PLACEMENT_3D('',#3774,#3775,#3776);
#3779=CURVE_STYLE('',#32,POSITIVE_LENGTH_MEASURE(2.E-2),#6);
#3780=PRESENTATION_STYLE_ASSIGNMENT((#3779));
#3781=STYLED_ITEM('',(#3780),#3778);
#3782=DIRECTION('',(0.E0,0.E0,-1.E0));
#3783=VECTOR('',#3782,2.75E-1);
#3784=CARTESIAN_POINT('',(6.25E-1,1.75E-1,2.5E0));
#3785=LINE('',#3784,#3783);
#3786=CURVE_STYLE('',#32,POSITIVE_LENGTH_MEASURE(2.E-2),#6);
#3787=PRESENTATION_STYLE_ASSIGNMENT((#3786));
#3788=STYLED_ITEM('',(#3787),#3785);
#3789=DIRECTION('',(0.E0,0.E0,1.E0));
#3790=VECTOR('',#3789,5.E-2);
#3791=CARTESIAN_POINT('',(3.75E-1,7.5E-2,2.45E0));
#3792=LINE('',#3791,#3790);
#3793=CURVE_STYLE('',#32,POSITIVE_LENGTH_MEASURE(2.E-2),#6);
#3794=PRESENTATION_STYLE_ASSIGNMENT((#3793));
#3795=STYLED_ITEM('',(#3794),#3792);
#3796=DIRECTION('',(0.E0,1.E0,0.E0));
#3797=VECTOR('',#3796,7.5E-2);
#3798=CARTESIAN_POINT('',(3.75E-1,0.E0,2.45E0));
#3799=LINE('',#3798,#3797);
#3800=CURVE_STYLE('',#32,POSITIVE_LENGTH_MEASURE(2.E-2),#6);
#3801=PRESENTATION_STYLE_ASSIGNMENT((#3800));
#3802=STYLED_ITEM('',(#3801),#3799);
#3803=DIRECTION('',(0.E0,1.E0,0.E0));
#3804=VECTOR('',#3803,1.75E-1);
#3805=CARTESIAN_POINT('',(3.75E-1,0.E0,2.225E0));
#3806=LINE('',#3805,#3804);
#3807=CURVE_STYLE('',#32,POSITIVE_LENGTH_MEASURE(2.E-2),#6);
#3808=PRESENTATION_STYLE_ASSIGNMENT((#3807));
#3809=STYLED_ITEM('',(#3808),#3806);
#3810=DIRECTION('',(0.E0,1.E0,0.E0));
#3811=VECTOR('',#3810,1.75E-1);
#3812=CARTESIAN_POINT('',(1.25E-1,0.E0,2.225E0));
#3813=LINE('',#3812,#3811);
#3814=CURVE_STYLE('',#32,POSITIVE_LENGTH_MEASURE(2.E-2),#6);
#3815=PRESENTATION_STYLE_ASSIGNMENT((#3814));
#3816=STYLED_ITEM('',(#3815),#3813);
#3817=DIRECTION('',(0.E0,0.E0,-1.E0));
#3818=VECTOR('',#3817,5.E-2);
#3819=CARTESIAN_POINT('',(1.25E-1,7.5E-2,2.5E0));
#3820=LINE('',#3819,#3818);
#3821=CURVE_STYLE('',#32,POSITIVE_LENGTH_MEASURE(2.E-2),#6);
#3822=PRESENTATION_STYLE_ASSIGNMENT((#3821));
#3823=STYLED_ITEM('',(#3822),#3820);
#3824=DIRECTION('',(0.E0,1.E0,0.E0));
#3825=VECTOR('',#3824,7.5E-2);
#3826=CARTESIAN_POINT('',(1.25E-1,0.E0,2.45E0));
#3827=LINE('',#3826,#3825);
#3828=CURVE_STYLE('',#32,POSITIVE_LENGTH_MEASURE(2.E-2),#6);
#3829=PRESENTATION_STYLE_ASSIGNMENT((#3828));
#3830=STYLED_ITEM('',(#3829),#3827);
#3831=DIRECTION('',(0.E0,0.E0,1.E0));
#3832=VECTOR('',#3831,2.75E-1);
#3833=CARTESIAN_POINT('',(3.75E-1,1.75E-1,2.225E0));
#3834=LINE('',#3833,#3832);
#3835=CURVE_STYLE('',#32,POSITIVE_LENGTH_MEASURE(2.E-2),#6);
#3836=PRESENTATION_STYLE_ASSIGNMENT((#3835));
#3837=STYLED_ITEM('',(#3836),#3834);
#3838=CARTESIAN_POINT('',(2.5E-1,1.75E-1,2.225E0));
#3839=DIRECTION('',(0.E0,-1.E0,0.E0));
#3840=DIRECTION('',(-1.E0,0.E0,0.E0));
#3841=AXIS2_PLACEMENT_3D('',#3838,#3839,#3840);
#3843=CURVE_STYLE('',#32,POSITIVE_LENGTH_MEASURE(2.E-2),#6);
#3844=PRESENTATION_STYLE_ASSIGNMENT((#3843));
#3845=STYLED_ITEM('',(#3844),#3842);
#3846=DIRECTION('',(0.E0,0.E0,-1.E0));
#3847=VECTOR('',#3846,2.75E-1);
#3848=CARTESIAN_POINT('',(1.25E-1,1.75E-1,2.5E0));
#3849=LINE('',#3848,#3847);
#3850=CURVE_STYLE('',#32,POSITIVE_LENGTH_MEASURE(2.E-2),#6);
#3851=PRESENTATION_STYLE_ASSIGNMENT((#3850));
#3852=STYLED_ITEM('',(#3851),#3849);
#3853=DIRECTION('',(0.E0,0.E0,1.E0));
#3854=VECTOR('',#3853,5.E-2);
#3855=CARTESIAN_POINT('',(-1.25E-1,7.5E-2,2.45E0));
#3856=LINE('',#3855,#3854);
#3857=CURVE_STYLE('',#32,POSITIVE_LENGTH_MEASURE(2.E-2),#6);
#3858=PRESENTATION_STYLE_ASSIGNMENT((#3857));
#3859=STYLED_ITEM('',(#3858),#3856);
#3860=DIRECTION('',(0.E0,1.E0,0.E0));
#3861=VECTOR('',#3860,7.5E-2);
#3862=CARTESIAN_POINT('',(-1.25E-1,0.E0,2.45E0));
#3863=LINE('',#3862,#3861);
#3864=CURVE_STYLE('',#32,POSITIVE_LENGTH_MEASURE(2.E-2),#6);
#3865=PRESENTATION_STYLE_ASSIGNMENT((#3864));
#3866=STYLED_ITEM('',(#3865),#3863);
#3867=DIRECTION('',(0.E0,1.E0,0.E0));
#3868=VECTOR('',#3867,1.75E-1);
#3869=CARTESIAN_POINT('',(-1.25E-1,0.E0,2.225E0));
#3870=LINE('',#3869,#3868);
#3871=CURVE_STYLE('',#32,POSITIVE_LENGTH_MEASURE(2.E-2),#6);
#3872=PRESENTATION_STYLE_ASSIGNMENT((#3871));
#3873=STYLED_ITEM('',(#3872),#3870);
#3874=DIRECTION('',(0.E0,1.E0,0.E0));
#3875=VECTOR('',#3874,1.75E-1);
#3876=CARTESIAN_POINT('',(-3.75E-1,0.E0,2.225E0));
#3877=LINE('',#3876,#3875);
#3878=CURVE_STYLE('',#32,POSITIVE_LENGTH_MEASURE(2.E-2),#6);
#3879=PRESENTATION_STYLE_ASSIGNMENT((#3878));
#3880=STYLED_ITEM('',(#3879),#3877);
#3881=DIRECTION('',(0.E0,0.E0,-1.E0));
#3882=VECTOR('',#3881,5.E-2);
#3883=CARTESIAN_POINT('',(-3.75E-1,7.5E-2,2.5E0));
#3884=LINE('',#3883,#3882);
#3885=CURVE_STYLE('',#32,POSITIVE_LENGTH_MEASURE(2.E-2),#6);
#3886=PRESENTATION_STYLE_ASSIGNMENT((#3885));
#3887=STYLED_ITEM('',(#3886),#3884);
#3888=DIRECTION('',(0.E0,1.E0,0.E0));
#3889=VECTOR('',#3888,7.5E-2);
#3890=CARTESIAN_POINT('',(-3.75E-1,0.E0,2.45E0));
#3891=LINE('',#3890,#3889);
#3892=CURVE_STYLE('',#32,POSITIVE_LENGTH_MEASURE(2.E-2),#6);
#3893=PRESENTATION_STYLE_ASSIGNMENT((#3892));
#3894=STYLED_ITEM('',(#3893),#3891);
#3895=DIRECTION('',(0.E0,0.E0,1.E0));
#3896=VECTOR('',#3895,2.75E-1);
#3897=CARTESIAN_POINT('',(-1.25E-1,1.75E-1,2.225E0));
#3898=LINE('',#3897,#3896);
#3899=CURVE_STYLE('',#32,POSITIVE_LENGTH_MEASURE(2.E-2),#6);
#3900=PRESENTATION_STYLE_ASSIGNMENT((#3899));
#3901=STYLED_ITEM('',(#3900),#3898);
#3902=CARTESIAN_POINT('',(-2.5E-1,1.75E-1,2.225E0));
#3903=DIRECTION('',(0.E0,-1.E0,0.E0));
#3904=DIRECTION('',(-1.E0,0.E0,0.E0));
#3905=AXIS2_PLACEMENT_3D('',#3902,#3903,#3904);
#3907=CURVE_STYLE('',#32,POSITIVE_LENGTH_MEASURE(2.E-2),#6);
#3908=PRESENTATION_STYLE_ASSIGNMENT((#3907));
#3909=STYLED_ITEM('',(#3908),#3906);
#3910=DIRECTION('',(0.E0,0.E0,-1.E0));
#3911=VECTOR('',#3910,2.75E-1);
#3912=CARTESIAN_POINT('',(-3.75E-1,1.75E-1,2.5E0));
#3913=LINE('',#3912,#3911);
#3914=CURVE_STYLE('',#32,POSITIVE_LENGTH_MEASURE(2.E-2),#6);
#3915=PRESENTATION_STYLE_ASSIGNMENT((#3914));
#3916=STYLED_ITEM('',(#3915),#3913);
#3917=DIRECTION('',(0.E0,0.E0,1.E0));
#3918=VECTOR('',#3917,5.E-2);
#3919=CARTESIAN_POINT('',(-6.25E-1,7.5E-2,2.45E0));
#3920=LINE('',#3919,#3918);
#3921=CURVE_STYLE('',#32,POSITIVE_LENGTH_MEASURE(2.E-2),#6);
#3922=PRESENTATION_STYLE_ASSIGNMENT((#3921));
#3923=STYLED_ITEM('',(#3922),#3920);
#3924=DIRECTION('',(0.E0,1.E0,0.E0));
#3925=VECTOR('',#3924,7.5E-2);
#3926=CARTESIAN_POINT('',(-6.25E-1,0.E0,2.45E0));
#3927=LINE('',#3926,#3925);
#3928=CURVE_STYLE('',#32,POSITIVE_LENGTH_MEASURE(2.E-2),#6);
#3929=PRESENTATION_STYLE_ASSIGNMENT((#3928));
#3930=STYLED_ITEM('',(#3929),#3927);
#3931=DIRECTION('',(0.E0,1.E0,0.E0));
#3932=VECTOR('',#3931,1.75E-1);
#3933=CARTESIAN_POINT('',(-6.25E-1,0.E0,2.225E0));
#3934=LINE('',#3933,#3932);
#3935=CURVE_STYLE('',#32,POSITIVE_LENGTH_MEASURE(2.E-2),#6);
#3936=PRESENTATION_STYLE_ASSIGNMENT((#3935));
#3937=STYLED_ITEM('',(#3936),#3934);
#3938=DIRECTION('',(0.E0,1.E0,0.E0));
#3939=VECTOR('',#3938,1.75E-1);
#3940=CARTESIAN_POINT('',(-8.75E-1,0.E0,2.225E0));
#3941=LINE('',#3940,#3939);
#3942=CURVE_STYLE('',#32,POSITIVE_LENGTH_MEASURE(2.E-2),#6);
#3943=PRESENTATION_STYLE_ASSIGNMENT((#3942));
#3944=STYLED_ITEM('',(#3943),#3941);
#3945=DIRECTION('',(0.E0,0.E0,-1.E0));
#3946=VECTOR('',#3945,5.E-2);
#3947=CARTESIAN_POINT('',(-8.75E-1,7.5E-2,2.5E0));
#3948=LINE('',#3947,#3946);
#3949=CURVE_STYLE('',#32,POSITIVE_LENGTH_MEASURE(2.E-2),#6);
#3950=PRESENTATION_STYLE_ASSIGNMENT((#3949));
#3951=STYLED_ITEM('',(#3950),#3948);
#3952=DIRECTION('',(0.E0,1.E0,0.E0));
#3953=VECTOR('',#3952,7.5E-2);
#3954=CARTESIAN_POINT('',(-8.75E-1,0.E0,2.45E0));
#3955=LINE('',#3954,#3953);
#3956=CURVE_STYLE('',#32,POSITIVE_LENGTH_MEASURE(2.E-2),#6);
#3957=PRESENTATION_STYLE_ASSIGNMENT((#3956));
#3958=STYLED_ITEM('',(#3957),#3955);
#3959=DIRECTION('',(0.E0,0.E0,1.E0));
#3960=VECTOR('',#3959,2.75E-1);
#3961=CARTESIAN_POINT('',(-6.25E-1,1.75E-1,2.225E0));
#3962=LINE('',#3961,#3960);
#3963=CURVE_STYLE('',#32,POSITIVE_LENGTH_MEASURE(2.E-2),#6);
#3964=PRESENTATION_STYLE_ASSIGNMENT((#3963));
#3965=STYLED_ITEM('',(#3964),#3962);
#3966=CARTESIAN_POINT('',(-7.5E-1,1.75E-1,2.225E0));
#3967=DIRECTION('',(0.E0,-1.E0,0.E0));
#3968=DIRECTION('',(-1.E0,0.E0,0.E0));
#3969=AXIS2_PLACEMENT_3D('',#3966,#3967,#3968);
#3971=CURVE_STYLE('',#32,POSITIVE_LENGTH_MEASURE(2.E-2),#6);
#3972=PRESENTATION_STYLE_ASSIGNMENT((#3971));
#3973=STYLED_ITEM('',(#3972),#3970);
#3974=DIRECTION('',(0.E0,0.E0,-1.E0));
#3975=VECTOR('',#3974,2.75E-1);
#3976=CARTESIAN_POINT('',(-8.75E-1,1.75E-1,2.5E0));
#3977=LINE('',#3976,#3975);
#3978=CURVE_STYLE('',#32,POSITIVE_LENGTH_MEASURE(2.E-2),#6);
#3979=PRESENTATION_STYLE_ASSIGNMENT((#3978));
#3980=STYLED_ITEM('',(#3979),#3977);
#3981=DIRECTION('',(0.E0,0.E0,1.E0));
#3982=VECTOR('',#3981,5.E-2);
#3983=CARTESIAN_POINT('',(-1.125E0,7.5E-2,2.45E0));
#3984=LINE('',#3983,#3982);
#3985=CURVE_STYLE('',#32,POSITIVE_LENGTH_MEASURE(2.E-2),#6);
#3986=PRESENTATION_STYLE_ASSIGNMENT((#3985));
#3987=STYLED_ITEM('',(#3986),#3984);
#3988=DIRECTION('',(0.E0,1.E0,0.E0));
#3989=VECTOR('',#3988,7.5E-2);
#3990=CARTESIAN_POINT('',(-1.125E0,0.E0,2.45E0));
#3991=LINE('',#3990,#3989);
#3992=CURVE_STYLE('',#32,POSITIVE_LENGTH_MEASURE(2.E-2),#6);
#3993=PRESENTATION_STYLE_ASSIGNMENT((#3992));
#3994=STYLED_ITEM('',(#3993),#3991);
#3995=DIRECTION('',(0.E0,1.E0,0.E0));
#3996=VECTOR('',#3995,1.75E-1);
#3997=CARTESIAN_POINT('',(-1.125E0,0.E0,2.225E0));
#3998=LINE('',#3997,#3996);
#3999=CURVE_STYLE('',#32,POSITIVE_LENGTH_MEASURE(2.E-2),#6);
#4000=PRESENTATION_STYLE_ASSIGNMENT((#3999));
#4001=STYLED_ITEM('',(#4000),#3998);
#4002=DIRECTION('',(0.E0,1.E0,0.E0));
#4003=VECTOR('',#4002,1.75E-1);
#4004=CARTESIAN_POINT('',(-1.375E0,0.E0,2.225E0));
#4005=LINE('',#4004,#4003);
#4006=CURVE_STYLE('',#32,POSITIVE_LENGTH_MEASURE(2.E-2),#6);
#4007=PRESENTATION_STYLE_ASSIGNMENT((#4006));
#4008=STYLED_ITEM('',(#4007),#4005);
#4009=DIRECTION('',(0.E0,0.E0,-1.E0));
#4010=VECTOR('',#4009,5.E-2);
#4011=CARTESIAN_POINT('',(-1.375E0,7.5E-2,2.5E0));
#4012=LINE('',#4011,#4010);
#4013=CURVE_STYLE('',#32,POSITIVE_LENGTH_MEASURE(2.E-2),#6);
#4014=PRESENTATION_STYLE_ASSIGNMENT((#4013));
#4015=STYLED_ITEM('',(#4014),#4012);
#4016=DIRECTION('',(0.E0,1.E0,0.E0));
#4017=VECTOR('',#4016,7.5E-2);
#4018=CARTESIAN_POINT('',(-1.375E0,0.E0,2.45E0));
#4019=LINE('',#4018,#4017);
#4020=CURVE_STYLE('',#32,POSITIVE_LENGTH_MEASURE(2.E-2),#6);
#4021=PRESENTATION_STYLE_ASSIGNMENT((#4020));
#4022=STYLED_ITEM('',(#4021),#4019);
#4023=DIRECTION('',(0.E0,0.E0,1.E0));
#4024=VECTOR('',#4023,2.75E-1);
#4025=CARTESIAN_POINT('',(-1.125E0,1.75E-1,2.225E0));
#4026=LINE('',#4025,#4024);
#4027=CURVE_STYLE('',#32,POSITIVE_LENGTH_MEASURE(2.E-2),#6);
#4028=PRESENTATION_STYLE_ASSIGNMENT((#4027));
#4029=STYLED_ITEM('',(#4028),#4026);
#4030=CARTESIAN_POINT('',(-1.25E0,1.75E-1,2.225E0));
#4031=DIRECTION('',(0.E0,-1.E0,0.E0));
#4032=DIRECTION('',(-1.E0,0.E0,0.E0));
#4033=AXIS2_PLACEMENT_3D('',#4030,#4031,#4032);
#4035=CURVE_STYLE('',#32,POSITIVE_LENGTH_MEASURE(2.E-2),#6);
#4036=PRESENTATION_STYLE_ASSIGNMENT((#4035));
#4037=STYLED_ITEM('',(#4036),#4034);
#4038=DIRECTION('',(0.E0,0.E0,-1.E0));
#4039=VECTOR('',#4038,2.75E-1);
#4040=CARTESIAN_POINT('',(-1.375E0,1.75E-1,2.5E0));
#4041=LINE('',#4040,#4039);
#4042=CURVE_STYLE('',#32,POSITIVE_LENGTH_MEASURE(2.E-2),#6);
#4043=PRESENTATION_STYLE_ASSIGNMENT((#4042));
#4044=STYLED_ITEM('',(#4043),#4041);
#4045=DIRECTION('',(0.E0,0.E0,1.E0));
#4046=VECTOR('',#4045,5.E-2);
#4047=CARTESIAN_POINT('',(-1.625E0,7.5E-2,2.45E0));
#4048=LINE('',#4047,#4046);
#4049=CURVE_STYLE('',#32,POSITIVE_LENGTH_MEASURE(2.E-2),#6);
#4050=PRESENTATION_STYLE_ASSIGNMENT((#4049));
#4051=STYLED_ITEM('',(#4050),#4048);
#4052=DIRECTION('',(0.E0,1.E0,0.E0));
#4053=VECTOR('',#4052,7.5E-2);
#4054=CARTESIAN_POINT('',(-1.625E0,0.E0,2.45E0));
#4055=LINE('',#4054,#4053);
#4056=CURVE_STYLE('',#32,POSITIVE_LENGTH_MEASURE(2.E-2),#6);
#4057=PRESENTATION_STYLE_ASSIGNMENT((#4056));
#4058=STYLED_ITEM('',(#4057),#4055);
#4059=DIRECTION('',(0.E0,1.E0,0.E0));
#4060=VECTOR('',#4059,1.75E-1);
#4061=CARTESIAN_POINT('',(-1.625E0,0.E0,2.225E0));
#4062=LINE('',#4061,#4060);
#4063=CURVE_STYLE('',#32,POSITIVE_LENGTH_MEASURE(2.E-2),#6);
#4064=PRESENTATION_STYLE_ASSIGNMENT((#4063));
#4065=STYLED_ITEM('',(#4064),#4062);
#4066=DIRECTION('',(0.E0,1.E0,0.E0));
#4067=VECTOR('',#4066,1.75E-1);
#4068=CARTESIAN_POINT('',(-1.875E0,0.E0,2.225E0));
#4069=LINE('',#4068,#4067);
#4070=CURVE_STYLE('',#32,POSITIVE_LENGTH_MEASURE(2.E-2),#6);
#4071=PRESENTATION_STYLE_ASSIGNMENT((#4070));
#4072=STYLED_ITEM('',(#4071),#4069);
#4073=DIRECTION('',(0.E0,0.E0,-1.E0));
#4074=VECTOR('',#4073,5.E-2);
#4075=CARTESIAN_POINT('',(-1.875E0,7.5E-2,2.5E0));
#4076=LINE('',#4075,#4074);
#4077=CURVE_STYLE('',#32,POSITIVE_LENGTH_MEASURE(2.E-2),#6);
#4078=PRESENTATION_STYLE_ASSIGNMENT((#4077));
#4079=STYLED_ITEM('',(#4078),#4076);
#4080=DIRECTION('',(0.E0,1.E0,0.E0));
#4081=VECTOR('',#4080,7.5E-2);
#4082=CARTESIAN_POINT('',(-1.875E0,0.E0,2.45E0));
#4083=LINE('',#4082,#4081);
#4084=CURVE_STYLE('',#32,POSITIVE_LENGTH_MEASURE(2.E-2),#6);
#4085=PRESENTATION_STYLE_ASSIGNMENT((#4084));
#4086=STYLED_ITEM('',(#4085),#4083);
#4087=DIRECTION('',(0.E0,0.E0,1.E0));
#4088=VECTOR('',#4087,2.75E-1);
#4089=CARTESIAN_POINT('',(-1.625E0,1.75E-1,2.225E0));
#4090=LINE('',#4089,#4088);
#4091=CURVE_STYLE('',#32,POSITIVE_LENGTH_MEASURE(2.E-2),#6);
#4092=PRESENTATION_STYLE_ASSIGNMENT((#4091));
#4093=STYLED_ITEM('',(#4092),#4090);
#4094=CARTESIAN_POINT('',(-1.75E0,1.75E-1,2.225E0));
#4095=DIRECTION('',(0.E0,-1.E0,0.E0));
#4096=DIRECTION('',(-1.E0,0.E0,0.E0));
#4097=AXIS2_PLACEMENT_3D('',#4094,#4095,#4096);
#4099=CURVE_STYLE('',#32,POSITIVE_LENGTH_MEASURE(2.E-2),#6);
#4100=PRESENTATION_STYLE_ASSIGNMENT((#4099));
#4101=STYLED_ITEM('',(#4100),#4098);
#4102=DIRECTION('',(0.E0,0.E0,-1.E0));
#4103=VECTOR('',#4102,2.75E-1);
#4104=CARTESIAN_POINT('',(-1.875E0,1.75E-1,2.5E0));
#4105=LINE('',#4104,#4103);
#4106=CURVE_STYLE('',#32,POSITIVE_LENGTH_MEASURE(2.E-2),#6);
#4107=PRESENTATION_STYLE_ASSIGNMENT((#4106));
#4108=STYLED_ITEM('',(#4107),#4105);
#4109=DIRECTION('',(0.E0,0.E0,1.E0));
#4110=VECTOR('',#4109,5.E-2);
#4111=CARTESIAN_POINT('',(-2.125E0,7.5E-2,2.45E0));
#4112=LINE('',#4111,#4110);
#4113=CURVE_STYLE('',#32,POSITIVE_LENGTH_MEASURE(2.E-2),#6);
#4114=PRESENTATION_STYLE_ASSIGNMENT((#4113));
#4115=STYLED_ITEM('',(#4114),#4112);
#4116=DIRECTION('',(0.E0,1.E0,0.E0));
#4117=VECTOR('',#4116,7.5E-2);
#4118=CARTESIAN_POINT('',(-2.125E0,0.E0,2.45E0));
#4119=LINE('',#4118,#4117);
#4120=CURVE_STYLE('',#32,POSITIVE_LENGTH_MEASURE(2.E-2),#6);
#4121=PRESENTATION_STYLE_ASSIGNMENT((#4120));
#4122=STYLED_ITEM('',(#4121),#4119);
#4123=DIRECTION('',(0.E0,1.E0,0.E0));
#4124=VECTOR('',#4123,1.75E-1);
#4125=CARTESIAN_POINT('',(-2.125E0,0.E0,2.125E0));
#4126=LINE('',#4125,#4124);
#4127=CURVE_STYLE('',#32,POSITIVE_LENGTH_MEASURE(2.E-2),#6);
#4128=PRESENTATION_STYLE_ASSIGNMENT((#4127));
#4129=STYLED_ITEM('',(#4128),#4126);
#4130=DIRECTION('',(0.E0,1.E0,0.E0));
#4131=VECTOR('',#4130,7.5E-2);
#4132=CARTESIAN_POINT('',(-2.45E0,0.E0,2.125E0));
#4133=LINE('',#4132,#4131);
#4134=CURVE_STYLE('',#32,POSITIVE_LENGTH_MEASURE(2.E-2),#6);
#4135=PRESENTATION_STYLE_ASSIGNMENT((#4134));
#4136=STYLED_ITEM('',(#4135),#4133);
#4137=DIRECTION('',(1.E0,0.E0,0.E0));
#4138=VECTOR('',#4137,5.E-2);
#4139=CARTESIAN_POINT('',(-2.5E0,7.5E-2,2.125E0));
#4140=LINE('',#4139,#4138);
#4141=CURVE_STYLE('',#32,POSITIVE_LENGTH_MEASURE(2.E-2),#6);
#4142=PRESENTATION_STYLE_ASSIGNMENT((#4141));
#4143=STYLED_ITEM('',(#4142),#4140);
#4144=DIRECTION('',(-1.E0,0.E0,0.E0));
#4145=VECTOR('',#4144,1.75E-1);
#4146=CARTESIAN_POINT('',(-2.325E0,1.75E-1,2.325E0));
#4147=LINE('',#4146,#4145);
#4148=CURVE_STYLE('',#32,POSITIVE_LENGTH_MEASURE(2.E-2),#6);
#4149=PRESENTATION_STYLE_ASSIGNMENT((#4148));
#4150=STYLED_ITEM('',(#4149),#4147);
#4151=DIRECTION('',(0.E0,0.E0,-1.E0));
#4152=VECTOR('',#4151,1.75E-1);
#4153=CARTESIAN_POINT('',(-2.325E0,1.75E-1,2.5E0));
#4154=LINE('',#4153,#4152);
#4155=CURVE_STYLE('',#32,POSITIVE_LENGTH_MEASURE(2.E-2),#6);
#4156=PRESENTATION_STYLE_ASSIGNMENT((#4155));
#4157=STYLED_ITEM('',(#4156),#4154);
#4158=DIRECTION('',(0.E0,0.E0,1.E0));
#4159=VECTOR('',#4158,3.75E-1);
#4160=CARTESIAN_POINT('',(-2.125E0,1.75E-1,2.125E0));
#4161=LINE('',#4160,#4159);
#4162=CURVE_STYLE('',#32,POSITIVE_LENGTH_MEASURE(2.E-2),#6);
#4163=PRESENTATION_STYLE_ASSIGNMENT((#4162));
#4164=STYLED_ITEM('',(#4163),#4161);
#4165=DIRECTION('',(1.E0,0.E0,0.E0));
#4166=VECTOR('',#4165,3.75E-1);
#4167=CARTESIAN_POINT('',(-2.5E0,1.75E-1,2.125E0));
#4168=LINE('',#4167,#4166);
#4169=CURVE_STYLE('',#32,POSITIVE_LENGTH_MEASURE(2.E-2),#6);
#4170=PRESENTATION_STYLE_ASSIGNMENT((#4169));
#4171=STYLED_ITEM('',(#4170),#4168);
#4172=DIRECTION('',(-1.E0,0.E0,0.E0));
#4173=VECTOR('',#4172,5.E-2);
#4174=CARTESIAN_POINT('',(-2.45E0,7.5E-2,2.325E0));
#4175=LINE('',#4174,#4173);
#4176=CURVE_STYLE('',#32,POSITIVE_LENGTH_MEASURE(2.E-2),#6);
#4177=PRESENTATION_STYLE_ASSIGNMENT((#4176));
#4178=STYLED_ITEM('',(#4177),#4175);
#4179=DIRECTION('',(0.E0,1.E0,0.E0));
#4180=VECTOR('',#4179,7.5E-2);
#4181=CARTESIAN_POINT('',(-2.45E0,0.E0,2.325E0));
#4182=LINE('',#4181,#4180);
#4183=CURVE_STYLE('',#32,POSITIVE_LENGTH_MEASURE(2.E-2),#6);
#4184=PRESENTATION_STYLE_ASSIGNMENT((#4183));
#4185=STYLED_ITEM('',(#4184),#4182);
#4186=DIRECTION('',(0.E0,1.E0,0.E0));
#4187=VECTOR('',#4186,1.75E-1);
#4188=CARTESIAN_POINT('',(-2.325E0,0.E0,2.325E0));
#4189=LINE('',#4188,#4187);
#4190=CURVE_STYLE('',#32,POSITIVE_LENGTH_MEASURE(2.E-2),#6);
#4191=PRESENTATION_STYLE_ASSIGNMENT((#4190));
#4192=STYLED_ITEM('',(#4191),#4189);
#4193=DIRECTION('',(0.E0,1.E0,0.E0));
#4194=VECTOR('',#4193,7.5E-2);
#4195=CARTESIAN_POINT('',(-2.45E0,0.E0,2.45E0));
#4196=LINE('',#4195,#4194);
#4197=CURVE_STYLE('',#32,POSITIVE_LENGTH_MEASURE(2.E-2),#6);
#4198=PRESENTATION_STYLE_ASSIGNMENT((#4197));
#4199=STYLED_ITEM('',(#4198),#4196);
#4200=DIRECTION('',(-1.E0,0.E0,0.E0));
#4201=VECTOR('',#4200,5.E-2);
#4202=CARTESIAN_POINT('',(-2.45E0,7.5E-2,1.875E0));
#4203=LINE('',#4202,#4201);
#4204=CURVE_STYLE('',#32,POSITIVE_LENGTH_MEASURE(2.E-2),#6);
#4205=PRESENTATION_STYLE_ASSIGNMENT((#4204));
#4206=STYLED_ITEM('',(#4205),#4203);
#4207=DIRECTION('',(0.E0,1.E0,0.E0));
#4208=VECTOR('',#4207,7.5E-2);
#4209=CARTESIAN_POINT('',(-2.45E0,0.E0,1.875E0));
#4210=LINE('',#4209,#4208);
#4211=CURVE_STYLE('',#32,POSITIVE_LENGTH_MEASURE(2.E-2),#6);
#4212=PRESENTATION_STYLE_ASSIGNMENT((#4211));
#4213=STYLED_ITEM('',(#4212),#4210);
#4214=DIRECTION('',(0.E0,1.E0,0.E0));
#4215=VECTOR('',#4214,1.75E-1);
#4216=CARTESIAN_POINT('',(-2.225E0,0.E0,1.875E0));
#4217=LINE('',#4216,#4215);
#4218=CURVE_STYLE('',#32,POSITIVE_LENGTH_MEASURE(2.E-2),#6);
#4219=PRESENTATION_STYLE_ASSIGNMENT((#4218));
#4220=STYLED_ITEM('',(#4219),#4217);
#4221=DIRECTION('',(0.E0,1.E0,0.E0));
#4222=VECTOR('',#4221,1.75E-1);
#4223=CARTESIAN_POINT('',(-2.225E0,0.E0,1.625E0));
#4224=LINE('',#4223,#4222);
#4225=CURVE_STYLE('',#32,POSITIVE_LENGTH_MEASURE(2.E-2),#6);
#4226=PRESENTATION_STYLE_ASSIGNMENT((#4225));
#4227=STYLED_ITEM('',(#4226),#4224);
#4228=DIRECTION('',(1.E0,0.E0,0.E0));
#4229=VECTOR('',#4228,5.E-2);
#4230=CARTESIAN_POINT('',(-2.5E0,7.5E-2,1.625E0));
#4231=LINE('',#4230,#4229);
#4232=CURVE_STYLE('',#32,POSITIVE_LENGTH_MEASURE(2.E-2),#6);
#4233=PRESENTATION_STYLE_ASSIGNMENT((#4232));
#4234=STYLED_ITEM('',(#4233),#4231);
#4235=DIRECTION('',(0.E0,1.E0,0.E0));
#4236=VECTOR('',#4235,7.5E-2);
#4237=CARTESIAN_POINT('',(-2.45E0,0.E0,1.625E0));
#4238=LINE('',#4237,#4236);
#4239=CURVE_STYLE('',#32,POSITIVE_LENGTH_MEASURE(2.E-2),#6);
#4240=PRESENTATION_STYLE_ASSIGNMENT((#4239));
#4241=STYLED_ITEM('',(#4240),#4238);
#4242=DIRECTION('',(-1.E0,0.E0,0.E0));
#4243=VECTOR('',#4242,2.75E-1);
#4244=CARTESIAN_POINT('',(-2.225E0,1.75E-1,1.875E0));
#4245=LINE('',#4244,#4243);
#4246=CURVE_STYLE('',#32,POSITIVE_LENGTH_MEASURE(2.E-2),#6);
#4247=PRESENTATION_STYLE_ASSIGNMENT((#4246));
#4248=STYLED_ITEM('',(#4247),#4245);
#4249=CARTESIAN_POINT('',(-2.225E0,1.75E-1,1.75E0));
#4250=DIRECTION('',(0.E0,-1.E0,0.E0));
#4251=DIRECTION('',(0.E0,0.E0,-1.E0));
#4252=AXIS2_PLACEMENT_3D('',#4249,#4250,#4251);
#4254=CURVE_STYLE('',#32,POSITIVE_LENGTH_MEASURE(2.E-2),#6);
#4255=PRESENTATION_STYLE_ASSIGNMENT((#4254));
#4256=STYLED_ITEM('',(#4255),#4253);
#4257=DIRECTION('',(1.E0,0.E0,0.E0));
#4258=VECTOR('',#4257,2.75E-1);
#4259=CARTESIAN_POINT('',(-2.5E0,1.75E-1,1.625E0));
#4260=LINE('',#4259,#4258);
#4261=CURVE_STYLE('',#32,POSITIVE_LENGTH_MEASURE(2.E-2),#6);
#4262=PRESENTATION_STYLE_ASSIGNMENT((#4261));
#4263=STYLED_ITEM('',(#4262),#4260);
#4264=DIRECTION('',(-1.E0,0.E0,0.E0));
#4265=VECTOR('',#4264,5.E-2);
#4266=CARTESIAN_POINT('',(-2.45E0,7.5E-2,1.375E0));
#4267=LINE('',#4266,#4265);
#4268=CURVE_STYLE('',#32,POSITIVE_LENGTH_MEASURE(2.E-2),#6);
#4269=PRESENTATION_STYLE_ASSIGNMENT((#4268));
#4270=STYLED_ITEM('',(#4269),#4267);
#4271=DIRECTION('',(0.E0,1.E0,0.E0));
#4272=VECTOR('',#4271,7.5E-2);
#4273=CARTESIAN_POINT('',(-2.45E0,0.E0,1.375E0));
#4274=LINE('',#4273,#4272);
#4275=CURVE_STYLE('',#32,POSITIVE_LENGTH_MEASURE(2.E-2),#6);
#4276=PRESENTATION_STYLE_ASSIGNMENT((#4275));
#4277=STYLED_ITEM('',(#4276),#4274);
#4278=DIRECTION('',(0.E0,1.E0,0.E0));
#4279=VECTOR('',#4278,1.75E-1);
#4280=CARTESIAN_POINT('',(-2.225E0,0.E0,1.375E0));
#4281=LINE('',#4280,#4279);
#4282=CURVE_STYLE('',#32,POSITIVE_LENGTH_MEASURE(2.E-2),#6);
#4283=PRESENTATION_STYLE_ASSIGNMENT((#4282));
#4284=STYLED_ITEM('',(#4283),#4281);
#4285=DIRECTION('',(0.E0,1.E0,0.E0));
#4286=VECTOR('',#4285,1.75E-1);
#4287=CARTESIAN_POINT('',(-2.225E0,0.E0,1.125E0));
#4288=LINE('',#4287,#4286);
#4289=CURVE_STYLE('',#32,POSITIVE_LENGTH_MEASURE(2.E-2),#6);
#4290=PRESENTATION_STYLE_ASSIGNMENT((#4289));
#4291=STYLED_ITEM('',(#4290),#4288);
#4292=DIRECTION('',(1.E0,0.E0,0.E0));
#4293=VECTOR('',#4292,5.E-2);
#4294=CARTESIAN_POINT('',(-2.5E0,7.5E-2,1.125E0));
#4295=LINE('',#4294,#4293);
#4296=CURVE_STYLE('',#32,POSITIVE_LENGTH_MEASURE(2.E-2),#6);
#4297=PRESENTATION_STYLE_ASSIGNMENT((#4296));
#4298=STYLED_ITEM('',(#4297),#4295);
#4299=DIRECTION('',(0.E0,1.E0,0.E0));
#4300=VECTOR('',#4299,7.5E-2);
#4301=CARTESIAN_POINT('',(-2.45E0,0.E0,1.125E0));
#4302=LINE('',#4301,#4300);
#4303=CURVE_STYLE('',#32,POSITIVE_LENGTH_MEASURE(2.E-2),#6);
#4304=PRESENTATION_STYLE_ASSIGNMENT((#4303));
#4305=STYLED_ITEM('',(#4304),#4302);
#4306=DIRECTION('',(-1.E0,0.E0,0.E0));
#4307=VECTOR('',#4306,2.75E-1);
#4308=CARTESIAN_POINT('',(-2.225E0,1.75E-1,1.375E0));
#4309=LINE('',#4308,#4307);
#4310=CURVE_STYLE('',#32,POSITIVE_LENGTH_MEASURE(2.E-2),#6);
#4311=PRESENTATION_STYLE_ASSIGNMENT((#4310));
#4312=STYLED_ITEM('',(#4311),#4309);
#4313=CARTESIAN_POINT('',(-2.225E0,1.75E-1,1.25E0));
#4314=DIRECTION('',(0.E0,-1.E0,0.E0));
#4315=DIRECTION('',(0.E0,0.E0,-1.E0));
#4316=AXIS2_PLACEMENT_3D('',#4313,#4314,#4315);
#4318=CURVE_STYLE('',#32,POSITIVE_LENGTH_MEASURE(2.E-2),#6);
#4319=PRESENTATION_STYLE_ASSIGNMENT((#4318));
#4320=STYLED_ITEM('',(#4319),#4317);
#4321=DIRECTION('',(1.E0,0.E0,0.E0));
#4322=VECTOR('',#4321,2.75E-1);
#4323=CARTESIAN_POINT('',(-2.5E0,1.75E-1,1.125E0));
#4324=LINE('',#4323,#4322);
#4325=CURVE_STYLE('',#32,POSITIVE_LENGTH_MEASURE(2.E-2),#6);
#4326=PRESENTATION_STYLE_ASSIGNMENT((#4325));
#4327=STYLED_ITEM('',(#4326),#4324);
#4328=DIRECTION('',(-1.E0,0.E0,0.E0));
#4329=VECTOR('',#4328,5.E-2);
#4330=CARTESIAN_POINT('',(-2.45E0,7.5E-2,8.75E-1));
#4331=LINE('',#4330,#4329);
#4332=CURVE_STYLE('',#32,POSITIVE_LENGTH_MEASURE(2.E-2),#6);
#4333=PRESENTATION_STYLE_ASSIGNMENT((#4332));
#4334=STYLED_ITEM('',(#4333),#4331);
#4335=DIRECTION('',(0.E0,1.E0,0.E0));
#4336=VECTOR('',#4335,7.5E-2);
#4337=CARTESIAN_POINT('',(-2.45E0,0.E0,8.75E-1));
#4338=LINE('',#4337,#4336);
#4339=CURVE_STYLE('',#32,POSITIVE_LENGTH_MEASURE(2.E-2),#6);
#4340=PRESENTATION_STYLE_ASSIGNMENT((#4339));
#4341=STYLED_ITEM('',(#4340),#4338);
#4342=DIRECTION('',(0.E0,1.E0,0.E0));
#4343=VECTOR('',#4342,1.75E-1);
#4344=CARTESIAN_POINT('',(-2.225E0,0.E0,8.75E-1));
#4345=LINE('',#4344,#4343);
#4346=CURVE_STYLE('',#32,POSITIVE_LENGTH_MEASURE(2.E-2),#6);
#4347=PRESENTATION_STYLE_ASSIGNMENT((#4346));
#4348=STYLED_ITEM('',(#4347),#4345);
#4349=DIRECTION('',(0.E0,1.E0,0.E0));
#4350=VECTOR('',#4349,1.75E-1);
#4351=CARTESIAN_POINT('',(-2.225E0,0.E0,6.25E-1));
#4352=LINE('',#4351,#4350);
#4353=CURVE_STYLE('',#32,POSITIVE_LENGTH_MEASURE(2.E-2),#6);
#4354=PRESENTATION_STYLE_ASSIGNMENT((#4353));
#4355=STYLED_ITEM('',(#4354),#4352);
#4356=DIRECTION('',(1.E0,0.E0,0.E0));
#4357=VECTOR('',#4356,5.E-2);
#4358=CARTESIAN_POINT('',(-2.5E0,7.5E-2,6.25E-1));
#4359=LINE('',#4358,#4357);
#4360=CURVE_STYLE('',#32,POSITIVE_LENGTH_MEASURE(2.E-2),#6);
#4361=PRESENTATION_STYLE_ASSIGNMENT((#4360));
#4362=STYLED_ITEM('',(#4361),#4359);
#4363=DIRECTION('',(0.E0,1.E0,0.E0));
#4364=VECTOR('',#4363,7.5E-2);
#4365=CARTESIAN_POINT('',(-2.45E0,0.E0,6.25E-1));
#4366=LINE('',#4365,#4364);
#4367=CURVE_STYLE('',#32,POSITIVE_LENGTH_MEASURE(2.E-2),#6);
#4368=PRESENTATION_STYLE_ASSIGNMENT((#4367));
#4369=STYLED_ITEM('',(#4368),#4366);
#4370=DIRECTION('',(-1.E0,0.E0,0.E0));
#4371=VECTOR('',#4370,2.75E-1);
#4372=CARTESIAN_POINT('',(-2.225E0,1.75E-1,8.75E-1));
#4373=LINE('',#4372,#4371);
#4374=CURVE_STYLE('',#32,POSITIVE_LENGTH_MEASURE(2.E-2),#6);
#4375=PRESENTATION_STYLE_ASSIGNMENT((#4374));
#4376=STYLED_ITEM('',(#4375),#4373);
#4377=CARTESIAN_POINT('',(-2.225E0,1.75E-1,7.5E-1));
#4378=DIRECTION('',(0.E0,-1.E0,0.E0));
#4379=DIRECTION('',(0.E0,0.E0,-1.E0));
#4380=AXIS2_PLACEMENT_3D('',#4377,#4378,#4379);
#4382=CURVE_STYLE('',#32,POSITIVE_LENGTH_MEASURE(2.E-2),#6);
#4383=PRESENTATION_STYLE_ASSIGNMENT((#4382));
#4384=STYLED_ITEM('',(#4383),#4381);
#4385=DIRECTION('',(1.E0,0.E0,0.E0));
#4386=VECTOR('',#4385,2.75E-1);
#4387=CARTESIAN_POINT('',(-2.5E0,1.75E-1,6.25E-1));
#4388=LINE('',#4387,#4386);
#4389=CURVE_STYLE('',#32,POSITIVE_LENGTH_MEASURE(2.E-2),#6);
#4390=PRESENTATION_STYLE_ASSIGNMENT((#4389));
#4391=STYLED_ITEM('',(#4390),#4388);
#4392=DIRECTION('',(-1.E0,0.E0,0.E0));
#4393=VECTOR('',#4392,5.E-2);
#4394=CARTESIAN_POINT('',(-2.45E0,7.5E-2,3.75E-1));
#4395=LINE('',#4394,#4393);
#4396=CURVE_STYLE('',#32,POSITIVE_LENGTH_MEASURE(2.E-2),#6);
#4397=PRESENTATION_STYLE_ASSIGNMENT((#4396));
#4398=STYLED_ITEM('',(#4397),#4395);
#4399=DIRECTION('',(0.E0,1.E0,0.E0));
#4400=VECTOR('',#4399,7.5E-2);
#4401=CARTESIAN_POINT('',(-2.45E0,0.E0,3.75E-1));
#4402=LINE('',#4401,#4400);
#4403=CURVE_STYLE('',#32,POSITIVE_LENGTH_MEASURE(2.E-2),#6);
#4404=PRESENTATION_STYLE_ASSIGNMENT((#4403));
#4405=STYLED_ITEM('',(#4404),#4402);
#4406=DIRECTION('',(0.E0,1.E0,0.E0));
#4407=VECTOR('',#4406,1.75E-1);
#4408=CARTESIAN_POINT('',(-2.225E0,0.E0,3.75E-1));
#4409=LINE('',#4408,#4407);
#4410=CURVE_STYLE('',#32,POSITIVE_LENGTH_MEASURE(2.E-2),#6);
#4411=PRESENTATION_STYLE_ASSIGNMENT((#4410));
#4412=STYLED_ITEM('',(#4411),#4409);
#4413=DIRECTION('',(0.E0,1.E0,0.E0));
#4414=VECTOR('',#4413,1.75E-1);
#4415=CARTESIAN_POINT('',(-2.225E0,0.E0,1.25E-1));
#4416=LINE('',#4415,#4414);
#4417=CURVE_STYLE('',#32,POSITIVE_LENGTH_MEASURE(2.E-2),#6);
#4418=PRESENTATION_STYLE_ASSIGNMENT((#4417));
#4419=STYLED_ITEM('',(#4418),#4416);
#4420=DIRECTION('',(1.E0,0.E0,0.E0));
#4421=VECTOR('',#4420,5.E-2);
#4422=CARTESIAN_POINT('',(-2.5E0,7.5E-2,1.25E-1));
#4423=LINE('',#4422,#4421);
#4424=CURVE_STYLE('',#32,POSITIVE_LENGTH_MEASURE(2.E-2),#6);
#4425=PRESENTATION_STYLE_ASSIGNMENT((#4424));
#4426=STYLED_ITEM('',(#4425),#4423);
#4427=DIRECTION('',(0.E0,1.E0,0.E0));
#4428=VECTOR('',#4427,7.5E-2);
#4429=CARTESIAN_POINT('',(-2.45E0,0.E0,1.25E-1));
#4430=LINE('',#4429,#4428);
#4431=CURVE_STYLE('',#32,POSITIVE_LENGTH_MEASURE(2.E-2),#6);
#4432=PRESENTATION_STYLE_ASSIGNMENT((#4431));
#4433=STYLED_ITEM('',(#4432),#4430);
#4434=DIRECTION('',(1.E0,0.E0,0.E0));
#4435=VECTOR('',#4434,2.75E-1);
#4436=CARTESIAN_POINT('',(-2.5E0,1.75E-1,1.25E-1));
#4437=LINE('',#4436,#4435);
#4438=CURVE_STYLE('',#32,POSITIVE_LENGTH_MEASURE(2.E-2),#6);
#4439=PRESENTATION_STYLE_ASSIGNMENT((#4438));
#4440=STYLED_ITEM('',(#4439),#4437);
#4441=DIRECTION('',(-1.E0,0.E0,0.E0));
#4442=VECTOR('',#4441,2.75E-1);
#4443=CARTESIAN_POINT('',(-2.225E0,1.75E-1,3.75E-1));
#4444=LINE('',#4443,#4442);
#4445=CURVE_STYLE('',#32,POSITIVE_LENGTH_MEASURE(2.E-2),#6);
#4446=PRESENTATION_STYLE_ASSIGNMENT((#4445));
#4447=STYLED_ITEM('',(#4446),#4444);
#4448=CARTESIAN_POINT('',(-2.225E0,1.75E-1,2.5E-1));
#4449=DIRECTION('',(0.E0,-1.E0,0.E0));
#4450=DIRECTION('',(0.E0,0.E0,-1.E0));
#4451=AXIS2_PLACEMENT_3D('',#4448,#4449,#4450);
#4453=CURVE_STYLE('',#32,POSITIVE_LENGTH_MEASURE(2.E-2),#6);
#4454=PRESENTATION_STYLE_ASSIGNMENT((#4453));
#4455=STYLED_ITEM('',(#4454),#4452);
#4456=DIRECTION('',(-1.E0,0.E0,0.E0));
#4457=VECTOR('',#4456,5.E-2);
#4458=CARTESIAN_POINT('',(-2.45E0,7.5E-2,-1.25E-1));
#4459=LINE('',#4458,#4457);
#4460=CURVE_STYLE('',#32,POSITIVE_LENGTH_MEASURE(2.E-2),#6);
#4461=PRESENTATION_STYLE_ASSIGNMENT((#4460));
#4462=STYLED_ITEM('',(#4461),#4459);
#4463=DIRECTION('',(0.E0,1.E0,0.E0));
#4464=VECTOR('',#4463,7.5E-2);
#4465=CARTESIAN_POINT('',(-2.45E0,0.E0,-1.25E-1));
#4466=LINE('',#4465,#4464);
#4467=CURVE_STYLE('',#32,POSITIVE_LENGTH_MEASURE(2.E-2),#6);
#4468=PRESENTATION_STYLE_ASSIGNMENT((#4467));
#4469=STYLED_ITEM('',(#4468),#4466);
#4470=DIRECTION('',(0.E0,1.E0,0.E0));
#4471=VECTOR('',#4470,1.75E-1);
#4472=CARTESIAN_POINT('',(-2.225E0,0.E0,-1.25E-1));
#4473=LINE('',#4472,#4471);
#4474=CURVE_STYLE('',#32,POSITIVE_LENGTH_MEASURE(2.E-2),#6);
#4475=PRESENTATION_STYLE_ASSIGNMENT((#4474));
#4476=STYLED_ITEM('',(#4475),#4473);
#4477=DIRECTION('',(0.E0,1.E0,0.E0));
#4478=VECTOR('',#4477,1.75E-1);
#4479=CARTESIAN_POINT('',(-2.225E0,0.E0,-3.75E-1));
#4480=LINE('',#4479,#4478);
#4481=CURVE_STYLE('',#32,POSITIVE_LENGTH_MEASURE(2.E-2),#6);
#4482=PRESENTATION_STYLE_ASSIGNMENT((#4481));
#4483=STYLED_ITEM('',(#4482),#4480);
#4484=DIRECTION('',(1.E0,0.E0,0.E0));
#4485=VECTOR('',#4484,5.E-2);
#4486=CARTESIAN_POINT('',(-2.5E0,7.5E-2,-3.75E-1));
#4487=LINE('',#4486,#4485);
#4488=CURVE_STYLE('',#32,POSITIVE_LENGTH_MEASURE(2.E-2),#6);
#4489=PRESENTATION_STYLE_ASSIGNMENT((#4488));
#4490=STYLED_ITEM('',(#4489),#4487);
#4491=DIRECTION('',(0.E0,1.E0,0.E0));
#4492=VECTOR('',#4491,7.5E-2);
#4493=CARTESIAN_POINT('',(-2.45E0,0.E0,-3.75E-1));
#4494=LINE('',#4493,#4492);
#4495=CURVE_STYLE('',#32,POSITIVE_LENGTH_MEASURE(2.E-2),#6);
#4496=PRESENTATION_STYLE_ASSIGNMENT((#4495));
#4497=STYLED_ITEM('',(#4496),#4494);
#4498=DIRECTION('',(-1.E0,0.E0,0.E0));
#4499=VECTOR('',#4498,2.75E-1);
#4500=CARTESIAN_POINT('',(-2.225E0,1.75E-1,-1.25E-1));
#4501=LINE('',#4500,#4499);
#4502=CURVE_STYLE('',#32,POSITIVE_LENGTH_MEASURE(2.E-2),#6);
#4503=PRESENTATION_STYLE_ASSIGNMENT((#4502));
#4504=STYLED_ITEM('',(#4503),#4501);
#4505=CARTESIAN_POINT('',(-2.225E0,1.75E-1,-2.5E-1));
#4506=DIRECTION('',(0.E0,-1.E0,0.E0));
#4507=DIRECTION('',(0.E0,0.E0,-1.E0));
#4508=AXIS2_PLACEMENT_3D('',#4505,#4506,#4507);
#4510=CURVE_STYLE('',#32,POSITIVE_LENGTH_MEASURE(2.E-2),#6);
#4511=PRESENTATION_STYLE_ASSIGNMENT((#4510));
#4512=STYLED_ITEM('',(#4511),#4509);
#4513=DIRECTION('',(1.E0,0.E0,0.E0));
#4514=VECTOR('',#4513,2.75E-1);
#4515=CARTESIAN_POINT('',(-2.5E0,1.75E-1,-3.75E-1));
#4516=LINE('',#4515,#4514);
#4517=CURVE_STYLE('',#32,POSITIVE_LENGTH_MEASURE(2.E-2),#6);
#4518=PRESENTATION_STYLE_ASSIGNMENT((#4517));
#4519=STYLED_ITEM('',(#4518),#4516);
#4520=DIRECTION('',(-1.E0,0.E0,0.E0));
#4521=VECTOR('',#4520,5.E-2);
#4522=CARTESIAN_POINT('',(-2.45E0,7.5E-2,-6.25E-1));
#4523=LINE('',#4522,#4521);
#4524=CURVE_STYLE('',#32,POSITIVE_LENGTH_MEASURE(2.E-2),#6);
#4525=PRESENTATION_STYLE_ASSIGNMENT((#4524));
#4526=STYLED_ITEM('',(#4525),#4523);
#4527=DIRECTION('',(0.E0,1.E0,0.E0));
#4528=VECTOR('',#4527,7.5E-2);
#4529=CARTESIAN_POINT('',(-2.45E0,0.E0,-6.25E-1));
#4530=LINE('',#4529,#4528);
#4531=CURVE_STYLE('',#32,POSITIVE_LENGTH_MEASURE(2.E-2),#6);
#4532=PRESENTATION_STYLE_ASSIGNMENT((#4531));
#4533=STYLED_ITEM('',(#4532),#4530);
#4534=DIRECTION('',(0.E0,1.E0,0.E0));
#4535=VECTOR('',#4534,1.75E-1);
#4536=CARTESIAN_POINT('',(-2.225E0,0.E0,-6.25E-1));
#4537=LINE('',#4536,#4535);
#4538=CURVE_STYLE('',#32,POSITIVE_LENGTH_MEASURE(2.E-2),#6);
#4539=PRESENTATION_STYLE_ASSIGNMENT((#4538));
#4540=STYLED_ITEM('',(#4539),#4537);
#4541=DIRECTION('',(0.E0,1.E0,0.E0));
#4542=VECTOR('',#4541,1.75E-1);
#4543=CARTESIAN_POINT('',(-2.225E0,0.E0,-8.75E-1));
#4544=LINE('',#4543,#4542);
#4545=CURVE_STYLE('',#32,POSITIVE_LENGTH_MEASURE(2.E-2),#6);
#4546=PRESENTATION_STYLE_ASSIGNMENT((#4545));
#4547=STYLED_ITEM('',(#4546),#4544);
#4548=DIRECTION('',(1.E0,0.E0,0.E0));
#4549=VECTOR('',#4548,5.E-2);
#4550=CARTESIAN_POINT('',(-2.5E0,7.5E-2,-8.75E-1));
#4551=LINE('',#4550,#4549);
#4552=CURVE_STYLE('',#32,POSITIVE_LENGTH_MEASURE(2.E-2),#6);
#4553=PRESENTATION_STYLE_ASSIGNMENT((#4552));
#4554=STYLED_ITEM('',(#4553),#4551);
#4555=DIRECTION('',(0.E0,1.E0,0.E0));
#4556=VECTOR('',#4555,7.5E-2);
#4557=CARTESIAN_POINT('',(-2.45E0,0.E0,-8.75E-1));
#4558=LINE('',#4557,#4556);
#4559=CURVE_STYLE('',#32,POSITIVE_LENGTH_MEASURE(2.E-2),#6);
#4560=PRESENTATION_STYLE_ASSIGNMENT((#4559));
#4561=STYLED_ITEM('',(#4560),#4558);
#4562=DIRECTION('',(-1.E0,0.E0,0.E0));
#4563=VECTOR('',#4562,2.75E-1);
#4564=CARTESIAN_POINT('',(-2.225E0,1.75E-1,-6.25E-1));
#4565=LINE('',#4564,#4563);
#4566=CURVE_STYLE('',#32,POSITIVE_LENGTH_MEASURE(2.E-2),#6);
#4567=PRESENTATION_STYLE_ASSIGNMENT((#4566));
#4568=STYLED_ITEM('',(#4567),#4565);
#4569=CARTESIAN_POINT('',(-2.225E0,1.75E-1,-7.5E-1));
#4570=DIRECTION('',(0.E0,-1.E0,0.E0));
#4571=DIRECTION('',(0.E0,0.E0,-1.E0));
#4572=AXIS2_PLACEMENT_3D('',#4569,#4570,#4571);
#4574=CURVE_STYLE('',#32,POSITIVE_LENGTH_MEASURE(2.E-2),#6);
#4575=PRESENTATION_STYLE_ASSIGNMENT((#4574));
#4576=STYLED_ITEM('',(#4575),#4573);
#4577=DIRECTION('',(1.E0,0.E0,0.E0));
#4578=VECTOR('',#4577,2.75E-1);
#4579=CARTESIAN_POINT('',(-2.5E0,1.75E-1,-8.75E-1));
#4580=LINE('',#4579,#4578);
#4581=CURVE_STYLE('',#32,POSITIVE_LENGTH_MEASURE(2.E-2),#6);
#4582=PRESENTATION_STYLE_ASSIGNMENT((#4581));
#4583=STYLED_ITEM('',(#4582),#4580);
#4584=DIRECTION('',(-1.E0,0.E0,0.E0));
#4585=VECTOR('',#4584,5.E-2);
#4586=CARTESIAN_POINT('',(-2.45E0,7.5E-2,-1.125E0));
#4587=LINE('',#4586,#4585);
#4588=CURVE_STYLE('',#32,POSITIVE_LENGTH_MEASURE(2.E-2),#6);
#4589=PRESENTATION_STYLE_ASSIGNMENT((#4588));
#4590=STYLED_ITEM('',(#4589),#4587);
#4591=DIRECTION('',(0.E0,1.E0,0.E0));
#4592=VECTOR('',#4591,7.5E-2);
#4593=CARTESIAN_POINT('',(-2.45E0,0.E0,-1.125E0));
#4594=LINE('',#4593,#4592);
#4595=CURVE_STYLE('',#32,POSITIVE_LENGTH_MEASURE(2.E-2),#6);
#4596=PRESENTATION_STYLE_ASSIGNMENT((#4595));
#4597=STYLED_ITEM('',(#4596),#4594);
#4598=DIRECTION('',(0.E0,1.E0,0.E0));
#4599=VECTOR('',#4598,1.75E-1);
#4600=CARTESIAN_POINT('',(-2.225E0,0.E0,-1.125E0));
#4601=LINE('',#4600,#4599);
#4602=CURVE_STYLE('',#32,POSITIVE_LENGTH_MEASURE(2.E-2),#6);
#4603=PRESENTATION_STYLE_ASSIGNMENT((#4602));
#4604=STYLED_ITEM('',(#4603),#4601);
#4605=DIRECTION('',(0.E0,1.E0,0.E0));
#4606=VECTOR('',#4605,1.75E-1);
#4607=CARTESIAN_POINT('',(-2.225E0,0.E0,-1.375E0));
#4608=LINE('',#4607,#4606);
#4609=CURVE_STYLE('',#32,POSITIVE_LENGTH_MEASURE(2.E-2),#6);
#4610=PRESENTATION_STYLE_ASSIGNMENT((#4609));
#4611=STYLED_ITEM('',(#4610),#4608);
#4612=DIRECTION('',(1.E0,0.E0,0.E0));
#4613=VECTOR('',#4612,5.E-2);
#4614=CARTESIAN_POINT('',(-2.5E0,7.5E-2,-1.375E0));
#4615=LINE('',#4614,#4613);
#4616=CURVE_STYLE('',#32,POSITIVE_LENGTH_MEASURE(2.E-2),#6);
#4617=PRESENTATION_STYLE_ASSIGNMENT((#4616));
#4618=STYLED_ITEM('',(#4617),#4615);
#4619=DIRECTION('',(0.E0,1.E0,0.E0));
#4620=VECTOR('',#4619,7.5E-2);
#4621=CARTESIAN_POINT('',(-2.45E0,0.E0,-1.375E0));
#4622=LINE('',#4621,#4620);
#4623=CURVE_STYLE('',#32,POSITIVE_LENGTH_MEASURE(2.E-2),#6);
#4624=PRESENTATION_STYLE_ASSIGNMENT((#4623));
#4625=STYLED_ITEM('',(#4624),#4622);
#4626=DIRECTION('',(-1.E0,0.E0,0.E0));
#4627=VECTOR('',#4626,2.75E-1);
#4628=CARTESIAN_POINT('',(-2.225E0,1.75E-1,-1.125E0));
#4629=LINE('',#4628,#4627);
#4630=CURVE_STYLE('',#32,POSITIVE_LENGTH_MEASURE(2.E-2),#6);
#4631=PRESENTATION_STYLE_ASSIGNMENT((#4630));
#4632=STYLED_ITEM('',(#4631),#4629);
#4633=CARTESIAN_POINT('',(-2.225E0,1.75E-1,-1.25E0));
#4634=DIRECTION('',(0.E0,-1.E0,0.E0));
#4635=DIRECTION('',(0.E0,0.E0,-1.E0));
#4636=AXIS2_PLACEMENT_3D('',#4633,#4634,#4635);
#4638=CURVE_STYLE('',#32,POSITIVE_LENGTH_MEASURE(2.E-2),#6);
#4639=PRESENTATION_STYLE_ASSIGNMENT((#4638));
#4640=STYLED_ITEM('',(#4639),#4637);
#4641=DIRECTION('',(1.E0,0.E0,0.E0));
#4642=VECTOR('',#4641,2.75E-1);
#4643=CARTESIAN_POINT('',(-2.5E0,1.75E-1,-1.375E0));
#4644=LINE('',#4643,#4642);
#4645=CURVE_STYLE('',#32,POSITIVE_LENGTH_MEASURE(2.E-2),#6);
#4646=PRESENTATION_STYLE_ASSIGNMENT((#4645));
#4647=STYLED_ITEM('',(#4646),#4644);
#4648=DIRECTION('',(-1.E0,0.E0,0.E0));
#4649=VECTOR('',#4648,5.E-2);
#4650=CARTESIAN_POINT('',(-2.45E0,7.5E-2,-1.625E0));
#4651=LINE('',#4650,#4649);
#4652=CURVE_STYLE('',#32,POSITIVE_LENGTH_MEASURE(2.E-2),#6);
#4653=PRESENTATION_STYLE_ASSIGNMENT((#4652));
#4654=STYLED_ITEM('',(#4653),#4651);
#4655=DIRECTION('',(0.E0,1.E0,0.E0));
#4656=VECTOR('',#4655,7.5E-2);
#4657=CARTESIAN_POINT('',(-2.45E0,0.E0,-1.625E0));
#4658=LINE('',#4657,#4656);
#4659=CURVE_STYLE('',#32,POSITIVE_LENGTH_MEASURE(2.E-2),#6);
#4660=PRESENTATION_STYLE_ASSIGNMENT((#4659));
#4661=STYLED_ITEM('',(#4660),#4658);
#4662=DIRECTION('',(0.E0,1.E0,0.E0));
#4663=VECTOR('',#4662,1.75E-1);
#4664=CARTESIAN_POINT('',(-2.225E0,0.E0,-1.625E0));
#4665=LINE('',#4664,#4663);
#4666=CURVE_STYLE('',#32,POSITIVE_LENGTH_MEASURE(2.E-2),#6);
#4667=PRESENTATION_STYLE_ASSIGNMENT((#4666));
#4668=STYLED_ITEM('',(#4667),#4665);
#4669=DIRECTION('',(0.E0,1.E0,0.E0));
#4670=VECTOR('',#4669,1.75E-1);
#4671=CARTESIAN_POINT('',(-2.225E0,0.E0,-1.875E0));
#4672=LINE('',#4671,#4670);
#4673=CURVE_STYLE('',#32,POSITIVE_LENGTH_MEASURE(2.E-2),#6);
#4674=PRESENTATION_STYLE_ASSIGNMENT((#4673));
#4675=STYLED_ITEM('',(#4674),#4672);
#4676=DIRECTION('',(1.E0,0.E0,0.E0));
#4677=VECTOR('',#4676,5.E-2);
#4678=CARTESIAN_POINT('',(-2.5E0,7.5E-2,-1.875E0));
#4679=LINE('',#4678,#4677);
#4680=CURVE_STYLE('',#32,POSITIVE_LENGTH_MEASURE(2.E-2),#6);
#4681=PRESENTATION_STYLE_ASSIGNMENT((#4680));
#4682=STYLED_ITEM('',(#4681),#4679);
#4683=DIRECTION('',(0.E0,1.E0,0.E0));
#4684=VECTOR('',#4683,7.5E-2);
#4685=CARTESIAN_POINT('',(-2.45E0,0.E0,-1.875E0));
#4686=LINE('',#4685,#4684);
#4687=CURVE_STYLE('',#32,POSITIVE_LENGTH_MEASURE(2.E-2),#6);
#4688=PRESENTATION_STYLE_ASSIGNMENT((#4687));
#4689=STYLED_ITEM('',(#4688),#4686);
#4690=DIRECTION('',(-1.E0,0.E0,0.E0));
#4691=VECTOR('',#4690,2.75E-1);
#4692=CARTESIAN_POINT('',(-2.225E0,1.75E-1,-1.625E0));
#4693=LINE('',#4692,#4691);
#4694=CURVE_STYLE('',#32,POSITIVE_LENGTH_MEASURE(2.E-2),#6);
#4695=PRESENTATION_STYLE_ASSIGNMENT((#4694));
#4696=STYLED_ITEM('',(#4695),#4693);
#4697=CARTESIAN_POINT('',(-2.225E0,1.75E-1,-1.75E0));
#4698=DIRECTION('',(0.E0,-1.E0,0.E0));
#4699=DIRECTION('',(0.E0,0.E0,-1.E0));
#4700=AXIS2_PLACEMENT_3D('',#4697,#4698,#4699);
#4702=CURVE_STYLE('',#32,POSITIVE_LENGTH_MEASURE(2.E-2),#6);
#4703=PRESENTATION_STYLE_ASSIGNMENT((#4702));
#4704=STYLED_ITEM('',(#4703),#4701);
#4705=DIRECTION('',(1.E0,0.E0,0.E0));
#4706=VECTOR('',#4705,2.75E-1);
#4707=CARTESIAN_POINT('',(-2.5E0,1.75E-1,-1.875E0));
#4708=LINE('',#4707,#4706);
#4709=CURVE_STYLE('',#32,POSITIVE_LENGTH_MEASURE(2.E-2),#6);
#4710=PRESENTATION_STYLE_ASSIGNMENT((#4709));
#4711=STYLED_ITEM('',(#4710),#4708);
#4712=DIRECTION('',(1.E0,0.E0,0.E0));
#4713=VECTOR('',#4712,5.E-2);
#4714=CARTESIAN_POINT('',(-2.5E0,7.5E-2,-2.125E0));
#4715=LINE('',#4714,#4713);
#4716=CURVE_STYLE('',#32,POSITIVE_LENGTH_MEASURE(2.E-2),#6);
#4717=PRESENTATION_STYLE_ASSIGNMENT((#4716));
#4718=STYLED_ITEM('',(#4717),#4715);
#4719=DIRECTION('',(0.E0,1.E0,0.E0));
#4720=VECTOR('',#4719,7.5E-2);
#4721=CARTESIAN_POINT('',(-2.45E0,0.E0,-2.125E0));
#4722=LINE('',#4721,#4720);
#4723=CURVE_STYLE('',#32,POSITIVE_LENGTH_MEASURE(2.E-2),#6);
#4724=PRESENTATION_STYLE_ASSIGNMENT((#4723));
#4725=STYLED_ITEM('',(#4724),#4722);
#4726=DIRECTION('',(0.E0,1.E0,0.E0));
#4727=VECTOR('',#4726,1.75E-1);
#4728=CARTESIAN_POINT('',(-2.125E0,0.E0,-2.125E0));
#4729=LINE('',#4728,#4727);
#4730=CURVE_STYLE('',#32,POSITIVE_LENGTH_MEASURE(2.E-2),#6);
#4731=PRESENTATION_STYLE_ASSIGNMENT((#4730));
#4732=STYLED_ITEM('',(#4731),#4729);
#4733=DIRECTION('',(0.E0,1.E0,0.E0));
#4734=VECTOR('',#4733,7.5E-2);
#4735=CARTESIAN_POINT('',(-2.125E0,0.E0,-2.45E0));
#4736=LINE('',#4735,#4734);
#4737=CURVE_STYLE('',#32,POSITIVE_LENGTH_MEASURE(2.E-2),#6);
#4738=PRESENTATION_STYLE_ASSIGNMENT((#4737));
#4739=STYLED_ITEM('',(#4738),#4736);
#4740=DIRECTION('',(0.E0,0.E0,-1.E0));
#4741=VECTOR('',#4740,5.E-2);
#4742=CARTESIAN_POINT('',(-2.125E0,7.5E-2,-2.45E0));
#4743=LINE('',#4742,#4741);
#4744=CURVE_STYLE('',#32,POSITIVE_LENGTH_MEASURE(2.E-2),#6);
#4745=PRESENTATION_STYLE_ASSIGNMENT((#4744));
#4746=STYLED_ITEM('',(#4745),#4743);
#4747=DIRECTION('',(1.E0,0.E0,0.E0));
#4748=VECTOR('',#4747,3.75E-1);
#4749=CARTESIAN_POINT('',(-2.5E0,1.75E-1,-2.125E0));
#4750=LINE('',#4749,#4748);
#4751=CURVE_STYLE('',#32,POSITIVE_LENGTH_MEASURE(2.E-2),#6);
#4752=PRESENTATION_STYLE_ASSIGNMENT((#4751));
#4753=STYLED_ITEM('',(#4752),#4750);
#4754=DIRECTION('',(0.E0,0.E0,-1.E0));
#4755=VECTOR('',#4754,3.75E-1);
#4756=CARTESIAN_POINT('',(-2.125E0,1.75E-1,-2.125E0));
#4757=LINE('',#4756,#4755);
#4758=CURVE_STYLE('',#32,POSITIVE_LENGTH_MEASURE(2.E-2),#6);
#4759=PRESENTATION_STYLE_ASSIGNMENT((#4758));
#4760=STYLED_ITEM('',(#4759),#4757);
#4761=DIRECTION('',(0.E0,0.E0,1.E0));
#4762=VECTOR('',#4761,1.75E-1);
#4763=CARTESIAN_POINT('',(-2.325E0,1.75E-1,-2.5E0));
#4764=LINE('',#4763,#4762);
#4765=CURVE_STYLE('',#32,POSITIVE_LENGTH_MEASURE(2.E-2),#6);
#4766=PRESENTATION_STYLE_ASSIGNMENT((#4765));
#4767=STYLED_ITEM('',(#4766),#4764);
#4768=DIRECTION('',(-1.E0,0.E0,0.E0));
#4769=VECTOR('',#4768,1.75E-1);
#4770=CARTESIAN_POINT('',(-2.325E0,1.75E-1,-2.325E0));
#4771=LINE('',#4770,#4769);
#4772=CURVE_STYLE('',#32,POSITIVE_LENGTH_MEASURE(2.E-2),#6);
#4773=PRESENTATION_STYLE_ASSIGNMENT((#4772));
#4774=STYLED_ITEM('',(#4773),#4771);
#4775=DIRECTION('',(0.E0,1.E0,0.E0));
#4776=VECTOR('',#4775,1.75E-1);
#4777=CARTESIAN_POINT('',(-2.325E0,0.E0,-2.325E0));
#4778=LINE('',#4777,#4776);
#4779=CURVE_STYLE('',#32,POSITIVE_LENGTH_MEASURE(2.E-2),#6);
#4780=PRESENTATION_STYLE_ASSIGNMENT((#4779));
#4781=STYLED_ITEM('',(#4780),#4778);
#4782=DIRECTION('',(0.E0,1.E0,0.E0));
#4783=VECTOR('',#4782,7.5E-2);
#4784=CARTESIAN_POINT('',(-2.45E0,0.E0,-2.325E0));
#4785=LINE('',#4784,#4783);
#4786=CURVE_STYLE('',#32,POSITIVE_LENGTH_MEASURE(2.E-2),#6);
#4787=PRESENTATION_STYLE_ASSIGNMENT((#4786));
#4788=STYLED_ITEM('',(#4787),#4785);
#4789=DIRECTION('',(-1.E0,0.E0,0.E0));
#4790=VECTOR('',#4789,5.E-2);
#4791=CARTESIAN_POINT('',(-2.45E0,7.5E-2,-2.325E0));
#4792=LINE('',#4791,#4790);
#4793=CURVE_STYLE('',#32,POSITIVE_LENGTH_MEASURE(2.E-2),#6);
#4794=PRESENTATION_STYLE_ASSIGNMENT((#4793));
#4795=STYLED_ITEM('',(#4794),#4792);
#4796=DIRECTION('',(0.E0,1.E0,0.E0));
#4797=VECTOR('',#4796,7.5E-2);
#4798=CARTESIAN_POINT('',(-2.325E0,0.E0,2.45E0));
#4799=LINE('',#4798,#4797);
#4800=CURVE_STYLE('',#32,POSITIVE_LENGTH_MEASURE(2.E-2),#6);
#4801=PRESENTATION_STYLE_ASSIGNMENT((#4800));
#4802=STYLED_ITEM('',(#4801),#4799);
#4803=DIRECTION('',(0.E0,0.E0,-1.E0));
#4804=VECTOR('',#4803,5.E-2);
#4805=CARTESIAN_POINT('',(-2.325E0,7.5E-2,2.5E0));
#4806=LINE('',#4805,#4804);
#4807=CURVE_STYLE('',#32,POSITIVE_LENGTH_MEASURE(2.E-2),#6);
#4808=PRESENTATION_STYLE_ASSIGNMENT((#4807));
#4809=STYLED_ITEM('',(#4808),#4806);
#4810=DIRECTION('',(0.E0,0.E0,-1.E0));
#4811=VECTOR('',#4810,5.E-2);
#4812=CARTESIAN_POINT('',(1.875E0,7.5E-2,-2.45E0));
#4813=LINE('',#4812,#4811);
#4814=CURVE_STYLE('',#32,POSITIVE_LENGTH_MEASURE(2.E-2),#6);
#4815=PRESENTATION_STYLE_ASSIGNMENT((#4814));
#4816=STYLED_ITEM('',(#4815),#4813);
#4817=DIRECTION('',(0.E0,1.E0,0.E0));
#4818=VECTOR('',#4817,1.75E-1);
#4819=CARTESIAN_POINT('',(1.875E0,0.E0,-2.225E0));
#4820=LINE('',#4819,#4818);
#4821=CURVE_STYLE('',#32,POSITIVE_LENGTH_MEASURE(2.E-2),#6);
#4822=PRESENTATION_STYLE_ASSIGNMENT((#4821));
#4823=STYLED_ITEM('',(#4822),#4820);
#4824=DIRECTION('',(0.E0,1.E0,0.E0));
#4825=VECTOR('',#4824,7.5E-2);
#4826=CARTESIAN_POINT('',(1.875E0,0.E0,-2.45E0));
#4827=LINE('',#4826,#4825);
#4828=CURVE_STYLE('',#32,POSITIVE_LENGTH_MEASURE(2.E-2),#6);
#4829=PRESENTATION_STYLE_ASSIGNMENT((#4828));
#4830=STYLED_ITEM('',(#4829),#4827);
#4831=DIRECTION('',(0.E0,0.E0,1.E0));
#4832=VECTOR('',#4831,2.75E-1);
#4833=CARTESIAN_POINT('',(1.625E0,1.75E-1,-2.5E0));
#4834=LINE('',#4833,#4832);
#4835=CURVE_STYLE('',#32,POSITIVE_LENGTH_MEASURE(2.E-2),#6);
#4836=PRESENTATION_STYLE_ASSIGNMENT((#4835));
#4837=STYLED_ITEM('',(#4836),#4834);
#4838=CARTESIAN_POINT('',(1.75E0,1.75E-1,-2.225E0));
#4839=DIRECTION('',(0.E0,1.E0,0.E0));
#4840=DIRECTION('',(-1.E0,0.E0,0.E0));
#4841=AXIS2_PLACEMENT_3D('',#4838,#4839,#4840);
#4843=CURVE_STYLE('',#32,POSITIVE_LENGTH_MEASURE(2.E-2),#6);
#4844=PRESENTATION_STYLE_ASSIGNMENT((#4843));
#4845=STYLED_ITEM('',(#4844),#4842);
#4846=DIRECTION('',(0.E0,0.E0,-1.E0));
#4847=VECTOR('',#4846,2.75E-1);
#4848=CARTESIAN_POINT('',(1.875E0,1.75E-1,-2.225E0));
#4849=LINE('',#4848,#4847);
#4850=CURVE_STYLE('',#32,POSITIVE_LENGTH_MEASURE(2.E-2),#6);
#4851=PRESENTATION_STYLE_ASSIGNMENT((#4850));
#4852=STYLED_ITEM('',(#4851),#4849);
#4853=DIRECTION('',(0.E0,0.E0,1.E0));
#4854=VECTOR('',#4853,5.E-2);
#4855=CARTESIAN_POINT('',(1.625E0,7.5E-2,-2.5E0));
#4856=LINE('',#4855,#4854);
#4857=CURVE_STYLE('',#32,POSITIVE_LENGTH_MEASURE(2.E-2),#6);
#4858=PRESENTATION_STYLE_ASSIGNMENT((#4857));
#4859=STYLED_ITEM('',(#4858),#4856);
#4860=DIRECTION('',(0.E0,1.E0,0.E0));
#4861=VECTOR('',#4860,7.5E-2);
#4862=CARTESIAN_POINT('',(1.625E0,0.E0,-2.45E0));
#4863=LINE('',#4862,#4861);
#4864=CURVE_STYLE('',#32,POSITIVE_LENGTH_MEASURE(2.E-2),#6);
#4865=PRESENTATION_STYLE_ASSIGNMENT((#4864));
#4866=STYLED_ITEM('',(#4865),#4863);
#4867=DIRECTION('',(0.E0,1.E0,0.E0));
#4868=VECTOR('',#4867,1.75E-1);
#4869=CARTESIAN_POINT('',(1.625E0,0.E0,-2.225E0));
#4870=LINE('',#4869,#4868);
#4871=CURVE_STYLE('',#32,POSITIVE_LENGTH_MEASURE(2.E-2),#6);
#4872=PRESENTATION_STYLE_ASSIGNMENT((#4871));
#4873=STYLED_ITEM('',(#4872),#4870);
#4874=DIRECTION('',(0.E0,0.E0,-1.E0));
#4875=VECTOR('',#4874,5.E-2);
#4876=CARTESIAN_POINT('',(1.375E0,7.5E-2,-2.45E0));
#4877=LINE('',#4876,#4875);
#4878=CURVE_STYLE('',#32,POSITIVE_LENGTH_MEASURE(2.E-2),#6);
#4879=PRESENTATION_STYLE_ASSIGNMENT((#4878));
#4880=STYLED_ITEM('',(#4879),#4877);
#4881=DIRECTION('',(0.E0,1.E0,0.E0));
#4882=VECTOR('',#4881,1.75E-1);
#4883=CARTESIAN_POINT('',(1.375E0,0.E0,-2.225E0));
#4884=LINE('',#4883,#4882);
#4885=CURVE_STYLE('',#32,POSITIVE_LENGTH_MEASURE(2.E-2),#6);
#4886=PRESENTATION_STYLE_ASSIGNMENT((#4885));
#4887=STYLED_ITEM('',(#4886),#4884);
#4888=DIRECTION('',(0.E0,1.E0,0.E0));
#4889=VECTOR('',#4888,7.5E-2);
#4890=CARTESIAN_POINT('',(1.375E0,0.E0,-2.45E0));
#4891=LINE('',#4890,#4889);
#4892=CURVE_STYLE('',#32,POSITIVE_LENGTH_MEASURE(2.E-2),#6);
#4893=PRESENTATION_STYLE_ASSIGNMENT((#4892));
#4894=STYLED_ITEM('',(#4893),#4891);
#4895=DIRECTION('',(0.E0,0.E0,1.E0));
#4896=VECTOR('',#4895,2.75E-1);
#4897=CARTESIAN_POINT('',(1.125E0,1.75E-1,-2.5E0));
#4898=LINE('',#4897,#4896);
#4899=CURVE_STYLE('',#32,POSITIVE_LENGTH_MEASURE(2.E-2),#6);
#4900=PRESENTATION_STYLE_ASSIGNMENT((#4899));
#4901=STYLED_ITEM('',(#4900),#4898);
#4902=CARTESIAN_POINT('',(1.25E0,1.75E-1,-2.225E0));
#4903=DIRECTION('',(0.E0,1.E0,0.E0));
#4904=DIRECTION('',(-1.E0,0.E0,0.E0));
#4905=AXIS2_PLACEMENT_3D('',#4902,#4903,#4904);
#4907=CURVE_STYLE('',#32,POSITIVE_LENGTH_MEASURE(2.E-2),#6);
#4908=PRESENTATION_STYLE_ASSIGNMENT((#4907));
#4909=STYLED_ITEM('',(#4908),#4906);
#4910=DIRECTION('',(0.E0,0.E0,-1.E0));
#4911=VECTOR('',#4910,2.75E-1);
#4912=CARTESIAN_POINT('',(1.375E0,1.75E-1,-2.225E0));
#4913=LINE('',#4912,#4911);
#4914=CURVE_STYLE('',#32,POSITIVE_LENGTH_MEASURE(2.E-2),#6);
#4915=PRESENTATION_STYLE_ASSIGNMENT((#4914));
#4916=STYLED_ITEM('',(#4915),#4913);
#4917=DIRECTION('',(0.E0,0.E0,1.E0));
#4918=VECTOR('',#4917,5.E-2);
#4919=CARTESIAN_POINT('',(1.125E0,7.5E-2,-2.5E0));
#4920=LINE('',#4919,#4918);
#4921=CURVE_STYLE('',#32,POSITIVE_LENGTH_MEASURE(2.E-2),#6);
#4922=PRESENTATION_STYLE_ASSIGNMENT((#4921));
#4923=STYLED_ITEM('',(#4922),#4920);
#4924=DIRECTION('',(0.E0,1.E0,0.E0));
#4925=VECTOR('',#4924,7.5E-2);
#4926=CARTESIAN_POINT('',(1.125E0,0.E0,-2.45E0));
#4927=LINE('',#4926,#4925);
#4928=CURVE_STYLE('',#32,POSITIVE_LENGTH_MEASURE(2.E-2),#6);
#4929=PRESENTATION_STYLE_ASSIGNMENT((#4928));
#4930=STYLED_ITEM('',(#4929),#4927);
#4931=DIRECTION('',(0.E0,1.E0,0.E0));
#4932=VECTOR('',#4931,1.75E-1);
#4933=CARTESIAN_POINT('',(1.125E0,0.E0,-2.225E0));
#4934=LINE('',#4933,#4932);
#4935=CURVE_STYLE('',#32,POSITIVE_LENGTH_MEASURE(2.E-2),#6);
#4936=PRESENTATION_STYLE_ASSIGNMENT((#4935));
#4937=STYLED_ITEM('',(#4936),#4934);
#4938=DIRECTION('',(0.E0,0.E0,-1.E0));
#4939=VECTOR('',#4938,5.E-2);
#4940=CARTESIAN_POINT('',(8.75E-1,7.5E-2,-2.45E0));
#4941=LINE('',#4940,#4939);
#4942=CURVE_STYLE('',#32,POSITIVE_LENGTH_MEASURE(2.E-2),#6);
#4943=PRESENTATION_STYLE_ASSIGNMENT((#4942));
#4944=STYLED_ITEM('',(#4943),#4941);
#4945=DIRECTION('',(0.E0,1.E0,0.E0));
#4946=VECTOR('',#4945,1.75E-1);
#4947=CARTESIAN_POINT('',(8.75E-1,0.E0,-2.225E0));
#4948=LINE('',#4947,#4946);
#4949=CURVE_STYLE('',#32,POSITIVE_LENGTH_MEASURE(2.E-2),#6);
#4950=PRESENTATION_STYLE_ASSIGNMENT((#4949));
#4951=STYLED_ITEM('',(#4950),#4948);
#4952=DIRECTION('',(0.E0,1.E0,0.E0));
#4953=VECTOR('',#4952,7.5E-2);
#4954=CARTESIAN_POINT('',(8.75E-1,0.E0,-2.45E0));
#4955=LINE('',#4954,#4953);
#4956=CURVE_STYLE('',#32,POSITIVE_LENGTH_MEASURE(2.E-2),#6);
#4957=PRESENTATION_STYLE_ASSIGNMENT((#4956));
#4958=STYLED_ITEM('',(#4957),#4955);
#4959=DIRECTION('',(0.E0,0.E0,1.E0));
#4960=VECTOR('',#4959,2.75E-1);
#4961=CARTESIAN_POINT('',(6.25E-1,1.75E-1,-2.5E0));
#4962=LINE('',#4961,#4960);
#4963=CURVE_STYLE('',#32,POSITIVE_LENGTH_MEASURE(2.E-2),#6);
#4964=PRESENTATION_STYLE_ASSIGNMENT((#4963));
#4965=STYLED_ITEM('',(#4964),#4962);
#4966=CARTESIAN_POINT('',(7.5E-1,1.75E-1,-2.225E0));
#4967=DIRECTION('',(0.E0,1.E0,0.E0));
#4968=DIRECTION('',(-1.E0,0.E0,0.E0));
#4969=AXIS2_PLACEMENT_3D('',#4966,#4967,#4968);
#4971=CURVE_STYLE('',#32,POSITIVE_LENGTH_MEASURE(2.E-2),#6);
#4972=PRESENTATION_STYLE_ASSIGNMENT((#4971));
#4973=STYLED_ITEM('',(#4972),#4970);
#4974=DIRECTION('',(0.E0,0.E0,-1.E0));
#4975=VECTOR('',#4974,2.75E-1);
#4976=CARTESIAN_POINT('',(8.75E-1,1.75E-1,-2.225E0));
#4977=LINE('',#4976,#4975);
#4978=CURVE_STYLE('',#32,POSITIVE_LENGTH_MEASURE(2.E-2),#6);
#4979=PRESENTATION_STYLE_ASSIGNMENT((#4978));
#4980=STYLED_ITEM('',(#4979),#4977);
#4981=DIRECTION('',(0.E0,0.E0,1.E0));
#4982=VECTOR('',#4981,5.E-2);
#4983=CARTESIAN_POINT('',(6.25E-1,7.5E-2,-2.5E0));
#4984=LINE('',#4983,#4982);
#4985=CURVE_STYLE('',#32,POSITIVE_LENGTH_MEASURE(2.E-2),#6);
#4986=PRESENTATION_STYLE_ASSIGNMENT((#4985));
#4987=STYLED_ITEM('',(#4986),#4984);
#4988=DIRECTION('',(0.E0,1.E0,0.E0));
#4989=VECTOR('',#4988,7.5E-2);
#4990=CARTESIAN_POINT('',(6.25E-1,0.E0,-2.45E0));
#4991=LINE('',#4990,#4989);
#4992=CURVE_STYLE('',#32,POSITIVE_LENGTH_MEASURE(2.E-2),#6);
#4993=PRESENTATION_STYLE_ASSIGNMENT((#4992));
#4994=STYLED_ITEM('',(#4993),#4991);
#4995=DIRECTION('',(0.E0,1.E0,0.E0));
#4996=VECTOR('',#4995,1.75E-1);
#4997=CARTESIAN_POINT('',(6.25E-1,0.E0,-2.225E0));
#4998=LINE('',#4997,#4996);
#4999=CURVE_STYLE('',#32,POSITIVE_LENGTH_MEASURE(2.E-2),#6);
#5000=PRESENTATION_STYLE_ASSIGNMENT((#4999));
#5001=STYLED_ITEM('',(#5000),#4998);
#5002=DIRECTION('',(0.E0,0.E0,-1.E0));
#5003=VECTOR('',#5002,5.E-2);
#5004=CARTESIAN_POINT('',(3.75E-1,7.5E-2,-2.45E0));
#5005=LINE('',#5004,#5003);
#5006=CURVE_STYLE('',#32,POSITIVE_LENGTH_MEASURE(2.E-2),#6);
#5007=PRESENTATION_STYLE_ASSIGNMENT((#5006));
#5008=STYLED_ITEM('',(#5007),#5005);
#5009=DIRECTION('',(0.E0,1.E0,0.E0));
#5010=VECTOR('',#5009,1.75E-1);
#5011=CARTESIAN_POINT('',(3.75E-1,0.E0,-2.225E0));
#5012=LINE('',#5011,#5010);
#5013=CURVE_STYLE('',#32,POSITIVE_LENGTH_MEASURE(2.E-2),#6);
#5014=PRESENTATION_STYLE_ASSIGNMENT((#5013));
#5015=STYLED_ITEM('',(#5014),#5012);
#5016=DIRECTION('',(0.E0,1.E0,0.E0));
#5017=VECTOR('',#5016,7.5E-2);
#5018=CARTESIAN_POINT('',(3.75E-1,0.E0,-2.45E0));
#5019=LINE('',#5018,#5017);
#5020=CURVE_STYLE('',#32,POSITIVE_LENGTH_MEASURE(2.E-2),#6);
#5021=PRESENTATION_STYLE_ASSIGNMENT((#5020));
#5022=STYLED_ITEM('',(#5021),#5019);
#5023=DIRECTION('',(0.E0,0.E0,1.E0));
#5024=VECTOR('',#5023,2.75E-1);
#5025=CARTESIAN_POINT('',(1.25E-1,1.75E-1,-2.5E0));
#5026=LINE('',#5025,#5024);
#5027=CURVE_STYLE('',#32,POSITIVE_LENGTH_MEASURE(2.E-2),#6);
#5028=PRESENTATION_STYLE_ASSIGNMENT((#5027));
#5029=STYLED_ITEM('',(#5028),#5026);
#5030=CARTESIAN_POINT('',(2.5E-1,1.75E-1,-2.225E0));
#5031=DIRECTION('',(0.E0,1.E0,0.E0));
#5032=DIRECTION('',(-1.E0,0.E0,0.E0));
#5033=AXIS2_PLACEMENT_3D('',#5030,#5031,#5032);
#5035=CURVE_STYLE('',#32,POSITIVE_LENGTH_MEASURE(2.E-2),#6);
#5036=PRESENTATION_STYLE_ASSIGNMENT((#5035));
#5037=STYLED_ITEM('',(#5036),#5034);
#5038=DIRECTION('',(0.E0,0.E0,-1.E0));
#5039=VECTOR('',#5038,2.75E-1);
#5040=CARTESIAN_POINT('',(3.75E-1,1.75E-1,-2.225E0));
#5041=LINE('',#5040,#5039);
#5042=CURVE_STYLE('',#32,POSITIVE_LENGTH_MEASURE(2.E-2),#6);
#5043=PRESENTATION_STYLE_ASSIGNMENT((#5042));
#5044=STYLED_ITEM('',(#5043),#5041);
#5045=DIRECTION('',(0.E0,0.E0,1.E0));
#5046=VECTOR('',#5045,5.E-2);
#5047=CARTESIAN_POINT('',(1.25E-1,7.5E-2,-2.5E0));
#5048=LINE('',#5047,#5046);
#5049=CURVE_STYLE('',#32,POSITIVE_LENGTH_MEASURE(2.E-2),#6);
#5050=PRESENTATION_STYLE_ASSIGNMENT((#5049));
#5051=STYLED_ITEM('',(#5050),#5048);
#5052=DIRECTION('',(0.E0,1.E0,0.E0));
#5053=VECTOR('',#5052,7.5E-2);
#5054=CARTESIAN_POINT('',(1.25E-1,0.E0,-2.45E0));
#5055=LINE('',#5054,#5053);
#5056=CURVE_STYLE('',#32,POSITIVE_LENGTH_MEASURE(2.E-2),#6);
#5057=PRESENTATION_STYLE_ASSIGNMENT((#5056));
#5058=STYLED_ITEM('',(#5057),#5055);
#5059=DIRECTION('',(0.E0,1.E0,0.E0));
#5060=VECTOR('',#5059,1.75E-1);
#5061=CARTESIAN_POINT('',(1.25E-1,0.E0,-2.225E0));
#5062=LINE('',#5061,#5060);
#5063=CURVE_STYLE('',#32,POSITIVE_LENGTH_MEASURE(2.E-2),#6);
#5064=PRESENTATION_STYLE_ASSIGNMENT((#5063));
#5065=STYLED_ITEM('',(#5064),#5062);
#5066=DIRECTION('',(0.E0,0.E0,-1.E0));
#5067=VECTOR('',#5066,5.E-2);
#5068=CARTESIAN_POINT('',(-1.25E-1,7.5E-2,-2.45E0));
#5069=LINE('',#5068,#5067);
#5070=CURVE_STYLE('',#32,POSITIVE_LENGTH_MEASURE(2.E-2),#6);
#5071=PRESENTATION_STYLE_ASSIGNMENT((#5070));
#5072=STYLED_ITEM('',(#5071),#5069);
#5073=DIRECTION('',(0.E0,1.E0,0.E0));
#5074=VECTOR('',#5073,1.75E-1);
#5075=CARTESIAN_POINT('',(-1.25E-1,0.E0,-2.225E0));
#5076=LINE('',#5075,#5074);
#5077=CURVE_STYLE('',#32,POSITIVE_LENGTH_MEASURE(2.E-2),#6);
#5078=PRESENTATION_STYLE_ASSIGNMENT((#5077));
#5079=STYLED_ITEM('',(#5078),#5076);
#5080=DIRECTION('',(0.E0,1.E0,0.E0));
#5081=VECTOR('',#5080,7.5E-2);
#5082=CARTESIAN_POINT('',(-1.25E-1,0.E0,-2.45E0));
#5083=LINE('',#5082,#5081);
#5084=CURVE_STYLE('',#32,POSITIVE_LENGTH_MEASURE(2.E-2),#6);
#5085=PRESENTATION_STYLE_ASSIGNMENT((#5084));
#5086=STYLED_ITEM('',(#5085),#5083);
#5087=DIRECTION('',(0.E0,0.E0,1.E0));
#5088=VECTOR('',#5087,2.75E-1);
#5089=CARTESIAN_POINT('',(-3.75E-1,1.75E-1,-2.5E0));
#5090=LINE('',#5089,#5088);
#5091=CURVE_STYLE('',#32,POSITIVE_LENGTH_MEASURE(2.E-2),#6);
#5092=PRESENTATION_STYLE_ASSIGNMENT((#5091));
#5093=STYLED_ITEM('',(#5092),#5090);
#5094=CARTESIAN_POINT('',(-2.5E-1,1.75E-1,-2.225E0));
#5095=DIRECTION('',(0.E0,1.E0,0.E0));
#5096=DIRECTION('',(-1.E0,0.E0,0.E0));
#5097=AXIS2_PLACEMENT_3D('',#5094,#5095,#5096);
#5099=CURVE_STYLE('',#32,POSITIVE_LENGTH_MEASURE(2.E-2),#6);
#5100=PRESENTATION_STYLE_ASSIGNMENT((#5099));
#5101=STYLED_ITEM('',(#5100),#5098);
#5102=DIRECTION('',(0.E0,0.E0,-1.E0));
#5103=VECTOR('',#5102,2.75E-1);
#5104=CARTESIAN_POINT('',(-1.25E-1,1.75E-1,-2.225E0));
#5105=LINE('',#5104,#5103);
#5106=CURVE_STYLE('',#32,POSITIVE_LENGTH_MEASURE(2.E-2),#6);
#5107=PRESENTATION_STYLE_ASSIGNMENT((#5106));
#5108=STYLED_ITEM('',(#5107),#5105);
#5109=DIRECTION('',(0.E0,0.E0,1.E0));
#5110=VECTOR('',#5109,5.E-2);
#5111=CARTESIAN_POINT('',(-3.75E-1,7.5E-2,-2.5E0));
#5112=LINE('',#5111,#5110);
#5113=CURVE_STYLE('',#32,POSITIVE_LENGTH_MEASURE(2.E-2),#6);
#5114=PRESENTATION_STYLE_ASSIGNMENT((#5113));
#5115=STYLED_ITEM('',(#5114),#5112);
#5116=DIRECTION('',(0.E0,1.E0,0.E0));
#5117=VECTOR('',#5116,7.5E-2);
#5118=CARTESIAN_POINT('',(-3.75E-1,0.E0,-2.45E0));
#5119=LINE('',#5118,#5117);
#5120=CURVE_STYLE('',#32,POSITIVE_LENGTH_MEASURE(2.E-2),#6);
#5121=PRESENTATION_STYLE_ASSIGNMENT((#5120));
#5122=STYLED_ITEM('',(#5121),#5119);
#5123=DIRECTION('',(0.E0,1.E0,0.E0));
#5124=VECTOR('',#5123,1.75E-1);
#5125=CARTESIAN_POINT('',(-3.75E-1,0.E0,-2.225E0));
#5126=LINE('',#5125,#5124);
#5127=CURVE_STYLE('',#32,POSITIVE_LENGTH_MEASURE(2.E-2),#6);
#5128=PRESENTATION_STYLE_ASSIGNMENT((#5127));
#5129=STYLED_ITEM('',(#5128),#5126);
#5130=DIRECTION('',(0.E0,0.E0,-1.E0));
#5131=VECTOR('',#5130,5.E-2);
#5132=CARTESIAN_POINT('',(-6.25E-1,7.5E-2,-2.45E0));
#5133=LINE('',#5132,#5131);
#5134=CURVE_STYLE('',#32,POSITIVE_LENGTH_MEASURE(2.E-2),#6);
#5135=PRESENTATION_STYLE_ASSIGNMENT((#5134));
#5136=STYLED_ITEM('',(#5135),#5133);
#5137=DIRECTION('',(0.E0,1.E0,0.E0));
#5138=VECTOR('',#5137,1.75E-1);
#5139=CARTESIAN_POINT('',(-6.25E-1,0.E0,-2.225E0));
#5140=LINE('',#5139,#5138);
#5141=CURVE_STYLE('',#32,POSITIVE_LENGTH_MEASURE(2.E-2),#6);
#5142=PRESENTATION_STYLE_ASSIGNMENT((#5141));
#5143=STYLED_ITEM('',(#5142),#5140);
#5144=DIRECTION('',(0.E0,1.E0,0.E0));
#5145=VECTOR('',#5144,7.5E-2);
#5146=CARTESIAN_POINT('',(-6.25E-1,0.E0,-2.45E0));
#5147=LINE('',#5146,#5145);
#5148=CURVE_STYLE('',#32,POSITIVE_LENGTH_MEASURE(2.E-2),#6);
#5149=PRESENTATION_STYLE_ASSIGNMENT((#5148));
#5150=STYLED_ITEM('',(#5149),#5147);
#5151=DIRECTION('',(0.E0,0.E0,1.E0));
#5152=VECTOR('',#5151,2.75E-1);
#5153=CARTESIAN_POINT('',(-8.75E-1,1.75E-1,-2.5E0));
#5154=LINE('',#5153,#5152);
#5155=CURVE_STYLE('',#32,POSITIVE_LENGTH_MEASURE(2.E-2),#6);
#5156=PRESENTATION_STYLE_ASSIGNMENT((#5155));
#5157=STYLED_ITEM('',(#5156),#5154);
#5158=CARTESIAN_POINT('',(-7.5E-1,1.75E-1,-2.225E0));
#5159=DIRECTION('',(0.E0,1.E0,0.E0));
#5160=DIRECTION('',(-1.E0,0.E0,0.E0));
#5161=AXIS2_PLACEMENT_3D('',#5158,#5159,#5160);
#5163=CURVE_STYLE('',#32,POSITIVE_LENGTH_MEASURE(2.E-2),#6);
#5164=PRESENTATION_STYLE_ASSIGNMENT((#5163));
#5165=STYLED_ITEM('',(#5164),#5162);
#5166=DIRECTION('',(0.E0,0.E0,-1.E0));
#5167=VECTOR('',#5166,2.75E-1);
#5168=CARTESIAN_POINT('',(-6.25E-1,1.75E-1,-2.225E0));
#5169=LINE('',#5168,#5167);
#5170=CURVE_STYLE('',#32,POSITIVE_LENGTH_MEASURE(2.E-2),#6);
#5171=PRESENTATION_STYLE_ASSIGNMENT((#5170));
#5172=STYLED_ITEM('',(#5171),#5169);
#5173=DIRECTION('',(0.E0,0.E0,1.E0));
#5174=VECTOR('',#5173,5.E-2);
#5175=CARTESIAN_POINT('',(-8.75E-1,7.5E-2,-2.5E0));
#5176=LINE('',#5175,#5174);
#5177=CURVE_STYLE('',#32,POSITIVE_LENGTH_MEASURE(2.E-2),#6);
#5178=PRESENTATION_STYLE_ASSIGNMENT((#5177));
#5179=STYLED_ITEM('',(#5178),#5176);
#5180=DIRECTION('',(0.E0,1.E0,0.E0));
#5181=VECTOR('',#5180,7.5E-2);
#5182=CARTESIAN_POINT('',(-8.75E-1,0.E0,-2.45E0));
#5183=LINE('',#5182,#5181);
#5184=CURVE_STYLE('',#32,POSITIVE_LENGTH_MEASURE(2.E-2),#6);
#5185=PRESENTATION_STYLE_ASSIGNMENT((#5184));
#5186=STYLED_ITEM('',(#5185),#5183);
#5187=DIRECTION('',(0.E0,1.E0,0.E0));
#5188=VECTOR('',#5187,1.75E-1);
#5189=CARTESIAN_POINT('',(-8.75E-1,0.E0,-2.225E0));
#5190=LINE('',#5189,#5188);
#5191=CURVE_STYLE('',#32,POSITIVE_LENGTH_MEASURE(2.E-2),#6);
#5192=PRESENTATION_STYLE_ASSIGNMENT((#5191));
#5193=STYLED_ITEM('',(#5192),#5190);
#5194=DIRECTION('',(0.E0,0.E0,-1.E0));
#5195=VECTOR('',#5194,5.E-2);
#5196=CARTESIAN_POINT('',(-1.125E0,7.5E-2,-2.45E0));
#5197=LINE('',#5196,#5195);
#5198=CURVE_STYLE('',#32,POSITIVE_LENGTH_MEASURE(2.E-2),#6);
#5199=PRESENTATION_STYLE_ASSIGNMENT((#5198));
#5200=STYLED_ITEM('',(#5199),#5197);
#5201=DIRECTION('',(0.E0,1.E0,0.E0));
#5202=VECTOR('',#5201,1.75E-1);
#5203=CARTESIAN_POINT('',(-1.125E0,0.E0,-2.225E0));
#5204=LINE('',#5203,#5202);
#5205=CURVE_STYLE('',#32,POSITIVE_LENGTH_MEASURE(2.E-2),#6);
#5206=PRESENTATION_STYLE_ASSIGNMENT((#5205));
#5207=STYLED_ITEM('',(#5206),#5204);
#5208=DIRECTION('',(0.E0,1.E0,0.E0));
#5209=VECTOR('',#5208,7.5E-2);
#5210=CARTESIAN_POINT('',(-1.125E0,0.E0,-2.45E0));
#5211=LINE('',#5210,#5209);
#5212=CURVE_STYLE('',#32,POSITIVE_LENGTH_MEASURE(2.E-2),#6);
#5213=PRESENTATION_STYLE_ASSIGNMENT((#5212));
#5214=STYLED_ITEM('',(#5213),#5211);
#5215=DIRECTION('',(0.E0,0.E0,1.E0));
#5216=VECTOR('',#5215,2.75E-1);
#5217=CARTESIAN_POINT('',(-1.375E0,1.75E-1,-2.5E0));
#5218=LINE('',#5217,#5216);
#5219=CURVE_STYLE('',#32,POSITIVE_LENGTH_MEASURE(2.E-2),#6);
#5220=PRESENTATION_STYLE_ASSIGNMENT((#5219));
#5221=STYLED_ITEM('',(#5220),#5218);
#5222=CARTESIAN_POINT('',(-1.25E0,1.75E-1,-2.225E0));
#5223=DIRECTION('',(0.E0,1.E0,0.E0));
#5224=DIRECTION('',(-1.E0,0.E0,0.E0));
#5225=AXIS2_PLACEMENT_3D('',#5222,#5223,#5224);
#5227=CURVE_STYLE('',#32,POSITIVE_LENGTH_MEASURE(2.E-2),#6);
#5228=PRESENTATION_STYLE_ASSIGNMENT((#5227));
#5229=STYLED_ITEM('',(#5228),#5226);
#5230=DIRECTION('',(0.E0,0.E0,-1.E0));
#5231=VECTOR('',#5230,2.75E-1);
#5232=CARTESIAN_POINT('',(-1.125E0,1.75E-1,-2.225E0));
#5233=LINE('',#5232,#5231);
#5234=CURVE_STYLE('',#32,POSITIVE_LENGTH_MEASURE(2.E-2),#6);
#5235=PRESENTATION_STYLE_ASSIGNMENT((#5234));
#5236=STYLED_ITEM('',(#5235),#5233);
#5237=DIRECTION('',(0.E0,0.E0,1.E0));
#5238=VECTOR('',#5237,5.E-2);
#5239=CARTESIAN_POINT('',(-1.375E0,7.5E-2,-2.5E0));
#5240=LINE('',#5239,#5238);
#5241=CURVE_STYLE('',#32,POSITIVE_LENGTH_MEASURE(2.E-2),#6);
#5242=PRESENTATION_STYLE_ASSIGNMENT((#5241));
#5243=STYLED_ITEM('',(#5242),#5240);
#5244=DIRECTION('',(0.E0,1.E0,0.E0));
#5245=VECTOR('',#5244,7.5E-2);
#5246=CARTESIAN_POINT('',(-1.375E0,0.E0,-2.45E0));
#5247=LINE('',#5246,#5245);
#5248=CURVE_STYLE('',#32,POSITIVE_LENGTH_MEASURE(2.E-2),#6);
#5249=PRESENTATION_STYLE_ASSIGNMENT((#5248));
#5250=STYLED_ITEM('',(#5249),#5247);
#5251=DIRECTION('',(0.E0,1.E0,0.E0));
#5252=VECTOR('',#5251,1.75E-1);
#5253=CARTESIAN_POINT('',(-1.375E0,0.E0,-2.225E0));
#5254=LINE('',#5253,#5252);
#5255=CURVE_STYLE('',#32,POSITIVE_LENGTH_MEASURE(2.E-2),#6);
#5256=PRESENTATION_STYLE_ASSIGNMENT((#5255));
#5257=STYLED_ITEM('',(#5256),#5254);
#5258=DIRECTION('',(0.E0,0.E0,-1.E0));
#5259=VECTOR('',#5258,5.E-2);
#5260=CARTESIAN_POINT('',(-1.625E0,7.5E-2,-2.45E0));
#5261=LINE('',#5260,#5259);
#5262=CURVE_STYLE('',#32,POSITIVE_LENGTH_MEASURE(2.E-2),#6);
#5263=PRESENTATION_STYLE_ASSIGNMENT((#5262));
#5264=STYLED_ITEM('',(#5263),#5261);
#5265=DIRECTION('',(0.E0,1.E0,0.E0));
#5266=VECTOR('',#5265,1.75E-1);
#5267=CARTESIAN_POINT('',(-1.625E0,0.E0,-2.225E0));
#5268=LINE('',#5267,#5266);
#5269=CURVE_STYLE('',#32,POSITIVE_LENGTH_MEASURE(2.E-2),#6);
#5270=PRESENTATION_STYLE_ASSIGNMENT((#5269));
#5271=STYLED_ITEM('',(#5270),#5268);
#5272=DIRECTION('',(0.E0,1.E0,0.E0));
#5273=VECTOR('',#5272,7.5E-2);
#5274=CARTESIAN_POINT('',(-1.625E0,0.E0,-2.45E0));
#5275=LINE('',#5274,#5273);
#5276=CURVE_STYLE('',#32,POSITIVE_LENGTH_MEASURE(2.E-2),#6);
#5277=PRESENTATION_STYLE_ASSIGNMENT((#5276));
#5278=STYLED_ITEM('',(#5277),#5275);
#5279=DIRECTION('',(0.E0,0.E0,1.E0));
#5280=VECTOR('',#5279,2.75E-1);
#5281=CARTESIAN_POINT('',(-1.875E0,1.75E-1,-2.5E0));
#5282=LINE('',#5281,#5280);
#5283=CURVE_STYLE('',#32,POSITIVE_LENGTH_MEASURE(2.E-2),#6);
#5284=PRESENTATION_STYLE_ASSIGNMENT((#5283));
#5285=STYLED_ITEM('',(#5284),#5282);
#5286=CARTESIAN_POINT('',(-1.75E0,1.75E-1,-2.225E0));
#5287=DIRECTION('',(0.E0,1.E0,0.E0));
#5288=DIRECTION('',(-1.E0,0.E0,0.E0));
#5289=AXIS2_PLACEMENT_3D('',#5286,#5287,#5288);
#5291=CURVE_STYLE('',#32,POSITIVE_LENGTH_MEASURE(2.E-2),#6);
#5292=PRESENTATION_STYLE_ASSIGNMENT((#5291));
#5293=STYLED_ITEM('',(#5292),#5290);
#5294=DIRECTION('',(0.E0,0.E0,-1.E0));
#5295=VECTOR('',#5294,2.75E-1);
#5296=CARTESIAN_POINT('',(-1.625E0,1.75E-1,-2.225E0));
#5297=LINE('',#5296,#5295);
#5298=CURVE_STYLE('',#32,POSITIVE_LENGTH_MEASURE(2.E-2),#6);
#5299=PRESENTATION_STYLE_ASSIGNMENT((#5298));
#5300=STYLED_ITEM('',(#5299),#5297);
#5301=DIRECTION('',(0.E0,0.E0,1.E0));
#5302=VECTOR('',#5301,5.E-2);
#5303=CARTESIAN_POINT('',(-1.875E0,7.5E-2,-2.5E0));
#5304=LINE('',#5303,#5302);
#5305=CURVE_STYLE('',#32,POSITIVE_LENGTH_MEASURE(2.E-2),#6);
#5306=PRESENTATION_STYLE_ASSIGNMENT((#5305));
#5307=STYLED_ITEM('',(#5306),#5304);
#5308=DIRECTION('',(0.E0,1.E0,0.E0));
#5309=VECTOR('',#5308,7.5E-2);
#5310=CARTESIAN_POINT('',(-1.875E0,0.E0,-2.45E0));
#5311=LINE('',#5310,#5309);
#5312=CURVE_STYLE('',#32,POSITIVE_LENGTH_MEASURE(2.E-2),#6);
#5313=PRESENTATION_STYLE_ASSIGNMENT((#5312));
#5314=STYLED_ITEM('',(#5313),#5311);
#5315=DIRECTION('',(0.E0,1.E0,0.E0));
#5316=VECTOR('',#5315,1.75E-1);
#5317=CARTESIAN_POINT('',(-1.875E0,0.E0,-2.225E0));
#5318=LINE('',#5317,#5316);
#5319=CURVE_STYLE('',#32,POSITIVE_LENGTH_MEASURE(2.E-2),#6);
#5320=PRESENTATION_STYLE_ASSIGNMENT((#5319));
#5321=STYLED_ITEM('',(#5320),#5318);
#5322=CARTESIAN_POINT('',(-2.5E0,9.75E-1,-2.5E0));
#5323=CARTESIAN_POINT('',(-2.5E0,9.75E-1,2.5E0));
#5324=VERTEX_POINT('',#5322);
#5325=VERTEX_POINT('',#5323);
#5326=CARTESIAN_POINT('',(2.5E0,9.75E-1,2.5E0));
#5327=VERTEX_POINT('',#5326);
#5328=CARTESIAN_POINT('',(2.5E0,9.75E-1,-2.5E0));
#5329=VERTEX_POINT('',#5328);
#5330=CARTESIAN_POINT('',(-1.95E0,7.5E-2,-1.95E0));
#5331=CARTESIAN_POINT('',(-1.95E0,7.5E-2,1.95E0));
#5332=VERTEX_POINT('',#5330);
#5333=VERTEX_POINT('',#5331);
#5334=CARTESIAN_POINT('',(1.95E0,7.5E-2,1.95E0));
#5335=VERTEX_POINT('',#5334);
#5336=CARTESIAN_POINT('',(1.95E0,7.5E-2,-1.95E0));
#5337=VERTEX_POINT('',#5336);
#5338=CARTESIAN_POINT('',(-1.95E0,1.75E-1,-1.95E0));
#5339=CARTESIAN_POINT('',(-1.95E0,1.75E-1,1.95E0));
#5340=VERTEX_POINT('',#5338);
#5341=VERTEX_POINT('',#5339);
#5342=CARTESIAN_POINT('',(1.95E0,1.75E-1,1.95E0));
#5343=VERTEX_POINT('',#5342);
#5344=CARTESIAN_POINT('',(1.95E0,1.75E-1,-1.95E0));
#5345=VERTEX_POINT('',#5344);
#5346=CARTESIAN_POINT('',(2.225E0,1.75E-1,1.625E0));
#5347=CARTESIAN_POINT('',(2.225E0,1.75E-1,1.875E0));
#5348=VERTEX_POINT('',#5346);
#5349=VERTEX_POINT('',#5347);
#5350=CARTESIAN_POINT('',(2.225E0,1.75E-1,1.125E0));
#5351=CARTESIAN_POINT('',(2.225E0,1.75E-1,1.375E0));
#5352=VERTEX_POINT('',#5350);
#5353=VERTEX_POINT('',#5351);
#5354=CARTESIAN_POINT('',(2.225E0,1.75E-1,6.25E-1));
#5355=CARTESIAN_POINT('',(2.225E0,1.75E-1,8.75E-1));
#5356=VERTEX_POINT('',#5354);
#5357=VERTEX_POINT('',#5355);
#5358=CARTESIAN_POINT('',(2.225E0,1.75E-1,1.25E-1));
#5359=CARTESIAN_POINT('',(2.225E0,1.75E-1,3.75E-1));
#5360=VERTEX_POINT('',#5358);
#5361=VERTEX_POINT('',#5359);
#5362=CARTESIAN_POINT('',(2.225E0,1.75E-1,-3.75E-1));
#5363=CARTESIAN_POINT('',(2.225E0,1.75E-1,-1.25E-1));
#5364=VERTEX_POINT('',#5362);
#5365=VERTEX_POINT('',#5363);
#5366=CARTESIAN_POINT('',(1.85E0,7.5E-2,1.85E0));
#5367=CARTESIAN_POINT('',(-1.85E0,7.5E-2,1.85E0));
#5368=VERTEX_POINT('',#5366);
#5369=VERTEX_POINT('',#5367);
#5370=CARTESIAN_POINT('',(1.85E0,7.5E-2,-1.85E0));
#5371=VERTEX_POINT('',#5370);
#5372=CARTESIAN_POINT('',(2.225E0,0.E0,1.625E0));
#5373=VERTEX_POINT('',#5372);
#5374=CARTESIAN_POINT('',(2.225E0,0.E0,1.875E0));
#5375=VERTEX_POINT('',#5374);
#5376=CARTESIAN_POINT('',(2.225E0,0.E0,1.125E0));
#5377=VERTEX_POINT('',#5376);
#5378=CARTESIAN_POINT('',(2.225E0,0.E0,1.375E0));
#5379=VERTEX_POINT('',#5378);
#5380=CARTESIAN_POINT('',(2.225E0,0.E0,6.25E-1));
#5381=VERTEX_POINT('',#5380);
#5382=CARTESIAN_POINT('',(2.225E0,0.E0,8.75E-1));
#5383=VERTEX_POINT('',#5382);
#5384=CARTESIAN_POINT('',(2.225E0,0.E0,1.25E-1));
#5385=VERTEX_POINT('',#5384);
#5386=CARTESIAN_POINT('',(2.225E0,0.E0,3.75E-1));
#5387=VERTEX_POINT('',#5386);
#5388=CARTESIAN_POINT('',(2.225E0,0.E0,-3.75E-1));
#5389=VERTEX_POINT('',#5388);
#5390=CARTESIAN_POINT('',(2.225E0,0.E0,-1.25E-1));
#5391=VERTEX_POINT('',#5390);
#5392=CARTESIAN_POINT('',(-2.225E0,1.75E-1,1.625E0));
#5393=CARTESIAN_POINT('',(-2.225E0,1.75E-1,1.875E0));
#5394=VERTEX_POINT('',#5392);
#5395=VERTEX_POINT('',#5393);
#5396=CARTESIAN_POINT('',(-2.225E0,1.75E-1,1.125E0));
#5397=CARTESIAN_POINT('',(-2.225E0,1.75E-1,1.375E0));
#5398=VERTEX_POINT('',#5396);
#5399=VERTEX_POINT('',#5397);
#5400=CARTESIAN_POINT('',(-2.225E0,1.75E-1,6.25E-1));
#5401=CARTESIAN_POINT('',(-2.225E0,1.75E-1,8.75E-1));
#5402=VERTEX_POINT('',#5400);
#5403=VERTEX_POINT('',#5401);
#5404=CARTESIAN_POINT('',(-2.225E0,1.75E-1,1.25E-1));
#5405=CARTESIAN_POINT('',(-2.225E0,1.75E-1,3.75E-1));
#5406=VERTEX_POINT('',#5404);
#5407=VERTEX_POINT('',#5405);
#5408=CARTESIAN_POINT('',(-2.225E0,1.75E-1,-3.75E-1));
#5409=CARTESIAN_POINT('',(-2.225E0,1.75E-1,-1.25E-1));
#5410=VERTEX_POINT('',#5408);
#5411=VERTEX_POINT('',#5409);
#5412=CARTESIAN_POINT('',(-2.5E0,1.75E-1,1.875E0));
#5413=CARTESIAN_POINT('',(-2.5E0,1.75E-1,1.625E0));
#5414=VERTEX_POINT('',#5412);
#5415=VERTEX_POINT('',#5413);
#5416=CARTESIAN_POINT('',(-2.5E0,1.75E-1,1.375E0));
#5417=CARTESIAN_POINT('',(-2.5E0,1.75E-1,1.125E0));
#5418=VERTEX_POINT('',#5416);
#5419=VERTEX_POINT('',#5417);
#5420=CARTESIAN_POINT('',(-2.5E0,1.75E-1,8.75E-1));
#5421=CARTESIAN_POINT('',(-2.5E0,1.75E-1,6.25E-1));
#5422=VERTEX_POINT('',#5420);
#5423=VERTEX_POINT('',#5421);
#5424=CARTESIAN_POINT('',(-2.5E0,1.75E-1,-1.25E-1));
#5425=CARTESIAN_POINT('',(-2.5E0,1.75E-1,-3.75E-1));
#5426=VERTEX_POINT('',#5424);
#5427=VERTEX_POINT('',#5425);
#5428=CARTESIAN_POINT('',(2.5E0,1.75E-1,1.875E0));
#5429=CARTESIAN_POINT('',(2.5E0,1.75E-1,1.625E0));
#5430=VERTEX_POINT('',#5428);
#5431=VERTEX_POINT('',#5429);
#5432=CARTESIAN_POINT('',(2.5E0,1.75E-1,1.375E0));
#5433=CARTESIAN_POINT('',(2.5E0,1.75E-1,1.125E0));
#5434=VERTEX_POINT('',#5432);
#5435=VERTEX_POINT('',#5433);
#5436=CARTESIAN_POINT('',(2.5E0,1.75E-1,8.75E-1));
#5437=CARTESIAN_POINT('',(2.5E0,1.75E-1,6.25E-1));
#5438=VERTEX_POINT('',#5436);
#5439=VERTEX_POINT('',#5437);
#5440=CARTESIAN_POINT('',(2.5E0,1.75E-1,-1.25E-1));
#5441=CARTESIAN_POINT('',(2.5E0,1.75E-1,-3.75E-1));
#5442=VERTEX_POINT('',#5440);
#5443=VERTEX_POINT('',#5441);
#5444=CARTESIAN_POINT('',(2.5E0,1.75E-1,1.25E-1));
#5445=VERTEX_POINT('',#5444);
#5446=CARTESIAN_POINT('',(2.5E0,1.75E-1,3.75E-1));
#5447=VERTEX_POINT('',#5446);
#5448=CARTESIAN_POINT('',(-2.225E0,0.E0,1.625E0));
#5449=VERTEX_POINT('',#5448);
#5450=CARTESIAN_POINT('',(-2.225E0,0.E0,1.875E0));
#5451=VERTEX_POINT('',#5450);
#5452=CARTESIAN_POINT('',(-2.225E0,0.E0,1.125E0));
#5453=VERTEX_POINT('',#5452);
#5454=CARTESIAN_POINT('',(-2.225E0,0.E0,1.375E0));
#5455=VERTEX_POINT('',#5454);
#5456=CARTESIAN_POINT('',(-2.225E0,0.E0,6.25E-1));
#5457=VERTEX_POINT('',#5456);
#5458=CARTESIAN_POINT('',(-2.225E0,0.E0,8.75E-1));
#5459=VERTEX_POINT('',#5458);
#5460=CARTESIAN_POINT('',(-2.5E0,1.75E-1,1.25E-1));
#5461=VERTEX_POINT('',#5460);
#5462=CARTESIAN_POINT('',(-2.5E0,1.75E-1,3.75E-1));
#5463=VERTEX_POINT('',#5462);
#5464=CARTESIAN_POINT('',(-2.225E0,0.E0,1.25E-1));
#5465=VERTEX_POINT('',#5464);
#5466=CARTESIAN_POINT('',(-2.225E0,0.E0,3.75E-1));
#5467=VERTEX_POINT('',#5466);
#5468=CARTESIAN_POINT('',(-2.225E0,0.E0,-3.75E-1));
#5469=VERTEX_POINT('',#5468);
#5470=CARTESIAN_POINT('',(-2.225E0,0.E0,-1.25E-1));
#5471=VERTEX_POINT('',#5470);
#5472=CARTESIAN_POINT('',(2.225E0,1.75E-1,-8.75E-1));
#5473=CARTESIAN_POINT('',(2.225E0,1.75E-1,-6.25E-1));
#5474=VERTEX_POINT('',#5472);
#5475=VERTEX_POINT('',#5473);
#5476=CARTESIAN_POINT('',(2.225E0,1.75E-1,-1.375E0));
#5477=CARTESIAN_POINT('',(2.225E0,1.75E-1,-1.125E0));
#5478=VERTEX_POINT('',#5476);
#5479=VERTEX_POINT('',#5477);
#5480=CARTESIAN_POINT('',(2.225E0,1.75E-1,-1.875E0));
#5481=CARTESIAN_POINT('',(2.225E0,1.75E-1,-1.625E0));
#5482=VERTEX_POINT('',#5480);
#5483=VERTEX_POINT('',#5481);
#5484=CARTESIAN_POINT('',(-2.225E0,1.75E-1,-8.75E-1));
#5485=CARTESIAN_POINT('',(-2.225E0,1.75E-1,-6.25E-1));
#5486=VERTEX_POINT('',#5484);
#5487=VERTEX_POINT('',#5485);
#5488=CARTESIAN_POINT('',(-2.225E0,1.75E-1,-1.375E0));
#5489=CARTESIAN_POINT('',(-2.225E0,1.75E-1,-1.125E0));
#5490=VERTEX_POINT('',#5488);
#5491=VERTEX_POINT('',#5489);
#5492=CARTESIAN_POINT('',(-2.225E0,1.75E-1,-1.875E0));
#5493=CARTESIAN_POINT('',(-2.225E0,1.75E-1,-1.625E0));
#5494=VERTEX_POINT('',#5492);
#5495=VERTEX_POINT('',#5493);
#5496=CARTESIAN_POINT('',(-2.5E0,1.75E-1,-6.25E-1));
#5497=CARTESIAN_POINT('',(-2.5E0,1.75E-1,-8.75E-1));
#5498=VERTEX_POINT('',#5496);
#5499=VERTEX_POINT('',#5497);
#5500=CARTESIAN_POINT('',(-2.5E0,1.75E-1,-1.125E0));
#5501=CARTESIAN_POINT('',(-2.5E0,1.75E-1,-1.375E0));
#5502=VERTEX_POINT('',#5500);
#5503=VERTEX_POINT('',#5501);
#5504=CARTESIAN_POINT('',(-2.5E0,1.75E-1,-1.625E0));
#5505=CARTESIAN_POINT('',(-2.5E0,1.75E-1,-1.875E0));
#5506=VERTEX_POINT('',#5504);
#5507=VERTEX_POINT('',#5505);
#5508=CARTESIAN_POINT('',(2.5E0,1.75E-1,-6.25E-1));
#5509=CARTESIAN_POINT('',(2.5E0,1.75E-1,-8.75E-1));
#5510=VERTEX_POINT('',#5508);
#5511=VERTEX_POINT('',#5509);
#5512=CARTESIAN_POINT('',(2.5E0,1.75E-1,-1.125E0));
#5513=CARTESIAN_POINT('',(2.5E0,1.75E-1,-1.375E0));
#5514=VERTEX_POINT('',#5512);
#5515=VERTEX_POINT('',#5513);
#5516=CARTESIAN_POINT('',(2.5E0,1.75E-1,-1.625E0));
#5517=CARTESIAN_POINT('',(2.5E0,1.75E-1,-1.875E0));
#5518=VERTEX_POINT('',#5516);
#5519=VERTEX_POINT('',#5517);
#5520=CARTESIAN_POINT('',(2.225E0,0.E0,-8.75E-1));
#5521=VERTEX_POINT('',#5520);
#5522=CARTESIAN_POINT('',(2.225E0,0.E0,-6.25E-1));
#5523=VERTEX_POINT('',#5522);
#5524=CARTESIAN_POINT('',(2.225E0,0.E0,-1.375E0));
#5525=VERTEX_POINT('',#5524);
#5526=CARTESIAN_POINT('',(2.225E0,0.E0,-1.125E0));
#5527=VERTEX_POINT('',#5526);
#5528=CARTESIAN_POINT('',(2.225E0,0.E0,-1.875E0));
#5529=VERTEX_POINT('',#5528);
#5530=CARTESIAN_POINT('',(2.225E0,0.E0,-1.625E0));
#5531=VERTEX_POINT('',#5530);
#5532=CARTESIAN_POINT('',(-2.225E0,0.E0,-8.75E-1));
#5533=VERTEX_POINT('',#5532);
#5534=CARTESIAN_POINT('',(-2.225E0,0.E0,-6.25E-1));
#5535=VERTEX_POINT('',#5534);
#5536=CARTESIAN_POINT('',(-2.225E0,0.E0,-1.375E0));
#5537=VERTEX_POINT('',#5536);
#5538=CARTESIAN_POINT('',(-2.225E0,0.E0,-1.125E0));
#5539=VERTEX_POINT('',#5538);
#5540=CARTESIAN_POINT('',(-2.225E0,0.E0,-1.875E0));
#5541=VERTEX_POINT('',#5540);
#5542=CARTESIAN_POINT('',(-2.225E0,0.E0,-1.625E0));
#5543=VERTEX_POINT('',#5542);
#5544=CARTESIAN_POINT('',(-1.875E0,1.75E-1,-2.225E0));
#5545=CARTESIAN_POINT('',(-1.625E0,1.75E-1,-2.225E0));
#5546=VERTEX_POINT('',#5544);
#5547=VERTEX_POINT('',#5545);
#5548=CARTESIAN_POINT('',(-1.375E0,1.75E-1,-2.225E0));
#5549=CARTESIAN_POINT('',(-1.125E0,1.75E-1,-2.225E0));
#5550=VERTEX_POINT('',#5548);
#5551=VERTEX_POINT('',#5549);
#5552=CARTESIAN_POINT('',(-8.75E-1,1.75E-1,-2.225E0));
#5553=CARTESIAN_POINT('',(-6.25E-1,1.75E-1,-2.225E0));
#5554=VERTEX_POINT('',#5552);
#5555=VERTEX_POINT('',#5553);
#5556=CARTESIAN_POINT('',(-3.75E-1,1.75E-1,-2.225E0));
#5557=CARTESIAN_POINT('',(-1.25E-1,1.75E-1,-2.225E0));
#5558=VERTEX_POINT('',#5556);
#5559=VERTEX_POINT('',#5557);
#5560=CARTESIAN_POINT('',(1.25E-1,1.75E-1,-2.225E0));
#5561=CARTESIAN_POINT('',(3.75E-1,1.75E-1,-2.225E0));
#5562=VERTEX_POINT('',#5560);
#5563=VERTEX_POINT('',#5561);
#5564=CARTESIAN_POINT('',(6.25E-1,1.75E-1,-2.225E0));
#5565=CARTESIAN_POINT('',(8.75E-1,1.75E-1,-2.225E0));
#5566=VERTEX_POINT('',#5564);
#5567=VERTEX_POINT('',#5565);
#5568=CARTESIAN_POINT('',(1.125E0,1.75E-1,-2.225E0));
#5569=CARTESIAN_POINT('',(1.375E0,1.75E-1,-2.225E0));
#5570=VERTEX_POINT('',#5568);
#5571=VERTEX_POINT('',#5569);
#5572=CARTESIAN_POINT('',(1.625E0,1.75E-1,-2.225E0));
#5573=CARTESIAN_POINT('',(1.875E0,1.75E-1,-2.225E0));
#5574=VERTEX_POINT('',#5572);
#5575=VERTEX_POINT('',#5573);
#5576=CARTESIAN_POINT('',(-1.875E0,1.75E-1,2.225E0));
#5577=CARTESIAN_POINT('',(-1.625E0,1.75E-1,2.225E0));
#5578=VERTEX_POINT('',#5576);
#5579=VERTEX_POINT('',#5577);
#5580=CARTESIAN_POINT('',(-1.375E0,1.75E-1,2.225E0));
#5581=CARTESIAN_POINT('',(-1.125E0,1.75E-1,2.225E0));
#5582=VERTEX_POINT('',#5580);
#5583=VERTEX_POINT('',#5581);
#5584=CARTESIAN_POINT('',(-8.75E-1,1.75E-1,2.225E0));
#5585=CARTESIAN_POINT('',(-6.25E-1,1.75E-1,2.225E0));
#5586=VERTEX_POINT('',#5584);
#5587=VERTEX_POINT('',#5585);
#5588=CARTESIAN_POINT('',(-3.75E-1,1.75E-1,2.225E0));
#5589=CARTESIAN_POINT('',(-1.25E-1,1.75E-1,2.225E0));
#5590=VERTEX_POINT('',#5588);
#5591=VERTEX_POINT('',#5589);
#5592=CARTESIAN_POINT('',(1.25E-1,1.75E-1,2.225E0));
#5593=CARTESIAN_POINT('',(3.75E-1,1.75E-1,2.225E0));
#5594=VERTEX_POINT('',#5592);
#5595=VERTEX_POINT('',#5593);
#5596=CARTESIAN_POINT('',(6.25E-1,1.75E-1,2.225E0));
#5597=CARTESIAN_POINT('',(8.75E-1,1.75E-1,2.225E0));
#5598=VERTEX_POINT('',#5596);
#5599=VERTEX_POINT('',#5597);
#5600=CARTESIAN_POINT('',(1.125E0,1.75E-1,2.225E0));
#5601=CARTESIAN_POINT('',(1.375E0,1.75E-1,2.225E0));
#5602=VERTEX_POINT('',#5600);
#5603=VERTEX_POINT('',#5601);
#5604=CARTESIAN_POINT('',(1.625E0,1.75E-1,2.225E0));
#5605=CARTESIAN_POINT('',(1.875E0,1.75E-1,2.225E0));
#5606=VERTEX_POINT('',#5604);
#5607=VERTEX_POINT('',#5605);
#5608=CARTESIAN_POINT('',(-1.875E0,1.75E-1,2.5E0));
#5609=CARTESIAN_POINT('',(-1.625E0,1.75E-1,2.5E0));
#5610=VERTEX_POINT('',#5608);
#5611=VERTEX_POINT('',#5609);
#5612=CARTESIAN_POINT('',(-1.375E0,1.75E-1,2.5E0));
#5613=CARTESIAN_POINT('',(-1.125E0,1.75E-1,2.5E0));
#5614=VERTEX_POINT('',#5612);
#5615=VERTEX_POINT('',#5613);
#5616=CARTESIAN_POINT('',(-8.75E-1,1.75E-1,2.5E0));
#5617=CARTESIAN_POINT('',(-6.25E-1,1.75E-1,2.5E0));
#5618=VERTEX_POINT('',#5616);
#5619=VERTEX_POINT('',#5617);
#5620=CARTESIAN_POINT('',(-3.75E-1,1.75E-1,2.5E0));
#5621=CARTESIAN_POINT('',(-1.25E-1,1.75E-1,2.5E0));
#5622=VERTEX_POINT('',#5620);
#5623=VERTEX_POINT('',#5621);
#5624=CARTESIAN_POINT('',(1.25E-1,1.75E-1,2.5E0));
#5625=CARTESIAN_POINT('',(3.75E-1,1.75E-1,2.5E0));
#5626=VERTEX_POINT('',#5624);
#5627=VERTEX_POINT('',#5625);
#5628=CARTESIAN_POINT('',(6.25E-1,1.75E-1,2.5E0));
#5629=CARTESIAN_POINT('',(8.75E-1,1.75E-1,2.5E0));
#5630=VERTEX_POINT('',#5628);
#5631=VERTEX_POINT('',#5629);
#5632=CARTESIAN_POINT('',(1.125E0,1.75E-1,2.5E0));
#5633=CARTESIAN_POINT('',(1.375E0,1.75E-1,2.5E0));
#5634=VERTEX_POINT('',#5632);
#5635=VERTEX_POINT('',#5633);
#5636=CARTESIAN_POINT('',(1.625E0,1.75E-1,2.5E0));
#5637=CARTESIAN_POINT('',(1.875E0,1.75E-1,2.5E0));
#5638=VERTEX_POINT('',#5636);
#5639=VERTEX_POINT('',#5637);
#5640=CARTESIAN_POINT('',(-1.875E0,1.75E-1,-2.5E0));
#5641=CARTESIAN_POINT('',(-1.625E0,1.75E-1,-2.5E0));
#5642=VERTEX_POINT('',#5640);
#5643=VERTEX_POINT('',#5641);
#5644=CARTESIAN_POINT('',(-1.375E0,1.75E-1,-2.5E0));
#5645=CARTESIAN_POINT('',(-1.125E0,1.75E-1,-2.5E0));
#5646=VERTEX_POINT('',#5644);
#5647=VERTEX_POINT('',#5645);
#5648=CARTESIAN_POINT('',(-8.75E-1,1.75E-1,-2.5E0));
#5649=CARTESIAN_POINT('',(-6.25E-1,1.75E-1,-2.5E0));
#5650=VERTEX_POINT('',#5648);
#5651=VERTEX_POINT('',#5649);
#5652=CARTESIAN_POINT('',(1.25E-1,1.75E-1,-2.5E0));
#5653=CARTESIAN_POINT('',(3.75E-1,1.75E-1,-2.5E0));
#5654=VERTEX_POINT('',#5652);
#5655=VERTEX_POINT('',#5653);
#5656=CARTESIAN_POINT('',(6.25E-1,1.75E-1,-2.5E0));
#5657=CARTESIAN_POINT('',(8.75E-1,1.75E-1,-2.5E0));
#5658=VERTEX_POINT('',#5656);
#5659=VERTEX_POINT('',#5657);
#5660=CARTESIAN_POINT('',(1.125E0,1.75E-1,-2.5E0));
#5661=CARTESIAN_POINT('',(1.375E0,1.75E-1,-2.5E0));
#5662=VERTEX_POINT('',#5660);
#5663=VERTEX_POINT('',#5661);
#5664=CARTESIAN_POINT('',(1.625E0,1.75E-1,-2.5E0));
#5665=CARTESIAN_POINT('',(1.875E0,1.75E-1,-2.5E0));
#5666=VERTEX_POINT('',#5664);
#5667=VERTEX_POINT('',#5665);
#5668=CARTESIAN_POINT('',(-1.875E0,0.E0,-2.225E0));
#5669=VERTEX_POINT('',#5668);
#5670=CARTESIAN_POINT('',(-1.625E0,0.E0,-2.225E0));
#5671=VERTEX_POINT('',#5670);
#5672=CARTESIAN_POINT('',(-1.375E0,0.E0,-2.225E0));
#5673=VERTEX_POINT('',#5672);
#5674=CARTESIAN_POINT('',(-1.125E0,0.E0,-2.225E0));
#5675=VERTEX_POINT('',#5674);
#5676=CARTESIAN_POINT('',(-8.75E-1,0.E0,-2.225E0));
#5677=VERTEX_POINT('',#5676);
#5678=CARTESIAN_POINT('',(-6.25E-1,0.E0,-2.225E0));
#5679=VERTEX_POINT('',#5678);
#5680=CARTESIAN_POINT('',(-3.75E-1,1.75E-1,-2.5E0));
#5681=VERTEX_POINT('',#5680);
#5682=CARTESIAN_POINT('',(-1.25E-1,1.75E-1,-2.5E0));
#5683=VERTEX_POINT('',#5682);
#5684=CARTESIAN_POINT('',(-3.75E-1,0.E0,-2.225E0));
#5685=VERTEX_POINT('',#5684);
#5686=CARTESIAN_POINT('',(-1.25E-1,0.E0,-2.225E0));
#5687=VERTEX_POINT('',#5686);
#5688=CARTESIAN_POINT('',(1.25E-1,0.E0,-2.225E0));
#5689=VERTEX_POINT('',#5688);
#5690=CARTESIAN_POINT('',(3.75E-1,0.E0,-2.225E0));
#5691=VERTEX_POINT('',#5690);
#5692=CARTESIAN_POINT('',(6.25E-1,0.E0,-2.225E0));
#5693=VERTEX_POINT('',#5692);
#5694=CARTESIAN_POINT('',(8.75E-1,0.E0,-2.225E0));
#5695=VERTEX_POINT('',#5694);
#5696=CARTESIAN_POINT('',(1.125E0,0.E0,-2.225E0));
#5697=VERTEX_POINT('',#5696);
#5698=CARTESIAN_POINT('',(1.375E0,0.E0,-2.225E0));
#5699=VERTEX_POINT('',#5698);
#5700=CARTESIAN_POINT('',(1.625E0,0.E0,-2.225E0));
#5701=VERTEX_POINT('',#5700);
#5702=CARTESIAN_POINT('',(1.875E0,0.E0,-2.225E0));
#5703=VERTEX_POINT('',#5702);
#5704=CARTESIAN_POINT('',(-1.875E0,0.E0,2.225E0));
#5705=VERTEX_POINT('',#5704);
#5706=CARTESIAN_POINT('',(-1.625E0,0.E0,2.225E0));
#5707=VERTEX_POINT('',#5706);
#5708=CARTESIAN_POINT('',(-1.375E0,0.E0,2.225E0));
#5709=VERTEX_POINT('',#5708);
#5710=CARTESIAN_POINT('',(-1.125E0,0.E0,2.225E0));
#5711=VERTEX_POINT('',#5710);
#5712=CARTESIAN_POINT('',(-8.75E-1,0.E0,2.225E0));
#5713=VERTEX_POINT('',#5712);
#5714=CARTESIAN_POINT('',(-6.25E-1,0.E0,2.225E0));
#5715=VERTEX_POINT('',#5714);
#5716=CARTESIAN_POINT('',(-3.75E-1,0.E0,2.225E0));
#5717=VERTEX_POINT('',#5716);
#5718=CARTESIAN_POINT('',(-1.25E-1,0.E0,2.225E0));
#5719=VERTEX_POINT('',#5718);
#5720=CARTESIAN_POINT('',(1.25E-1,0.E0,2.225E0));
#5721=VERTEX_POINT('',#5720);
#5722=CARTESIAN_POINT('',(3.75E-1,0.E0,2.225E0));
#5723=VERTEX_POINT('',#5722);
#5724=CARTESIAN_POINT('',(6.25E-1,0.E0,2.225E0));
#5725=VERTEX_POINT('',#5724);
#5726=CARTESIAN_POINT('',(8.75E-1,0.E0,2.225E0));
#5727=VERTEX_POINT('',#5726);
#5728=CARTESIAN_POINT('',(1.125E0,0.E0,2.225E0));
#5729=VERTEX_POINT('',#5728);
#5730=CARTESIAN_POINT('',(1.375E0,0.E0,2.225E0));
#5731=VERTEX_POINT('',#5730);
#5732=CARTESIAN_POINT('',(1.625E0,0.E0,2.225E0));
#5733=VERTEX_POINT('',#5732);
#5734=CARTESIAN_POINT('',(1.875E0,0.E0,2.225E0));
#5735=VERTEX_POINT('',#5734);
#5736=CARTESIAN_POINT('',(-1.5E0,7.5E-2,-1.85E0));
#5737=VERTEX_POINT('',#5736);
#5738=CARTESIAN_POINT('',(-1.85E0,7.5E-2,-1.5E0));
#5739=VERTEX_POINT('',#5738);
#5740=CARTESIAN_POINT('',(-1.85E0,0.E0,-1.5E0));
#5741=VERTEX_POINT('',#5740);
#5742=CARTESIAN_POINT('',(-1.5E0,0.E0,-1.85E0));
#5743=VERTEX_POINT('',#5742);
#5744=CARTESIAN_POINT('',(-2.5E0,1.75E-1,-2.325E0));
#5745=CARTESIAN_POINT('',(-2.5E0,1.75E-1,-2.125E0));
#5746=VERTEX_POINT('',#5744);
#5747=VERTEX_POINT('',#5745);
#5748=CARTESIAN_POINT('',(-2.5E0,1.75E-1,2.325E0));
#5749=CARTESIAN_POINT('',(-2.5E0,1.75E-1,2.125E0));
#5750=VERTEX_POINT('',#5748);
#5751=VERTEX_POINT('',#5749);
#5752=CARTESIAN_POINT('',(-2.325E0,1.75E-1,2.5E0));
#5753=CARTESIAN_POINT('',(-2.125E0,1.75E-1,2.5E0));
#5754=VERTEX_POINT('',#5752);
#5755=VERTEX_POINT('',#5753);
#5756=CARTESIAN_POINT('',(2.325E0,1.75E-1,2.5E0));
#5757=CARTESIAN_POINT('',(2.125E0,1.75E-1,2.5E0));
#5758=VERTEX_POINT('',#5756);
#5759=VERTEX_POINT('',#5757);
#5760=CARTESIAN_POINT('',(2.5E0,1.75E-1,-2.325E0));
#5761=CARTESIAN_POINT('',(2.5E0,1.75E-1,-2.125E0));
#5762=VERTEX_POINT('',#5760);
#5763=VERTEX_POINT('',#5761);
#5764=CARTESIAN_POINT('',(2.5E0,1.75E-1,2.325E0));
#5765=CARTESIAN_POINT('',(2.5E0,1.75E-1,2.125E0));
#5766=VERTEX_POINT('',#5764);
#5767=VERTEX_POINT('',#5765);
#5768=CARTESIAN_POINT('',(-2.325E0,1.75E-1,-2.5E0));
#5769=CARTESIAN_POINT('',(-2.125E0,1.75E-1,-2.5E0));
#5770=VERTEX_POINT('',#5768);
#5771=VERTEX_POINT('',#5769);
#5772=CARTESIAN_POINT('',(2.325E0,1.75E-1,-2.5E0));
#5773=CARTESIAN_POINT('',(2.125E0,1.75E-1,-2.5E0));
#5774=VERTEX_POINT('',#5772);
#5775=VERTEX_POINT('',#5773);
#5776=CARTESIAN_POINT('',(-2.325E0,1.75E-1,-2.325E0));
#5777=VERTEX_POINT('',#5776);
#5778=CARTESIAN_POINT('',(-2.125E0,1.75E-1,-2.125E0));
#5779=VERTEX_POINT('',#5778);
#5780=CARTESIAN_POINT('',(-2.325E0,0.E0,-2.325E0));
#5781=VERTEX_POINT('',#5780);
#5782=CARTESIAN_POINT('',(-2.125E0,0.E0,-2.125E0));
#5783=VERTEX_POINT('',#5782);
#5784=CARTESIAN_POINT('',(2.325E0,1.75E-1,-2.325E0));
#5785=VERTEX_POINT('',#5784);
#5786=CARTESIAN_POINT('',(2.125E0,1.75E-1,-2.125E0));
#5787=VERTEX_POINT('',#5786);
#5788=CARTESIAN_POINT('',(2.325E0,0.E0,-2.325E0));
#5789=VERTEX_POINT('',#5788);
#5790=CARTESIAN_POINT('',(2.125E0,0.E0,-2.125E0));
#5791=VERTEX_POINT('',#5790);
#5792=CARTESIAN_POINT('',(-2.325E0,1.75E-1,2.325E0));
#5793=VERTEX_POINT('',#5792);
#5794=CARTESIAN_POINT('',(-2.125E0,1.75E-1,2.125E0));
#5795=VERTEX_POINT('',#5794);
#5796=CARTESIAN_POINT('',(-2.325E0,0.E0,2.325E0));
#5797=VERTEX_POINT('',#5796);
#5798=CARTESIAN_POINT('',(-2.125E0,0.E0,2.125E0));
#5799=VERTEX_POINT('',#5798);
#5800=CARTESIAN_POINT('',(2.325E0,1.75E-1,2.325E0));
#5801=VERTEX_POINT('',#5800);
#5802=CARTESIAN_POINT('',(2.125E0,1.75E-1,2.125E0));
#5803=VERTEX_POINT('',#5802);
#5804=CARTESIAN_POINT('',(2.325E0,0.E0,2.325E0));
#5805=VERTEX_POINT('',#5804);
#5806=CARTESIAN_POINT('',(2.125E0,0.E0,2.125E0));
#5807=VERTEX_POINT('',#5806);
#5808=CARTESIAN_POINT('',(1.85E0,0.E0,-1.85E0));
#5809=VERTEX_POINT('',#5808);
#5810=CARTESIAN_POINT('',(1.85E0,0.E0,1.85E0));
#5811=VERTEX_POINT('',#5810);
#5812=CARTESIAN_POINT('',(-1.85E0,0.E0,1.85E0));
#5813=VERTEX_POINT('',#5812);
#5814=CARTESIAN_POINT('',(-2.45E0,0.E0,-2.45E0));
#5815=CARTESIAN_POINT('',(-2.325E0,0.E0,-2.45E0));
#5816=VERTEX_POINT('',#5814);
#5817=VERTEX_POINT('',#5815);
#5818=CARTESIAN_POINT('',(-2.125E0,0.E0,-2.45E0));
#5819=CARTESIAN_POINT('',(-1.875E0,0.E0,-2.45E0));
#5820=VERTEX_POINT('',#5818);
#5821=VERTEX_POINT('',#5819);
#5822=CARTESIAN_POINT('',(-1.625E0,0.E0,-2.45E0));
#5823=CARTESIAN_POINT('',(-1.375E0,0.E0,-2.45E0));
#5824=VERTEX_POINT('',#5822);
#5825=VERTEX_POINT('',#5823);
#5826=CARTESIAN_POINT('',(-1.125E0,0.E0,-2.45E0));
#5827=CARTESIAN_POINT('',(-8.75E-1,0.E0,-2.45E0));
#5828=VERTEX_POINT('',#5826);
#5829=VERTEX_POINT('',#5827);
#5830=CARTESIAN_POINT('',(-6.25E-1,0.E0,-2.45E0));
#5831=CARTESIAN_POINT('',(-3.75E-1,0.E0,-2.45E0));
#5832=VERTEX_POINT('',#5830);
#5833=VERTEX_POINT('',#5831);
#5834=CARTESIAN_POINT('',(-1.25E-1,0.E0,-2.45E0));
#5835=CARTESIAN_POINT('',(1.25E-1,0.E0,-2.45E0));
#5836=VERTEX_POINT('',#5834);
#5837=VERTEX_POINT('',#5835);
#5838=CARTESIAN_POINT('',(3.75E-1,0.E0,-2.45E0));
#5839=CARTESIAN_POINT('',(6.25E-1,0.E0,-2.45E0));
#5840=VERTEX_POINT('',#5838);
#5841=VERTEX_POINT('',#5839);
#5842=CARTESIAN_POINT('',(8.75E-1,0.E0,-2.45E0));
#5843=CARTESIAN_POINT('',(1.125E0,0.E0,-2.45E0));
#5844=VERTEX_POINT('',#5842);
#5845=VERTEX_POINT('',#5843);
#5846=CARTESIAN_POINT('',(1.375E0,0.E0,-2.45E0));
#5847=CARTESIAN_POINT('',(1.625E0,0.E0,-2.45E0));
#5848=VERTEX_POINT('',#5846);
#5849=VERTEX_POINT('',#5847);
#5850=CARTESIAN_POINT('',(1.875E0,0.E0,-2.45E0));
#5851=CARTESIAN_POINT('',(2.125E0,0.E0,-2.45E0));
#5852=VERTEX_POINT('',#5850);
#5853=VERTEX_POINT('',#5851);
#5854=CARTESIAN_POINT('',(2.45E0,0.E0,-2.45E0));
#5855=CARTESIAN_POINT('',(2.45E0,0.E0,-2.325E0));
#5856=VERTEX_POINT('',#5854);
#5857=VERTEX_POINT('',#5855);
#5858=CARTESIAN_POINT('',(2.45E0,0.E0,-2.125E0));
#5859=CARTESIAN_POINT('',(2.45E0,0.E0,-1.875E0));
#5860=VERTEX_POINT('',#5858);
#5861=VERTEX_POINT('',#5859);
#5862=CARTESIAN_POINT('',(2.45E0,0.E0,-1.625E0));
#5863=CARTESIAN_POINT('',(2.45E0,0.E0,-1.375E0));
#5864=VERTEX_POINT('',#5862);
#5865=VERTEX_POINT('',#5863);
#5866=CARTESIAN_POINT('',(2.45E0,0.E0,-1.125E0));
#5867=CARTESIAN_POINT('',(2.45E0,0.E0,-8.75E-1));
#5868=VERTEX_POINT('',#5866);
#5869=VERTEX_POINT('',#5867);
#5870=CARTESIAN_POINT('',(2.45E0,0.E0,-6.25E-1));
#5871=CARTESIAN_POINT('',(2.45E0,0.E0,-3.75E-1));
#5872=VERTEX_POINT('',#5870);
#5873=VERTEX_POINT('',#5871);
#5874=CARTESIAN_POINT('',(2.45E0,0.E0,-1.25E-1));
#5875=CARTESIAN_POINT('',(2.45E0,0.E0,1.25E-1));
#5876=VERTEX_POINT('',#5874);
#5877=VERTEX_POINT('',#5875);
#5878=CARTESIAN_POINT('',(2.45E0,0.E0,3.75E-1));
#5879=CARTESIAN_POINT('',(2.45E0,0.E0,6.25E-1));
#5880=VERTEX_POINT('',#5878);
#5881=VERTEX_POINT('',#5879);
#5882=CARTESIAN_POINT('',(2.45E0,0.E0,8.75E-1));
#5883=CARTESIAN_POINT('',(2.45E0,0.E0,1.125E0));
#5884=VERTEX_POINT('',#5882);
#5885=VERTEX_POINT('',#5883);
#5886=CARTESIAN_POINT('',(2.45E0,0.E0,1.375E0));
#5887=CARTESIAN_POINT('',(2.45E0,0.E0,1.625E0));
#5888=VERTEX_POINT('',#5886);
#5889=VERTEX_POINT('',#5887);
#5890=CARTESIAN_POINT('',(2.45E0,0.E0,1.875E0));
#5891=CARTESIAN_POINT('',(2.45E0,0.E0,2.125E0));
#5892=VERTEX_POINT('',#5890);
#5893=VERTEX_POINT('',#5891);
#5894=CARTESIAN_POINT('',(2.45E0,0.E0,2.45E0));
#5895=CARTESIAN_POINT('',(2.325E0,0.E0,2.45E0));
#5896=VERTEX_POINT('',#5894);
#5897=VERTEX_POINT('',#5895);
#5898=CARTESIAN_POINT('',(2.125E0,0.E0,2.45E0));
#5899=CARTESIAN_POINT('',(1.875E0,0.E0,2.45E0));
#5900=VERTEX_POINT('',#5898);
#5901=VERTEX_POINT('',#5899);
#5902=CARTESIAN_POINT('',(1.625E0,0.E0,2.45E0));
#5903=CARTESIAN_POINT('',(1.375E0,0.E0,2.45E0));
#5904=VERTEX_POINT('',#5902);
#5905=VERTEX_POINT('',#5903);
#5906=CARTESIAN_POINT('',(1.125E0,0.E0,2.45E0));
#5907=CARTESIAN_POINT('',(8.75E-1,0.E0,2.45E0));
#5908=VERTEX_POINT('',#5906);
#5909=VERTEX_POINT('',#5907);
#5910=CARTESIAN_POINT('',(6.25E-1,0.E0,2.45E0));
#5911=CARTESIAN_POINT('',(3.75E-1,0.E0,2.45E0));
#5912=VERTEX_POINT('',#5910);
#5913=VERTEX_POINT('',#5911);
#5914=CARTESIAN_POINT('',(1.25E-1,0.E0,2.45E0));
#5915=CARTESIAN_POINT('',(-1.25E-1,0.E0,2.45E0));
#5916=VERTEX_POINT('',#5914);
#5917=VERTEX_POINT('',#5915);
#5918=CARTESIAN_POINT('',(-3.75E-1,0.E0,2.45E0));
#5919=CARTESIAN_POINT('',(-6.25E-1,0.E0,2.45E0));
#5920=VERTEX_POINT('',#5918);
#5921=VERTEX_POINT('',#5919);
#5922=CARTESIAN_POINT('',(-8.75E-1,0.E0,2.45E0));
#5923=CARTESIAN_POINT('',(-1.125E0,0.E0,2.45E0));
#5924=VERTEX_POINT('',#5922);
#5925=VERTEX_POINT('',#5923);
#5926=CARTESIAN_POINT('',(-1.375E0,0.E0,2.45E0));
#5927=CARTESIAN_POINT('',(-1.625E0,0.E0,2.45E0));
#5928=VERTEX_POINT('',#5926);
#5929=VERTEX_POINT('',#5927);
#5930=CARTESIAN_POINT('',(-1.875E0,0.E0,2.45E0));
#5931=CARTESIAN_POINT('',(-2.125E0,0.E0,2.45E0));
#5932=VERTEX_POINT('',#5930);
#5933=VERTEX_POINT('',#5931);
#5934=CARTESIAN_POINT('',(-2.45E0,0.E0,2.45E0));
#5935=CARTESIAN_POINT('',(-2.45E0,0.E0,2.325E0));
#5936=VERTEX_POINT('',#5934);
#5937=VERTEX_POINT('',#5935);
#5938=CARTESIAN_POINT('',(-2.45E0,0.E0,2.125E0));
#5939=CARTESIAN_POINT('',(-2.45E0,0.E0,1.875E0));
#5940=VERTEX_POINT('',#5938);
#5941=VERTEX_POINT('',#5939);
#5942=CARTESIAN_POINT('',(-2.45E0,0.E0,1.625E0));
#5943=CARTESIAN_POINT('',(-2.45E0,0.E0,1.375E0));
#5944=VERTEX_POINT('',#5942);
#5945=VERTEX_POINT('',#5943);
#5946=CARTESIAN_POINT('',(-2.45E0,0.E0,1.125E0));
#5947=CARTESIAN_POINT('',(-2.45E0,0.E0,8.75E-1));
#5948=VERTEX_POINT('',#5946);
#5949=VERTEX_POINT('',#5947);
#5950=CARTESIAN_POINT('',(-2.45E0,0.E0,6.25E-1));
#5951=CARTESIAN_POINT('',(-2.45E0,0.E0,3.75E-1));
#5952=VERTEX_POINT('',#5950);
#5953=VERTEX_POINT('',#5951);
#5954=CARTESIAN_POINT('',(-2.45E0,0.E0,1.25E-1));
#5955=CARTESIAN_POINT('',(-2.45E0,0.E0,-1.25E-1));
#5956=VERTEX_POINT('',#5954);
#5957=VERTEX_POINT('',#5955);
#5958=CARTESIAN_POINT('',(-2.45E0,0.E0,-3.75E-1));
#5959=CARTESIAN_POINT('',(-2.45E0,0.E0,-6.25E-1));
#5960=VERTEX_POINT('',#5958);
#5961=VERTEX_POINT('',#5959);
#5962=CARTESIAN_POINT('',(-2.45E0,0.E0,-8.75E-1));
#5963=CARTESIAN_POINT('',(-2.45E0,0.E0,-1.125E0));
#5964=VERTEX_POINT('',#5962);
#5965=VERTEX_POINT('',#5963);
#5966=CARTESIAN_POINT('',(-2.45E0,0.E0,-1.375E0));
#5967=CARTESIAN_POINT('',(-2.45E0,0.E0,-1.625E0));
#5968=VERTEX_POINT('',#5966);
#5969=VERTEX_POINT('',#5967);
#5970=CARTESIAN_POINT('',(-2.45E0,0.E0,-1.875E0));
#5971=CARTESIAN_POINT('',(-2.45E0,0.E0,-2.125E0));
#5972=VERTEX_POINT('',#5970);
#5973=VERTEX_POINT('',#5971);
#5974=CARTESIAN_POINT('',(-2.5E0,7.5E-2,-2.5E0));
#5975=CARTESIAN_POINT('',(-2.5E0,7.5E-2,-2.325E0));
#5976=VERTEX_POINT('',#5974);
#5977=VERTEX_POINT('',#5975);
#5978=CARTESIAN_POINT('',(-2.5E0,7.5E-2,-2.125E0));
#5979=CARTESIAN_POINT('',(-2.5E0,7.5E-2,-1.875E0));
#5980=VERTEX_POINT('',#5978);
#5981=VERTEX_POINT('',#5979);
#5982=CARTESIAN_POINT('',(-2.5E0,7.5E-2,-1.625E0));
#5983=CARTESIAN_POINT('',(-2.5E0,7.5E-2,-1.375E0));
#5984=VERTEX_POINT('',#5982);
#5985=VERTEX_POINT('',#5983);
#5986=CARTESIAN_POINT('',(-2.5E0,7.5E-2,-1.125E0));
#5987=CARTESIAN_POINT('',(-2.5E0,7.5E-2,-8.75E-1));
#5988=VERTEX_POINT('',#5986);
#5989=VERTEX_POINT('',#5987);
#5990=CARTESIAN_POINT('',(-2.5E0,7.5E-2,-6.25E-1));
#5991=CARTESIAN_POINT('',(-2.5E0,7.5E-2,-3.75E-1));
#5992=VERTEX_POINT('',#5990);
#5993=VERTEX_POINT('',#5991);
#5994=CARTESIAN_POINT('',(-2.5E0,7.5E-2,-1.25E-1));
#5995=CARTESIAN_POINT('',(-2.5E0,7.5E-2,1.25E-1));
#5996=VERTEX_POINT('',#5994);
#5997=VERTEX_POINT('',#5995);
#5998=CARTESIAN_POINT('',(-2.5E0,7.5E-2,3.75E-1));
#5999=CARTESIAN_POINT('',(-2.5E0,7.5E-2,6.25E-1));
#6000=VERTEX_POINT('',#5998);
#6001=VERTEX_POINT('',#5999);
#6002=CARTESIAN_POINT('',(-2.5E0,7.5E-2,8.75E-1));
#6003=CARTESIAN_POINT('',(-2.5E0,7.5E-2,1.125E0));
#6004=VERTEX_POINT('',#6002);
#6005=VERTEX_POINT('',#6003);
#6006=CARTESIAN_POINT('',(-2.5E0,7.5E-2,1.375E0));
#6007=CARTESIAN_POINT('',(-2.5E0,7.5E-2,1.625E0));
#6008=VERTEX_POINT('',#6006);
#6009=VERTEX_POINT('',#6007);
#6010=CARTESIAN_POINT('',(-2.5E0,7.5E-2,1.875E0));
#6011=CARTESIAN_POINT('',(-2.5E0,7.5E-2,2.125E0));
#6012=VERTEX_POINT('',#6010);
#6013=VERTEX_POINT('',#6011);
#6014=CARTESIAN_POINT('',(-2.5E0,7.5E-2,2.325E0));
#6015=CARTESIAN_POINT('',(-2.5E0,7.5E-2,2.5E0));
#6016=VERTEX_POINT('',#6014);
#6017=VERTEX_POINT('',#6015);
#6018=CARTESIAN_POINT('',(-2.325E0,7.5E-2,2.5E0));
#6019=VERTEX_POINT('',#6018);
#6020=CARTESIAN_POINT('',(-2.125E0,7.5E-2,2.5E0));
#6021=CARTESIAN_POINT('',(-1.875E0,7.5E-2,2.5E0));
#6022=VERTEX_POINT('',#6020);
#6023=VERTEX_POINT('',#6021);
#6024=CARTESIAN_POINT('',(-1.625E0,7.5E-2,2.5E0));
#6025=CARTESIAN_POINT('',(-1.375E0,7.5E-2,2.5E0));
#6026=VERTEX_POINT('',#6024);
#6027=VERTEX_POINT('',#6025);
#6028=CARTESIAN_POINT('',(-1.125E0,7.5E-2,2.5E0));
#6029=CARTESIAN_POINT('',(-8.75E-1,7.5E-2,2.5E0));
#6030=VERTEX_POINT('',#6028);
#6031=VERTEX_POINT('',#6029);
#6032=CARTESIAN_POINT('',(-6.25E-1,7.5E-2,2.5E0));
#6033=CARTESIAN_POINT('',(-3.75E-1,7.5E-2,2.5E0));
#6034=VERTEX_POINT('',#6032);
#6035=VERTEX_POINT('',#6033);
#6036=CARTESIAN_POINT('',(-1.25E-1,7.5E-2,2.5E0));
#6037=CARTESIAN_POINT('',(1.25E-1,7.5E-2,2.5E0));
#6038=VERTEX_POINT('',#6036);
#6039=VERTEX_POINT('',#6037);
#6040=CARTESIAN_POINT('',(3.75E-1,7.5E-2,2.5E0));
#6041=CARTESIAN_POINT('',(6.25E-1,7.5E-2,2.5E0));
#6042=VERTEX_POINT('',#6040);
#6043=VERTEX_POINT('',#6041);
#6044=CARTESIAN_POINT('',(8.75E-1,7.5E-2,2.5E0));
#6045=CARTESIAN_POINT('',(1.125E0,7.5E-2,2.5E0));
#6046=VERTEX_POINT('',#6044);
#6047=VERTEX_POINT('',#6045);
#6048=CARTESIAN_POINT('',(1.375E0,7.5E-2,2.5E0));
#6049=CARTESIAN_POINT('',(1.625E0,7.5E-2,2.5E0));
#6050=VERTEX_POINT('',#6048);
#6051=VERTEX_POINT('',#6049);
#6052=CARTESIAN_POINT('',(1.875E0,7.5E-2,2.5E0));
#6053=CARTESIAN_POINT('',(2.125E0,7.5E-2,2.5E0));
#6054=VERTEX_POINT('',#6052);
#6055=VERTEX_POINT('',#6053);
#6056=CARTESIAN_POINT('',(2.325E0,7.5E-2,2.5E0));
#6057=CARTESIAN_POINT('',(2.5E0,7.5E-2,2.5E0));
#6058=VERTEX_POINT('',#6056);
#6059=VERTEX_POINT('',#6057);
#6060=CARTESIAN_POINT('',(2.5E0,7.5E-2,2.325E0));
#6061=VERTEX_POINT('',#6060);
#6062=CARTESIAN_POINT('',(2.5E0,7.5E-2,2.125E0));
#6063=CARTESIAN_POINT('',(2.5E0,7.5E-2,1.875E0));
#6064=VERTEX_POINT('',#6062);
#6065=VERTEX_POINT('',#6063);
#6066=CARTESIAN_POINT('',(2.5E0,7.5E-2,1.625E0));
#6067=CARTESIAN_POINT('',(2.5E0,7.5E-2,1.375E0));
#6068=VERTEX_POINT('',#6066);
#6069=VERTEX_POINT('',#6067);
#6070=CARTESIAN_POINT('',(2.5E0,7.5E-2,1.125E0));
#6071=CARTESIAN_POINT('',(2.5E0,7.5E-2,8.75E-1));
#6072=VERTEX_POINT('',#6070);
#6073=VERTEX_POINT('',#6071);
#6074=CARTESIAN_POINT('',(2.5E0,7.5E-2,6.25E-1));
#6075=CARTESIAN_POINT('',(2.5E0,7.5E-2,3.75E-1));
#6076=VERTEX_POINT('',#6074);
#6077=VERTEX_POINT('',#6075);
#6078=CARTESIAN_POINT('',(2.5E0,7.5E-2,1.25E-1));
#6079=CARTESIAN_POINT('',(2.5E0,7.5E-2,-1.25E-1));
#6080=VERTEX_POINT('',#6078);
#6081=VERTEX_POINT('',#6079);
#6082=CARTESIAN_POINT('',(2.5E0,7.5E-2,-3.75E-1));
#6083=CARTESIAN_POINT('',(2.5E0,7.5E-2,-6.25E-1));
#6084=VERTEX_POINT('',#6082);
#6085=VERTEX_POINT('',#6083);
#6086=CARTESIAN_POINT('',(2.5E0,7.5E-2,-8.75E-1));
#6087=CARTESIAN_POINT('',(2.5E0,7.5E-2,-1.125E0));
#6088=VERTEX_POINT('',#6086);
#6089=VERTEX_POINT('',#6087);
#6090=CARTESIAN_POINT('',(2.5E0,7.5E-2,-1.375E0));
#6091=CARTESIAN_POINT('',(2.5E0,7.5E-2,-1.625E0));
#6092=VERTEX_POINT('',#6090);
#6093=VERTEX_POINT('',#6091);
#6094=CARTESIAN_POINT('',(2.5E0,7.5E-2,-1.875E0));
#6095=CARTESIAN_POINT('',(2.5E0,7.5E-2,-2.125E0));
#6096=VERTEX_POINT('',#6094);
#6097=VERTEX_POINT('',#6095);
#6098=CARTESIAN_POINT('',(2.5E0,7.5E-2,-2.325E0));
#6099=CARTESIAN_POINT('',(2.5E0,7.5E-2,-2.5E0));
#6100=VERTEX_POINT('',#6098);
#6101=VERTEX_POINT('',#6099);
#6102=CARTESIAN_POINT('',(2.325E0,7.5E-2,-2.5E0));
#6103=VERTEX_POINT('',#6102);
#6104=CARTESIAN_POINT('',(2.125E0,7.5E-2,-2.5E0));
#6105=CARTESIAN_POINT('',(1.875E0,7.5E-2,-2.5E0));
#6106=VERTEX_POINT('',#6104);
#6107=VERTEX_POINT('',#6105);
#6108=CARTESIAN_POINT('',(1.625E0,7.5E-2,-2.5E0));
#6109=CARTESIAN_POINT('',(1.375E0,7.5E-2,-2.5E0));
#6110=VERTEX_POINT('',#6108);
#6111=VERTEX_POINT('',#6109);
#6112=CARTESIAN_POINT('',(1.125E0,7.5E-2,-2.5E0));
#6113=CARTESIAN_POINT('',(8.75E-1,7.5E-2,-2.5E0));
#6114=VERTEX_POINT('',#6112);
#6115=VERTEX_POINT('',#6113);
#6116=CARTESIAN_POINT('',(6.25E-1,7.5E-2,-2.5E0));
#6117=CARTESIAN_POINT('',(3.75E-1,7.5E-2,-2.5E0));
#6118=VERTEX_POINT('',#6116);
#6119=VERTEX_POINT('',#6117);
#6120=CARTESIAN_POINT('',(1.25E-1,7.5E-2,-2.5E0));
#6121=CARTESIAN_POINT('',(-1.25E-1,7.5E-2,-2.5E0));
#6122=VERTEX_POINT('',#6120);
#6123=VERTEX_POINT('',#6121);
#6124=CARTESIAN_POINT('',(-3.75E-1,7.5E-2,-2.5E0));
#6125=CARTESIAN_POINT('',(-6.25E-1,7.5E-2,-2.5E0));
#6126=VERTEX_POINT('',#6124);
#6127=VERTEX_POINT('',#6125);
#6128=CARTESIAN_POINT('',(-8.75E-1,7.5E-2,-2.5E0));
#6129=CARTESIAN_POINT('',(-1.125E0,7.5E-2,-2.5E0));
#6130=VERTEX_POINT('',#6128);
#6131=VERTEX_POINT('',#6129);
#6132=CARTESIAN_POINT('',(-1.375E0,7.5E-2,-2.5E0));
#6133=CARTESIAN_POINT('',(-1.625E0,7.5E-2,-2.5E0));
#6134=VERTEX_POINT('',#6132);
#6135=VERTEX_POINT('',#6133);
#6136=CARTESIAN_POINT('',(-1.875E0,7.5E-2,-2.5E0));
#6137=CARTESIAN_POINT('',(-2.125E0,7.5E-2,-2.5E0));
#6138=VERTEX_POINT('',#6136);
#6139=VERTEX_POINT('',#6137);
#6140=CARTESIAN_POINT('',(-2.325E0,7.5E-2,-2.5E0));
#6141=VERTEX_POINT('',#6140);
#6142=CARTESIAN_POINT('',(2.45E0,7.5E-2,1.625E0));
#6143=VERTEX_POINT('',#6142);
#6144=CARTESIAN_POINT('',(2.45E0,7.5E-2,1.875E0));
#6145=VERTEX_POINT('',#6144);
#6146=CARTESIAN_POINT('',(2.45E0,7.5E-2,1.125E0));
#6147=VERTEX_POINT('',#6146);
#6148=CARTESIAN_POINT('',(2.45E0,7.5E-2,1.375E0));
#6149=VERTEX_POINT('',#6148);
#6150=CARTESIAN_POINT('',(2.45E0,7.5E-2,6.25E-1));
#6151=VERTEX_POINT('',#6150);
#6152=CARTESIAN_POINT('',(2.45E0,7.5E-2,8.75E-1));
#6153=VERTEX_POINT('',#6152);
#6154=CARTESIAN_POINT('',(2.45E0,7.5E-2,1.25E-1));
#6155=VERTEX_POINT('',#6154);
#6156=CARTESIAN_POINT('',(2.45E0,7.5E-2,3.75E-1));
#6157=VERTEX_POINT('',#6156);
#6158=CARTESIAN_POINT('',(2.45E0,7.5E-2,-3.75E-1));
#6159=VERTEX_POINT('',#6158);
#6160=CARTESIAN_POINT('',(2.45E0,7.5E-2,-1.25E-1));
#6161=VERTEX_POINT('',#6160);
#6162=CARTESIAN_POINT('',(-2.45E0,7.5E-2,1.625E0));
#6163=VERTEX_POINT('',#6162);
#6164=CARTESIAN_POINT('',(-2.45E0,7.5E-2,1.875E0));
#6165=VERTEX_POINT('',#6164);
#6166=CARTESIAN_POINT('',(-2.45E0,7.5E-2,1.125E0));
#6167=VERTEX_POINT('',#6166);
#6168=CARTESIAN_POINT('',(-2.45E0,7.5E-2,1.375E0));
#6169=VERTEX_POINT('',#6168);
#6170=CARTESIAN_POINT('',(-2.45E0,7.5E-2,6.25E-1));
#6171=VERTEX_POINT('',#6170);
#6172=CARTESIAN_POINT('',(-2.45E0,7.5E-2,8.75E-1));
#6173=VERTEX_POINT('',#6172);
#6174=CARTESIAN_POINT('',(-2.45E0,7.5E-2,1.25E-1));
#6175=VERTEX_POINT('',#6174);
#6176=CARTESIAN_POINT('',(-2.45E0,7.5E-2,3.75E-1));
#6177=VERTEX_POINT('',#6176);
#6178=CARTESIAN_POINT('',(-2.45E0,7.5E-2,-3.75E-1));
#6179=VERTEX_POINT('',#6178);
#6180=CARTESIAN_POINT('',(-2.45E0,7.5E-2,-1.25E-1));
#6181=VERTEX_POINT('',#6180);
#6182=CARTESIAN_POINT('',(2.45E0,7.5E-2,-8.75E-1));
#6183=VERTEX_POINT('',#6182);
#6184=CARTESIAN_POINT('',(2.45E0,7.5E-2,-6.25E-1));
#6185=VERTEX_POINT('',#6184);
#6186=CARTESIAN_POINT('',(2.45E0,7.5E-2,-1.375E0));
#6187=VERTEX_POINT('',#6186);
#6188=CARTESIAN_POINT('',(2.45E0,7.5E-2,-1.125E0));
#6189=VERTEX_POINT('',#6188);
#6190=CARTESIAN_POINT('',(2.45E0,7.5E-2,-1.875E0));
#6191=VERTEX_POINT('',#6190);
#6192=CARTESIAN_POINT('',(2.45E0,7.5E-2,-1.625E0));
#6193=VERTEX_POINT('',#6192);
#6194=CARTESIAN_POINT('',(-2.45E0,7.5E-2,-8.75E-1));
#6195=VERTEX_POINT('',#6194);
#6196=CARTESIAN_POINT('',(-2.45E0,7.5E-2,-6.25E-1));
#6197=VERTEX_POINT('',#6196);
#6198=CARTESIAN_POINT('',(-2.45E0,7.5E-2,-1.375E0));
#6199=VERTEX_POINT('',#6198);
#6200=CARTESIAN_POINT('',(-2.45E0,7.5E-2,-1.125E0));
#6201=VERTEX_POINT('',#6200);
#6202=CARTESIAN_POINT('',(-2.45E0,7.5E-2,-1.875E0));
#6203=VERTEX_POINT('',#6202);
#6204=CARTESIAN_POINT('',(-2.45E0,7.5E-2,-1.625E0));
#6205=VERTEX_POINT('',#6204);
#6206=CARTESIAN_POINT('',(-1.875E0,7.5E-2,-2.45E0));
#6207=VERTEX_POINT('',#6206);
#6208=CARTESIAN_POINT('',(-1.625E0,7.5E-2,-2.45E0));
#6209=VERTEX_POINT('',#6208);
#6210=CARTESIAN_POINT('',(-1.375E0,7.5E-2,-2.45E0));
#6211=VERTEX_POINT('',#6210);
#6212=CARTESIAN_POINT('',(-1.125E0,7.5E-2,-2.45E0));
#6213=VERTEX_POINT('',#6212);
#6214=CARTESIAN_POINT('',(-8.75E-1,7.5E-2,-2.45E0));
#6215=VERTEX_POINT('',#6214);
#6216=CARTESIAN_POINT('',(-6.25E-1,7.5E-2,-2.45E0));
#6217=VERTEX_POINT('',#6216);
#6218=CARTESIAN_POINT('',(-3.75E-1,7.5E-2,-2.45E0));
#6219=VERTEX_POINT('',#6218);
#6220=CARTESIAN_POINT('',(-1.25E-1,7.5E-2,-2.45E0));
#6221=VERTEX_POINT('',#6220);
#6222=CARTESIAN_POINT('',(1.25E-1,7.5E-2,-2.45E0));
#6223=VERTEX_POINT('',#6222);
#6224=CARTESIAN_POINT('',(3.75E-1,7.5E-2,-2.45E0));
#6225=VERTEX_POINT('',#6224);
#6226=CARTESIAN_POINT('',(6.25E-1,7.5E-2,-2.45E0));
#6227=VERTEX_POINT('',#6226);
#6228=CARTESIAN_POINT('',(8.75E-1,7.5E-2,-2.45E0));
#6229=VERTEX_POINT('',#6228);
#6230=CARTESIAN_POINT('',(1.125E0,7.5E-2,-2.45E0));
#6231=VERTEX_POINT('',#6230);
#6232=CARTESIAN_POINT('',(1.375E0,7.5E-2,-2.45E0));
#6233=VERTEX_POINT('',#6232);
#6234=CARTESIAN_POINT('',(1.625E0,7.5E-2,-2.45E0));
#6235=VERTEX_POINT('',#6234);
#6236=CARTESIAN_POINT('',(1.875E0,7.5E-2,-2.45E0));
#6237=VERTEX_POINT('',#6236);
#6238=CARTESIAN_POINT('',(-1.875E0,7.5E-2,2.45E0));
#6239=VERTEX_POINT('',#6238);
#6240=CARTESIAN_POINT('',(-1.625E0,7.5E-2,2.45E0));
#6241=VERTEX_POINT('',#6240);
#6242=CARTESIAN_POINT('',(-1.375E0,7.5E-2,2.45E0));
#6243=VERTEX_POINT('',#6242);
#6244=CARTESIAN_POINT('',(-1.125E0,7.5E-2,2.45E0));
#6245=VERTEX_POINT('',#6244);
#6246=CARTESIAN_POINT('',(-8.75E-1,7.5E-2,2.45E0));
#6247=VERTEX_POINT('',#6246);
#6248=CARTESIAN_POINT('',(-6.25E-1,7.5E-2,2.45E0));
#6249=VERTEX_POINT('',#6248);
#6250=CARTESIAN_POINT('',(-3.75E-1,7.5E-2,2.45E0));
#6251=VERTEX_POINT('',#6250);
#6252=CARTESIAN_POINT('',(-1.25E-1,7.5E-2,2.45E0));
#6253=VERTEX_POINT('',#6252);
#6254=CARTESIAN_POINT('',(1.25E-1,7.5E-2,2.45E0));
#6255=VERTEX_POINT('',#6254);
#6256=CARTESIAN_POINT('',(3.75E-1,7.5E-2,2.45E0));
#6257=VERTEX_POINT('',#6256);
#6258=CARTESIAN_POINT('',(6.25E-1,7.5E-2,2.45E0));
#6259=VERTEX_POINT('',#6258);
#6260=CARTESIAN_POINT('',(8.75E-1,7.5E-2,2.45E0));
#6261=VERTEX_POINT('',#6260);
#6262=CARTESIAN_POINT('',(1.125E0,7.5E-2,2.45E0));
#6263=VERTEX_POINT('',#6262);
#6264=CARTESIAN_POINT('',(1.375E0,7.5E-2,2.45E0));
#6265=VERTEX_POINT('',#6264);
#6266=CARTESIAN_POINT('',(1.625E0,7.5E-2,2.45E0));
#6267=VERTEX_POINT('',#6266);
#6268=CARTESIAN_POINT('',(1.875E0,7.5E-2,2.45E0));
#6269=VERTEX_POINT('',#6268);
#6270=CARTESIAN_POINT('',(-2.45E0,7.5E-2,-2.45E0));
#6271=CARTESIAN_POINT('',(-2.325E0,7.5E-2,-2.45E0));
#6272=VERTEX_POINT('',#6270);
#6273=VERTEX_POINT('',#6271);
#6274=CARTESIAN_POINT('',(-2.125E0,7.5E-2,-2.45E0));
#6275=VERTEX_POINT('',#6274);
#6276=CARTESIAN_POINT('',(2.125E0,7.5E-2,-2.45E0));
#6277=VERTEX_POINT('',#6276);
#6278=CARTESIAN_POINT('',(2.325E0,7.5E-2,-2.45E0));
#6279=CARTESIAN_POINT('',(2.45E0,7.5E-2,-2.45E0));
#6280=VERTEX_POINT('',#6278);
#6281=VERTEX_POINT('',#6279);
#6282=CARTESIAN_POINT('',(2.45E0,7.5E-2,-2.325E0));
#6283=VERTEX_POINT('',#6282);
#6284=CARTESIAN_POINT('',(2.45E0,7.5E-2,-2.125E0));
#6285=VERTEX_POINT('',#6284);
#6286=CARTESIAN_POINT('',(2.45E0,7.5E-2,2.125E0));
#6287=VERTEX_POINT('',#6286);
#6288=CARTESIAN_POINT('',(2.45E0,7.5E-2,2.325E0));
#6289=CARTESIAN_POINT('',(2.45E0,7.5E-2,2.45E0));
#6290=VERTEX_POINT('',#6288);
#6291=VERTEX_POINT('',#6289);
#6292=CARTESIAN_POINT('',(2.325E0,7.5E-2,2.45E0));
#6293=VERTEX_POINT('',#6292);
#6294=CARTESIAN_POINT('',(2.125E0,7.5E-2,2.45E0));
#6295=VERTEX_POINT('',#6294);
#6296=CARTESIAN_POINT('',(-2.125E0,7.5E-2,2.45E0));
#6297=VERTEX_POINT('',#6296);
#6298=CARTESIAN_POINT('',(-2.325E0,7.5E-2,2.45E0));
#6299=CARTESIAN_POINT('',(-2.45E0,7.5E-2,2.45E0));
#6300=VERTEX_POINT('',#6298);
#6301=VERTEX_POINT('',#6299);
#6302=CARTESIAN_POINT('',(-2.45E0,7.5E-2,2.325E0));
#6303=VERTEX_POINT('',#6302);
#6304=CARTESIAN_POINT('',(-2.45E0,7.5E-2,2.125E0));
#6305=VERTEX_POINT('',#6304);
#6306=CARTESIAN_POINT('',(-2.45E0,7.5E-2,-2.125E0));
#6307=VERTEX_POINT('',#6306);
#6308=CARTESIAN_POINT('',(-2.45E0,7.5E-2,-2.325E0));
#6309=VERTEX_POINT('',#6308);
#6310=CARTESIAN_POINT('',(2.325E0,0.E0,-2.45E0));
#6311=VERTEX_POINT('',#6310);
#6312=CARTESIAN_POINT('',(2.45E0,0.E0,2.325E0));
#6313=VERTEX_POINT('',#6312);
#6314=CARTESIAN_POINT('',(-2.325E0,0.E0,2.45E0));
#6315=VERTEX_POINT('',#6314);
#6316=CARTESIAN_POINT('',(-2.45E0,0.E0,-2.325E0));
#6317=VERTEX_POINT('',#6316);
#6318=CARTESIAN_POINT('',(0.E0,0.E0,0.E0));
#6319=DIRECTION('',(0.E0,1.E0,0.E0));
#6320=DIRECTION('',(1.E0,0.E0,0.E0));
#6321=AXIS2_PLACEMENT_3D('',#6318,#6319,#6320);
#6322=PLANE('',#6321);
#6324=ORIENTED_EDGE('',*,*,#6323,.F.);
#6326=ORIENTED_EDGE('',*,*,#6325,.F.);
#6328=ORIENTED_EDGE('',*,*,#6327,.T.);
#6330=ORIENTED_EDGE('',*,*,#6329,.F.);
#6331=EDGE_LOOP('',(#6324,#6326,#6328,#6330));
#6332=FACE_OUTER_BOUND('',#6331,.F.);
#6334=CARTESIAN_POINT('',(0.E0,0.E0,0.E0));
#6335=DIRECTION('',(0.E0,1.E0,0.E0));
#6336=DIRECTION('',(1.E0,0.E0,0.E0));
#6337=AXIS2_PLACEMENT_3D('',#6334,#6335,#6336);
#6338=PLANE('',#6337);
#6340=ORIENTED_EDGE('',*,*,#6339,.F.);
#6342=ORIENTED_EDGE('',*,*,#6341,.T.);
#6344=ORIENTED_EDGE('',*,*,#6343,.F.);
#6346=ORIENTED_EDGE('',*,*,#6345,.F.);
#6348=ORIENTED_EDGE('',*,*,#6347,.T.);
#6350=ORIENTED_EDGE('',*,*,#6349,.T.);
#6352=ORIENTED_EDGE('',*,*,#6351,.F.);
#6354=ORIENTED_EDGE('',*,*,#6353,.F.);
#6356=ORIENTED_EDGE('',*,*,#6355,.T.);
#6358=ORIENTED_EDGE('',*,*,#6357,.T.);
#6360=ORIENTED_EDGE('',*,*,#6359,.F.);
#6362=ORIENTED_EDGE('',*,*,#6361,.F.);
#6364=ORIENTED_EDGE('',*,*,#6363,.T.);
#6366=ORIENTED_EDGE('',*,*,#6365,.T.);
#6368=ORIENTED_EDGE('',*,*,#6367,.F.);
#6370=ORIENTED_EDGE('',*,*,#6369,.F.);
#6372=ORIENTED_EDGE('',*,*,#6371,.T.);
#6374=ORIENTED_EDGE('',*,*,#6373,.T.);
#6376=ORIENTED_EDGE('',*,*,#6375,.F.);
#6378=ORIENTED_EDGE('',*,*,#6377,.F.);
#6380=ORIENTED_EDGE('',*,*,#6379,.T.);
#6382=ORIENTED_EDGE('',*,*,#6381,.T.);
#6384=ORIENTED_EDGE('',*,*,#6383,.F.);
#6386=ORIENTED_EDGE('',*,*,#6385,.F.);
#6388=ORIENTED_EDGE('',*,*,#6387,.T.);
#6390=ORIENTED_EDGE('',*,*,#6389,.T.);
#6392=ORIENTED_EDGE('',*,*,#6391,.F.);
#6394=ORIENTED_EDGE('',*,*,#6393,.F.);
#6396=ORIENTED_EDGE('',*,*,#6395,.T.);
#6398=ORIENTED_EDGE('',*,*,#6397,.T.);
#6400=ORIENTED_EDGE('',*,*,#6399,.F.);
#6402=ORIENTED_EDGE('',*,*,#6401,.F.);
#6404=ORIENTED_EDGE('',*,*,#6403,.T.);
#6406=ORIENTED_EDGE('',*,*,#6405,.T.);
#6408=ORIENTED_EDGE('',*,*,#6407,.F.);
#6410=ORIENTED_EDGE('',*,*,#6409,.F.);
#6412=ORIENTED_EDGE('',*,*,#6411,.T.);
#6414=ORIENTED_EDGE('',*,*,#6413,.F.);
#6416=ORIENTED_EDGE('',*,*,#6415,.F.);
#6418=ORIENTED_EDGE('',*,*,#6417,.T.);
#6420=ORIENTED_EDGE('',*,*,#6419,.T.);
#6422=ORIENTED_EDGE('',*,*,#6421,.F.);
#6424=ORIENTED_EDGE('',*,*,#6423,.F.);
#6426=ORIENTED_EDGE('',*,*,#6425,.T.);
#6428=ORIENTED_EDGE('',*,*,#6427,.T.);
#6430=ORIENTED_EDGE('',*,*,#6429,.F.);
#6432=ORIENTED_EDGE('',*,*,#6431,.F.);
#6434=ORIENTED_EDGE('',*,*,#6433,.T.);
#6436=ORIENTED_EDGE('',*,*,#6435,.T.);
#6438=ORIENTED_EDGE('',*,*,#6437,.F.);
#6440=ORIENTED_EDGE('',*,*,#6439,.F.);
#6442=ORIENTED_EDGE('',*,*,#6441,.T.);
#6444=ORIENTED_EDGE('',*,*,#6443,.T.);
#6446=ORIENTED_EDGE('',*,*,#6445,.F.);
#6448=ORIENTED_EDGE('',*,*,#6447,.F.);
#6450=ORIENTED_EDGE('',*,*,#6449,.T.);
#6452=ORIENTED_EDGE('',*,*,#6451,.T.);
#6454=ORIENTED_EDGE('',*,*,#6453,.F.);
#6456=ORIENTED_EDGE('',*,*,#6455,.F.);
#6458=ORIENTED_EDGE('',*,*,#6457,.T.);
#6460=ORIENTED_EDGE('',*,*,#6459,.T.);
#6462=ORIENTED_EDGE('',*,*,#6461,.F.);
#6464=ORIENTED_EDGE('',*,*,#6463,.F.);
#6466=ORIENTED_EDGE('',*,*,#6465,.T.);
#6468=ORIENTED_EDGE('',*,*,#6467,.T.);
#6470=ORIENTED_EDGE('',*,*,#6469,.F.);
#6472=ORIENTED_EDGE('',*,*,#6471,.F.);
#6474=ORIENTED_EDGE('',*,*,#6473,.T.);
#6476=ORIENTED_EDGE('',*,*,#6475,.T.);
#6478=ORIENTED_EDGE('',*,*,#6477,.F.);
#6480=ORIENTED_EDGE('',*,*,#6479,.F.);
#6482=ORIENTED_EDGE('',*,*,#6481,.T.);
#6484=ORIENTED_EDGE('',*,*,#6483,.F.);
#6486=ORIENTED_EDGE('',*,*,#6485,.F.);
#6488=ORIENTED_EDGE('',*,*,#6487,.T.);
#6490=ORIENTED_EDGE('',*,*,#6489,.F.);
#6492=ORIENTED_EDGE('',*,*,#6491,.F.);
#6494=ORIENTED_EDGE('',*,*,#6493,.F.);
#6496=ORIENTED_EDGE('',*,*,#6495,.T.);
#6498=ORIENTED_EDGE('',*,*,#6497,.F.);
#6500=ORIENTED_EDGE('',*,*,#6499,.F.);
#6502=ORIENTED_EDGE('',*,*,#6501,.F.);
#6504=ORIENTED_EDGE('',*,*,#6503,.T.);
#6506=ORIENTED_EDGE('',*,*,#6505,.F.);
#6508=ORIENTED_EDGE('',*,*,#6507,.F.);
#6510=ORIENTED_EDGE('',*,*,#6509,.F.);
#6512=ORIENTED_EDGE('',*,*,#6511,.T.);
#6514=ORIENTED_EDGE('',*,*,#6513,.F.);
#6516=ORIENTED_EDGE('',*,*,#6515,.F.);
#6518=ORIENTED_EDGE('',*,*,#6517,.F.);
#6520=ORIENTED_EDGE('',*,*,#6519,.T.);
#6522=ORIENTED_EDGE('',*,*,#6521,.F.);
#6524=ORIENTED_EDGE('',*,*,#6523,.F.);
#6526=ORIENTED_EDGE('',*,*,#6525,.F.);
#6528=ORIENTED_EDGE('',*,*,#6527,.T.);
#6530=ORIENTED_EDGE('',*,*,#6529,.F.);
#6532=ORIENTED_EDGE('',*,*,#6531,.F.);
#6534=ORIENTED_EDGE('',*,*,#6533,.F.);
#6536=ORIENTED_EDGE('',*,*,#6535,.T.);
#6538=ORIENTED_EDGE('',*,*,#6537,.F.);
#6540=ORIENTED_EDGE('',*,*,#6539,.F.);
#6542=ORIENTED_EDGE('',*,*,#6541,.F.);
#6544=ORIENTED_EDGE('',*,*,#6543,.T.);
#6546=ORIENTED_EDGE('',*,*,#6545,.F.);
#6548=ORIENTED_EDGE('',*,*,#6547,.F.);
#6550=ORIENTED_EDGE('',*,*,#6549,.F.);
#6552=ORIENTED_EDGE('',*,*,#6551,.T.);
#6554=ORIENTED_EDGE('',*,*,#6553,.F.);
#6556=ORIENTED_EDGE('',*,*,#6555,.F.);
#6558=ORIENTED_EDGE('',*,*,#6557,.T.);
#6560=ORIENTED_EDGE('',*,*,#6559,.F.);
#6562=ORIENTED_EDGE('',*,*,#6561,.F.);
#6564=ORIENTED_EDGE('',*,*,#6563,.F.);
#6566=ORIENTED_EDGE('',*,*,#6565,.T.);
#6568=ORIENTED_EDGE('',*,*,#6567,.F.);
#6570=ORIENTED_EDGE('',*,*,#6569,.F.);
#6572=ORIENTED_EDGE('',*,*,#6571,.F.);
#6574=ORIENTED_EDGE('',*,*,#6573,.T.);
#6576=ORIENTED_EDGE('',*,*,#6575,.F.);
#6578=ORIENTED_EDGE('',*,*,#6577,.F.);
#6580=ORIENTED_EDGE('',*,*,#6579,.F.);
#6582=ORIENTED_EDGE('',*,*,#6581,.T.);
#6584=ORIENTED_EDGE('',*,*,#6583,.F.);
#6586=ORIENTED_EDGE('',*,*,#6585,.F.);
#6588=ORIENTED_EDGE('',*,*,#6587,.F.);
#6590=ORIENTED_EDGE('',*,*,#6589,.T.);
#6592=ORIENTED_EDGE('',*,*,#6591,.F.);
#6594=ORIENTED_EDGE('',*,*,#6593,.F.);
#6596=ORIENTED_EDGE('',*,*,#6595,.F.);
#6598=ORIENTED_EDGE('',*,*,#6597,.T.);
#6600=ORIENTED_EDGE('',*,*,#6599,.F.);
#6602=ORIENTED_EDGE('',*,*,#6601,.F.);
#6604=ORIENTED_EDGE('',*,*,#6603,.F.);
#6606=ORIENTED_EDGE('',*,*,#6605,.T.);
#6608=ORIENTED_EDGE('',*,*,#6607,.F.);
#6610=ORIENTED_EDGE('',*,*,#6609,.F.);
#6612=ORIENTED_EDGE('',*,*,#6611,.F.);
#6614=ORIENTED_EDGE('',*,*,#6613,.T.);
#6616=ORIENTED_EDGE('',*,*,#6615,.F.);
#6618=ORIENTED_EDGE('',*,*,#6617,.F.);
#6619=EDGE_LOOP('',(#6340,#6342,#6344,#6346,#6348,#6350,#6352,#6354,#6356,#6358,
#6360,#6362,#6364,#6366,#6368,#6370,#6372,#6374,#6376,#6378,#6380,#6382,#6384,
#6386,#6388,#6390,#6392,#6394,#6396,#6398,#6400,#6402,#6404,#6406,#6408,#6410,
#6412,#6414,#6416,#6418,#6420,#6422,#6424,#6426,#6428,#6430,#6432,#6434,#6436,
#6438,#6440,#6442,#6444,#6446,#6448,#6450,#6452,#6454,#6456,#6458,#6460,#6462,
#6464,#6466,#6468,#6470,#6472,#6474,#6476,#6478,#6480,#6482,#6484,#6486,#6488,
#6490,#6492,#6494,#6496,#6498,#6500,#6502,#6504,#6506,#6508,#6510,#6512,#6514,
#6516,#6518,#6520,#6522,#6524,#6526,#6528,#6530,#6532,#6534,#6536,#6538,#6540,
#6542,#6544,#6546,#6548,#6550,#6552,#6554,#6556,#6558,#6560,#6562,#6564,#6566,
#6568,#6570,#6572,#6574,#6576,#6578,#6580,#6582,#6584,#6586,#6588,#6590,#6592,
#6594,#6596,#6598,#6600,#6602,#6604,#6606,#6608,#6610,#6612,#6614,#6616,#6618));
#6620=FACE_OUTER_BOUND('',#6619,.F.);
#6622=ORIENTED_EDGE('',*,*,#6621,.T.);
#6624=ORIENTED_EDGE('',*,*,#6623,.T.);
#6626=ORIENTED_EDGE('',*,*,#6625,.T.);
#6628=ORIENTED_EDGE('',*,*,#6627,.T.);
#6630=ORIENTED_EDGE('',*,*,#6629,.F.);
#6631=EDGE_LOOP('',(#6622,#6624,#6626,#6628,#6630));
#6632=FACE_BOUND('',#6631,.F.);
#6634=CARTESIAN_POINT('',(0.E0,0.E0,0.E0));
#6635=DIRECTION('',(0.E0,1.E0,0.E0));
#6636=DIRECTION('',(1.E0,0.E0,0.E0));
#6637=AXIS2_PLACEMENT_3D('',#6634,#6635,#6636);
#6638=PLANE('',#6637);
#6640=ORIENTED_EDGE('',*,*,#6639,.F.);
#6642=ORIENTED_EDGE('',*,*,#6641,.F.);
#6644=ORIENTED_EDGE('',*,*,#6643,.T.);
#6646=ORIENTED_EDGE('',*,*,#6645,.F.);
#6647=EDGE_LOOP('',(#6640,#6642,#6644,#6646));
#6648=FACE_OUTER_BOUND('',#6647,.F.);
#6650=CARTESIAN_POINT('',(0.E0,0.E0,0.E0));
#6651=DIRECTION('',(0.E0,1.E0,0.E0));
#6652=DIRECTION('',(1.E0,0.E0,0.E0));
#6653=AXIS2_PLACEMENT_3D('',#6650,#6651,#6652);
#6654=PLANE('',#6653);
#6656=ORIENTED_EDGE('',*,*,#6655,.F.);
#6658=ORIENTED_EDGE('',*,*,#6657,.F.);
#6660=ORIENTED_EDGE('',*,*,#6659,.T.);
#6662=ORIENTED_EDGE('',*,*,#6661,.F.);
#6663=EDGE_LOOP('',(#6656,#6658,#6660,#6662));
#6664=FACE_OUTER_BOUND('',#6663,.F.);
#6666=CARTESIAN_POINT('',(0.E0,0.E0,0.E0));
#6667=DIRECTION('',(0.E0,1.E0,0.E0));
#6668=DIRECTION('',(1.E0,0.E0,0.E0));
#6669=AXIS2_PLACEMENT_3D('',#6666,#6667,#6668);
#6670=PLANE('',#6669);
#6672=ORIENTED_EDGE('',*,*,#6671,.F.);
#6674=ORIENTED_EDGE('',*,*,#6673,.F.);
#6676=ORIENTED_EDGE('',*,*,#6675,.T.);
#6678=ORIENTED_EDGE('',*,*,#6677,.F.);
#6679=EDGE_LOOP('',(#6672,#6674,#6676,#6678));
#6680=FACE_OUTER_BOUND('',#6679,.F.);
#6682=CARTESIAN_POINT('',(-1.85E0,7.5E-2,-1.85E0));
#6683=DIRECTION('',(0.E0,0.E0,-1.E0));
#6684=DIRECTION('',(1.E0,0.E0,0.E0));
#6685=AXIS2_PLACEMENT_3D('',#6682,#6683,#6684);
#6686=PLANE('',#6685);
#6688=ORIENTED_EDGE('',*,*,#6687,.T.);
#6690=ORIENTED_EDGE('',*,*,#6689,.T.);
#6692=ORIENTED_EDGE('',*,*,#6691,.T.);
#6693=ORIENTED_EDGE('',*,*,#6621,.F.);
#6694=EDGE_LOOP('',(#6688,#6690,#6692,#6693));
#6695=FACE_OUTER_BOUND('',#6694,.F.);
#6697=CARTESIAN_POINT('',(-1.675E0,2.5E-2,-1.675E0));
#6698=DIRECTION('',(-7.071067811865E-1,0.E0,-7.071067811865E-1));
#6699=DIRECTION('',(-7.071067811865E-1,0.E0,7.071067811865E-1));
#6700=AXIS2_PLACEMENT_3D('',#6697,#6698,#6699);
#6701=PLANE('',#6700);
#6703=ORIENTED_EDGE('',*,*,#6702,.T.);
#6705=ORIENTED_EDGE('',*,*,#6704,.F.);
#6706=ORIENTED_EDGE('',*,*,#6687,.F.);
#6707=ORIENTED_EDGE('',*,*,#6629,.T.);
#6708=EDGE_LOOP('',(#6703,#6705,#6706,#6707));
#6709=FACE_OUTER_BOUND('',#6708,.F.);
#6711=CARTESIAN_POINT('',(-1.85E0,7.5E-2,1.85E0));
#6712=DIRECTION('',(-1.E0,0.E0,0.E0));
#6713=DIRECTION('',(0.E0,0.E0,-1.E0));
#6714=AXIS2_PLACEMENT_3D('',#6711,#6712,#6713);
#6715=PLANE('',#6714);
#6716=ORIENTED_EDGE('',*,*,#6702,.F.);
#6717=ORIENTED_EDGE('',*,*,#6627,.F.);
#6719=ORIENTED_EDGE('',*,*,#6718,.F.);
#6721=ORIENTED_EDGE('',*,*,#6720,.T.);
#6722=EDGE_LOOP('',(#6716,#6717,#6719,#6721));
#6723=FACE_OUTER_BOUND('',#6722,.F.);
#6725=CARTESIAN_POINT('',(1.85E0,7.5E-2,1.85E0));
#6726=DIRECTION('',(0.E0,0.E0,1.E0));
#6727=DIRECTION('',(-1.E0,0.E0,0.E0));
#6728=AXIS2_PLACEMENT_3D('',#6725,#6726,#6727);
#6729=PLANE('',#6728);
#6730=ORIENTED_EDGE('',*,*,#6625,.F.);
#6732=ORIENTED_EDGE('',*,*,#6731,.F.);
#6734=ORIENTED_EDGE('',*,*,#6733,.T.);
#6735=ORIENTED_EDGE('',*,*,#6718,.T.);
#6736=EDGE_LOOP('',(#6730,#6732,#6734,#6735));
#6737=FACE_OUTER_BOUND('',#6736,.F.);
#6739=CARTESIAN_POINT('',(1.85E0,7.5E-2,-1.85E0));
#6740=DIRECTION('',(1.E0,0.E0,0.E0));
#6741=DIRECTION('',(0.E0,0.E0,1.E0));
#6742=AXIS2_PLACEMENT_3D('',#6739,#6740,#6741);
#6743=PLANE('',#6742);
#6744=ORIENTED_EDGE('',*,*,#6623,.F.);
#6745=ORIENTED_EDGE('',*,*,#6691,.F.);
#6747=ORIENTED_EDGE('',*,*,#6746,.T.);
#6748=ORIENTED_EDGE('',*,*,#6731,.T.);
#6749=EDGE_LOOP('',(#6744,#6745,#6747,#6748));
#6750=FACE_OUTER_BOUND('',#6749,.F.);
#6752=CARTESIAN_POINT('',(0.E0,7.5E-2,0.E0));
#6753=DIRECTION('',(0.E0,1.E0,0.E0));
#6754=DIRECTION('',(1.E0,0.E0,0.E0));
#6755=AXIS2_PLACEMENT_3D('',#6752,#6753,#6754);
#6756=PLANE('',#6755);
#6758=ORIENTED_EDGE('',*,*,#6757,.F.);
#6760=ORIENTED_EDGE('',*,*,#6759,.F.);
#6762=ORIENTED_EDGE('',*,*,#6761,.F.);
#6764=ORIENTED_EDGE('',*,*,#6763,.F.);
#6765=EDGE_LOOP('',(#6758,#6760,#6762,#6764));
#6766=FACE_OUTER_BOUND('',#6765,.F.);
#6767=ORIENTED_EDGE('',*,*,#6720,.F.);
#6768=ORIENTED_EDGE('',*,*,#6733,.F.);
#6769=ORIENTED_EDGE('',*,*,#6746,.F.);
#6770=ORIENTED_EDGE('',*,*,#6689,.F.);
#6771=ORIENTED_EDGE('',*,*,#6704,.T.);
#6772=EDGE_LOOP('',(#6767,#6768,#6769,#6770,#6771));
#6773=FACE_BOUND('',#6772,.F.);
#6775=CARTESIAN_POINT('',(-1.95E0,7.5E-2,-1.95E0));
#6776=DIRECTION('',(-1.E0,0.E0,0.E0));
#6777=DIRECTION('',(0.E0,0.E0,1.E0));
#6778=AXIS2_PLACEMENT_3D('',#6775,#6776,#6777);
#6779=PLANE('',#6778);
#6780=ORIENTED_EDGE('',*,*,#6757,.T.);
#6782=ORIENTED_EDGE('',*,*,#6781,.T.);
#6784=ORIENTED_EDGE('',*,*,#6783,.F.);
#6786=ORIENTED_EDGE('',*,*,#6785,.F.);
#6787=EDGE_LOOP('',(#6780,#6782,#6784,#6786));
#6788=FACE_OUTER_BOUND('',#6787,.F.);
#6790=CARTESIAN_POINT('',(-1.95E0,7.5E-2,1.95E0));
#6791=DIRECTION('',(0.E0,0.E0,1.E0));
#6792=DIRECTION('',(1.E0,0.E0,0.E0));
#6793=AXIS2_PLACEMENT_3D('',#6790,#6791,#6792);
#6794=PLANE('',#6793);
#6795=ORIENTED_EDGE('',*,*,#6763,.T.);
#6797=ORIENTED_EDGE('',*,*,#6796,.T.);
#6799=ORIENTED_EDGE('',*,*,#6798,.F.);
#6800=ORIENTED_EDGE('',*,*,#6781,.F.);
#6801=EDGE_LOOP('',(#6795,#6797,#6799,#6800));
#6802=FACE_OUTER_BOUND('',#6801,.F.);
#6804=CARTESIAN_POINT('',(1.95E0,7.5E-2,1.95E0));
#6805=DIRECTION('',(1.E0,0.E0,0.E0));
#6806=DIRECTION('',(0.E0,0.E0,-1.E0));
#6807=AXIS2_PLACEMENT_3D('',#6804,#6805,#6806);
#6808=PLANE('',#6807);
#6809=ORIENTED_EDGE('',*,*,#6761,.T.);
#6811=ORIENTED_EDGE('',*,*,#6810,.T.);
#6813=ORIENTED_EDGE('',*,*,#6812,.F.);
#6814=ORIENTED_EDGE('',*,*,#6796,.F.);
#6815=EDGE_LOOP('',(#6809,#6811,#6813,#6814));
#6816=FACE_OUTER_BOUND('',#6815,.F.);
#6818=CARTESIAN_POINT('',(1.95E0,7.5E-2,-1.95E0));
#6819=DIRECTION('',(0.E0,0.E0,-1.E0));
#6820=DIRECTION('',(-1.E0,0.E0,0.E0));
#6821=AXIS2_PLACEMENT_3D('',#6818,#6819,#6820);
#6822=PLANE('',#6821);
#6823=ORIENTED_EDGE('',*,*,#6759,.T.);
#6824=ORIENTED_EDGE('',*,*,#6785,.T.);
#6826=ORIENTED_EDGE('',*,*,#6825,.F.);
#6827=ORIENTED_EDGE('',*,*,#6810,.F.);
#6828=EDGE_LOOP('',(#6823,#6824,#6826,#6827));
#6829=FACE_OUTER_BOUND('',#6828,.F.);
#6831=CARTESIAN_POINT('',(0.E0,1.75E-1,0.E0));
#6832=DIRECTION('',(0.E0,1.E0,0.E0));
#6833=DIRECTION('',(1.E0,0.E0,0.E0));
#6834=AXIS2_PLACEMENT_3D('',#6831,#6832,#6833);
#6835=PLANE('',#6834);
#6836=ORIENTED_EDGE('',*,*,#6783,.T.);
#6837=ORIENTED_EDGE('',*,*,#6798,.T.);
#6838=ORIENTED_EDGE('',*,*,#6812,.T.);
#6839=ORIENTED_EDGE('',*,*,#6825,.T.);
#6840=EDGE_LOOP('',(#6836,#6837,#6838,#6839));
#6841=FACE_OUTER_BOUND('',#6840,.F.);
#6843=CARTESIAN_POINT('',(-2.45E0,-2.5E-2,-2.45E0));
#6844=DIRECTION('',(0.E0,0.E0,1.E0));
#6845=DIRECTION('',(1.E0,0.E0,0.E0));
#6846=AXIS2_PLACEMENT_3D('',#6843,#6844,#6845);
#6847=PLANE('',#6846);
#6848=ORIENTED_EDGE('',*,*,#6323,.T.);
#6850=ORIENTED_EDGE('',*,*,#6849,.T.);
#6852=ORIENTED_EDGE('',*,*,#6851,.F.);
#6854=ORIENTED_EDGE('',*,*,#6853,.F.);
#6855=EDGE_LOOP('',(#6848,#6850,#6852,#6854));
#6856=FACE_OUTER_BOUND('',#6855,.F.);
#6858=CARTESIAN_POINT('',(-2.45E0,-2.5E-2,-2.45E0));
#6859=DIRECTION('',(0.E0,0.E0,1.E0));
#6860=DIRECTION('',(1.E0,0.E0,0.E0));
#6861=AXIS2_PLACEMENT_3D('',#6858,#6859,#6860);
#6862=PLANE('',#6861);
#6863=ORIENTED_EDGE('',*,*,#6339,.T.);
#6865=ORIENTED_EDGE('',*,*,#6864,.T.);
#6867=ORIENTED_EDGE('',*,*,#6866,.F.);
#6869=ORIENTED_EDGE('',*,*,#6868,.F.);
#6870=EDGE_LOOP('',(#6863,#6865,#6867,#6869));
#6871=FACE_OUTER_BOUND('',#6870,.F.);
#6873=CARTESIAN_POINT('',(-2.45E0,-2.5E-2,-2.45E0));
#6874=DIRECTION('',(0.E0,0.E0,1.E0));
#6875=DIRECTION('',(1.E0,0.E0,0.E0));
#6876=AXIS2_PLACEMENT_3D('',#6873,#6874,#6875);
#6877=PLANE('',#6876);
#6878=ORIENTED_EDGE('',*,*,#6611,.T.);
#6880=ORIENTED_EDGE('',*,*,#6879,.T.);
#6882=ORIENTED_EDGE('',*,*,#6881,.F.);
#6884=ORIENTED_EDGE('',*,*,#6883,.F.);
#6885=EDGE_LOOP('',(#6878,#6880,#6882,#6884));
#6886=FACE_OUTER_BOUND('',#6885,.F.);
#6888=CARTESIAN_POINT('',(-2.45E0,-2.5E-2,-2.45E0));
#6889=DIRECTION('',(0.E0,0.E0,1.E0));
#6890=DIRECTION('',(1.E0,0.E0,0.E0));
#6891=AXIS2_PLACEMENT_3D('',#6888,#6889,#6890);
#6892=PLANE('',#6891);
#6893=ORIENTED_EDGE('',*,*,#6603,.T.);
#6895=ORIENTED_EDGE('',*,*,#6894,.T.);
#6897=ORIENTED_EDGE('',*,*,#6896,.F.);
#6899=ORIENTED_EDGE('',*,*,#6898,.F.);
#6900=EDGE_LOOP('',(#6893,#6895,#6897,#6899));
#6901=FACE_OUTER_BOUND('',#6900,.F.);
#6903=CARTESIAN_POINT('',(-2.45E0,-2.5E-2,-2.45E0));
#6904=DIRECTION('',(0.E0,0.E0,1.E0));
#6905=DIRECTION('',(1.E0,0.E0,0.E0));
#6906=AXIS2_PLACEMENT_3D('',#6903,#6904,#6905);
#6907=PLANE('',#6906);
#6908=ORIENTED_EDGE('',*,*,#6595,.T.);
#6910=ORIENTED_EDGE('',*,*,#6909,.T.);
#6912=ORIENTED_EDGE('',*,*,#6911,.F.);
#6914=ORIENTED_EDGE('',*,*,#6913,.F.);
#6915=EDGE_LOOP('',(#6908,#6910,#6912,#6914));
#6916=FACE_OUTER_BOUND('',#6915,.F.);
#6918=CARTESIAN_POINT('',(-2.45E0,-2.5E-2,-2.45E0));
#6919=DIRECTION('',(0.E0,0.E0,1.E0));
#6920=DIRECTION('',(1.E0,0.E0,0.E0));
#6921=AXIS2_PLACEMENT_3D('',#6918,#6919,#6920);
#6922=PLANE('',#6921);
#6923=ORIENTED_EDGE('',*,*,#6587,.T.);
#6925=ORIENTED_EDGE('',*,*,#6924,.T.);
#6927=ORIENTED_EDGE('',*,*,#6926,.F.);
#6929=ORIENTED_EDGE('',*,*,#6928,.F.);
#6930=EDGE_LOOP('',(#6923,#6925,#6927,#6929));
#6931=FACE_OUTER_BOUND('',#6930,.F.);
#6933=CARTESIAN_POINT('',(-2.45E0,-2.5E-2,-2.45E0));
#6934=DIRECTION('',(0.E0,0.E0,1.E0));
#6935=DIRECTION('',(1.E0,0.E0,0.E0));
#6936=AXIS2_PLACEMENT_3D('',#6933,#6934,#6935);
#6937=PLANE('',#6936);
#6938=ORIENTED_EDGE('',*,*,#6579,.T.);
#6940=ORIENTED_EDGE('',*,*,#6939,.T.);
#6942=ORIENTED_EDGE('',*,*,#6941,.F.);
#6944=ORIENTED_EDGE('',*,*,#6943,.F.);
#6945=EDGE_LOOP('',(#6938,#6940,#6942,#6944));
#6946=FACE_OUTER_BOUND('',#6945,.F.);
#6948=CARTESIAN_POINT('',(-2.45E0,-2.5E-2,-2.45E0));
#6949=DIRECTION('',(0.E0,0.E0,1.E0));
#6950=DIRECTION('',(1.E0,0.E0,0.E0));
#6951=AXIS2_PLACEMENT_3D('',#6948,#6949,#6950);
#6952=PLANE('',#6951);
#6953=ORIENTED_EDGE('',*,*,#6571,.T.);
#6955=ORIENTED_EDGE('',*,*,#6954,.T.);
#6957=ORIENTED_EDGE('',*,*,#6956,.F.);
#6959=ORIENTED_EDGE('',*,*,#6958,.F.);
#6960=EDGE_LOOP('',(#6953,#6955,#6957,#6959));
#6961=FACE_OUTER_BOUND('',#6960,.F.);
#6963=CARTESIAN_POINT('',(-2.45E0,-2.5E-2,-2.45E0));
#6964=DIRECTION('',(0.E0,0.E0,1.E0));
#6965=DIRECTION('',(1.E0,0.E0,0.E0));
#6966=AXIS2_PLACEMENT_3D('',#6963,#6964,#6965);
#6967=PLANE('',#6966);
#6968=ORIENTED_EDGE('',*,*,#6563,.T.);
#6970=ORIENTED_EDGE('',*,*,#6969,.T.);
#6972=ORIENTED_EDGE('',*,*,#6971,.F.);
#6974=ORIENTED_EDGE('',*,*,#6973,.F.);
#6975=EDGE_LOOP('',(#6968,#6970,#6972,#6974));
#6976=FACE_OUTER_BOUND('',#6975,.F.);
#6978=CARTESIAN_POINT('',(-2.45E0,-2.5E-2,-2.45E0));
#6979=DIRECTION('',(0.E0,0.E0,1.E0));
#6980=DIRECTION('',(1.E0,0.E0,0.E0));
#6981=AXIS2_PLACEMENT_3D('',#6978,#6979,#6980);
#6982=PLANE('',#6981);
#6983=ORIENTED_EDGE('',*,*,#6555,.T.);
#6985=ORIENTED_EDGE('',*,*,#6984,.T.);
#6987=ORIENTED_EDGE('',*,*,#6986,.F.);
#6989=ORIENTED_EDGE('',*,*,#6988,.F.);
#6990=EDGE_LOOP('',(#6983,#6985,#6987,#6989));
#6991=FACE_OUTER_BOUND('',#6990,.F.);
#6993=CARTESIAN_POINT('',(-2.45E0,-2.5E-2,-2.45E0));
#6994=DIRECTION('',(0.E0,0.E0,1.E0));
#6995=DIRECTION('',(1.E0,0.E0,0.E0));
#6996=AXIS2_PLACEMENT_3D('',#6993,#6994,#6995);
#6997=PLANE('',#6996);
#6999=ORIENTED_EDGE('',*,*,#6998,.F.);
#7001=ORIENTED_EDGE('',*,*,#7000,.F.);
#7002=ORIENTED_EDGE('',*,*,#6641,.T.);
#7004=ORIENTED_EDGE('',*,*,#7003,.T.);
#7005=EDGE_LOOP('',(#6999,#7001,#7002,#7004));
#7006=FACE_OUTER_BOUND('',#7005,.F.);
#7008=CARTESIAN_POINT('',(-2.325E0,-2.5E-2,-2.5E0));
#7009=DIRECTION('',(-1.E0,0.E0,0.E0));
#7010=DIRECTION('',(0.E0,0.E0,1.E0));
#7011=AXIS2_PLACEMENT_3D('',#7008,#7009,#7010);
#7012=PLANE('',#7011);
#7014=ORIENTED_EDGE('',*,*,#7013,.F.);
#7016=ORIENTED_EDGE('',*,*,#7015,.T.);
#7017=ORIENTED_EDGE('',*,*,#6849,.F.);
#7018=ORIENTED_EDGE('',*,*,#6329,.T.);
#7020=ORIENTED_EDGE('',*,*,#7019,.T.);
#7022=ORIENTED_EDGE('',*,*,#7021,.F.);
#7023=EDGE_LOOP('',(#7014,#7016,#7017,#7018,#7020,#7022));
#7024=FACE_OUTER_BOUND('',#7023,.F.);
#7026=CARTESIAN_POINT('',(2.5E0,0.E0,-2.5E0));
#7027=DIRECTION('',(0.E0,0.E0,-1.E0));
#7028=DIRECTION('',(-1.E0,0.E0,0.E0));
#7029=AXIS2_PLACEMENT_3D('',#7026,#7027,#7028);
#7030=PLANE('',#7029);
#7032=ORIENTED_EDGE('',*,*,#7031,.F.);
#7034=ORIENTED_EDGE('',*,*,#7033,.T.);
#7036=ORIENTED_EDGE('',*,*,#7035,.T.);
#7038=ORIENTED_EDGE('',*,*,#7037,.F.);
#7040=ORIENTED_EDGE('',*,*,#7039,.F.);
#7041=ORIENTED_EDGE('',*,*,#7013,.T.);
#7043=ORIENTED_EDGE('',*,*,#7042,.T.);
#7045=ORIENTED_EDGE('',*,*,#7044,.F.);
#7047=ORIENTED_EDGE('',*,*,#7046,.F.);
#7049=ORIENTED_EDGE('',*,*,#7048,.T.);
#7051=ORIENTED_EDGE('',*,*,#7050,.T.);
#7053=ORIENTED_EDGE('',*,*,#7052,.F.);
#7055=ORIENTED_EDGE('',*,*,#7054,.F.);
#7057=ORIENTED_EDGE('',*,*,#7056,.T.);
#7059=ORIENTED_EDGE('',*,*,#7058,.T.);
#7061=ORIENTED_EDGE('',*,*,#7060,.F.);
#7063=ORIENTED_EDGE('',*,*,#7062,.F.);
#7065=ORIENTED_EDGE('',*,*,#7064,.T.);
#7067=ORIENTED_EDGE('',*,*,#7066,.T.);
#7069=ORIENTED_EDGE('',*,*,#7068,.F.);
#7071=ORIENTED_EDGE('',*,*,#7070,.F.);
#7073=ORIENTED_EDGE('',*,*,#7072,.T.);
#7075=ORIENTED_EDGE('',*,*,#7074,.T.);
#7077=ORIENTED_EDGE('',*,*,#7076,.F.);
#7079=ORIENTED_EDGE('',*,*,#7078,.F.);
#7081=ORIENTED_EDGE('',*,*,#7080,.T.);
#7083=ORIENTED_EDGE('',*,*,#7082,.T.);
#7085=ORIENTED_EDGE('',*,*,#7084,.F.);
#7087=ORIENTED_EDGE('',*,*,#7086,.F.);
#7089=ORIENTED_EDGE('',*,*,#7088,.T.);
#7091=ORIENTED_EDGE('',*,*,#7090,.T.);
#7093=ORIENTED_EDGE('',*,*,#7092,.F.);
#7095=ORIENTED_EDGE('',*,*,#7094,.F.);
#7097=ORIENTED_EDGE('',*,*,#7096,.T.);
#7099=ORIENTED_EDGE('',*,*,#7098,.T.);
#7101=ORIENTED_EDGE('',*,*,#7100,.F.);
#7103=ORIENTED_EDGE('',*,*,#7102,.F.);
#7105=ORIENTED_EDGE('',*,*,#7104,.T.);
#7107=ORIENTED_EDGE('',*,*,#7106,.T.);
#7109=ORIENTED_EDGE('',*,*,#7108,.F.);
#7111=ORIENTED_EDGE('',*,*,#7110,.F.);
#7113=ORIENTED_EDGE('',*,*,#7112,.T.);
#7115=ORIENTED_EDGE('',*,*,#7114,.F.);
#7117=ORIENTED_EDGE('',*,*,#7116,.F.);
#7118=EDGE_LOOP('',(#7032,#7034,#7036,#7038,#7040,#7041,#7043,#7045,#7047,#7049,
#7051,#7053,#7055,#7057,#7059,#7061,#7063,#7065,#7067,#7069,#7071,#7073,#7075,
#7077,#7079,#7081,#7083,#7085,#7087,#7089,#7091,#7093,#7095,#7097,#7099,#7101,
#7103,#7105,#7107,#7109,#7111,#7113,#7115,#7117));
#7119=FACE_OUTER_BOUND('',#7118,.F.);
#7121=CARTESIAN_POINT('',(0.E0,7.5E-2,0.E0));
#7122=DIRECTION('',(0.E0,1.E0,0.E0));
#7123=DIRECTION('',(1.E0,0.E0,0.E0));
#7124=AXIS2_PLACEMENT_3D('',#7121,#7122,#7123);
#7125=PLANE('',#7124);
#7127=ORIENTED_EDGE('',*,*,#7126,.T.);
#7129=ORIENTED_EDGE('',*,*,#7128,.F.);
#7131=ORIENTED_EDGE('',*,*,#7130,.T.);
#7132=ORIENTED_EDGE('',*,*,#6851,.T.);
#7133=ORIENTED_EDGE('',*,*,#7015,.F.);
#7134=ORIENTED_EDGE('',*,*,#7039,.T.);
#7135=EDGE_LOOP('',(#7127,#7129,#7131,#7132,#7133,#7134));
#7136=FACE_OUTER_BOUND('',#7135,.F.);
#7138=CARTESIAN_POINT('',(0.E0,7.5E-2,0.E0));
#7139=DIRECTION('',(0.E0,1.E0,0.E0));
#7140=DIRECTION('',(1.E0,0.E0,0.E0));
#7141=AXIS2_PLACEMENT_3D('',#7138,#7139,#7140);
#7142=PLANE('',#7141);
#7144=ORIENTED_EDGE('',*,*,#7143,.T.);
#7146=ORIENTED_EDGE('',*,*,#7145,.T.);
#7148=ORIENTED_EDGE('',*,*,#7147,.T.);
#7150=ORIENTED_EDGE('',*,*,#7149,.F.);
#7151=EDGE_LOOP('',(#7144,#7146,#7148,#7150));
#7152=FACE_OUTER_BOUND('',#7151,.F.);
#7154=CARTESIAN_POINT('',(0.E0,7.5E-2,0.E0));
#7155=DIRECTION('',(0.E0,1.E0,0.E0));
#7156=DIRECTION('',(1.E0,0.E0,0.E0));
#7157=AXIS2_PLACEMENT_3D('',#7154,#7155,#7156);
#7158=PLANE('',#7157);
#7160=ORIENTED_EDGE('',*,*,#7159,.T.);
#7162=ORIENTED_EDGE('',*,*,#7161,.T.);
#7164=ORIENTED_EDGE('',*,*,#7163,.T.);
#7166=ORIENTED_EDGE('',*,*,#7165,.T.);
#7167=EDGE_LOOP('',(#7160,#7162,#7164,#7166));
#7168=FACE_OUTER_BOUND('',#7167,.F.);
#7170=CARTESIAN_POINT('',(0.E0,7.5E-2,0.E0));
#7171=DIRECTION('',(0.E0,1.E0,0.E0));
#7172=DIRECTION('',(1.E0,0.E0,0.E0));
#7173=AXIS2_PLACEMENT_3D('',#7170,#7171,#7172);
#7174=PLANE('',#7173);
#7176=ORIENTED_EDGE('',*,*,#7175,.T.);
#7178=ORIENTED_EDGE('',*,*,#7177,.T.);
#7180=ORIENTED_EDGE('',*,*,#7179,.T.);
#7182=ORIENTED_EDGE('',*,*,#7181,.T.);
#7183=EDGE_LOOP('',(#7176,#7178,#7180,#7182));
#7184=FACE_OUTER_BOUND('',#7183,.F.);
#7186=CARTESIAN_POINT('',(0.E0,7.5E-2,0.E0));
#7187=DIRECTION('',(0.E0,1.E0,0.E0));
#7188=DIRECTION('',(1.E0,0.E0,0.E0));
#7189=AXIS2_PLACEMENT_3D('',#7186,#7187,#7188);
#7190=PLANE('',#7189);
#7192=ORIENTED_EDGE('',*,*,#7191,.T.);
#7194=ORIENTED_EDGE('',*,*,#7193,.T.);
#7196=ORIENTED_EDGE('',*,*,#7195,.T.);
#7198=ORIENTED_EDGE('',*,*,#7197,.T.);
#7199=EDGE_LOOP('',(#7192,#7194,#7196,#7198));
#7200=FACE_OUTER_BOUND('',#7199,.F.);
#7202=CARTESIAN_POINT('',(0.E0,7.5E-2,0.E0));
#7203=DIRECTION('',(0.E0,1.E0,0.E0));
#7204=DIRECTION('',(1.E0,0.E0,0.E0));
#7205=AXIS2_PLACEMENT_3D('',#7202,#7203,#7204);
#7206=PLANE('',#7205);
#7208=ORIENTED_EDGE('',*,*,#7207,.T.);
#7210=ORIENTED_EDGE('',*,*,#7209,.T.);
#7212=ORIENTED_EDGE('',*,*,#7211,.T.);
#7214=ORIENTED_EDGE('',*,*,#7213,.T.);
#7215=EDGE_LOOP('',(#7208,#7210,#7212,#7214));
#7216=FACE_OUTER_BOUND('',#7215,.F.);
#7218=CARTESIAN_POINT('',(0.E0,7.5E-2,0.E0));
#7219=DIRECTION('',(0.E0,1.E0,0.E0));
#7220=DIRECTION('',(1.E0,0.E0,0.E0));
#7221=AXIS2_PLACEMENT_3D('',#7218,#7219,#7220);
#7222=PLANE('',#7221);
#7224=ORIENTED_EDGE('',*,*,#7223,.T.);
#7226=ORIENTED_EDGE('',*,*,#7225,.T.);
#7228=ORIENTED_EDGE('',*,*,#7227,.T.);
#7230=ORIENTED_EDGE('',*,*,#7229,.T.);
#7231=EDGE_LOOP('',(#7224,#7226,#7228,#7230));
#7232=FACE_OUTER_BOUND('',#7231,.F.);
#7234=CARTESIAN_POINT('',(0.E0,7.5E-2,0.E0));
#7235=DIRECTION('',(0.E0,1.E0,0.E0));
#7236=DIRECTION('',(1.E0,0.E0,0.E0));
#7237=AXIS2_PLACEMENT_3D('',#7234,#7235,#7236);
#7238=PLANE('',#7237);
#7240=ORIENTED_EDGE('',*,*,#7239,.T.);
#7242=ORIENTED_EDGE('',*,*,#7241,.T.);
#7244=ORIENTED_EDGE('',*,*,#7243,.T.);
#7246=ORIENTED_EDGE('',*,*,#7245,.T.);
#7247=EDGE_LOOP('',(#7240,#7242,#7244,#7246));
#7248=FACE_OUTER_BOUND('',#7247,.F.);
#7250=CARTESIAN_POINT('',(0.E0,7.5E-2,0.E0));
#7251=DIRECTION('',(0.E0,1.E0,0.E0));
#7252=DIRECTION('',(1.E0,0.E0,0.E0));
#7253=AXIS2_PLACEMENT_3D('',#7250,#7251,#7252);
#7254=PLANE('',#7253);
#7256=ORIENTED_EDGE('',*,*,#7255,.T.);
#7258=ORIENTED_EDGE('',*,*,#7257,.T.);
#7260=ORIENTED_EDGE('',*,*,#7259,.T.);
#7262=ORIENTED_EDGE('',*,*,#7261,.T.);
#7263=EDGE_LOOP('',(#7256,#7258,#7260,#7262));
#7264=FACE_OUTER_BOUND('',#7263,.F.);
#7266=CARTESIAN_POINT('',(0.E0,7.5E-2,0.E0));
#7267=DIRECTION('',(0.E0,1.E0,0.E0));
#7268=DIRECTION('',(1.E0,0.E0,0.E0));
#7269=AXIS2_PLACEMENT_3D('',#7266,#7267,#7268);
#7270=PLANE('',#7269);
#7272=ORIENTED_EDGE('',*,*,#7271,.T.);
#7274=ORIENTED_EDGE('',*,*,#7273,.T.);
#7276=ORIENTED_EDGE('',*,*,#7275,.T.);
#7278=ORIENTED_EDGE('',*,*,#7277,.T.);
#7279=EDGE_LOOP('',(#7272,#7274,#7276,#7278));
#7280=FACE_OUTER_BOUND('',#7279,.F.);
#7282=CARTESIAN_POINT('',(0.E0,7.5E-2,0.E0));
#7283=DIRECTION('',(0.E0,1.E0,0.E0));
#7284=DIRECTION('',(1.E0,0.E0,0.E0));
#7285=AXIS2_PLACEMENT_3D('',#7282,#7283,#7284);
#7286=PLANE('',#7285);
#7288=ORIENTED_EDGE('',*,*,#7287,.T.);
#7290=ORIENTED_EDGE('',*,*,#7289,.T.);
#7292=ORIENTED_EDGE('',*,*,#7291,.T.);
#7294=ORIENTED_EDGE('',*,*,#7293,.T.);
#7296=ORIENTED_EDGE('',*,*,#7295,.T.);
#7298=ORIENTED_EDGE('',*,*,#7297,.T.);
#7299=EDGE_LOOP('',(#7288,#7290,#7292,#7294,#7296,#7298));
#7300=FACE_OUTER_BOUND('',#7299,.F.);
#7302=CARTESIAN_POINT('',(0.E0,7.5E-2,0.E0));
#7303=DIRECTION('',(0.E0,1.E0,0.E0));
#7304=DIRECTION('',(1.E0,0.E0,0.E0));
#7305=AXIS2_PLACEMENT_3D('',#7302,#7303,#7304);
#7306=PLANE('',#7305);
#7308=ORIENTED_EDGE('',*,*,#7307,.T.);
#7310=ORIENTED_EDGE('',*,*,#7309,.T.);
#7312=ORIENTED_EDGE('',*,*,#7311,.T.);
#7314=ORIENTED_EDGE('',*,*,#7313,.T.);
#7315=EDGE_LOOP('',(#7308,#7310,#7312,#7314));
#7316=FACE_OUTER_BOUND('',#7315,.F.);
#7318=CARTESIAN_POINT('',(0.E0,7.5E-2,0.E0));
#7319=DIRECTION('',(0.E0,1.E0,0.E0));
#7320=DIRECTION('',(1.E0,0.E0,0.E0));
#7321=AXIS2_PLACEMENT_3D('',#7318,#7319,#7320);
#7322=PLANE('',#7321);
#7324=ORIENTED_EDGE('',*,*,#7323,.T.);
#7326=ORIENTED_EDGE('',*,*,#7325,.T.);
#7328=ORIENTED_EDGE('',*,*,#7327,.T.);
#7330=ORIENTED_EDGE('',*,*,#7329,.T.);
#7331=EDGE_LOOP('',(#7324,#7326,#7328,#7330));
#7332=FACE_OUTER_BOUND('',#7331,.F.);
#7334=CARTESIAN_POINT('',(0.E0,7.5E-2,0.E0));
#7335=DIRECTION('',(0.E0,1.E0,0.E0));
#7336=DIRECTION('',(1.E0,0.E0,0.E0));
#7337=AXIS2_PLACEMENT_3D('',#7334,#7335,#7336);
#7338=PLANE('',#7337);
#7340=ORIENTED_EDGE('',*,*,#7339,.T.);
#7342=ORIENTED_EDGE('',*,*,#7341,.T.);
#7344=ORIENTED_EDGE('',*,*,#7343,.T.);
#7346=ORIENTED_EDGE('',*,*,#7345,.T.);
#7347=EDGE_LOOP('',(#7340,#7342,#7344,#7346));
#7348=FACE_OUTER_BOUND('',#7347,.F.);
#7350=CARTESIAN_POINT('',(0.E0,7.5E-2,0.E0));
#7351=DIRECTION('',(0.E0,1.E0,0.E0));
#7352=DIRECTION('',(1.E0,0.E0,0.E0));
#7353=AXIS2_PLACEMENT_3D('',#7350,#7351,#7352);
#7354=PLANE('',#7353);
#7356=ORIENTED_EDGE('',*,*,#7355,.T.);
#7358=ORIENTED_EDGE('',*,*,#7357,.T.);
#7360=ORIENTED_EDGE('',*,*,#7359,.T.);
#7362=ORIENTED_EDGE('',*,*,#7361,.T.);
#7363=EDGE_LOOP('',(#7356,#7358,#7360,#7362));
#7364=FACE_OUTER_BOUND('',#7363,.F.);
#7366=CARTESIAN_POINT('',(0.E0,7.5E-2,0.E0));
#7367=DIRECTION('',(0.E0,1.E0,0.E0));
#7368=DIRECTION('',(1.E0,0.E0,0.E0));
#7369=AXIS2_PLACEMENT_3D('',#7366,#7367,#7368);
#7370=PLANE('',#7369);
#7372=ORIENTED_EDGE('',*,*,#7371,.T.);
#7374=ORIENTED_EDGE('',*,*,#7373,.T.);
#7376=ORIENTED_EDGE('',*,*,#7375,.T.);
#7378=ORIENTED_EDGE('',*,*,#7377,.T.);
#7379=EDGE_LOOP('',(#7372,#7374,#7376,#7378));
#7380=FACE_OUTER_BOUND('',#7379,.F.);
#7382=CARTESIAN_POINT('',(0.E0,7.5E-2,0.E0));
#7383=DIRECTION('',(0.E0,1.E0,0.E0));
#7384=DIRECTION('',(1.E0,0.E0,0.E0));
#7385=AXIS2_PLACEMENT_3D('',#7382,#7383,#7384);
#7386=PLANE('',#7385);
#7388=ORIENTED_EDGE('',*,*,#7387,.T.);
#7390=ORIENTED_EDGE('',*,*,#7389,.T.);
#7392=ORIENTED_EDGE('',*,*,#7391,.T.);
#7394=ORIENTED_EDGE('',*,*,#7393,.T.);
#7395=EDGE_LOOP('',(#7388,#7390,#7392,#7394));
#7396=FACE_OUTER_BOUND('',#7395,.F.);
#7398=CARTESIAN_POINT('',(0.E0,7.5E-2,0.E0));
#7399=DIRECTION('',(0.E0,1.E0,0.E0));
#7400=DIRECTION('',(1.E0,0.E0,0.E0));
#7401=AXIS2_PLACEMENT_3D('',#7398,#7399,#7400);
#7402=PLANE('',#7401);
#7404=ORIENTED_EDGE('',*,*,#7403,.T.);
#7406=ORIENTED_EDGE('',*,*,#7405,.T.);
#7408=ORIENTED_EDGE('',*,*,#7407,.T.);
#7410=ORIENTED_EDGE('',*,*,#7409,.T.);
#7411=EDGE_LOOP('',(#7404,#7406,#7408,#7410));
#7412=FACE_OUTER_BOUND('',#7411,.F.);
#7414=CARTESIAN_POINT('',(0.E0,7.5E-2,0.E0));
#7415=DIRECTION('',(0.E0,1.E0,0.E0));
#7416=DIRECTION('',(1.E0,0.E0,0.E0));
#7417=AXIS2_PLACEMENT_3D('',#7414,#7415,#7416);
#7418=PLANE('',#7417);
#7420=ORIENTED_EDGE('',*,*,#7419,.T.);
#7422=ORIENTED_EDGE('',*,*,#7421,.T.);
#7424=ORIENTED_EDGE('',*,*,#7423,.T.);
#7426=ORIENTED_EDGE('',*,*,#7425,.T.);
#7427=EDGE_LOOP('',(#7420,#7422,#7424,#7426));
#7428=FACE_OUTER_BOUND('',#7427,.F.);
#7430=CARTESIAN_POINT('',(0.E0,7.5E-2,0.E0));
#7431=DIRECTION('',(0.E0,1.E0,0.E0));
#7432=DIRECTION('',(1.E0,0.E0,0.E0));
#7433=AXIS2_PLACEMENT_3D('',#7430,#7431,#7432);
#7434=PLANE('',#7433);
#7436=ORIENTED_EDGE('',*,*,#7435,.T.);
#7438=ORIENTED_EDGE('',*,*,#7437,.F.);
#7440=ORIENTED_EDGE('',*,*,#7439,.T.);
#7442=ORIENTED_EDGE('',*,*,#7441,.T.);
#7443=EDGE_LOOP('',(#7436,#7438,#7440,#7442));
#7444=FACE_OUTER_BOUND('',#7443,.F.);
#7446=CARTESIAN_POINT('',(0.E0,7.5E-2,0.E0));
#7447=DIRECTION('',(0.E0,1.E0,0.E0));
#7448=DIRECTION('',(1.E0,0.E0,0.E0));
#7449=AXIS2_PLACEMENT_3D('',#7446,#7447,#7448);
#7450=PLANE('',#7449);
#7452=ORIENTED_EDGE('',*,*,#7451,.T.);
#7454=ORIENTED_EDGE('',*,*,#7453,.T.);
#7456=ORIENTED_EDGE('',*,*,#7455,.F.);
#7458=ORIENTED_EDGE('',*,*,#7457,.T.);
#7460=ORIENTED_EDGE('',*,*,#7459,.T.);
#7462=ORIENTED_EDGE('',*,*,#7461,.F.);
#7463=EDGE_LOOP('',(#7452,#7454,#7456,#7458,#7460,#7462));
#7464=FACE_OUTER_BOUND('',#7463,.F.);
#7466=CARTESIAN_POINT('',(0.E0,7.5E-2,0.E0));
#7467=DIRECTION('',(0.E0,1.E0,0.E0));
#7468=DIRECTION('',(1.E0,0.E0,0.E0));
#7469=AXIS2_PLACEMENT_3D('',#7466,#7467,#7468);
#7470=PLANE('',#7469);
#7472=ORIENTED_EDGE('',*,*,#7471,.T.);
#7474=ORIENTED_EDGE('',*,*,#7473,.F.);
#7476=ORIENTED_EDGE('',*,*,#7475,.T.);
#7478=ORIENTED_EDGE('',*,*,#7477,.F.);
#7479=EDGE_LOOP('',(#7472,#7474,#7476,#7478));
#7480=FACE_OUTER_BOUND('',#7479,.F.);
#7482=CARTESIAN_POINT('',(0.E0,7.5E-2,0.E0));
#7483=DIRECTION('',(0.E0,1.E0,0.E0));
#7484=DIRECTION('',(1.E0,0.E0,0.E0));
#7485=AXIS2_PLACEMENT_3D('',#7482,#7483,#7484);
#7486=PLANE('',#7485);
#7488=ORIENTED_EDGE('',*,*,#7487,.T.);
#7490=ORIENTED_EDGE('',*,*,#7489,.F.);
#7492=ORIENTED_EDGE('',*,*,#7491,.T.);
#7494=ORIENTED_EDGE('',*,*,#7493,.F.);
#7495=EDGE_LOOP('',(#7488,#7490,#7492,#7494));
#7496=FACE_OUTER_BOUND('',#7495,.F.);
#7498=CARTESIAN_POINT('',(0.E0,7.5E-2,0.E0));
#7499=DIRECTION('',(0.E0,1.E0,0.E0));
#7500=DIRECTION('',(1.E0,0.E0,0.E0));
#7501=AXIS2_PLACEMENT_3D('',#7498,#7499,#7500);
#7502=PLANE('',#7501);
#7504=ORIENTED_EDGE('',*,*,#7503,.T.);
#7506=ORIENTED_EDGE('',*,*,#7505,.F.);
#7508=ORIENTED_EDGE('',*,*,#7507,.T.);
#7510=ORIENTED_EDGE('',*,*,#7509,.F.);
#7511=EDGE_LOOP('',(#7504,#7506,#7508,#7510));
#7512=FACE_OUTER_BOUND('',#7511,.F.);
#7514=CARTESIAN_POINT('',(0.E0,7.5E-2,0.E0));
#7515=DIRECTION('',(0.E0,1.E0,0.E0));
#7516=DIRECTION('',(1.E0,0.E0,0.E0));
#7517=AXIS2_PLACEMENT_3D('',#7514,#7515,#7516);
#7518=PLANE('',#7517);
#7520=ORIENTED_EDGE('',*,*,#7519,.T.);
#7522=ORIENTED_EDGE('',*,*,#7521,.F.);
#7524=ORIENTED_EDGE('',*,*,#7523,.T.);
#7526=ORIENTED_EDGE('',*,*,#7525,.F.);
#7527=EDGE_LOOP('',(#7520,#7522,#7524,#7526));
#7528=FACE_OUTER_BOUND('',#7527,.F.);
#7530=CARTESIAN_POINT('',(0.E0,7.5E-2,0.E0));
#7531=DIRECTION('',(0.E0,1.E0,0.E0));
#7532=DIRECTION('',(1.E0,0.E0,0.E0));
#7533=AXIS2_PLACEMENT_3D('',#7530,#7531,#7532);
#7534=PLANE('',#7533);
#7536=ORIENTED_EDGE('',*,*,#7535,.T.);
#7538=ORIENTED_EDGE('',*,*,#7537,.F.);
#7540=ORIENTED_EDGE('',*,*,#7539,.T.);
#7542=ORIENTED_EDGE('',*,*,#7541,.F.);
#7543=EDGE_LOOP('',(#7536,#7538,#7540,#7542));
#7544=FACE_OUTER_BOUND('',#7543,.F.);
#7546=CARTESIAN_POINT('',(0.E0,7.5E-2,0.E0));
#7547=DIRECTION('',(0.E0,1.E0,0.E0));
#7548=DIRECTION('',(1.E0,0.E0,0.E0));
#7549=AXIS2_PLACEMENT_3D('',#7546,#7547,#7548);
#7550=PLANE('',#7549);
#7552=ORIENTED_EDGE('',*,*,#7551,.T.);
#7554=ORIENTED_EDGE('',*,*,#7553,.F.);
#7556=ORIENTED_EDGE('',*,*,#7555,.T.);
#7558=ORIENTED_EDGE('',*,*,#7557,.F.);
#7559=EDGE_LOOP('',(#7552,#7554,#7556,#7558));
#7560=FACE_OUTER_BOUND('',#7559,.F.);
#7562=CARTESIAN_POINT('',(0.E0,7.5E-2,0.E0));
#7563=DIRECTION('',(0.E0,1.E0,0.E0));
#7564=DIRECTION('',(1.E0,0.E0,0.E0));
#7565=AXIS2_PLACEMENT_3D('',#7562,#7563,#7564);
#7566=PLANE('',#7565);
#7568=ORIENTED_EDGE('',*,*,#7567,.T.);
#7570=ORIENTED_EDGE('',*,*,#7569,.F.);
#7572=ORIENTED_EDGE('',*,*,#7571,.T.);
#7574=ORIENTED_EDGE('',*,*,#7573,.F.);
#7575=EDGE_LOOP('',(#7568,#7570,#7572,#7574));
#7576=FACE_OUTER_BOUND('',#7575,.F.);
#7578=CARTESIAN_POINT('',(0.E0,7.5E-2,0.E0));
#7579=DIRECTION('',(0.E0,1.E0,0.E0));
#7580=DIRECTION('',(1.E0,0.E0,0.E0));
#7581=AXIS2_PLACEMENT_3D('',#7578,#7579,#7580);
#7582=PLANE('',#7581);
#7584=ORIENTED_EDGE('',*,*,#7583,.T.);
#7586=ORIENTED_EDGE('',*,*,#7585,.F.);
#7588=ORIENTED_EDGE('',*,*,#7587,.T.);
#7590=ORIENTED_EDGE('',*,*,#7589,.F.);
#7591=EDGE_LOOP('',(#7584,#7586,#7588,#7590));
#7592=FACE_OUTER_BOUND('',#7591,.F.);
#7594=CARTESIAN_POINT('',(0.E0,7.5E-2,0.E0));
#7595=DIRECTION('',(0.E0,1.E0,0.E0));
#7596=DIRECTION('',(1.E0,0.E0,0.E0));
#7597=AXIS2_PLACEMENT_3D('',#7594,#7595,#7596);
#7598=PLANE('',#7597);
#7600=ORIENTED_EDGE('',*,*,#7599,.T.);
#7602=ORIENTED_EDGE('',*,*,#7601,.T.);
#7604=ORIENTED_EDGE('',*,*,#7603,.T.);
#7606=ORIENTED_EDGE('',*,*,#7605,.F.);
#7607=EDGE_LOOP('',(#7600,#7602,#7604,#7606));
#7608=FACE_OUTER_BOUND('',#7607,.F.);
#7610=CARTESIAN_POINT('',(0.E0,7.5E-2,0.E0));
#7611=DIRECTION('',(0.E0,1.E0,0.E0));
#7612=DIRECTION('',(1.E0,0.E0,0.E0));
#7613=AXIS2_PLACEMENT_3D('',#7610,#7611,#7612);
#7614=PLANE('',#7613);
#7616=ORIENTED_EDGE('',*,*,#7615,.T.);
#7617=ORIENTED_EDGE('',*,*,#7031,.T.);
#7619=ORIENTED_EDGE('',*,*,#7618,.T.);
#7620=ORIENTED_EDGE('',*,*,#6998,.T.);
#7622=ORIENTED_EDGE('',*,*,#7621,.T.);
#7624=ORIENTED_EDGE('',*,*,#7623,.T.);
#7625=EDGE_LOOP('',(#7616,#7617,#7619,#7620,#7622,#7624));
#7626=FACE_OUTER_BOUND('',#7625,.F.);
#7628=CARTESIAN_POINT('',(0.E0,7.5E-2,0.E0));
#7629=DIRECTION('',(0.E0,1.E0,0.E0));
#7630=DIRECTION('',(1.E0,0.E0,0.E0));
#7631=AXIS2_PLACEMENT_3D('',#7628,#7629,#7630);
#7632=PLANE('',#7631);
#7633=ORIENTED_EDGE('',*,*,#7110,.T.);
#7635=ORIENTED_EDGE('',*,*,#7634,.F.);
#7636=ORIENTED_EDGE('',*,*,#6986,.T.);
#7638=ORIENTED_EDGE('',*,*,#7637,.T.);
#7639=EDGE_LOOP('',(#7633,#7635,#7636,#7638));
#7640=FACE_OUTER_BOUND('',#7639,.F.);
#7642=CARTESIAN_POINT('',(0.E0,7.5E-2,0.E0));
#7643=DIRECTION('',(0.E0,1.E0,0.E0));
#7644=DIRECTION('',(1.E0,0.E0,0.E0));
#7645=AXIS2_PLACEMENT_3D('',#7642,#7643,#7644);
#7646=PLANE('',#7645);
#7647=ORIENTED_EDGE('',*,*,#7102,.T.);
#7649=ORIENTED_EDGE('',*,*,#7648,.F.);
#7650=ORIENTED_EDGE('',*,*,#6971,.T.);
#7652=ORIENTED_EDGE('',*,*,#7651,.F.);
#7653=EDGE_LOOP('',(#7647,#7649,#7650,#7652));
#7654=FACE_OUTER_BOUND('',#7653,.F.);
#7656=CARTESIAN_POINT('',(0.E0,7.5E-2,0.E0));
#7657=DIRECTION('',(0.E0,1.E0,0.E0));
#7658=DIRECTION('',(1.E0,0.E0,0.E0));
#7659=AXIS2_PLACEMENT_3D('',#7656,#7657,#7658);
#7660=PLANE('',#7659);
#7661=ORIENTED_EDGE('',*,*,#7094,.T.);
#7663=ORIENTED_EDGE('',*,*,#7662,.F.);
#7664=ORIENTED_EDGE('',*,*,#6956,.T.);
#7666=ORIENTED_EDGE('',*,*,#7665,.F.);
#7667=EDGE_LOOP('',(#7661,#7663,#7664,#7666));
#7668=FACE_OUTER_BOUND('',#7667,.F.);
#7670=CARTESIAN_POINT('',(0.E0,7.5E-2,0.E0));
#7671=DIRECTION('',(0.E0,1.E0,0.E0));
#7672=DIRECTION('',(1.E0,0.E0,0.E0));
#7673=AXIS2_PLACEMENT_3D('',#7670,#7671,#7672);
#7674=PLANE('',#7673);
#7675=ORIENTED_EDGE('',*,*,#7086,.T.);
#7677=ORIENTED_EDGE('',*,*,#7676,.F.);
#7678=ORIENTED_EDGE('',*,*,#6941,.T.);
#7680=ORIENTED_EDGE('',*,*,#7679,.F.);
#7681=EDGE_LOOP('',(#7675,#7677,#7678,#7680));
#7682=FACE_OUTER_BOUND('',#7681,.F.);
#7684=CARTESIAN_POINT('',(0.E0,7.5E-2,0.E0));
#7685=DIRECTION('',(0.E0,1.E0,0.E0));
#7686=DIRECTION('',(1.E0,0.E0,0.E0));
#7687=AXIS2_PLACEMENT_3D('',#7684,#7685,#7686);
#7688=PLANE('',#7687);
#7689=ORIENTED_EDGE('',*,*,#7078,.T.);
#7691=ORIENTED_EDGE('',*,*,#7690,.F.);
#7692=ORIENTED_EDGE('',*,*,#6926,.T.);
#7694=ORIENTED_EDGE('',*,*,#7693,.F.);
#7695=EDGE_LOOP('',(#7689,#7691,#7692,#7694));
#7696=FACE_OUTER_BOUND('',#7695,.F.);
#7698=CARTESIAN_POINT('',(0.E0,7.5E-2,0.E0));
#7699=DIRECTION('',(0.E0,1.E0,0.E0));
#7700=DIRECTION('',(1.E0,0.E0,0.E0));
#7701=AXIS2_PLACEMENT_3D('',#7698,#7699,#7700);
#7702=PLANE('',#7701);
#7703=ORIENTED_EDGE('',*,*,#7070,.T.);
#7705=ORIENTED_EDGE('',*,*,#7704,.F.);
#7706=ORIENTED_EDGE('',*,*,#6911,.T.);
#7708=ORIENTED_EDGE('',*,*,#7707,.F.);
#7709=EDGE_LOOP('',(#7703,#7705,#7706,#7708));
#7710=FACE_OUTER_BOUND('',#7709,.F.);
#7712=CARTESIAN_POINT('',(0.E0,7.5E-2,0.E0));
#7713=DIRECTION('',(0.E0,1.E0,0.E0));
#7714=DIRECTION('',(1.E0,0.E0,0.E0));
#7715=AXIS2_PLACEMENT_3D('',#7712,#7713,#7714);
#7716=PLANE('',#7715);
#7717=ORIENTED_EDGE('',*,*,#7062,.T.);
#7719=ORIENTED_EDGE('',*,*,#7718,.F.);
#7720=ORIENTED_EDGE('',*,*,#6896,.T.);
#7722=ORIENTED_EDGE('',*,*,#7721,.F.);
#7723=EDGE_LOOP('',(#7717,#7719,#7720,#7722));
#7724=FACE_OUTER_BOUND('',#7723,.F.);
#7726=CARTESIAN_POINT('',(0.E0,7.5E-2,0.E0));
#7727=DIRECTION('',(0.E0,1.E0,0.E0));
#7728=DIRECTION('',(1.E0,0.E0,0.E0));
#7729=AXIS2_PLACEMENT_3D('',#7726,#7727,#7728);
#7730=PLANE('',#7729);
#7731=ORIENTED_EDGE('',*,*,#7054,.T.);
#7733=ORIENTED_EDGE('',*,*,#7732,.F.);
#7734=ORIENTED_EDGE('',*,*,#6881,.T.);
#7736=ORIENTED_EDGE('',*,*,#7735,.F.);
#7737=EDGE_LOOP('',(#7731,#7733,#7734,#7736));
#7738=FACE_OUTER_BOUND('',#7737,.F.);
#7740=CARTESIAN_POINT('',(0.E0,7.5E-2,0.E0));
#7741=DIRECTION('',(0.E0,1.E0,0.E0));
#7742=DIRECTION('',(1.E0,0.E0,0.E0));
#7743=AXIS2_PLACEMENT_3D('',#7740,#7741,#7742);
#7744=PLANE('',#7743);
#7745=ORIENTED_EDGE('',*,*,#7046,.T.);
#7747=ORIENTED_EDGE('',*,*,#7746,.F.);
#7748=ORIENTED_EDGE('',*,*,#6866,.T.);
#7750=ORIENTED_EDGE('',*,*,#7749,.F.);
#7751=EDGE_LOOP('',(#7745,#7747,#7748,#7750));
#7752=FACE_OUTER_BOUND('',#7751,.F.);
#7754=CARTESIAN_POINT('',(-2.5E0,0.E0,-2.5E0));
#7755=DIRECTION('',(-1.E0,0.E0,0.E0));
#7756=DIRECTION('',(0.E0,0.E0,1.E0));
#7757=AXIS2_PLACEMENT_3D('',#7754,#7755,#7756);
#7758=PLANE('',#7757);
#7759=ORIENTED_EDGE('',*,*,#7126,.F.);
#7760=ORIENTED_EDGE('',*,*,#7037,.T.);
#7762=ORIENTED_EDGE('',*,*,#7761,.T.);
#7764=ORIENTED_EDGE('',*,*,#7763,.F.);
#7765=ORIENTED_EDGE('',*,*,#7287,.F.);
#7767=ORIENTED_EDGE('',*,*,#7766,.T.);
#7769=ORIENTED_EDGE('',*,*,#7768,.T.);
#7771=ORIENTED_EDGE('',*,*,#7770,.F.);
#7772=ORIENTED_EDGE('',*,*,#7271,.F.);
#7774=ORIENTED_EDGE('',*,*,#7773,.T.);
#7776=ORIENTED_EDGE('',*,*,#7775,.T.);
#7778=ORIENTED_EDGE('',*,*,#7777,.F.);
#7779=ORIENTED_EDGE('',*,*,#7255,.F.);
#7781=ORIENTED_EDGE('',*,*,#7780,.T.);
#7783=ORIENTED_EDGE('',*,*,#7782,.T.);
#7785=ORIENTED_EDGE('',*,*,#7784,.F.);
#7786=ORIENTED_EDGE('',*,*,#7239,.F.);
#7788=ORIENTED_EDGE('',*,*,#7787,.T.);
#7790=ORIENTED_EDGE('',*,*,#7789,.T.);
#7792=ORIENTED_EDGE('',*,*,#7791,.F.);
#7793=ORIENTED_EDGE('',*,*,#7223,.F.);
#7795=ORIENTED_EDGE('',*,*,#7794,.T.);
#7797=ORIENTED_EDGE('',*,*,#7796,.T.);
#7799=ORIENTED_EDGE('',*,*,#7798,.F.);
#7800=ORIENTED_EDGE('',*,*,#7207,.F.);
#7802=ORIENTED_EDGE('',*,*,#7801,.T.);
#7804=ORIENTED_EDGE('',*,*,#7803,.T.);
#7806=ORIENTED_EDGE('',*,*,#7805,.F.);
#7807=ORIENTED_EDGE('',*,*,#7191,.F.);
#7809=ORIENTED_EDGE('',*,*,#7808,.T.);
#7811=ORIENTED_EDGE('',*,*,#7810,.T.);
#7813=ORIENTED_EDGE('',*,*,#7812,.F.);
#7814=ORIENTED_EDGE('',*,*,#7175,.F.);
#7816=ORIENTED_EDGE('',*,*,#7815,.T.);
#7818=ORIENTED_EDGE('',*,*,#7817,.T.);
#7820=ORIENTED_EDGE('',*,*,#7819,.F.);
#7821=ORIENTED_EDGE('',*,*,#7159,.F.);
#7823=ORIENTED_EDGE('',*,*,#7822,.T.);
#7825=ORIENTED_EDGE('',*,*,#7824,.T.);
#7827=ORIENTED_EDGE('',*,*,#7826,.F.);
#7828=ORIENTED_EDGE('',*,*,#7143,.F.);
#7830=ORIENTED_EDGE('',*,*,#7829,.T.);
#7832=ORIENTED_EDGE('',*,*,#7831,.F.);
#7834=ORIENTED_EDGE('',*,*,#7833,.F.);
#7835=EDGE_LOOP('',(#7759,#7760,#7762,#7764,#7765,#7767,#7769,#7771,#7772,#7774,
#7776,#7778,#7779,#7781,#7783,#7785,#7786,#7788,#7790,#7792,#7793,#7795,#7797,
#7799,#7800,#7802,#7804,#7806,#7807,#7809,#7811,#7813,#7814,#7816,#7818,#7820,
#7821,#7823,#7825,#7827,#7828,#7830,#7832,#7834));
#7836=FACE_OUTER_BOUND('',#7835,.F.);
#7838=CARTESIAN_POINT('',(0.E0,9.75E-1,0.E0));
#7839=DIRECTION('',(0.E0,1.E0,0.E0));
#7840=DIRECTION('',(1.E0,0.E0,0.E0));
#7841=AXIS2_PLACEMENT_3D('',#7838,#7839,#7840);
#7842=PLANE('',#7841);
#7843=ORIENTED_EDGE('',*,*,#7761,.F.);
#7844=ORIENTED_EDGE('',*,*,#7035,.F.);
#7846=ORIENTED_EDGE('',*,*,#7845,.F.);
#7848=ORIENTED_EDGE('',*,*,#7847,.F.);
#7849=EDGE_LOOP('',(#7843,#7844,#7846,#7848));
#7850=FACE_OUTER_BOUND('',#7849,.F.);
#7852=CARTESIAN_POINT('',(2.5E0,0.E0,2.5E0));
#7853=DIRECTION('',(1.E0,0.E0,0.E0));
#7854=DIRECTION('',(0.E0,0.E0,-1.E0));
#7855=AXIS2_PLACEMENT_3D('',#7852,#7853,#7854);
#7856=PLANE('',#7855);
#7857=ORIENTED_EDGE('',*,*,#7453,.F.);
#7859=ORIENTED_EDGE('',*,*,#7858,.T.);
#7860=ORIENTED_EDGE('',*,*,#7845,.T.);
#7861=ORIENTED_EDGE('',*,*,#7033,.F.);
#7862=ORIENTED_EDGE('',*,*,#7615,.F.);
#7864=ORIENTED_EDGE('',*,*,#7863,.T.);
#7866=ORIENTED_EDGE('',*,*,#7865,.T.);
#7868=ORIENTED_EDGE('',*,*,#7867,.F.);
#7869=ORIENTED_EDGE('',*,*,#7599,.F.);
#7871=ORIENTED_EDGE('',*,*,#7870,.T.);
#7873=ORIENTED_EDGE('',*,*,#7872,.F.);
#7875=ORIENTED_EDGE('',*,*,#7874,.F.);
#7876=ORIENTED_EDGE('',*,*,#7583,.F.);
#7878=ORIENTED_EDGE('',*,*,#7877,.T.);
#7880=ORIENTED_EDGE('',*,*,#7879,.F.);
#7882=ORIENTED_EDGE('',*,*,#7881,.F.);
#7883=ORIENTED_EDGE('',*,*,#7567,.F.);
#7885=ORIENTED_EDGE('',*,*,#7884,.T.);
#7887=ORIENTED_EDGE('',*,*,#7886,.F.);
#7889=ORIENTED_EDGE('',*,*,#7888,.F.);
#7890=ORIENTED_EDGE('',*,*,#7551,.F.);
#7892=ORIENTED_EDGE('',*,*,#7891,.T.);
#7894=ORIENTED_EDGE('',*,*,#7893,.F.);
#7896=ORIENTED_EDGE('',*,*,#7895,.F.);
#7897=ORIENTED_EDGE('',*,*,#7535,.F.);
#7899=ORIENTED_EDGE('',*,*,#7898,.T.);
#7901=ORIENTED_EDGE('',*,*,#7900,.F.);
#7903=ORIENTED_EDGE('',*,*,#7902,.F.);
#7904=ORIENTED_EDGE('',*,*,#7519,.F.);
#7906=ORIENTED_EDGE('',*,*,#7905,.T.);
#7908=ORIENTED_EDGE('',*,*,#7907,.F.);
#7910=ORIENTED_EDGE('',*,*,#7909,.F.);
#7911=ORIENTED_EDGE('',*,*,#7503,.F.);
#7913=ORIENTED_EDGE('',*,*,#7912,.T.);
#7915=ORIENTED_EDGE('',*,*,#7914,.F.);
#7917=ORIENTED_EDGE('',*,*,#7916,.F.);
#7918=ORIENTED_EDGE('',*,*,#7487,.F.);
#7920=ORIENTED_EDGE('',*,*,#7919,.T.);
#7922=ORIENTED_EDGE('',*,*,#7921,.F.);
#7924=ORIENTED_EDGE('',*,*,#7923,.F.);
#7925=ORIENTED_EDGE('',*,*,#7471,.F.);
#7927=ORIENTED_EDGE('',*,*,#7926,.T.);
#7929=ORIENTED_EDGE('',*,*,#7928,.F.);
#7931=ORIENTED_EDGE('',*,*,#7930,.F.);
#7932=EDGE_LOOP('',(#7857,#7859,#7860,#7861,#7862,#7864,#7866,#7868,#7869,#7871,
#7873,#7875,#7876,#7878,#7880,#7882,#7883,#7885,#7887,#7889,#7890,#7892,#7894,
#7896,#7897,#7899,#7901,#7903,#7904,#7906,#7908,#7910,#7911,#7913,#7915,#7917,
#7918,#7920,#7922,#7924,#7925,#7927,#7929,#7931));
#7933=FACE_OUTER_BOUND('',#7932,.F.);
#7935=CARTESIAN_POINT('',(-2.5E0,0.E0,2.5E0));
#7936=DIRECTION('',(0.E0,0.E0,1.E0));
#7937=DIRECTION('',(1.E0,0.E0,0.E0));
#7938=AXIS2_PLACEMENT_3D('',#7935,#7936,#7937);
#7939=PLANE('',#7938);
#7940=ORIENTED_EDGE('',*,*,#7289,.F.);
#7941=ORIENTED_EDGE('',*,*,#7763,.T.);
#7942=ORIENTED_EDGE('',*,*,#7847,.T.);
#7943=ORIENTED_EDGE('',*,*,#7858,.F.);
#7944=ORIENTED_EDGE('',*,*,#7451,.F.);
#7946=ORIENTED_EDGE('',*,*,#7945,.T.);
#7948=ORIENTED_EDGE('',*,*,#7947,.T.);
#7950=ORIENTED_EDGE('',*,*,#7949,.F.);
#7951=ORIENTED_EDGE('',*,*,#7435,.F.);
#7953=ORIENTED_EDGE('',*,*,#7952,.T.);
#7955=ORIENTED_EDGE('',*,*,#7954,.F.);
#7957=ORIENTED_EDGE('',*,*,#7956,.F.);
#7958=ORIENTED_EDGE('',*,*,#7419,.F.);
#7960=ORIENTED_EDGE('',*,*,#7959,.T.);
#7962=ORIENTED_EDGE('',*,*,#7961,.F.);
#7964=ORIENTED_EDGE('',*,*,#7963,.F.);
#7965=ORIENTED_EDGE('',*,*,#7403,.F.);
#7967=ORIENTED_EDGE('',*,*,#7966,.T.);
#7969=ORIENTED_EDGE('',*,*,#7968,.F.);
#7971=ORIENTED_EDGE('',*,*,#7970,.F.);
#7972=ORIENTED_EDGE('',*,*,#7387,.F.);
#7974=ORIENTED_EDGE('',*,*,#7973,.T.);
#7976=ORIENTED_EDGE('',*,*,#7975,.F.);
#7978=ORIENTED_EDGE('',*,*,#7977,.F.);
#7979=ORIENTED_EDGE('',*,*,#7371,.F.);
#7981=ORIENTED_EDGE('',*,*,#7980,.T.);
#7983=ORIENTED_EDGE('',*,*,#7982,.F.);
#7985=ORIENTED_EDGE('',*,*,#7984,.F.);
#7986=ORIENTED_EDGE('',*,*,#7355,.F.);
#7988=ORIENTED_EDGE('',*,*,#7987,.T.);
#7990=ORIENTED_EDGE('',*,*,#7989,.F.);
#7992=ORIENTED_EDGE('',*,*,#7991,.F.);
#7993=ORIENTED_EDGE('',*,*,#7339,.F.);
#7995=ORIENTED_EDGE('',*,*,#7994,.T.);
#7997=ORIENTED_EDGE('',*,*,#7996,.F.);
#7999=ORIENTED_EDGE('',*,*,#7998,.F.);
#8000=ORIENTED_EDGE('',*,*,#7323,.F.);
#8002=ORIENTED_EDGE('',*,*,#8001,.T.);
#8004=ORIENTED_EDGE('',*,*,#8003,.F.);
#8006=ORIENTED_EDGE('',*,*,#8005,.F.);
#8007=ORIENTED_EDGE('',*,*,#7307,.F.);
#8009=ORIENTED_EDGE('',*,*,#8008,.T.);
#8011=ORIENTED_EDGE('',*,*,#8010,.F.);
#8013=ORIENTED_EDGE('',*,*,#8012,.F.);
#8014=EDGE_LOOP('',(#7940,#7941,#7942,#7943,#7944,#7946,#7948,#7950,#7951,#7953,
#7955,#7957,#7958,#7960,#7962,#7964,#7965,#7967,#7969,#7971,#7972,#7974,#7976,
#7978,#7979,#7981,#7983,#7985,#7986,#7988,#7990,#7992,#7993,#7995,#7997,#7999,
#8000,#8002,#8004,#8006,#8007,#8009,#8011,#8013));
#8015=FACE_OUTER_BOUND('',#8014,.F.);
#8017=CARTESIAN_POINT('',(2.325E0,-2.5E-2,2.5E0));
#8018=DIRECTION('',(1.E0,0.E0,0.E0));
#8019=DIRECTION('',(0.E0,0.E0,-1.E0));
#8020=AXIS2_PLACEMENT_3D('',#8017,#8018,#8019);
#8021=PLANE('',#8020);
#8022=ORIENTED_EDGE('',*,*,#7945,.F.);
#8023=ORIENTED_EDGE('',*,*,#7461,.T.);
#8025=ORIENTED_EDGE('',*,*,#8024,.F.);
#8026=ORIENTED_EDGE('',*,*,#6661,.T.);
#8028=ORIENTED_EDGE('',*,*,#8027,.T.);
#8030=ORIENTED_EDGE('',*,*,#8029,.F.);
#8031=EDGE_LOOP('',(#8022,#8023,#8025,#8026,#8028,#8030));
#8032=FACE_OUTER_BOUND('',#8031,.F.);
#8034=CARTESIAN_POINT('',(2.45E0,-2.5E-2,2.45E0));
#8035=DIRECTION('',(0.E0,0.E0,-1.E0));
#8036=DIRECTION('',(-1.E0,0.E0,0.E0));
#8037=AXIS2_PLACEMENT_3D('',#8034,#8035,#8036);
#8038=PLANE('',#8037);
#8039=ORIENTED_EDGE('',*,*,#6655,.T.);
#8040=ORIENTED_EDGE('',*,*,#8024,.T.);
#8041=ORIENTED_EDGE('',*,*,#7459,.F.);
#8043=ORIENTED_EDGE('',*,*,#8042,.F.);
#8044=EDGE_LOOP('',(#8039,#8040,#8041,#8043));
#8045=FACE_OUTER_BOUND('',#8044,.F.);
#8047=CARTESIAN_POINT('',(2.45E0,-2.5E-2,2.45E0));
#8048=DIRECTION('',(0.E0,0.E0,-1.E0));
#8049=DIRECTION('',(-1.E0,0.E0,0.E0));
#8050=AXIS2_PLACEMENT_3D('',#8047,#8048,#8049);
#8051=PLANE('',#8050);
#8052=ORIENTED_EDGE('',*,*,#6479,.T.);
#8054=ORIENTED_EDGE('',*,*,#8053,.T.);
#8055=ORIENTED_EDGE('',*,*,#7439,.F.);
#8057=ORIENTED_EDGE('',*,*,#8056,.F.);
#8058=EDGE_LOOP('',(#8052,#8054,#8055,#8057));
#8059=FACE_OUTER_BOUND('',#8058,.F.);
#8061=CARTESIAN_POINT('',(2.45E0,-2.5E-2,2.45E0));
#8062=DIRECTION('',(0.E0,0.E0,-1.E0));
#8063=DIRECTION('',(-1.E0,0.E0,0.E0));
#8064=AXIS2_PLACEMENT_3D('',#8061,#8062,#8063);
#8065=PLANE('',#8064);
#8066=ORIENTED_EDGE('',*,*,#6471,.T.);
#8068=ORIENTED_EDGE('',*,*,#8067,.T.);
#8069=ORIENTED_EDGE('',*,*,#7423,.F.);
#8071=ORIENTED_EDGE('',*,*,#8070,.F.);
#8072=EDGE_LOOP('',(#8066,#8068,#8069,#8071));
#8073=FACE_OUTER_BOUND('',#8072,.F.);
#8075=CARTESIAN_POINT('',(2.45E0,-2.5E-2,2.45E0));
#8076=DIRECTION('',(0.E0,0.E0,-1.E0));
#8077=DIRECTION('',(-1.E0,0.E0,0.E0));
#8078=AXIS2_PLACEMENT_3D('',#8075,#8076,#8077);
#8079=PLANE('',#8078);
#8080=ORIENTED_EDGE('',*,*,#6463,.T.);
#8082=ORIENTED_EDGE('',*,*,#8081,.T.);
#8083=ORIENTED_EDGE('',*,*,#7407,.F.);
#8085=ORIENTED_EDGE('',*,*,#8084,.F.);
#8086=EDGE_LOOP('',(#8080,#8082,#8083,#8085));
#8087=FACE_OUTER_BOUND('',#8086,.F.);
#8089=CARTESIAN_POINT('',(2.45E0,-2.5E-2,2.45E0));
#8090=DIRECTION('',(0.E0,0.E0,-1.E0));
#8091=DIRECTION('',(-1.E0,0.E0,0.E0));
#8092=AXIS2_PLACEMENT_3D('',#8089,#8090,#8091);
#8093=PLANE('',#8092);
#8094=ORIENTED_EDGE('',*,*,#6455,.T.);
#8096=ORIENTED_EDGE('',*,*,#8095,.T.);
#8097=ORIENTED_EDGE('',*,*,#7391,.F.);
#8099=ORIENTED_EDGE('',*,*,#8098,.F.);
#8100=EDGE_LOOP('',(#8094,#8096,#8097,#8099));
#8101=FACE_OUTER_BOUND('',#8100,.F.);
#8103=CARTESIAN_POINT('',(2.45E0,-2.5E-2,2.45E0));
#8104=DIRECTION('',(0.E0,0.E0,-1.E0));
#8105=DIRECTION('',(-1.E0,0.E0,0.E0));
#8106=AXIS2_PLACEMENT_3D('',#8103,#8104,#8105);
#8107=PLANE('',#8106);
#8108=ORIENTED_EDGE('',*,*,#6447,.T.);
#8110=ORIENTED_EDGE('',*,*,#8109,.T.);
#8111=ORIENTED_EDGE('',*,*,#7375,.F.);
#8113=ORIENTED_EDGE('',*,*,#8112,.F.);
#8114=EDGE_LOOP('',(#8108,#8110,#8111,#8113));
#8115=FACE_OUTER_BOUND('',#8114,.F.);
#8117=CARTESIAN_POINT('',(2.45E0,-2.5E-2,2.45E0));
#8118=DIRECTION('',(0.E0,0.E0,-1.E0));
#8119=DIRECTION('',(-1.E0,0.E0,0.E0));
#8120=AXIS2_PLACEMENT_3D('',#8117,#8118,#8119);
#8121=PLANE('',#8120);
#8122=ORIENTED_EDGE('',*,*,#6439,.T.);
#8124=ORIENTED_EDGE('',*,*,#8123,.T.);
#8125=ORIENTED_EDGE('',*,*,#7359,.F.);
#8127=ORIENTED_EDGE('',*,*,#8126,.F.);
#8128=EDGE_LOOP('',(#8122,#8124,#8125,#8127));
#8129=FACE_OUTER_BOUND('',#8128,.F.);
#8131=CARTESIAN_POINT('',(2.45E0,-2.5E-2,2.45E0));
#8132=DIRECTION('',(0.E0,0.E0,-1.E0));
#8133=DIRECTION('',(-1.E0,0.E0,0.E0));
#8134=AXIS2_PLACEMENT_3D('',#8131,#8132,#8133);
#8135=PLANE('',#8134);
#8136=ORIENTED_EDGE('',*,*,#6431,.T.);
#8138=ORIENTED_EDGE('',*,*,#8137,.T.);
#8139=ORIENTED_EDGE('',*,*,#7343,.F.);
#8141=ORIENTED_EDGE('',*,*,#8140,.F.);
#8142=EDGE_LOOP('',(#8136,#8138,#8139,#8141));
#8143=FACE_OUTER_BOUND('',#8142,.F.);
#8145=CARTESIAN_POINT('',(2.45E0,-2.5E-2,2.45E0));
#8146=DIRECTION('',(0.E0,0.E0,-1.E0));
#8147=DIRECTION('',(-1.E0,0.E0,0.E0));
#8148=AXIS2_PLACEMENT_3D('',#8145,#8146,#8147);
#8149=PLANE('',#8148);
#8150=ORIENTED_EDGE('',*,*,#6423,.T.);
#8152=ORIENTED_EDGE('',*,*,#8151,.T.);
#8153=ORIENTED_EDGE('',*,*,#7327,.F.);
#8155=ORIENTED_EDGE('',*,*,#8154,.F.);
#8156=EDGE_LOOP('',(#8150,#8152,#8153,#8155));
#8157=FACE_OUTER_BOUND('',#8156,.F.);
#8159=CARTESIAN_POINT('',(2.45E0,-2.5E-2,2.45E0));
#8160=DIRECTION('',(0.E0,0.E0,-1.E0));
#8161=DIRECTION('',(-1.E0,0.E0,0.E0));
#8162=AXIS2_PLACEMENT_3D('',#8159,#8160,#8161);
#8163=PLANE('',#8162);
#8164=ORIENTED_EDGE('',*,*,#6415,.T.);
#8166=ORIENTED_EDGE('',*,*,#8165,.T.);
#8167=ORIENTED_EDGE('',*,*,#7311,.F.);
#8169=ORIENTED_EDGE('',*,*,#8168,.F.);
#8170=EDGE_LOOP('',(#8164,#8166,#8167,#8169));
#8171=FACE_OUTER_BOUND('',#8170,.F.);
#8173=CARTESIAN_POINT('',(2.45E0,-2.5E-2,2.45E0));
#8174=DIRECTION('',(0.E0,0.E0,-1.E0));
#8175=DIRECTION('',(-1.E0,0.E0,0.E0));
#8176=AXIS2_PLACEMENT_3D('',#8173,#8174,#8175);
#8177=PLANE('',#8176);
#8178=ORIENTED_EDGE('',*,*,#7293,.F.);
#8180=ORIENTED_EDGE('',*,*,#8179,.F.);
#8181=ORIENTED_EDGE('',*,*,#6673,.T.);
#8183=ORIENTED_EDGE('',*,*,#8182,.T.);
#8184=EDGE_LOOP('',(#8178,#8180,#8181,#8183));
#8185=FACE_OUTER_BOUND('',#8184,.F.);
#8187=CARTESIAN_POINT('',(2.45E0,-2.5E-2,-2.45E0));
#8188=DIRECTION('',(-1.E0,0.E0,0.E0));
#8189=DIRECTION('',(0.E0,0.E0,1.E0));
#8190=AXIS2_PLACEMENT_3D('',#8187,#8188,#8189);
#8191=PLANE('',#8190);
#8192=ORIENTED_EDGE('',*,*,#6639,.T.);
#8194=ORIENTED_EDGE('',*,*,#8193,.T.);
#8195=ORIENTED_EDGE('',*,*,#7621,.F.);
#8196=ORIENTED_EDGE('',*,*,#7003,.F.);
#8197=EDGE_LOOP('',(#8192,#8194,#8195,#8196));
#8198=FACE_OUTER_BOUND('',#8197,.F.);
#8200=CARTESIAN_POINT('',(2.45E0,-2.5E-2,-2.45E0));
#8201=DIRECTION('',(-1.E0,0.E0,0.E0));
#8202=DIRECTION('',(0.E0,0.E0,1.E0));
#8203=AXIS2_PLACEMENT_3D('',#8200,#8201,#8202);
#8204=PLANE('',#8203);
#8205=ORIENTED_EDGE('',*,*,#6549,.T.);
#8207=ORIENTED_EDGE('',*,*,#8206,.T.);
#8208=ORIENTED_EDGE('',*,*,#7603,.F.);
#8210=ORIENTED_EDGE('',*,*,#8209,.F.);
#8211=EDGE_LOOP('',(#8205,#8207,#8208,#8210));
#8212=FACE_OUTER_BOUND('',#8211,.F.);
#8214=CARTESIAN_POINT('',(2.45E0,-2.5E-2,-2.45E0));
#8215=DIRECTION('',(-1.E0,0.E0,0.E0));
#8216=DIRECTION('',(0.E0,0.E0,1.E0));
#8217=AXIS2_PLACEMENT_3D('',#8214,#8215,#8216);
#8218=PLANE('',#8217);
#8219=ORIENTED_EDGE('',*,*,#6541,.T.);
#8221=ORIENTED_EDGE('',*,*,#8220,.T.);
#8222=ORIENTED_EDGE('',*,*,#7587,.F.);
#8224=ORIENTED_EDGE('',*,*,#8223,.F.);
#8225=EDGE_LOOP('',(#8219,#8221,#8222,#8224));
#8226=FACE_OUTER_BOUND('',#8225,.F.);
#8228=CARTESIAN_POINT('',(2.45E0,-2.5E-2,-2.45E0));
#8229=DIRECTION('',(-1.E0,0.E0,0.E0));
#8230=DIRECTION('',(0.E0,0.E0,1.E0));
#8231=AXIS2_PLACEMENT_3D('',#8228,#8229,#8230);
#8232=PLANE('',#8231);
#8233=ORIENTED_EDGE('',*,*,#6533,.T.);
#8235=ORIENTED_EDGE('',*,*,#8234,.T.);
#8236=ORIENTED_EDGE('',*,*,#7571,.F.);
#8238=ORIENTED_EDGE('',*,*,#8237,.F.);
#8239=EDGE_LOOP('',(#8233,#8235,#8236,#8238));
#8240=FACE_OUTER_BOUND('',#8239,.F.);
#8242=CARTESIAN_POINT('',(2.45E0,-2.5E-2,-2.45E0));
#8243=DIRECTION('',(-1.E0,0.E0,0.E0));
#8244=DIRECTION('',(0.E0,0.E0,1.E0));
#8245=AXIS2_PLACEMENT_3D('',#8242,#8243,#8244);
#8246=PLANE('',#8245);
#8247=ORIENTED_EDGE('',*,*,#6525,.T.);
#8249=ORIENTED_EDGE('',*,*,#8248,.T.);
#8250=ORIENTED_EDGE('',*,*,#7555,.F.);
#8252=ORIENTED_EDGE('',*,*,#8251,.F.);
#8253=EDGE_LOOP('',(#8247,#8249,#8250,#8252));
#8254=FACE_OUTER_BOUND('',#8253,.F.);
#8256=CARTESIAN_POINT('',(2.45E0,-2.5E-2,-2.45E0));
#8257=DIRECTION('',(-1.E0,0.E0,0.E0));
#8258=DIRECTION('',(0.E0,0.E0,1.E0));
#8259=AXIS2_PLACEMENT_3D('',#8256,#8257,#8258);
#8260=PLANE('',#8259);
#8261=ORIENTED_EDGE('',*,*,#6517,.T.);
#8263=ORIENTED_EDGE('',*,*,#8262,.T.);
#8264=ORIENTED_EDGE('',*,*,#7539,.F.);
#8266=ORIENTED_EDGE('',*,*,#8265,.F.);
#8267=EDGE_LOOP('',(#8261,#8263,#8264,#8266));
#8268=FACE_OUTER_BOUND('',#8267,.F.);
#8270=CARTESIAN_POINT('',(2.45E0,-2.5E-2,-2.45E0));
#8271=DIRECTION('',(-1.E0,0.E0,0.E0));
#8272=DIRECTION('',(0.E0,0.E0,1.E0));
#8273=AXIS2_PLACEMENT_3D('',#8270,#8271,#8272);
#8274=PLANE('',#8273);
#8275=ORIENTED_EDGE('',*,*,#6509,.T.);
#8277=ORIENTED_EDGE('',*,*,#8276,.T.);
#8278=ORIENTED_EDGE('',*,*,#7523,.F.);
#8280=ORIENTED_EDGE('',*,*,#8279,.F.);
#8281=EDGE_LOOP('',(#8275,#8277,#8278,#8280));
#8282=FACE_OUTER_BOUND('',#8281,.F.);
#8284=CARTESIAN_POINT('',(2.45E0,-2.5E-2,-2.45E0));
#8285=DIRECTION('',(-1.E0,0.E0,0.E0));
#8286=DIRECTION('',(0.E0,0.E0,1.E0));
#8287=AXIS2_PLACEMENT_3D('',#8284,#8285,#8286);
#8288=PLANE('',#8287);
#8289=ORIENTED_EDGE('',*,*,#6501,.T.);
#8291=ORIENTED_EDGE('',*,*,#8290,.T.);
#8292=ORIENTED_EDGE('',*,*,#7507,.F.);
#8294=ORIENTED_EDGE('',*,*,#8293,.F.);
#8295=EDGE_LOOP('',(#8289,#8291,#8292,#8294));
#8296=FACE_OUTER_BOUND('',#8295,.F.);
#8298=CARTESIAN_POINT('',(2.45E0,-2.5E-2,-2.45E0));
#8299=DIRECTION('',(-1.E0,0.E0,0.E0));
#8300=DIRECTION('',(0.E0,0.E0,1.E0));
#8301=AXIS2_PLACEMENT_3D('',#8298,#8299,#8300);
#8302=PLANE('',#8301);
#8303=ORIENTED_EDGE('',*,*,#6493,.T.);
#8305=ORIENTED_EDGE('',*,*,#8304,.T.);
#8306=ORIENTED_EDGE('',*,*,#7491,.F.);
#8308=ORIENTED_EDGE('',*,*,#8307,.F.);
#8309=EDGE_LOOP('',(#8303,#8305,#8306,#8308));
#8310=FACE_OUTER_BOUND('',#8309,.F.);
#8312=CARTESIAN_POINT('',(2.45E0,-2.5E-2,-2.45E0));
#8313=DIRECTION('',(-1.E0,0.E0,0.E0));
#8314=DIRECTION('',(0.E0,0.E0,1.E0));
#8315=AXIS2_PLACEMENT_3D('',#8312,#8313,#8314);
#8316=PLANE('',#8315);
#8317=ORIENTED_EDGE('',*,*,#6485,.T.);
#8319=ORIENTED_EDGE('',*,*,#8318,.T.);
#8320=ORIENTED_EDGE('',*,*,#7475,.F.);
#8322=ORIENTED_EDGE('',*,*,#8321,.F.);
#8323=EDGE_LOOP('',(#8317,#8319,#8320,#8322));
#8324=FACE_OUTER_BOUND('',#8323,.F.);
#8326=CARTESIAN_POINT('',(2.45E0,-2.5E-2,-2.45E0));
#8327=DIRECTION('',(-1.E0,0.E0,0.E0));
#8328=DIRECTION('',(0.E0,0.E0,1.E0));
#8329=AXIS2_PLACEMENT_3D('',#8326,#8327,#8328);
#8330=PLANE('',#8329);
#8331=ORIENTED_EDGE('',*,*,#7457,.F.);
#8333=ORIENTED_EDGE('',*,*,#8332,.F.);
#8334=ORIENTED_EDGE('',*,*,#6657,.T.);
#8335=ORIENTED_EDGE('',*,*,#8042,.T.);
#8336=EDGE_LOOP('',(#8331,#8333,#8334,#8335));
#8337=FACE_OUTER_BOUND('',#8336,.F.);
#8339=CARTESIAN_POINT('',(2.325E0,-2.5E-2,-2.325E0));
#8340=DIRECTION('',(0.E0,0.E0,1.E0));
#8341=DIRECTION('',(1.E0,0.E0,0.E0));
#8342=AXIS2_PLACEMENT_3D('',#8339,#8340,#8341);
#8343=PLANE('',#8342);
#8344=ORIENTED_EDGE('',*,*,#7863,.F.);
#8345=ORIENTED_EDGE('',*,*,#7623,.F.);
#8346=ORIENTED_EDGE('',*,*,#8193,.F.);
#8347=ORIENTED_EDGE('',*,*,#6645,.T.);
#8349=ORIENTED_EDGE('',*,*,#8348,.T.);
#8351=ORIENTED_EDGE('',*,*,#8350,.T.);
#8352=EDGE_LOOP('',(#8344,#8345,#8346,#8347,#8349,#8351));
#8353=FACE_OUTER_BOUND('',#8352,.F.);
#8355=CARTESIAN_POINT('',(2.325E0,-2.5E-2,-2.5E0));
#8356=DIRECTION('',(-1.E0,0.E0,0.E0));
#8357=DIRECTION('',(0.E0,0.E0,1.E0));
#8358=AXIS2_PLACEMENT_3D('',#8355,#8356,#8357);
#8359=PLANE('',#8358);
#8360=ORIENTED_EDGE('',*,*,#7116,.T.);
#8362=ORIENTED_EDGE('',*,*,#8361,.T.);
#8363=ORIENTED_EDGE('',*,*,#8348,.F.);
#8364=ORIENTED_EDGE('',*,*,#6643,.F.);
#8365=ORIENTED_EDGE('',*,*,#7000,.T.);
#8366=ORIENTED_EDGE('',*,*,#7618,.F.);
#8367=EDGE_LOOP('',(#8360,#8362,#8363,#8364,#8365,#8366));
#8368=FACE_OUTER_BOUND('',#8367,.F.);
#8370=CARTESIAN_POINT('',(0.E0,1.75E-1,0.E0));
#8371=DIRECTION('',(0.E0,-1.E0,0.E0));
#8372=DIRECTION('',(-1.E0,0.E0,0.E0));
#8373=AXIS2_PLACEMENT_3D('',#8370,#8371,#8372);
#8374=PLANE('',#8373);
#8375=ORIENTED_EDGE('',*,*,#7865,.F.);
#8376=ORIENTED_EDGE('',*,*,#8350,.F.);
#8377=ORIENTED_EDGE('',*,*,#8361,.F.);
#8378=ORIENTED_EDGE('',*,*,#7114,.T.);
#8380=ORIENTED_EDGE('',*,*,#8379,.F.);
#8382=ORIENTED_EDGE('',*,*,#8381,.F.);
#8383=EDGE_LOOP('',(#8375,#8376,#8377,#8378,#8380,#8382));
#8384=FACE_OUTER_BOUND('',#8383,.F.);
#8386=CARTESIAN_POINT('',(2.125E0,-2.5E-2,-2.125E0));
#8387=DIRECTION('',(1.E0,0.E0,0.E0));
#8388=DIRECTION('',(0.E0,0.E0,-1.E0));
#8389=AXIS2_PLACEMENT_3D('',#8386,#8387,#8388);
#8390=PLANE('',#8389);
#8391=ORIENTED_EDGE('',*,*,#7112,.F.);
#8392=ORIENTED_EDGE('',*,*,#7637,.F.);
#8393=ORIENTED_EDGE('',*,*,#6984,.F.);
#8394=ORIENTED_EDGE('',*,*,#6553,.T.);
#8396=ORIENTED_EDGE('',*,*,#8395,.T.);
#8397=ORIENTED_EDGE('',*,*,#8379,.T.);
#8398=EDGE_LOOP('',(#8391,#8392,#8393,#8394,#8396,#8397));
#8399=FACE_OUTER_BOUND('',#8398,.F.);
#8401=CARTESIAN_POINT('',(2.5E0,-2.5E-2,-2.125E0));
#8402=DIRECTION('',(0.E0,0.E0,-1.E0));
#8403=DIRECTION('',(-1.E0,0.E0,0.E0));
#8404=AXIS2_PLACEMENT_3D('',#8401,#8402,#8403);
#8405=PLANE('',#8404);
#8406=ORIENTED_EDGE('',*,*,#7867,.T.);
#8407=ORIENTED_EDGE('',*,*,#8381,.T.);
#8408=ORIENTED_EDGE('',*,*,#8395,.F.);
#8409=ORIENTED_EDGE('',*,*,#6551,.F.);
#8410=ORIENTED_EDGE('',*,*,#8209,.T.);
#8411=ORIENTED_EDGE('',*,*,#7601,.F.);
#8412=EDGE_LOOP('',(#8406,#8407,#8408,#8409,#8410,#8411));
#8413=FACE_OUTER_BOUND('',#8412,.F.);
#8415=CARTESIAN_POINT('',(2.5E0,-2.5E-2,-1.875E0));
#8416=DIRECTION('',(0.E0,0.E0,-1.E0));
#8417=DIRECTION('',(-1.E0,0.E0,0.E0));
#8418=AXIS2_PLACEMENT_3D('',#8415,#8416,#8417);
#8419=PLANE('',#8418);
#8420=ORIENTED_EDGE('',*,*,#7605,.T.);
#8421=ORIENTED_EDGE('',*,*,#8206,.F.);
#8422=ORIENTED_EDGE('',*,*,#6547,.T.);
#8424=ORIENTED_EDGE('',*,*,#8423,.T.);
#8426=ORIENTED_EDGE('',*,*,#8425,.F.);
#8427=ORIENTED_EDGE('',*,*,#7870,.F.);
#8428=EDGE_LOOP('',(#8420,#8421,#8422,#8424,#8426,#8427));
#8429=FACE_OUTER_BOUND('',#8428,.F.);
#8431=CARTESIAN_POINT('',(2.225E0,-2.5E-2,-1.75E0));
#8432=DIRECTION('',(0.E0,1.E0,0.E0));
#8433=DIRECTION('',(1.E0,0.E0,0.E0));
#8434=AXIS2_PLACEMENT_3D('',#8431,#8432,#8433);
#8435=CYLINDRICAL_SURFACE('',#8434,1.25E-1);
#8436=ORIENTED_EDGE('',*,*,#8423,.F.);
#8437=ORIENTED_EDGE('',*,*,#6545,.T.);
#8439=ORIENTED_EDGE('',*,*,#8438,.T.);
#8441=ORIENTED_EDGE('',*,*,#8440,.F.);
#8442=EDGE_LOOP('',(#8436,#8437,#8439,#8441));
#8443=FACE_OUTER_BOUND('',#8442,.F.);
#8445=CARTESIAN_POINT('',(2.225E0,-2.5E-2,-1.625E0));
#8446=DIRECTION('',(0.E0,0.E0,1.E0));
#8447=DIRECTION('',(1.E0,0.E0,0.E0));
#8448=AXIS2_PLACEMENT_3D('',#8445,#8446,#8447);
#8449=PLANE('',#8448);
#8450=ORIENTED_EDGE('',*,*,#7585,.T.);
#8451=ORIENTED_EDGE('',*,*,#7874,.T.);
#8453=ORIENTED_EDGE('',*,*,#8452,.F.);
#8454=ORIENTED_EDGE('',*,*,#8438,.F.);
#8455=ORIENTED_EDGE('',*,*,#6543,.F.);
#8456=ORIENTED_EDGE('',*,*,#8223,.T.);
#8457=EDGE_LOOP('',(#8450,#8451,#8453,#8454,#8455,#8456));
#8458=FACE_OUTER_BOUND('',#8457,.F.);
#8460=CARTESIAN_POINT('',(0.E0,1.75E-1,0.E0));
#8461=DIRECTION('',(0.E0,1.E0,0.E0));
#8462=DIRECTION('',(1.E0,0.E0,0.E0));
#8463=AXIS2_PLACEMENT_3D('',#8460,#8461,#8462);
#8464=PLANE('',#8463);
#8465=ORIENTED_EDGE('',*,*,#7872,.T.);
#8466=ORIENTED_EDGE('',*,*,#8425,.T.);
#8467=ORIENTED_EDGE('',*,*,#8440,.T.);
#8468=ORIENTED_EDGE('',*,*,#8452,.T.);
#8469=EDGE_LOOP('',(#8465,#8466,#8467,#8468));
#8470=FACE_OUTER_BOUND('',#8469,.F.);
#8472=CARTESIAN_POINT('',(2.5E0,-2.5E-2,-1.375E0));
#8473=DIRECTION('',(0.E0,0.E0,-1.E0));
#8474=DIRECTION('',(-1.E0,0.E0,0.E0));
#8475=AXIS2_PLACEMENT_3D('',#8472,#8473,#8474);
#8476=PLANE('',#8475);
#8477=ORIENTED_EDGE('',*,*,#7589,.T.);
#8478=ORIENTED_EDGE('',*,*,#8220,.F.);
#8479=ORIENTED_EDGE('',*,*,#6539,.T.);
#8481=ORIENTED_EDGE('',*,*,#8480,.T.);
#8483=ORIENTED_EDGE('',*,*,#8482,.F.);
#8484=ORIENTED_EDGE('',*,*,#7877,.F.);
#8485=EDGE_LOOP('',(#8477,#8478,#8479,#8481,#8483,#8484));
#8486=FACE_OUTER_BOUND('',#8485,.F.);
#8488=CARTESIAN_POINT('',(2.225E0,-2.5E-2,-1.25E0));
#8489=DIRECTION('',(0.E0,1.E0,0.E0));
#8490=DIRECTION('',(1.E0,0.E0,0.E0));
#8491=AXIS2_PLACEMENT_3D('',#8488,#8489,#8490);
#8492=CYLINDRICAL_SURFACE('',#8491,1.25E-1);
#8493=ORIENTED_EDGE('',*,*,#8480,.F.);
#8494=ORIENTED_EDGE('',*,*,#6537,.T.);
#8496=ORIENTED_EDGE('',*,*,#8495,.T.);
#8498=ORIENTED_EDGE('',*,*,#8497,.F.);
#8499=EDGE_LOOP('',(#8493,#8494,#8496,#8498));
#8500=FACE_OUTER_BOUND('',#8499,.F.);
#8502=CARTESIAN_POINT('',(2.225E0,-2.5E-2,-1.125E0));
#8503=DIRECTION('',(0.E0,0.E0,1.E0));
#8504=DIRECTION('',(1.E0,0.E0,0.E0));
#8505=AXIS2_PLACEMENT_3D('',#8502,#8503,#8504);
#8506=PLANE('',#8505);
#8507=ORIENTED_EDGE('',*,*,#7569,.T.);
#8508=ORIENTED_EDGE('',*,*,#7881,.T.);
#8510=ORIENTED_EDGE('',*,*,#8509,.F.);
#8511=ORIENTED_EDGE('',*,*,#8495,.F.);
#8512=ORIENTED_EDGE('',*,*,#6535,.F.);
#8513=ORIENTED_EDGE('',*,*,#8237,.T.);
#8514=EDGE_LOOP('',(#8507,#8508,#8510,#8511,#8512,#8513));
#8515=FACE_OUTER_BOUND('',#8514,.F.);
#8517=CARTESIAN_POINT('',(0.E0,1.75E-1,0.E0));
#8518=DIRECTION('',(0.E0,1.E0,0.E0));
#8519=DIRECTION('',(1.E0,0.E0,0.E0));
#8520=AXIS2_PLACEMENT_3D('',#8517,#8518,#8519);
#8521=PLANE('',#8520);
#8522=ORIENTED_EDGE('',*,*,#7879,.T.);
#8523=ORIENTED_EDGE('',*,*,#8482,.T.);
#8524=ORIENTED_EDGE('',*,*,#8497,.T.);
#8525=ORIENTED_EDGE('',*,*,#8509,.T.);
#8526=EDGE_LOOP('',(#8522,#8523,#8524,#8525));
#8527=FACE_OUTER_BOUND('',#8526,.F.);
#8529=CARTESIAN_POINT('',(2.5E0,-2.5E-2,-8.75E-1));
#8530=DIRECTION('',(0.E0,0.E0,-1.E0));
#8531=DIRECTION('',(-1.E0,0.E0,0.E0));
#8532=AXIS2_PLACEMENT_3D('',#8529,#8530,#8531);
#8533=PLANE('',#8532);
#8534=ORIENTED_EDGE('',*,*,#7573,.T.);
#8535=ORIENTED_EDGE('',*,*,#8234,.F.);
#8536=ORIENTED_EDGE('',*,*,#6531,.T.);
#8538=ORIENTED_EDGE('',*,*,#8537,.T.);
#8540=ORIENTED_EDGE('',*,*,#8539,.F.);
#8541=ORIENTED_EDGE('',*,*,#7884,.F.);
#8542=EDGE_LOOP('',(#8534,#8535,#8536,#8538,#8540,#8541));
#8543=FACE_OUTER_BOUND('',#8542,.F.);
#8545=CARTESIAN_POINT('',(2.225E0,-2.5E-2,-7.5E-1));
#8546=DIRECTION('',(0.E0,1.E0,0.E0));
#8547=DIRECTION('',(1.E0,0.E0,0.E0));
#8548=AXIS2_PLACEMENT_3D('',#8545,#8546,#8547);
#8549=CYLINDRICAL_SURFACE('',#8548,1.25E-1);
#8550=ORIENTED_EDGE('',*,*,#8537,.F.);
#8551=ORIENTED_EDGE('',*,*,#6529,.T.);
#8553=ORIENTED_EDGE('',*,*,#8552,.T.);
#8555=ORIENTED_EDGE('',*,*,#8554,.F.);
#8556=EDGE_LOOP('',(#8550,#8551,#8553,#8555));
#8557=FACE_OUTER_BOUND('',#8556,.F.);
#8559=CARTESIAN_POINT('',(2.225E0,-2.5E-2,-6.25E-1));
#8560=DIRECTION('',(0.E0,0.E0,1.E0));
#8561=DIRECTION('',(1.E0,0.E0,0.E0));
#8562=AXIS2_PLACEMENT_3D('',#8559,#8560,#8561);
#8563=PLANE('',#8562);
#8564=ORIENTED_EDGE('',*,*,#7553,.T.);
#8565=ORIENTED_EDGE('',*,*,#7888,.T.);
#8567=ORIENTED_EDGE('',*,*,#8566,.F.);
#8568=ORIENTED_EDGE('',*,*,#8552,.F.);
#8569=ORIENTED_EDGE('',*,*,#6527,.F.);
#8570=ORIENTED_EDGE('',*,*,#8251,.T.);
#8571=EDGE_LOOP('',(#8564,#8565,#8567,#8568,#8569,#8570));
#8572=FACE_OUTER_BOUND('',#8571,.F.);
#8574=CARTESIAN_POINT('',(0.E0,1.75E-1,0.E0));
#8575=DIRECTION('',(0.E0,1.E0,0.E0));
#8576=DIRECTION('',(1.E0,0.E0,0.E0));
#8577=AXIS2_PLACEMENT_3D('',#8574,#8575,#8576);
#8578=PLANE('',#8577);
#8579=ORIENTED_EDGE('',*,*,#7886,.T.);
#8580=ORIENTED_EDGE('',*,*,#8539,.T.);
#8581=ORIENTED_EDGE('',*,*,#8554,.T.);
#8582=ORIENTED_EDGE('',*,*,#8566,.T.);
#8583=EDGE_LOOP('',(#8579,#8580,#8581,#8582));
#8584=FACE_OUTER_BOUND('',#8583,.F.);
#8586=CARTESIAN_POINT('',(2.5E0,-2.5E-2,-3.75E-1));
#8587=DIRECTION('',(0.E0,0.E0,-1.E0));
#8588=DIRECTION('',(-1.E0,0.E0,0.E0));
#8589=AXIS2_PLACEMENT_3D('',#8586,#8587,#8588);
#8590=PLANE('',#8589);
#8591=ORIENTED_EDGE('',*,*,#7557,.T.);
#8592=ORIENTED_EDGE('',*,*,#8248,.F.);
#8593=ORIENTED_EDGE('',*,*,#6523,.T.);
#8595=ORIENTED_EDGE('',*,*,#8594,.T.);
#8597=ORIENTED_EDGE('',*,*,#8596,.F.);
#8598=ORIENTED_EDGE('',*,*,#7891,.F.);
#8599=EDGE_LOOP('',(#8591,#8592,#8593,#8595,#8597,#8598));
#8600=FACE_OUTER_BOUND('',#8599,.F.);
#8602=CARTESIAN_POINT('',(2.225E0,-2.5E-2,-2.5E-1));
#8603=DIRECTION('',(0.E0,1.E0,0.E0));
#8604=DIRECTION('',(1.E0,0.E0,0.E0));
#8605=AXIS2_PLACEMENT_3D('',#8602,#8603,#8604);
#8606=CYLINDRICAL_SURFACE('',#8605,1.25E-1);
#8607=ORIENTED_EDGE('',*,*,#8594,.F.);
#8608=ORIENTED_EDGE('',*,*,#6521,.T.);
#8610=ORIENTED_EDGE('',*,*,#8609,.T.);
#8612=ORIENTED_EDGE('',*,*,#8611,.F.);
#8613=EDGE_LOOP('',(#8607,#8608,#8610,#8612));
#8614=FACE_OUTER_BOUND('',#8613,.F.);
#8616=CARTESIAN_POINT('',(2.225E0,-2.5E-2,-1.25E-1));
#8617=DIRECTION('',(0.E0,0.E0,1.E0));
#8618=DIRECTION('',(1.E0,0.E0,0.E0));
#8619=AXIS2_PLACEMENT_3D('',#8616,#8617,#8618);
#8620=PLANE('',#8619);
#8621=ORIENTED_EDGE('',*,*,#7537,.T.);
#8622=ORIENTED_EDGE('',*,*,#7895,.T.);
#8624=ORIENTED_EDGE('',*,*,#8623,.F.);
#8625=ORIENTED_EDGE('',*,*,#8609,.F.);
#8626=ORIENTED_EDGE('',*,*,#6519,.F.);
#8627=ORIENTED_EDGE('',*,*,#8265,.T.);
#8628=EDGE_LOOP('',(#8621,#8622,#8624,#8625,#8626,#8627));
#8629=FACE_OUTER_BOUND('',#8628,.F.);
#8631=CARTESIAN_POINT('',(0.E0,1.75E-1,0.E0));
#8632=DIRECTION('',(0.E0,1.E0,0.E0));
#8633=DIRECTION('',(1.E0,0.E0,0.E0));
#8634=AXIS2_PLACEMENT_3D('',#8631,#8632,#8633);
#8635=PLANE('',#8634);
#8636=ORIENTED_EDGE('',*,*,#7893,.T.);
#8637=ORIENTED_EDGE('',*,*,#8596,.T.);
#8638=ORIENTED_EDGE('',*,*,#8611,.T.);
#8639=ORIENTED_EDGE('',*,*,#8623,.T.);
#8640=EDGE_LOOP('',(#8636,#8637,#8638,#8639));
#8641=FACE_OUTER_BOUND('',#8640,.F.);
#8643=CARTESIAN_POINT('',(2.5E0,-2.5E-2,1.25E-1));
#8644=DIRECTION('',(0.E0,0.E0,-1.E0));
#8645=DIRECTION('',(-1.E0,0.E0,0.E0));
#8646=AXIS2_PLACEMENT_3D('',#8643,#8644,#8645);
#8647=PLANE('',#8646);
#8648=ORIENTED_EDGE('',*,*,#7541,.T.);
#8649=ORIENTED_EDGE('',*,*,#8262,.F.);
#8650=ORIENTED_EDGE('',*,*,#6515,.T.);
#8652=ORIENTED_EDGE('',*,*,#8651,.T.);
#8654=ORIENTED_EDGE('',*,*,#8653,.F.);
#8655=ORIENTED_EDGE('',*,*,#7898,.F.);
#8656=EDGE_LOOP('',(#8648,#8649,#8650,#8652,#8654,#8655));
#8657=FACE_OUTER_BOUND('',#8656,.F.);
#8659=CARTESIAN_POINT('',(2.225E0,-2.5E-2,2.5E-1));
#8660=DIRECTION('',(0.E0,1.E0,0.E0));
#8661=DIRECTION('',(1.E0,0.E0,0.E0));
#8662=AXIS2_PLACEMENT_3D('',#8659,#8660,#8661);
#8663=CYLINDRICAL_SURFACE('',#8662,1.25E-1);
#8664=ORIENTED_EDGE('',*,*,#8651,.F.);
#8665=ORIENTED_EDGE('',*,*,#6513,.T.);
#8667=ORIENTED_EDGE('',*,*,#8666,.T.);
#8669=ORIENTED_EDGE('',*,*,#8668,.F.);
#8670=EDGE_LOOP('',(#8664,#8665,#8667,#8669));
#8671=FACE_OUTER_BOUND('',#8670,.F.);
#8673=CARTESIAN_POINT('',(2.225E0,-2.5E-2,3.75E-1));
#8674=DIRECTION('',(0.E0,0.E0,1.E0));
#8675=DIRECTION('',(1.E0,0.E0,0.E0));
#8676=AXIS2_PLACEMENT_3D('',#8673,#8674,#8675);
#8677=PLANE('',#8676);
#8678=ORIENTED_EDGE('',*,*,#7521,.T.);
#8679=ORIENTED_EDGE('',*,*,#7902,.T.);
#8681=ORIENTED_EDGE('',*,*,#8680,.F.);
#8682=ORIENTED_EDGE('',*,*,#8666,.F.);
#8683=ORIENTED_EDGE('',*,*,#6511,.F.);
#8684=ORIENTED_EDGE('',*,*,#8279,.T.);
#8685=EDGE_LOOP('',(#8678,#8679,#8681,#8682,#8683,#8684));
#8686=FACE_OUTER_BOUND('',#8685,.F.);
#8688=CARTESIAN_POINT('',(0.E0,1.75E-1,0.E0));
#8689=DIRECTION('',(0.E0,1.E0,0.E0));
#8690=DIRECTION('',(1.E0,0.E0,0.E0));
#8691=AXIS2_PLACEMENT_3D('',#8688,#8689,#8690);
#8692=PLANE('',#8691);
#8693=ORIENTED_EDGE('',*,*,#8653,.T.);
#8694=ORIENTED_EDGE('',*,*,#8668,.T.);
#8695=ORIENTED_EDGE('',*,*,#8680,.T.);
#8696=ORIENTED_EDGE('',*,*,#7900,.T.);
#8697=EDGE_LOOP('',(#8693,#8694,#8695,#8696));
#8698=FACE_OUTER_BOUND('',#8697,.F.);
#8700=CARTESIAN_POINT('',(2.5E0,-2.5E-2,6.25E-1));
#8701=DIRECTION('',(0.E0,0.E0,-1.E0));
#8702=DIRECTION('',(-1.E0,0.E0,0.E0));
#8703=AXIS2_PLACEMENT_3D('',#8700,#8701,#8702);
#8704=PLANE('',#8703);
#8705=ORIENTED_EDGE('',*,*,#7525,.T.);
#8706=ORIENTED_EDGE('',*,*,#8276,.F.);
#8707=ORIENTED_EDGE('',*,*,#6507,.T.);
#8709=ORIENTED_EDGE('',*,*,#8708,.T.);
#8711=ORIENTED_EDGE('',*,*,#8710,.F.);
#8712=ORIENTED_EDGE('',*,*,#7905,.F.);
#8713=EDGE_LOOP('',(#8705,#8706,#8707,#8709,#8711,#8712));
#8714=FACE_OUTER_BOUND('',#8713,.F.);
#8716=CARTESIAN_POINT('',(2.225E0,-2.5E-2,7.5E-1));
#8717=DIRECTION('',(0.E0,1.E0,0.E0));
#8718=DIRECTION('',(1.E0,0.E0,0.E0));
#8719=AXIS2_PLACEMENT_3D('',#8716,#8717,#8718);
#8720=CYLINDRICAL_SURFACE('',#8719,1.25E-1);
#8721=ORIENTED_EDGE('',*,*,#8708,.F.);
#8722=ORIENTED_EDGE('',*,*,#6505,.T.);
#8724=ORIENTED_EDGE('',*,*,#8723,.T.);
#8726=ORIENTED_EDGE('',*,*,#8725,.F.);
#8727=EDGE_LOOP('',(#8721,#8722,#8724,#8726));
#8728=FACE_OUTER_BOUND('',#8727,.F.);
#8730=CARTESIAN_POINT('',(2.225E0,-2.5E-2,8.75E-1));
#8731=DIRECTION('',(0.E0,0.E0,1.E0));
#8732=DIRECTION('',(1.E0,0.E0,0.E0));
#8733=AXIS2_PLACEMENT_3D('',#8730,#8731,#8732);
#8734=PLANE('',#8733);
#8735=ORIENTED_EDGE('',*,*,#7505,.T.);
#8736=ORIENTED_EDGE('',*,*,#7909,.T.);
#8738=ORIENTED_EDGE('',*,*,#8737,.F.);
#8739=ORIENTED_EDGE('',*,*,#8723,.F.);
#8740=ORIENTED_EDGE('',*,*,#6503,.F.);
#8741=ORIENTED_EDGE('',*,*,#8293,.T.);
#8742=EDGE_LOOP('',(#8735,#8736,#8738,#8739,#8740,#8741));
#8743=FACE_OUTER_BOUND('',#8742,.F.);
#8745=CARTESIAN_POINT('',(0.E0,1.75E-1,0.E0));
#8746=DIRECTION('',(0.E0,1.E0,0.E0));
#8747=DIRECTION('',(1.E0,0.E0,0.E0));
#8748=AXIS2_PLACEMENT_3D('',#8745,#8746,#8747);
#8749=PLANE('',#8748);
#8750=ORIENTED_EDGE('',*,*,#7907,.T.);
#8751=ORIENTED_EDGE('',*,*,#8710,.T.);
#8752=ORIENTED_EDGE('',*,*,#8725,.T.);
#8753=ORIENTED_EDGE('',*,*,#8737,.T.);
#8754=EDGE_LOOP('',(#8750,#8751,#8752,#8753));
#8755=FACE_OUTER_BOUND('',#8754,.F.);
#8757=CARTESIAN_POINT('',(2.5E0,-2.5E-2,1.125E0));
#8758=DIRECTION('',(0.E0,0.E0,-1.E0));
#8759=DIRECTION('',(-1.E0,0.E0,0.E0));
#8760=AXIS2_PLACEMENT_3D('',#8757,#8758,#8759);
#8761=PLANE('',#8760);
#8762=ORIENTED_EDGE('',*,*,#7509,.T.);
#8763=ORIENTED_EDGE('',*,*,#8290,.F.);
#8764=ORIENTED_EDGE('',*,*,#6499,.T.);
#8766=ORIENTED_EDGE('',*,*,#8765,.T.);
#8768=ORIENTED_EDGE('',*,*,#8767,.F.);
#8769=ORIENTED_EDGE('',*,*,#7912,.F.);
#8770=EDGE_LOOP('',(#8762,#8763,#8764,#8766,#8768,#8769));
#8771=FACE_OUTER_BOUND('',#8770,.F.);
#8773=CARTESIAN_POINT('',(2.225E0,-2.5E-2,1.25E0));
#8774=DIRECTION('',(0.E0,1.E0,0.E0));
#8775=DIRECTION('',(1.E0,0.E0,0.E0));
#8776=AXIS2_PLACEMENT_3D('',#8773,#8774,#8775);
#8777=CYLINDRICAL_SURFACE('',#8776,1.25E-1);
#8778=ORIENTED_EDGE('',*,*,#8765,.F.);
#8779=ORIENTED_EDGE('',*,*,#6497,.T.);
#8781=ORIENTED_EDGE('',*,*,#8780,.T.);
#8783=ORIENTED_EDGE('',*,*,#8782,.F.);
#8784=EDGE_LOOP('',(#8778,#8779,#8781,#8783));
#8785=FACE_OUTER_BOUND('',#8784,.F.);
#8787=CARTESIAN_POINT('',(2.225E0,-2.5E-2,1.375E0));
#8788=DIRECTION('',(0.E0,0.E0,1.E0));
#8789=DIRECTION('',(1.E0,0.E0,0.E0));
#8790=AXIS2_PLACEMENT_3D('',#8787,#8788,#8789);
#8791=PLANE('',#8790);
#8792=ORIENTED_EDGE('',*,*,#7489,.T.);
#8793=ORIENTED_EDGE('',*,*,#7916,.T.);
#8795=ORIENTED_EDGE('',*,*,#8794,.F.);
#8796=ORIENTED_EDGE('',*,*,#8780,.F.);
#8797=ORIENTED_EDGE('',*,*,#6495,.F.);
#8798=ORIENTED_EDGE('',*,*,#8307,.T.);
#8799=EDGE_LOOP('',(#8792,#8793,#8795,#8796,#8797,#8798));
#8800=FACE_OUTER_BOUND('',#8799,.F.);
#8802=CARTESIAN_POINT('',(0.E0,1.75E-1,0.E0));
#8803=DIRECTION('',(0.E0,1.E0,0.E0));
#8804=DIRECTION('',(1.E0,0.E0,0.E0));
#8805=AXIS2_PLACEMENT_3D('',#8802,#8803,#8804);
#8806=PLANE('',#8805);
#8807=ORIENTED_EDGE('',*,*,#7914,.T.);
#8808=ORIENTED_EDGE('',*,*,#8767,.T.);
#8809=ORIENTED_EDGE('',*,*,#8782,.T.);
#8810=ORIENTED_EDGE('',*,*,#8794,.T.);
#8811=EDGE_LOOP('',(#8807,#8808,#8809,#8810));
#8812=FACE_OUTER_BOUND('',#8811,.F.);
#8814=CARTESIAN_POINT('',(2.5E0,-2.5E-2,1.625E0));
#8815=DIRECTION('',(0.E0,0.E0,-1.E0));
#8816=DIRECTION('',(-1.E0,0.E0,0.E0));
#8817=AXIS2_PLACEMENT_3D('',#8814,#8815,#8816);
#8818=PLANE('',#8817);
#8819=ORIENTED_EDGE('',*,*,#7493,.T.);
#8820=ORIENTED_EDGE('',*,*,#8304,.F.);
#8821=ORIENTED_EDGE('',*,*,#6491,.T.);
#8823=ORIENTED_EDGE('',*,*,#8822,.T.);
#8825=ORIENTED_EDGE('',*,*,#8824,.F.);
#8826=ORIENTED_EDGE('',*,*,#7919,.F.);
#8827=EDGE_LOOP('',(#8819,#8820,#8821,#8823,#8825,#8826));
#8828=FACE_OUTER_BOUND('',#8827,.F.);
#8830=CARTESIAN_POINT('',(2.225E0,-2.5E-2,1.75E0));
#8831=DIRECTION('',(0.E0,1.E0,0.E0));
#8832=DIRECTION('',(1.E0,0.E0,0.E0));
#8833=AXIS2_PLACEMENT_3D('',#8830,#8831,#8832);
#8834=CYLINDRICAL_SURFACE('',#8833,1.25E-1);
#8835=ORIENTED_EDGE('',*,*,#8822,.F.);
#8836=ORIENTED_EDGE('',*,*,#6489,.T.);
#8838=ORIENTED_EDGE('',*,*,#8837,.T.);
#8840=ORIENTED_EDGE('',*,*,#8839,.F.);
#8841=EDGE_LOOP('',(#8835,#8836,#8838,#8840));
#8842=FACE_OUTER_BOUND('',#8841,.F.);
#8844=CARTESIAN_POINT('',(2.225E0,-2.5E-2,1.875E0));
#8845=DIRECTION('',(0.E0,0.E0,1.E0));
#8846=DIRECTION('',(1.E0,0.E0,0.E0));
#8847=AXIS2_PLACEMENT_3D('',#8844,#8845,#8846);
#8848=PLANE('',#8847);
#8849=ORIENTED_EDGE('',*,*,#7473,.T.);
#8850=ORIENTED_EDGE('',*,*,#7923,.T.);
#8852=ORIENTED_EDGE('',*,*,#8851,.F.);
#8853=ORIENTED_EDGE('',*,*,#8837,.F.);
#8854=ORIENTED_EDGE('',*,*,#6487,.F.);
#8855=ORIENTED_EDGE('',*,*,#8321,.T.);
#8856=EDGE_LOOP('',(#8849,#8850,#8852,#8853,#8854,#8855));
#8857=FACE_OUTER_BOUND('',#8856,.F.);
#8859=CARTESIAN_POINT('',(0.E0,1.75E-1,0.E0));
#8860=DIRECTION('',(0.E0,1.E0,0.E0));
#8861=DIRECTION('',(1.E0,0.E0,0.E0));
#8862=AXIS2_PLACEMENT_3D('',#8859,#8860,#8861);
#8863=PLANE('',#8862);
#8864=ORIENTED_EDGE('',*,*,#7921,.T.);
#8865=ORIENTED_EDGE('',*,*,#8824,.T.);
#8866=ORIENTED_EDGE('',*,*,#8839,.T.);
#8867=ORIENTED_EDGE('',*,*,#8851,.T.);
#8868=EDGE_LOOP('',(#8864,#8865,#8866,#8867));
#8869=FACE_OUTER_BOUND('',#8868,.F.);
#8871=CARTESIAN_POINT('',(2.5E0,-2.5E-2,2.125E0));
#8872=DIRECTION('',(0.E0,0.E0,-1.E0));
#8873=DIRECTION('',(-1.E0,0.E0,0.E0));
#8874=AXIS2_PLACEMENT_3D('',#8871,#8872,#8873);
#8875=PLANE('',#8874);
#8876=ORIENTED_EDGE('',*,*,#7926,.F.);
#8877=ORIENTED_EDGE('',*,*,#7477,.T.);
#8878=ORIENTED_EDGE('',*,*,#8318,.F.);
#8879=ORIENTED_EDGE('',*,*,#6483,.T.);
#8881=ORIENTED_EDGE('',*,*,#8880,.T.);
#8883=ORIENTED_EDGE('',*,*,#8882,.F.);
#8884=EDGE_LOOP('',(#8876,#8877,#8878,#8879,#8881,#8883));
#8885=FACE_OUTER_BOUND('',#8884,.F.);
#8887=CARTESIAN_POINT('',(2.125E0,-2.5E-2,2.125E0));
#8888=DIRECTION('',(-1.E0,0.E0,0.E0));
#8889=DIRECTION('',(0.E0,0.E0,1.E0));
#8890=AXIS2_PLACEMENT_3D('',#8887,#8888,#8889);
#8891=PLANE('',#8890);
#8892=ORIENTED_EDGE('',*,*,#7949,.T.);
#8894=ORIENTED_EDGE('',*,*,#8893,.F.);
#8895=ORIENTED_EDGE('',*,*,#8880,.F.);
#8896=ORIENTED_EDGE('',*,*,#6481,.F.);
#8897=ORIENTED_EDGE('',*,*,#8056,.T.);
#8898=ORIENTED_EDGE('',*,*,#7437,.T.);
#8899=EDGE_LOOP('',(#8892,#8894,#8895,#8896,#8897,#8898));
#8900=FACE_OUTER_BOUND('',#8899,.F.);
#8902=CARTESIAN_POINT('',(0.E0,1.75E-1,0.E0));
#8903=DIRECTION('',(0.E0,1.E0,0.E0));
#8904=DIRECTION('',(-1.E0,0.E0,0.E0));
#8905=AXIS2_PLACEMENT_3D('',#8902,#8903,#8904);
#8906=PLANE('',#8905);
#8907=ORIENTED_EDGE('',*,*,#7947,.F.);
#8908=ORIENTED_EDGE('',*,*,#8029,.T.);
#8910=ORIENTED_EDGE('',*,*,#8909,.T.);
#8911=ORIENTED_EDGE('',*,*,#7928,.T.);
#8912=ORIENTED_EDGE('',*,*,#8882,.T.);
#8913=ORIENTED_EDGE('',*,*,#8893,.T.);
#8914=EDGE_LOOP('',(#8907,#8908,#8910,#8911,#8912,#8913));
#8915=FACE_OUTER_BOUND('',#8914,.F.);
#8917=CARTESIAN_POINT('',(2.325E0,-2.5E-2,2.325E0));
#8918=DIRECTION('',(0.E0,0.E0,1.E0));
#8919=DIRECTION('',(1.E0,0.E0,0.E0));
#8920=AXIS2_PLACEMENT_3D('',#8917,#8918,#8919);
#8921=PLANE('',#8920);
#8922=ORIENTED_EDGE('',*,*,#7930,.T.);
#8923=ORIENTED_EDGE('',*,*,#8909,.F.);
#8924=ORIENTED_EDGE('',*,*,#8027,.F.);
#8925=ORIENTED_EDGE('',*,*,#6659,.F.);
#8926=ORIENTED_EDGE('',*,*,#8332,.T.);
#8927=ORIENTED_EDGE('',*,*,#7455,.T.);
#8928=EDGE_LOOP('',(#8922,#8923,#8924,#8925,#8926,#8927));
#8929=FACE_OUTER_BOUND('',#8928,.F.);
#8931=CARTESIAN_POINT('',(1.875E0,-2.5E-2,2.225E0));
#8932=DIRECTION('',(-1.E0,0.E0,0.E0));
#8933=DIRECTION('',(0.E0,0.E0,1.E0));
#8934=AXIS2_PLACEMENT_3D('',#8931,#8932,#8933);
#8935=PLANE('',#8934);
#8936=ORIENTED_EDGE('',*,*,#7441,.F.);
#8937=ORIENTED_EDGE('',*,*,#8053,.F.);
#8938=ORIENTED_EDGE('',*,*,#6477,.T.);
#8940=ORIENTED_EDGE('',*,*,#8939,.T.);
#8942=ORIENTED_EDGE('',*,*,#8941,.T.);
#8943=ORIENTED_EDGE('',*,*,#7952,.F.);
#8944=EDGE_LOOP('',(#8936,#8937,#8938,#8940,#8942,#8943));
#8945=FACE_OUTER_BOUND('',#8944,.F.);
#8947=CARTESIAN_POINT('',(1.75E0,-2.5E-2,2.225E0));
#8948=DIRECTION('',(0.E0,-1.E0,0.E0));
#8949=DIRECTION('',(1.E0,0.E0,0.E0));
#8950=AXIS2_PLACEMENT_3D('',#8947,#8948,#8949);
#8951=CYLINDRICAL_SURFACE('',#8950,1.25E-1);
#8953=ORIENTED_EDGE('',*,*,#8952,.T.);
#8955=ORIENTED_EDGE('',*,*,#8954,.T.);
#8956=ORIENTED_EDGE('',*,*,#8939,.F.);
#8957=ORIENTED_EDGE('',*,*,#6475,.F.);
#8958=EDGE_LOOP('',(#8953,#8955,#8956,#8957));
#8959=FACE_OUTER_BOUND('',#8958,.F.);
#8961=CARTESIAN_POINT('',(1.625E0,-2.5E-2,2.5E0));
#8962=DIRECTION('',(1.E0,0.E0,0.E0));
#8963=DIRECTION('',(0.E0,0.E0,-1.E0));
#8964=AXIS2_PLACEMENT_3D('',#8961,#8962,#8963);
#8965=PLANE('',#8964);
#8966=ORIENTED_EDGE('',*,*,#7421,.F.);
#8967=ORIENTED_EDGE('',*,*,#7956,.T.);
#8969=ORIENTED_EDGE('',*,*,#8968,.T.);
#8970=ORIENTED_EDGE('',*,*,#8952,.F.);
#8971=ORIENTED_EDGE('',*,*,#6473,.F.);
#8972=ORIENTED_EDGE('',*,*,#8070,.T.);
#8973=EDGE_LOOP('',(#8966,#8967,#8969,#8970,#8971,#8972));
#8974=FACE_OUTER_BOUND('',#8973,.F.);
#8976=CARTESIAN_POINT('',(0.E0,1.75E-1,0.E0));
#8977=DIRECTION('',(0.E0,-1.E0,0.E0));
#8978=DIRECTION('',(1.E0,0.E0,0.E0));
#8979=AXIS2_PLACEMENT_3D('',#8976,#8977,#8978);
#8980=PLANE('',#8979);
#8981=ORIENTED_EDGE('',*,*,#7954,.T.);
#8982=ORIENTED_EDGE('',*,*,#8941,.F.);
#8983=ORIENTED_EDGE('',*,*,#8954,.F.);
#8984=ORIENTED_EDGE('',*,*,#8968,.F.);
#8985=EDGE_LOOP('',(#8981,#8982,#8983,#8984));
#8986=FACE_OUTER_BOUND('',#8985,.F.);
#8988=CARTESIAN_POINT('',(1.375E0,-2.5E-2,2.225E0));
#8989=DIRECTION('',(-1.E0,0.E0,0.E0));
#8990=DIRECTION('',(0.E0,0.E0,1.E0));
#8991=AXIS2_PLACEMENT_3D('',#8988,#8989,#8990);
#8992=PLANE('',#8991);
#8993=ORIENTED_EDGE('',*,*,#7425,.F.);
#8994=ORIENTED_EDGE('',*,*,#8067,.F.);
#8995=ORIENTED_EDGE('',*,*,#6469,.T.);
#8997=ORIENTED_EDGE('',*,*,#8996,.T.);
#8999=ORIENTED_EDGE('',*,*,#8998,.T.);
#9000=ORIENTED_EDGE('',*,*,#7959,.F.);
#9001=EDGE_LOOP('',(#8993,#8994,#8995,#8997,#8999,#9000));
#9002=FACE_OUTER_BOUND('',#9001,.F.);
#9004=CARTESIAN_POINT('',(1.25E0,-2.5E-2,2.225E0));
#9005=DIRECTION('',(0.E0,-1.E0,0.E0));
#9006=DIRECTION('',(1.E0,0.E0,0.E0));
#9007=AXIS2_PLACEMENT_3D('',#9004,#9005,#9006);
#9008=CYLINDRICAL_SURFACE('',#9007,1.25E-1);
#9010=ORIENTED_EDGE('',*,*,#9009,.T.);
#9012=ORIENTED_EDGE('',*,*,#9011,.T.);
#9013=ORIENTED_EDGE('',*,*,#8996,.F.);
#9014=ORIENTED_EDGE('',*,*,#6467,.F.);
#9015=EDGE_LOOP('',(#9010,#9012,#9013,#9014));
#9016=FACE_OUTER_BOUND('',#9015,.F.);
#9018=CARTESIAN_POINT('',(1.125E0,-2.5E-2,2.5E0));
#9019=DIRECTION('',(1.E0,0.E0,0.E0));
#9020=DIRECTION('',(0.E0,0.E0,-1.E0));
#9021=AXIS2_PLACEMENT_3D('',#9018,#9019,#9020);
#9022=PLANE('',#9021);
#9023=ORIENTED_EDGE('',*,*,#7405,.F.);
#9024=ORIENTED_EDGE('',*,*,#7963,.T.);
#9026=ORIENTED_EDGE('',*,*,#9025,.T.);
#9027=ORIENTED_EDGE('',*,*,#9009,.F.);
#9028=ORIENTED_EDGE('',*,*,#6465,.F.);
#9029=ORIENTED_EDGE('',*,*,#8084,.T.);
#9030=EDGE_LOOP('',(#9023,#9024,#9026,#9027,#9028,#9029));
#9031=FACE_OUTER_BOUND('',#9030,.F.);
#9033=CARTESIAN_POINT('',(0.E0,1.75E-1,0.E0));
#9034=DIRECTION('',(0.E0,-1.E0,0.E0));
#9035=DIRECTION('',(1.E0,0.E0,0.E0));
#9036=AXIS2_PLACEMENT_3D('',#9033,#9034,#9035);
#9037=PLANE('',#9036);
#9038=ORIENTED_EDGE('',*,*,#7961,.T.);
#9039=ORIENTED_EDGE('',*,*,#8998,.F.);
#9040=ORIENTED_EDGE('',*,*,#9011,.F.);
#9041=ORIENTED_EDGE('',*,*,#9025,.F.);
#9042=EDGE_LOOP('',(#9038,#9039,#9040,#9041));
#9043=FACE_OUTER_BOUND('',#9042,.F.);
#9045=CARTESIAN_POINT('',(8.75E-1,-2.5E-2,2.225E0));
#9046=DIRECTION('',(-1.E0,0.E0,0.E0));
#9047=DIRECTION('',(0.E0,0.E0,1.E0));
#9048=AXIS2_PLACEMENT_3D('',#9045,#9046,#9047);
#9049=PLANE('',#9048);
#9050=ORIENTED_EDGE('',*,*,#7409,.F.);
#9051=ORIENTED_EDGE('',*,*,#8081,.F.);
#9052=ORIENTED_EDGE('',*,*,#6461,.T.);
#9054=ORIENTED_EDGE('',*,*,#9053,.T.);
#9056=ORIENTED_EDGE('',*,*,#9055,.T.);
#9057=ORIENTED_EDGE('',*,*,#7966,.F.);
#9058=EDGE_LOOP('',(#9050,#9051,#9052,#9054,#9056,#9057));
#9059=FACE_OUTER_BOUND('',#9058,.F.);
#9061=CARTESIAN_POINT('',(7.5E-1,-2.5E-2,2.225E0));
#9062=DIRECTION('',(0.E0,-1.E0,0.E0));
#9063=DIRECTION('',(1.E0,0.E0,0.E0));
#9064=AXIS2_PLACEMENT_3D('',#9061,#9062,#9063);
#9065=CYLINDRICAL_SURFACE('',#9064,1.25E-1);
#9067=ORIENTED_EDGE('',*,*,#9066,.T.);
#9069=ORIENTED_EDGE('',*,*,#9068,.T.);
#9070=ORIENTED_EDGE('',*,*,#9053,.F.);
#9071=ORIENTED_EDGE('',*,*,#6459,.F.);
#9072=EDGE_LOOP('',(#9067,#9069,#9070,#9071));
#9073=FACE_OUTER_BOUND('',#9072,.F.);
#9075=CARTESIAN_POINT('',(6.25E-1,-2.5E-2,2.5E0));
#9076=DIRECTION('',(1.E0,0.E0,0.E0));
#9077=DIRECTION('',(0.E0,0.E0,-1.E0));
#9078=AXIS2_PLACEMENT_3D('',#9075,#9076,#9077);
#9079=PLANE('',#9078);
#9080=ORIENTED_EDGE('',*,*,#7389,.F.);
#9081=ORIENTED_EDGE('',*,*,#7970,.T.);
#9083=ORIENTED_EDGE('',*,*,#9082,.T.);
#9084=ORIENTED_EDGE('',*,*,#9066,.F.);
#9085=ORIENTED_EDGE('',*,*,#6457,.F.);
#9086=ORIENTED_EDGE('',*,*,#8098,.T.);
#9087=EDGE_LOOP('',(#9080,#9081,#9083,#9084,#9085,#9086));
#9088=FACE_OUTER_BOUND('',#9087,.F.);
#9090=CARTESIAN_POINT('',(0.E0,1.75E-1,0.E0));
#9091=DIRECTION('',(0.E0,-1.E0,0.E0));
#9092=DIRECTION('',(1.E0,0.E0,0.E0));
#9093=AXIS2_PLACEMENT_3D('',#9090,#9091,#9092);
#9094=PLANE('',#9093);
#9095=ORIENTED_EDGE('',*,*,#7968,.T.);
#9096=ORIENTED_EDGE('',*,*,#9055,.F.);
#9097=ORIENTED_EDGE('',*,*,#9068,.F.);
#9098=ORIENTED_EDGE('',*,*,#9082,.F.);
#9099=EDGE_LOOP('',(#9095,#9096,#9097,#9098));
#9100=FACE_OUTER_BOUND('',#9099,.F.);
#9102=CARTESIAN_POINT('',(3.75E-1,-2.5E-2,2.225E0));
#9103=DIRECTION('',(-1.E0,0.E0,0.E0));
#9104=DIRECTION('',(0.E0,0.E0,1.E0));
#9105=AXIS2_PLACEMENT_3D('',#9102,#9103,#9104);
#9106=PLANE('',#9105);
#9107=ORIENTED_EDGE('',*,*,#7393,.F.);
#9108=ORIENTED_EDGE('',*,*,#8095,.F.);
#9109=ORIENTED_EDGE('',*,*,#6453,.T.);
#9111=ORIENTED_EDGE('',*,*,#9110,.T.);
#9113=ORIENTED_EDGE('',*,*,#9112,.T.);
#9114=ORIENTED_EDGE('',*,*,#7973,.F.);
#9115=EDGE_LOOP('',(#9107,#9108,#9109,#9111,#9113,#9114));
#9116=FACE_OUTER_BOUND('',#9115,.F.);
#9118=CARTESIAN_POINT('',(2.5E-1,-2.5E-2,2.225E0));
#9119=DIRECTION('',(0.E0,-1.E0,0.E0));
#9120=DIRECTION('',(1.E0,0.E0,0.E0));
#9121=AXIS2_PLACEMENT_3D('',#9118,#9119,#9120);
#9122=CYLINDRICAL_SURFACE('',#9121,1.25E-1);
#9124=ORIENTED_EDGE('',*,*,#9123,.T.);
#9126=ORIENTED_EDGE('',*,*,#9125,.T.);
#9127=ORIENTED_EDGE('',*,*,#9110,.F.);
#9128=ORIENTED_EDGE('',*,*,#6451,.F.);
#9129=EDGE_LOOP('',(#9124,#9126,#9127,#9128));
#9130=FACE_OUTER_BOUND('',#9129,.F.);
#9132=CARTESIAN_POINT('',(1.25E-1,-2.5E-2,2.5E0));
#9133=DIRECTION('',(1.E0,0.E0,0.E0));
#9134=DIRECTION('',(0.E0,0.E0,-1.E0));
#9135=AXIS2_PLACEMENT_3D('',#9132,#9133,#9134);
#9136=PLANE('',#9135);
#9137=ORIENTED_EDGE('',*,*,#7373,.F.);
#9138=ORIENTED_EDGE('',*,*,#7977,.T.);
#9140=ORIENTED_EDGE('',*,*,#9139,.T.);
#9141=ORIENTED_EDGE('',*,*,#9123,.F.);
#9142=ORIENTED_EDGE('',*,*,#6449,.F.);
#9143=ORIENTED_EDGE('',*,*,#8112,.T.);
#9144=EDGE_LOOP('',(#9137,#9138,#9140,#9141,#9142,#9143));
#9145=FACE_OUTER_BOUND('',#9144,.F.);
#9147=CARTESIAN_POINT('',(0.E0,1.75E-1,0.E0));
#9148=DIRECTION('',(0.E0,-1.E0,0.E0));
#9149=DIRECTION('',(1.E0,0.E0,0.E0));
#9150=AXIS2_PLACEMENT_3D('',#9147,#9148,#9149);
#9151=PLANE('',#9150);
#9152=ORIENTED_EDGE('',*,*,#7975,.T.);
#9153=ORIENTED_EDGE('',*,*,#9112,.F.);
#9154=ORIENTED_EDGE('',*,*,#9125,.F.);
#9155=ORIENTED_EDGE('',*,*,#9139,.F.);
#9156=EDGE_LOOP('',(#9152,#9153,#9154,#9155));
#9157=FACE_OUTER_BOUND('',#9156,.F.);
#9159=CARTESIAN_POINT('',(-1.25E-1,-2.5E-2,2.225E0));
#9160=DIRECTION('',(-1.E0,0.E0,0.E0));
#9161=DIRECTION('',(0.E0,0.E0,1.E0));
#9162=AXIS2_PLACEMENT_3D('',#9159,#9160,#9161);
#9163=PLANE('',#9162);
#9164=ORIENTED_EDGE('',*,*,#7377,.F.);
#9165=ORIENTED_EDGE('',*,*,#8109,.F.);
#9166=ORIENTED_EDGE('',*,*,#6445,.T.);
#9168=ORIENTED_EDGE('',*,*,#9167,.T.);
#9170=ORIENTED_EDGE('',*,*,#9169,.T.);
#9171=ORIENTED_EDGE('',*,*,#7980,.F.);
#9172=EDGE_LOOP('',(#9164,#9165,#9166,#9168,#9170,#9171));
#9173=FACE_OUTER_BOUND('',#9172,.F.);
#9175=CARTESIAN_POINT('',(-2.5E-1,-2.5E-2,2.225E0));
#9176=DIRECTION('',(0.E0,-1.E0,0.E0));
#9177=DIRECTION('',(1.E0,0.E0,0.E0));
#9178=AXIS2_PLACEMENT_3D('',#9175,#9176,#9177);
#9179=CYLINDRICAL_SURFACE('',#9178,1.25E-1);
#9181=ORIENTED_EDGE('',*,*,#9180,.T.);
#9183=ORIENTED_EDGE('',*,*,#9182,.T.);
#9184=ORIENTED_EDGE('',*,*,#9167,.F.);
#9185=ORIENTED_EDGE('',*,*,#6443,.F.);
#9186=EDGE_LOOP('',(#9181,#9183,#9184,#9185));
#9187=FACE_OUTER_BOUND('',#9186,.F.);
#9189=CARTESIAN_POINT('',(-3.75E-1,-2.5E-2,2.5E0));
#9190=DIRECTION('',(1.E0,0.E0,0.E0));
#9191=DIRECTION('',(0.E0,0.E0,-1.E0));
#9192=AXIS2_PLACEMENT_3D('',#9189,#9190,#9191);
#9193=PLANE('',#9192);
#9194=ORIENTED_EDGE('',*,*,#7357,.F.);
#9195=ORIENTED_EDGE('',*,*,#7984,.T.);
#9197=ORIENTED_EDGE('',*,*,#9196,.T.);
#9198=ORIENTED_EDGE('',*,*,#9180,.F.);
#9199=ORIENTED_EDGE('',*,*,#6441,.F.);
#9200=ORIENTED_EDGE('',*,*,#8126,.T.);
#9201=EDGE_LOOP('',(#9194,#9195,#9197,#9198,#9199,#9200));
#9202=FACE_OUTER_BOUND('',#9201,.F.);
#9204=CARTESIAN_POINT('',(0.E0,1.75E-1,0.E0));
#9205=DIRECTION('',(0.E0,-1.E0,0.E0));
#9206=DIRECTION('',(1.E0,0.E0,0.E0));
#9207=AXIS2_PLACEMENT_3D('',#9204,#9205,#9206);
#9208=PLANE('',#9207);
#9209=ORIENTED_EDGE('',*,*,#7982,.T.);
#9210=ORIENTED_EDGE('',*,*,#9169,.F.);
#9211=ORIENTED_EDGE('',*,*,#9182,.F.);
#9212=ORIENTED_EDGE('',*,*,#9196,.F.);
#9213=EDGE_LOOP('',(#9209,#9210,#9211,#9212));
#9214=FACE_OUTER_BOUND('',#9213,.F.);
#9216=CARTESIAN_POINT('',(-6.25E-1,-2.5E-2,2.225E0));
#9217=DIRECTION('',(-1.E0,0.E0,0.E0));
#9218=DIRECTION('',(0.E0,0.E0,1.E0));
#9219=AXIS2_PLACEMENT_3D('',#9216,#9217,#9218);
#9220=PLANE('',#9219);
#9221=ORIENTED_EDGE('',*,*,#7361,.F.);
#9222=ORIENTED_EDGE('',*,*,#8123,.F.);
#9223=ORIENTED_EDGE('',*,*,#6437,.T.);
#9225=ORIENTED_EDGE('',*,*,#9224,.T.);
#9227=ORIENTED_EDGE('',*,*,#9226,.T.);
#9228=ORIENTED_EDGE('',*,*,#7987,.F.);
#9229=EDGE_LOOP('',(#9221,#9222,#9223,#9225,#9227,#9228));
#9230=FACE_OUTER_BOUND('',#9229,.F.);
#9232=CARTESIAN_POINT('',(-7.5E-1,-2.5E-2,2.225E0));
#9233=DIRECTION('',(0.E0,-1.E0,0.E0));
#9234=DIRECTION('',(1.E0,0.E0,0.E0));
#9235=AXIS2_PLACEMENT_3D('',#9232,#9233,#9234);
#9236=CYLINDRICAL_SURFACE('',#9235,1.25E-1);
#9238=ORIENTED_EDGE('',*,*,#9237,.T.);
#9240=ORIENTED_EDGE('',*,*,#9239,.T.);
#9241=ORIENTED_EDGE('',*,*,#9224,.F.);
#9242=ORIENTED_EDGE('',*,*,#6435,.F.);
#9243=EDGE_LOOP('',(#9238,#9240,#9241,#9242));
#9244=FACE_OUTER_BOUND('',#9243,.F.);
#9246=CARTESIAN_POINT('',(-8.75E-1,-2.5E-2,2.5E0));
#9247=DIRECTION('',(1.E0,0.E0,0.E0));
#9248=DIRECTION('',(0.E0,0.E0,-1.E0));
#9249=AXIS2_PLACEMENT_3D('',#9246,#9247,#9248);
#9250=PLANE('',#9249);
#9251=ORIENTED_EDGE('',*,*,#7341,.F.);
#9252=ORIENTED_EDGE('',*,*,#7991,.T.);
#9254=ORIENTED_EDGE('',*,*,#9253,.T.);
#9255=ORIENTED_EDGE('',*,*,#9237,.F.);
#9256=ORIENTED_EDGE('',*,*,#6433,.F.);
#9257=ORIENTED_EDGE('',*,*,#8140,.T.);
#9258=EDGE_LOOP('',(#9251,#9252,#9254,#9255,#9256,#9257));
#9259=FACE_OUTER_BOUND('',#9258,.F.);
#9261=CARTESIAN_POINT('',(0.E0,1.75E-1,0.E0));
#9262=DIRECTION('',(0.E0,-1.E0,0.E0));
#9263=DIRECTION('',(1.E0,0.E0,0.E0));
#9264=AXIS2_PLACEMENT_3D('',#9261,#9262,#9263);
#9265=PLANE('',#9264);
#9266=ORIENTED_EDGE('',*,*,#7989,.T.);
#9267=ORIENTED_EDGE('',*,*,#9226,.F.);
#9268=ORIENTED_EDGE('',*,*,#9239,.F.);
#9269=ORIENTED_EDGE('',*,*,#9253,.F.);
#9270=EDGE_LOOP('',(#9266,#9267,#9268,#9269));
#9271=FACE_OUTER_BOUND('',#9270,.F.);
#9273=CARTESIAN_POINT('',(-1.125E0,-2.5E-2,2.225E0));
#9274=DIRECTION('',(-1.E0,0.E0,0.E0));
#9275=DIRECTION('',(0.E0,0.E0,1.E0));
#9276=AXIS2_PLACEMENT_3D('',#9273,#9274,#9275);
#9277=PLANE('',#9276);
#9278=ORIENTED_EDGE('',*,*,#7345,.F.);
#9279=ORIENTED_EDGE('',*,*,#8137,.F.);
#9280=ORIENTED_EDGE('',*,*,#6429,.T.);
#9282=ORIENTED_EDGE('',*,*,#9281,.T.);
#9284=ORIENTED_EDGE('',*,*,#9283,.T.);
#9285=ORIENTED_EDGE('',*,*,#7994,.F.);
#9286=EDGE_LOOP('',(#9278,#9279,#9280,#9282,#9284,#9285));
#9287=FACE_OUTER_BOUND('',#9286,.F.);
#9289=CARTESIAN_POINT('',(-1.25E0,-2.5E-2,2.225E0));
#9290=DIRECTION('',(0.E0,-1.E0,0.E0));
#9291=DIRECTION('',(1.E0,0.E0,0.E0));
#9292=AXIS2_PLACEMENT_3D('',#9289,#9290,#9291);
#9293=CYLINDRICAL_SURFACE('',#9292,1.25E-1);
#9295=ORIENTED_EDGE('',*,*,#9294,.T.);
#9297=ORIENTED_EDGE('',*,*,#9296,.T.);
#9298=ORIENTED_EDGE('',*,*,#9281,.F.);
#9299=ORIENTED_EDGE('',*,*,#6427,.F.);
#9300=EDGE_LOOP('',(#9295,#9297,#9298,#9299));
#9301=FACE_OUTER_BOUND('',#9300,.F.);
#9303=CARTESIAN_POINT('',(-1.375E0,-2.5E-2,2.5E0));
#9304=DIRECTION('',(1.E0,0.E0,0.E0));
#9305=DIRECTION('',(0.E0,0.E0,-1.E0));
#9306=AXIS2_PLACEMENT_3D('',#9303,#9304,#9305);
#9307=PLANE('',#9306);
#9308=ORIENTED_EDGE('',*,*,#7325,.F.);
#9309=ORIENTED_EDGE('',*,*,#7998,.T.);
#9311=ORIENTED_EDGE('',*,*,#9310,.T.);
#9312=ORIENTED_EDGE('',*,*,#9294,.F.);
#9313=ORIENTED_EDGE('',*,*,#6425,.F.);
#9314=ORIENTED_EDGE('',*,*,#8154,.T.);
#9315=EDGE_LOOP('',(#9308,#9309,#9311,#9312,#9313,#9314));
#9316=FACE_OUTER_BOUND('',#9315,.F.);
#9318=CARTESIAN_POINT('',(0.E0,1.75E-1,0.E0));
#9319=DIRECTION('',(0.E0,-1.E0,0.E0));
#9320=DIRECTION('',(1.E0,0.E0,0.E0));
#9321=AXIS2_PLACEMENT_3D('',#9318,#9319,#9320);
#9322=PLANE('',#9321);
#9323=ORIENTED_EDGE('',*,*,#7996,.T.);
#9324=ORIENTED_EDGE('',*,*,#9283,.F.);
#9325=ORIENTED_EDGE('',*,*,#9296,.F.);
#9326=ORIENTED_EDGE('',*,*,#9310,.F.);
#9327=EDGE_LOOP('',(#9323,#9324,#9325,#9326));
#9328=FACE_OUTER_BOUND('',#9327,.F.);
#9330=CARTESIAN_POINT('',(-1.625E0,-2.5E-2,2.225E0));
#9331=DIRECTION('',(-1.E0,0.E0,0.E0));
#9332=DIRECTION('',(0.E0,0.E0,1.E0));
#9333=AXIS2_PLACEMENT_3D('',#9330,#9331,#9332);
#9334=PLANE('',#9333);
#9335=ORIENTED_EDGE('',*,*,#7329,.F.);
#9336=ORIENTED_EDGE('',*,*,#8151,.F.);
#9337=ORIENTED_EDGE('',*,*,#6421,.T.);
#9339=ORIENTED_EDGE('',*,*,#9338,.T.);
#9341=ORIENTED_EDGE('',*,*,#9340,.T.);
#9342=ORIENTED_EDGE('',*,*,#8001,.F.);
#9343=EDGE_LOOP('',(#9335,#9336,#9337,#9339,#9341,#9342));
#9344=FACE_OUTER_BOUND('',#9343,.F.);
#9346=CARTESIAN_POINT('',(-1.75E0,-2.5E-2,2.225E0));
#9347=DIRECTION('',(0.E0,-1.E0,0.E0));
#9348=DIRECTION('',(1.E0,0.E0,0.E0));
#9349=AXIS2_PLACEMENT_3D('',#9346,#9347,#9348);
#9350=CYLINDRICAL_SURFACE('',#9349,1.25E-1);
#9352=ORIENTED_EDGE('',*,*,#9351,.T.);
#9354=ORIENTED_EDGE('',*,*,#9353,.T.);
#9355=ORIENTED_EDGE('',*,*,#9338,.F.);
#9356=ORIENTED_EDGE('',*,*,#6419,.F.);
#9357=EDGE_LOOP('',(#9352,#9354,#9355,#9356));
#9358=FACE_OUTER_BOUND('',#9357,.F.);
#9360=CARTESIAN_POINT('',(-1.875E0,-2.5E-2,2.5E0));
#9361=DIRECTION('',(1.E0,0.E0,0.E0));
#9362=DIRECTION('',(0.E0,0.E0,-1.E0));
#9363=AXIS2_PLACEMENT_3D('',#9360,#9361,#9362);
#9364=PLANE('',#9363);
#9365=ORIENTED_EDGE('',*,*,#7309,.F.);
#9366=ORIENTED_EDGE('',*,*,#8005,.T.);
#9368=ORIENTED_EDGE('',*,*,#9367,.T.);
#9369=ORIENTED_EDGE('',*,*,#9351,.F.);
#9370=ORIENTED_EDGE('',*,*,#6417,.F.);
#9371=ORIENTED_EDGE('',*,*,#8168,.T.);
#9372=EDGE_LOOP('',(#9365,#9366,#9368,#9369,#9370,#9371));
#9373=FACE_OUTER_BOUND('',#9372,.F.);
#9375=CARTESIAN_POINT('',(0.E0,1.75E-1,0.E0));
#9376=DIRECTION('',(0.E0,-1.E0,0.E0));
#9377=DIRECTION('',(1.E0,0.E0,0.E0));
#9378=AXIS2_PLACEMENT_3D('',#9375,#9376,#9377);
#9379=PLANE('',#9378);
#9380=ORIENTED_EDGE('',*,*,#8003,.T.);
#9381=ORIENTED_EDGE('',*,*,#9340,.F.);
#9382=ORIENTED_EDGE('',*,*,#9353,.F.);
#9383=ORIENTED_EDGE('',*,*,#9367,.F.);
#9384=EDGE_LOOP('',(#9380,#9381,#9382,#9383));
#9385=FACE_OUTER_BOUND('',#9384,.F.);
#9387=CARTESIAN_POINT('',(-2.125E0,-2.5E-2,2.125E0));
#9388=DIRECTION('',(-1.E0,0.E0,0.E0));
#9389=DIRECTION('',(0.E0,0.E0,1.E0));
#9390=AXIS2_PLACEMENT_3D('',#9387,#9388,#9389);
#9391=PLANE('',#9390);
#9392=ORIENTED_EDGE('',*,*,#8008,.F.);
#9393=ORIENTED_EDGE('',*,*,#7313,.F.);
#9394=ORIENTED_EDGE('',*,*,#8165,.F.);
#9395=ORIENTED_EDGE('',*,*,#6413,.T.);
#9397=ORIENTED_EDGE('',*,*,#9396,.T.);
#9399=ORIENTED_EDGE('',*,*,#9398,.T.);
#9400=EDGE_LOOP('',(#9392,#9393,#9394,#9395,#9397,#9399));
#9401=FACE_OUTER_BOUND('',#9400,.F.);
#9403=CARTESIAN_POINT('',(-2.5E0,-2.5E-2,2.125E0));
#9404=DIRECTION('',(0.E0,0.E0,1.E0));
#9405=DIRECTION('',(1.E0,0.E0,0.E0));
#9406=AXIS2_PLACEMENT_3D('',#9403,#9404,#9405);
#9407=PLANE('',#9406);
#9408=ORIENTED_EDGE('',*,*,#7770,.T.);
#9410=ORIENTED_EDGE('',*,*,#9409,.T.);
#9411=ORIENTED_EDGE('',*,*,#9396,.F.);
#9412=ORIENTED_EDGE('',*,*,#6411,.F.);
#9414=ORIENTED_EDGE('',*,*,#9413,.T.);
#9415=ORIENTED_EDGE('',*,*,#7273,.F.);
#9416=EDGE_LOOP('',(#9408,#9410,#9411,#9412,#9414,#9415));
#9417=FACE_OUTER_BOUND('',#9416,.F.);
#9419=CARTESIAN_POINT('',(0.E0,1.75E-1,0.E0));
#9420=DIRECTION('',(0.E0,-1.E0,0.E0));
#9421=DIRECTION('',(1.E0,0.E0,0.E0));
#9422=AXIS2_PLACEMENT_3D('',#9419,#9420,#9421);
#9423=PLANE('',#9422);
#9424=ORIENTED_EDGE('',*,*,#7768,.F.);
#9426=ORIENTED_EDGE('',*,*,#9425,.F.);
#9428=ORIENTED_EDGE('',*,*,#9427,.F.);
#9429=ORIENTED_EDGE('',*,*,#8010,.T.);
#9430=ORIENTED_EDGE('',*,*,#9398,.F.);
#9431=ORIENTED_EDGE('',*,*,#9409,.F.);
#9432=EDGE_LOOP('',(#9424,#9426,#9428,#9429,#9430,#9431));
#9433=FACE_OUTER_BOUND('',#9432,.F.);
#9435=CARTESIAN_POINT('',(-2.325E0,-2.5E-2,2.325E0));
#9436=DIRECTION('',(0.E0,0.E0,-1.E0));
#9437=DIRECTION('',(-1.E0,0.E0,0.E0));
#9438=AXIS2_PLACEMENT_3D('',#9435,#9436,#9437);
#9439=PLANE('',#9438);
#9440=ORIENTED_EDGE('',*,*,#7766,.F.);
#9441=ORIENTED_EDGE('',*,*,#7297,.F.);
#9443=ORIENTED_EDGE('',*,*,#9442,.F.);
#9444=ORIENTED_EDGE('',*,*,#6677,.T.);
#9446=ORIENTED_EDGE('',*,*,#9445,.T.);
#9447=ORIENTED_EDGE('',*,*,#9425,.T.);
#9448=EDGE_LOOP('',(#9440,#9441,#9443,#9444,#9446,#9447));
#9449=FACE_OUTER_BOUND('',#9448,.F.);
#9451=CARTESIAN_POINT('',(-2.45E0,-2.5E-2,2.45E0));
#9452=DIRECTION('',(1.E0,0.E0,0.E0));
#9453=DIRECTION('',(0.E0,0.E0,-1.E0));
#9454=AXIS2_PLACEMENT_3D('',#9451,#9452,#9453);
#9455=PLANE('',#9454);
#9456=ORIENTED_EDGE('',*,*,#6671,.T.);
#9457=ORIENTED_EDGE('',*,*,#9442,.T.);
#9458=ORIENTED_EDGE('',*,*,#7295,.F.);
#9459=ORIENTED_EDGE('',*,*,#8182,.F.);
#9460=EDGE_LOOP('',(#9456,#9457,#9458,#9459));
#9461=FACE_OUTER_BOUND('',#9460,.F.);
#9463=CARTESIAN_POINT('',(-2.45E0,-2.5E-2,2.45E0));
#9464=DIRECTION('',(1.E0,0.E0,0.E0));
#9465=DIRECTION('',(0.E0,0.E0,-1.E0));
#9466=AXIS2_PLACEMENT_3D('',#9463,#9464,#9465);
#9467=PLANE('',#9466);
#9468=ORIENTED_EDGE('',*,*,#6409,.T.);
#9470=ORIENTED_EDGE('',*,*,#9469,.T.);
#9471=ORIENTED_EDGE('',*,*,#7275,.F.);
#9472=ORIENTED_EDGE('',*,*,#9413,.F.);
#9473=EDGE_LOOP('',(#9468,#9470,#9471,#9472));
#9474=FACE_OUTER_BOUND('',#9473,.F.);
#9476=CARTESIAN_POINT('',(-2.45E0,-2.5E-2,2.45E0));
#9477=DIRECTION('',(1.E0,0.E0,0.E0));
#9478=DIRECTION('',(0.E0,0.E0,-1.E0));
#9479=AXIS2_PLACEMENT_3D('',#9476,#9477,#9478);
#9480=PLANE('',#9479);
#9481=ORIENTED_EDGE('',*,*,#6401,.T.);
#9483=ORIENTED_EDGE('',*,*,#9482,.T.);
#9484=ORIENTED_EDGE('',*,*,#7259,.F.);
#9486=ORIENTED_EDGE('',*,*,#9485,.F.);
#9487=EDGE_LOOP('',(#9481,#9483,#9484,#9486));
#9488=FACE_OUTER_BOUND('',#9487,.F.);
#9490=CARTESIAN_POINT('',(-2.45E0,-2.5E-2,2.45E0));
#9491=DIRECTION('',(1.E0,0.E0,0.E0));
#9492=DIRECTION('',(0.E0,0.E0,-1.E0));
#9493=AXIS2_PLACEMENT_3D('',#9490,#9491,#9492);
#9494=PLANE('',#9493);
#9495=ORIENTED_EDGE('',*,*,#6393,.T.);
#9497=ORIENTED_EDGE('',*,*,#9496,.T.);
#9498=ORIENTED_EDGE('',*,*,#7243,.F.);
#9500=ORIENTED_EDGE('',*,*,#9499,.F.);
#9501=EDGE_LOOP('',(#9495,#9497,#9498,#9500));
#9502=FACE_OUTER_BOUND('',#9501,.F.);
#9504=CARTESIAN_POINT('',(-2.45E0,-2.5E-2,2.45E0));
#9505=DIRECTION('',(1.E0,0.E0,0.E0));
#9506=DIRECTION('',(0.E0,0.E0,-1.E0));
#9507=AXIS2_PLACEMENT_3D('',#9504,#9505,#9506);
#9508=PLANE('',#9507);
#9509=ORIENTED_EDGE('',*,*,#6385,.T.);
#9511=ORIENTED_EDGE('',*,*,#9510,.T.);
#9512=ORIENTED_EDGE('',*,*,#7227,.F.);
#9514=ORIENTED_EDGE('',*,*,#9513,.F.);
#9515=EDGE_LOOP('',(#9509,#9511,#9512,#9514));
#9516=FACE_OUTER_BOUND('',#9515,.F.);
#9518=CARTESIAN_POINT('',(-2.45E0,-2.5E-2,2.45E0));
#9519=DIRECTION('',(1.E0,0.E0,0.E0));
#9520=DIRECTION('',(0.E0,0.E0,-1.E0));
#9521=AXIS2_PLACEMENT_3D('',#9518,#9519,#9520);
#9522=PLANE('',#9521);
#9523=ORIENTED_EDGE('',*,*,#6377,.T.);
#9525=ORIENTED_EDGE('',*,*,#9524,.T.);
#9526=ORIENTED_EDGE('',*,*,#7211,.F.);
#9528=ORIENTED_EDGE('',*,*,#9527,.F.);
#9529=EDGE_LOOP('',(#9523,#9525,#9526,#9528));
#9530=FACE_OUTER_BOUND('',#9529,.F.);
#9532=CARTESIAN_POINT('',(-2.45E0,-2.5E-2,2.45E0));
#9533=DIRECTION('',(1.E0,0.E0,0.E0));
#9534=DIRECTION('',(0.E0,0.E0,-1.E0));
#9535=AXIS2_PLACEMENT_3D('',#9532,#9533,#9534);
#9536=PLANE('',#9535);
#9537=ORIENTED_EDGE('',*,*,#6369,.T.);
#9539=ORIENTED_EDGE('',*,*,#9538,.T.);
#9540=ORIENTED_EDGE('',*,*,#7195,.F.);
#9542=ORIENTED_EDGE('',*,*,#9541,.F.);
#9543=EDGE_LOOP('',(#9537,#9539,#9540,#9542));
#9544=FACE_OUTER_BOUND('',#9543,.F.);
#9546=CARTESIAN_POINT('',(-2.45E0,-2.5E-2,2.45E0));
#9547=DIRECTION('',(1.E0,0.E0,0.E0));
#9548=DIRECTION('',(0.E0,0.E0,-1.E0));
#9549=AXIS2_PLACEMENT_3D('',#9546,#9547,#9548);
#9550=PLANE('',#9549);
#9551=ORIENTED_EDGE('',*,*,#6361,.T.);
#9553=ORIENTED_EDGE('',*,*,#9552,.T.);
#9554=ORIENTED_EDGE('',*,*,#7179,.F.);
#9556=ORIENTED_EDGE('',*,*,#9555,.F.);
#9557=EDGE_LOOP('',(#9551,#9553,#9554,#9556));
#9558=FACE_OUTER_BOUND('',#9557,.F.);
#9560=CARTESIAN_POINT('',(-2.45E0,-2.5E-2,2.45E0));
#9561=DIRECTION('',(1.E0,0.E0,0.E0));
#9562=DIRECTION('',(0.E0,0.E0,-1.E0));
#9563=AXIS2_PLACEMENT_3D('',#9560,#9561,#9562);
#9564=PLANE('',#9563);
#9565=ORIENTED_EDGE('',*,*,#6353,.T.);
#9567=ORIENTED_EDGE('',*,*,#9566,.T.);
#9568=ORIENTED_EDGE('',*,*,#7163,.F.);
#9570=ORIENTED_EDGE('',*,*,#9569,.F.);
#9571=EDGE_LOOP('',(#9565,#9567,#9568,#9570));
#9572=FACE_OUTER_BOUND('',#9571,.F.);
#9574=CARTESIAN_POINT('',(-2.45E0,-2.5E-2,2.45E0));
#9575=DIRECTION('',(1.E0,0.E0,0.E0));
#9576=DIRECTION('',(0.E0,0.E0,-1.E0));
#9577=AXIS2_PLACEMENT_3D('',#9574,#9575,#9576);
#9578=PLANE('',#9577);
#9579=ORIENTED_EDGE('',*,*,#6345,.T.);
#9581=ORIENTED_EDGE('',*,*,#9580,.T.);
#9582=ORIENTED_EDGE('',*,*,#7147,.F.);
#9584=ORIENTED_EDGE('',*,*,#9583,.F.);
#9585=EDGE_LOOP('',(#9579,#9581,#9582,#9584));
#9586=FACE_OUTER_BOUND('',#9585,.F.);
#9588=CARTESIAN_POINT('',(-2.45E0,-2.5E-2,2.45E0));
#9589=DIRECTION('',(1.E0,0.E0,0.E0));
#9590=DIRECTION('',(0.E0,0.E0,-1.E0));
#9591=AXIS2_PLACEMENT_3D('',#9588,#9589,#9590);
#9592=PLANE('',#9591);
#9593=ORIENTED_EDGE('',*,*,#7130,.F.);
#9595=ORIENTED_EDGE('',*,*,#9594,.F.);
#9596=ORIENTED_EDGE('',*,*,#6325,.T.);
#9597=ORIENTED_EDGE('',*,*,#6853,.T.);
#9598=EDGE_LOOP('',(#9593,#9595,#9596,#9597));
#9599=FACE_OUTER_BOUND('',#9598,.F.);
#9601=CARTESIAN_POINT('',(-2.225E0,-2.5E-2,1.875E0));
#9602=DIRECTION('',(0.E0,0.E0,-1.E0));
#9603=DIRECTION('',(-1.E0,0.E0,0.E0));
#9604=AXIS2_PLACEMENT_3D('',#9601,#9602,#9603);
#9605=PLANE('',#9604);
#9606=ORIENTED_EDGE('',*,*,#7277,.F.);
#9607=ORIENTED_EDGE('',*,*,#9469,.F.);
#9608=ORIENTED_EDGE('',*,*,#6407,.T.);
#9610=ORIENTED_EDGE('',*,*,#9609,.T.);
#9612=ORIENTED_EDGE('',*,*,#9611,.T.);
#9613=ORIENTED_EDGE('',*,*,#7773,.F.);
#9614=EDGE_LOOP('',(#9606,#9607,#9608,#9610,#9612,#9613));
#9615=FACE_OUTER_BOUND('',#9614,.F.);
#9617=CARTESIAN_POINT('',(-2.225E0,-2.5E-2,1.75E0));
#9618=DIRECTION('',(0.E0,-1.E0,0.E0));
#9619=DIRECTION('',(-1.E0,0.E0,0.E0));
#9620=AXIS2_PLACEMENT_3D('',#9617,#9618,#9619);
#9621=CYLINDRICAL_SURFACE('',#9620,1.25E-1);
#9623=ORIENTED_EDGE('',*,*,#9622,.T.);
#9625=ORIENTED_EDGE('',*,*,#9624,.T.);
#9626=ORIENTED_EDGE('',*,*,#9609,.F.);
#9627=ORIENTED_EDGE('',*,*,#6405,.F.);
#9628=EDGE_LOOP('',(#9623,#9625,#9626,#9627));
#9629=FACE_OUTER_BOUND('',#9628,.F.);
#9631=CARTESIAN_POINT('',(-2.5E0,-2.5E-2,1.625E0));
#9632=DIRECTION('',(0.E0,0.E0,1.E0));
#9633=DIRECTION('',(1.E0,0.E0,0.E0));
#9634=AXIS2_PLACEMENT_3D('',#9631,#9632,#9633);
#9635=PLANE('',#9634);
#9636=ORIENTED_EDGE('',*,*,#7257,.F.);
#9637=ORIENTED_EDGE('',*,*,#7777,.T.);
#9639=ORIENTED_EDGE('',*,*,#9638,.T.);
#9640=ORIENTED_EDGE('',*,*,#9622,.F.);
#9641=ORIENTED_EDGE('',*,*,#6403,.F.);
#9642=ORIENTED_EDGE('',*,*,#9485,.T.);
#9643=EDGE_LOOP('',(#9636,#9637,#9639,#9640,#9641,#9642));
#9644=FACE_OUTER_BOUND('',#9643,.F.);
#9646=CARTESIAN_POINT('',(0.E0,1.75E-1,0.E0));
#9647=DIRECTION('',(0.E0,-1.E0,0.E0));
#9648=DIRECTION('',(-1.E0,0.E0,0.E0));
#9649=AXIS2_PLACEMENT_3D('',#9646,#9647,#9648);
#9650=PLANE('',#9649);
#9651=ORIENTED_EDGE('',*,*,#7775,.F.);
#9652=ORIENTED_EDGE('',*,*,#9611,.F.);
#9653=ORIENTED_EDGE('',*,*,#9624,.F.);
#9654=ORIENTED_EDGE('',*,*,#9638,.F.);
#9655=EDGE_LOOP('',(#9651,#9652,#9653,#9654));
#9656=FACE_OUTER_BOUND('',#9655,.F.);
#9658=CARTESIAN_POINT('',(-2.225E0,-2.5E-2,1.375E0));
#9659=DIRECTION('',(0.E0,0.E0,-1.E0));
#9660=DIRECTION('',(-1.E0,0.E0,0.E0));
#9661=AXIS2_PLACEMENT_3D('',#9658,#9659,#9660);
#9662=PLANE('',#9661);
#9663=ORIENTED_EDGE('',*,*,#7261,.F.);
#9664=ORIENTED_EDGE('',*,*,#9482,.F.);
#9665=ORIENTED_EDGE('',*,*,#6399,.T.);
#9667=ORIENTED_EDGE('',*,*,#9666,.T.);
#9669=ORIENTED_EDGE('',*,*,#9668,.T.);
#9670=ORIENTED_EDGE('',*,*,#7780,.F.);
#9671=EDGE_LOOP('',(#9663,#9664,#9665,#9667,#9669,#9670));
#9672=FACE_OUTER_BOUND('',#9671,.F.);
#9674=CARTESIAN_POINT('',(-2.225E0,-2.5E-2,1.25E0));
#9675=DIRECTION('',(0.E0,-1.E0,0.E0));
#9676=DIRECTION('',(-1.E0,0.E0,0.E0));
#9677=AXIS2_PLACEMENT_3D('',#9674,#9675,#9676);
#9678=CYLINDRICAL_SURFACE('',#9677,1.25E-1);
#9680=ORIENTED_EDGE('',*,*,#9679,.T.);
#9682=ORIENTED_EDGE('',*,*,#9681,.T.);
#9683=ORIENTED_EDGE('',*,*,#9666,.F.);
#9684=ORIENTED_EDGE('',*,*,#6397,.F.);
#9685=EDGE_LOOP('',(#9680,#9682,#9683,#9684));
#9686=FACE_OUTER_BOUND('',#9685,.F.);
#9688=CARTESIAN_POINT('',(-2.5E0,-2.5E-2,1.125E0));
#9689=DIRECTION('',(0.E0,0.E0,1.E0));
#9690=DIRECTION('',(1.E0,0.E0,0.E0));
#9691=AXIS2_PLACEMENT_3D('',#9688,#9689,#9690);
#9692=PLANE('',#9691);
#9693=ORIENTED_EDGE('',*,*,#7241,.F.);
#9694=ORIENTED_EDGE('',*,*,#7784,.T.);
#9696=ORIENTED_EDGE('',*,*,#9695,.T.);
#9697=ORIENTED_EDGE('',*,*,#9679,.F.);
#9698=ORIENTED_EDGE('',*,*,#6395,.F.);
#9699=ORIENTED_EDGE('',*,*,#9499,.T.);
#9700=EDGE_LOOP('',(#9693,#9694,#9696,#9697,#9698,#9699));
#9701=FACE_OUTER_BOUND('',#9700,.F.);
#9703=CARTESIAN_POINT('',(0.E0,1.75E-1,0.E0));
#9704=DIRECTION('',(0.E0,-1.E0,0.E0));
#9705=DIRECTION('',(-1.E0,0.E0,0.E0));
#9706=AXIS2_PLACEMENT_3D('',#9703,#9704,#9705);
#9707=PLANE('',#9706);
#9708=ORIENTED_EDGE('',*,*,#7782,.F.);
#9709=ORIENTED_EDGE('',*,*,#9668,.F.);
#9710=ORIENTED_EDGE('',*,*,#9681,.F.);
#9711=ORIENTED_EDGE('',*,*,#9695,.F.);
#9712=EDGE_LOOP('',(#9708,#9709,#9710,#9711));
#9713=FACE_OUTER_BOUND('',#9712,.F.);
#9715=CARTESIAN_POINT('',(-2.225E0,-2.5E-2,8.75E-1));
#9716=DIRECTION('',(0.E0,0.E0,-1.E0));
#9717=DIRECTION('',(-1.E0,0.E0,0.E0));
#9718=AXIS2_PLACEMENT_3D('',#9715,#9716,#9717);
#9719=PLANE('',#9718);
#9720=ORIENTED_EDGE('',*,*,#7245,.F.);
#9721=ORIENTED_EDGE('',*,*,#9496,.F.);
#9722=ORIENTED_EDGE('',*,*,#6391,.T.);
#9724=ORIENTED_EDGE('',*,*,#9723,.T.);
#9726=ORIENTED_EDGE('',*,*,#9725,.T.);
#9727=ORIENTED_EDGE('',*,*,#7787,.F.);
#9728=EDGE_LOOP('',(#9720,#9721,#9722,#9724,#9726,#9727));
#9729=FACE_OUTER_BOUND('',#9728,.F.);
#9731=CARTESIAN_POINT('',(-2.225E0,-2.5E-2,7.5E-1));
#9732=DIRECTION('',(0.E0,-1.E0,0.E0));
#9733=DIRECTION('',(-1.E0,0.E0,0.E0));
#9734=AXIS2_PLACEMENT_3D('',#9731,#9732,#9733);
#9735=CYLINDRICAL_SURFACE('',#9734,1.25E-1);
#9737=ORIENTED_EDGE('',*,*,#9736,.T.);
#9739=ORIENTED_EDGE('',*,*,#9738,.T.);
#9740=ORIENTED_EDGE('',*,*,#9723,.F.);
#9741=ORIENTED_EDGE('',*,*,#6389,.F.);
#9742=EDGE_LOOP('',(#9737,#9739,#9740,#9741));
#9743=FACE_OUTER_BOUND('',#9742,.F.);
#9745=CARTESIAN_POINT('',(-2.5E0,-2.5E-2,6.25E-1));
#9746=DIRECTION('',(0.E0,0.E0,1.E0));
#9747=DIRECTION('',(1.E0,0.E0,0.E0));
#9748=AXIS2_PLACEMENT_3D('',#9745,#9746,#9747);
#9749=PLANE('',#9748);
#9750=ORIENTED_EDGE('',*,*,#7225,.F.);
#9751=ORIENTED_EDGE('',*,*,#7791,.T.);
#9753=ORIENTED_EDGE('',*,*,#9752,.T.);
#9754=ORIENTED_EDGE('',*,*,#9736,.F.);
#9755=ORIENTED_EDGE('',*,*,#6387,.F.);
#9756=ORIENTED_EDGE('',*,*,#9513,.T.);
#9757=EDGE_LOOP('',(#9750,#9751,#9753,#9754,#9755,#9756));
#9758=FACE_OUTER_BOUND('',#9757,.F.);
#9760=CARTESIAN_POINT('',(0.E0,1.75E-1,0.E0));
#9761=DIRECTION('',(0.E0,-1.E0,0.E0));
#9762=DIRECTION('',(-1.E0,0.E0,0.E0));
#9763=AXIS2_PLACEMENT_3D('',#9760,#9761,#9762);
#9764=PLANE('',#9763);
#9765=ORIENTED_EDGE('',*,*,#7789,.F.);
#9766=ORIENTED_EDGE('',*,*,#9725,.F.);
#9767=ORIENTED_EDGE('',*,*,#9738,.F.);
#9768=ORIENTED_EDGE('',*,*,#9752,.F.);
#9769=EDGE_LOOP('',(#9765,#9766,#9767,#9768));
#9770=FACE_OUTER_BOUND('',#9769,.F.);
#9772=CARTESIAN_POINT('',(-2.225E0,-2.5E-2,3.75E-1));
#9773=DIRECTION('',(0.E0,0.E0,-1.E0));
#9774=DIRECTION('',(-1.E0,0.E0,0.E0));
#9775=AXIS2_PLACEMENT_3D('',#9772,#9773,#9774);
#9776=PLANE('',#9775);
#9777=ORIENTED_EDGE('',*,*,#7229,.F.);
#9778=ORIENTED_EDGE('',*,*,#9510,.F.);
#9779=ORIENTED_EDGE('',*,*,#6383,.T.);
#9781=ORIENTED_EDGE('',*,*,#9780,.T.);
#9783=ORIENTED_EDGE('',*,*,#9782,.T.);
#9784=ORIENTED_EDGE('',*,*,#7794,.F.);
#9785=EDGE_LOOP('',(#9777,#9778,#9779,#9781,#9783,#9784));
#9786=FACE_OUTER_BOUND('',#9785,.F.);
#9788=CARTESIAN_POINT('',(-2.225E0,-2.5E-2,2.5E-1));
#9789=DIRECTION('',(0.E0,-1.E0,0.E0));
#9790=DIRECTION('',(-1.E0,0.E0,0.E0));
#9791=AXIS2_PLACEMENT_3D('',#9788,#9789,#9790);
#9792=CYLINDRICAL_SURFACE('',#9791,1.25E-1);
#9794=ORIENTED_EDGE('',*,*,#9793,.T.);
#9796=ORIENTED_EDGE('',*,*,#9795,.T.);
#9797=ORIENTED_EDGE('',*,*,#9780,.F.);
#9798=ORIENTED_EDGE('',*,*,#6381,.F.);
#9799=EDGE_LOOP('',(#9794,#9796,#9797,#9798));
#9800=FACE_OUTER_BOUND('',#9799,.F.);
#9802=CARTESIAN_POINT('',(-2.5E0,-2.5E-2,1.25E-1));
#9803=DIRECTION('',(0.E0,0.E0,1.E0));
#9804=DIRECTION('',(1.E0,0.E0,0.E0));
#9805=AXIS2_PLACEMENT_3D('',#9802,#9803,#9804);
#9806=PLANE('',#9805);
#9807=ORIENTED_EDGE('',*,*,#7209,.F.);
#9808=ORIENTED_EDGE('',*,*,#7798,.T.);
#9810=ORIENTED_EDGE('',*,*,#9809,.T.);
#9811=ORIENTED_EDGE('',*,*,#9793,.F.);
#9812=ORIENTED_EDGE('',*,*,#6379,.F.);
#9813=ORIENTED_EDGE('',*,*,#9527,.T.);
#9814=EDGE_LOOP('',(#9807,#9808,#9810,#9811,#9812,#9813));
#9815=FACE_OUTER_BOUND('',#9814,.F.);
#9817=CARTESIAN_POINT('',(0.E0,1.75E-1,0.E0));
#9818=DIRECTION('',(0.E0,-1.E0,0.E0));
#9819=DIRECTION('',(-1.E0,0.E0,0.E0));
#9820=AXIS2_PLACEMENT_3D('',#9817,#9818,#9819);
#9821=PLANE('',#9820);
#9822=ORIENTED_EDGE('',*,*,#9809,.F.);
#9823=ORIENTED_EDGE('',*,*,#7796,.F.);
#9824=ORIENTED_EDGE('',*,*,#9782,.F.);
#9825=ORIENTED_EDGE('',*,*,#9795,.F.);
#9826=EDGE_LOOP('',(#9822,#9823,#9824,#9825));
#9827=FACE_OUTER_BOUND('',#9826,.F.);
#9829=CARTESIAN_POINT('',(-2.225E0,-2.5E-2,-1.25E-1));
#9830=DIRECTION('',(0.E0,0.E0,-1.E0));
#9831=DIRECTION('',(-1.E0,0.E0,0.E0));
#9832=AXIS2_PLACEMENT_3D('',#9829,#9830,#9831);
#9833=PLANE('',#9832);
#9834=ORIENTED_EDGE('',*,*,#7213,.F.);
#9835=ORIENTED_EDGE('',*,*,#9524,.F.);
#9836=ORIENTED_EDGE('',*,*,#6375,.T.);
#9838=ORIENTED_EDGE('',*,*,#9837,.T.);
#9840=ORIENTED_EDGE('',*,*,#9839,.T.);
#9841=ORIENTED_EDGE('',*,*,#7801,.F.);
#9842=EDGE_LOOP('',(#9834,#9835,#9836,#9838,#9840,#9841));
#9843=FACE_OUTER_BOUND('',#9842,.F.);
#9845=CARTESIAN_POINT('',(-2.225E0,-2.5E-2,-2.5E-1));
#9846=DIRECTION('',(0.E0,-1.E0,0.E0));
#9847=DIRECTION('',(-1.E0,0.E0,0.E0));
#9848=AXIS2_PLACEMENT_3D('',#9845,#9846,#9847);
#9849=CYLINDRICAL_SURFACE('',#9848,1.25E-1);
#9851=ORIENTED_EDGE('',*,*,#9850,.T.);
#9853=ORIENTED_EDGE('',*,*,#9852,.T.);
#9854=ORIENTED_EDGE('',*,*,#9837,.F.);
#9855=ORIENTED_EDGE('',*,*,#6373,.F.);
#9856=EDGE_LOOP('',(#9851,#9853,#9854,#9855));
#9857=FACE_OUTER_BOUND('',#9856,.F.);
#9859=CARTESIAN_POINT('',(-2.5E0,-2.5E-2,-3.75E-1));
#9860=DIRECTION('',(0.E0,0.E0,1.E0));
#9861=DIRECTION('',(1.E0,0.E0,0.E0));
#9862=AXIS2_PLACEMENT_3D('',#9859,#9860,#9861);
#9863=PLANE('',#9862);
#9864=ORIENTED_EDGE('',*,*,#7193,.F.);
#9865=ORIENTED_EDGE('',*,*,#7805,.T.);
#9867=ORIENTED_EDGE('',*,*,#9866,.T.);
#9868=ORIENTED_EDGE('',*,*,#9850,.F.);
#9869=ORIENTED_EDGE('',*,*,#6371,.F.);
#9870=ORIENTED_EDGE('',*,*,#9541,.T.);
#9871=EDGE_LOOP('',(#9864,#9865,#9867,#9868,#9869,#9870));
#9872=FACE_OUTER_BOUND('',#9871,.F.);
#9874=CARTESIAN_POINT('',(0.E0,1.75E-1,0.E0));
#9875=DIRECTION('',(0.E0,-1.E0,0.E0));
#9876=DIRECTION('',(-1.E0,0.E0,0.E0));
#9877=AXIS2_PLACEMENT_3D('',#9874,#9875,#9876);
#9878=PLANE('',#9877);
#9879=ORIENTED_EDGE('',*,*,#7803,.F.);
#9880=ORIENTED_EDGE('',*,*,#9839,.F.);
#9881=ORIENTED_EDGE('',*,*,#9852,.F.);
#9882=ORIENTED_EDGE('',*,*,#9866,.F.);
#9883=EDGE_LOOP('',(#9879,#9880,#9881,#9882));
#9884=FACE_OUTER_BOUND('',#9883,.F.);
#9886=CARTESIAN_POINT('',(-2.225E0,-2.5E-2,-6.25E-1));
#9887=DIRECTION('',(0.E0,0.E0,-1.E0));
#9888=DIRECTION('',(-1.E0,0.E0,0.E0));
#9889=AXIS2_PLACEMENT_3D('',#9886,#9887,#9888);
#9890=PLANE('',#9889);
#9891=ORIENTED_EDGE('',*,*,#7197,.F.);
#9892=ORIENTED_EDGE('',*,*,#9538,.F.);
#9893=ORIENTED_EDGE('',*,*,#6367,.T.);
#9895=ORIENTED_EDGE('',*,*,#9894,.T.);
#9897=ORIENTED_EDGE('',*,*,#9896,.T.);
#9898=ORIENTED_EDGE('',*,*,#7808,.F.);
#9899=EDGE_LOOP('',(#9891,#9892,#9893,#9895,#9897,#9898));
#9900=FACE_OUTER_BOUND('',#9899,.F.);
#9902=CARTESIAN_POINT('',(-2.225E0,-2.5E-2,-7.5E-1));
#9903=DIRECTION('',(0.E0,-1.E0,0.E0));
#9904=DIRECTION('',(-1.E0,0.E0,0.E0));
#9905=AXIS2_PLACEMENT_3D('',#9902,#9903,#9904);
#9906=CYLINDRICAL_SURFACE('',#9905,1.25E-1);
#9908=ORIENTED_EDGE('',*,*,#9907,.T.);
#9910=ORIENTED_EDGE('',*,*,#9909,.T.);
#9911=ORIENTED_EDGE('',*,*,#9894,.F.);
#9912=ORIENTED_EDGE('',*,*,#6365,.F.);
#9913=EDGE_LOOP('',(#9908,#9910,#9911,#9912));
#9914=FACE_OUTER_BOUND('',#9913,.F.);
#9916=CARTESIAN_POINT('',(-2.5E0,-2.5E-2,-8.75E-1));
#9917=DIRECTION('',(0.E0,0.E0,1.E0));
#9918=DIRECTION('',(1.E0,0.E0,0.E0));
#9919=AXIS2_PLACEMENT_3D('',#9916,#9917,#9918);
#9920=PLANE('',#9919);
#9921=ORIENTED_EDGE('',*,*,#7177,.F.);
#9922=ORIENTED_EDGE('',*,*,#7812,.T.);
#9924=ORIENTED_EDGE('',*,*,#9923,.T.);
#9925=ORIENTED_EDGE('',*,*,#9907,.F.);
#9926=ORIENTED_EDGE('',*,*,#6363,.F.);
#9927=ORIENTED_EDGE('',*,*,#9555,.T.);
#9928=EDGE_LOOP('',(#9921,#9922,#9924,#9925,#9926,#9927));
#9929=FACE_OUTER_BOUND('',#9928,.F.);
#9931=CARTESIAN_POINT('',(0.E0,1.75E-1,0.E0));
#9932=DIRECTION('',(0.E0,-1.E0,0.E0));
#9933=DIRECTION('',(-1.E0,0.E0,0.E0));
#9934=AXIS2_PLACEMENT_3D('',#9931,#9932,#9933);
#9935=PLANE('',#9934);
#9936=ORIENTED_EDGE('',*,*,#7810,.F.);
#9937=ORIENTED_EDGE('',*,*,#9896,.F.);
#9938=ORIENTED_EDGE('',*,*,#9909,.F.);
#9939=ORIENTED_EDGE('',*,*,#9923,.F.);
#9940=EDGE_LOOP('',(#9936,#9937,#9938,#9939));
#9941=FACE_OUTER_BOUND('',#9940,.F.);
#9943=CARTESIAN_POINT('',(-2.225E0,-2.5E-2,-1.125E0));
#9944=DIRECTION('',(0.E0,0.E0,-1.E0));
#9945=DIRECTION('',(-1.E0,0.E0,0.E0));
#9946=AXIS2_PLACEMENT_3D('',#9943,#9944,#9945);
#9947=PLANE('',#9946);
#9948=ORIENTED_EDGE('',*,*,#7181,.F.);
#9949=ORIENTED_EDGE('',*,*,#9552,.F.);
#9950=ORIENTED_EDGE('',*,*,#6359,.T.);
#9952=ORIENTED_EDGE('',*,*,#9951,.T.);
#9954=ORIENTED_EDGE('',*,*,#9953,.T.);
#9955=ORIENTED_EDGE('',*,*,#7815,.F.);
#9956=EDGE_LOOP('',(#9948,#9949,#9950,#9952,#9954,#9955));
#9957=FACE_OUTER_BOUND('',#9956,.F.);
#9959=CARTESIAN_POINT('',(-2.225E0,-2.5E-2,-1.25E0));
#9960=DIRECTION('',(0.E0,-1.E0,0.E0));
#9961=DIRECTION('',(-1.E0,0.E0,0.E0));
#9962=AXIS2_PLACEMENT_3D('',#9959,#9960,#9961);
#9963=CYLINDRICAL_SURFACE('',#9962,1.25E-1);
#9965=ORIENTED_EDGE('',*,*,#9964,.T.);
#9967=ORIENTED_EDGE('',*,*,#9966,.T.);
#9968=ORIENTED_EDGE('',*,*,#9951,.F.);
#9969=ORIENTED_EDGE('',*,*,#6357,.F.);
#9970=EDGE_LOOP('',(#9965,#9967,#9968,#9969));
#9971=FACE_OUTER_BOUND('',#9970,.F.);
#9973=CARTESIAN_POINT('',(-2.5E0,-2.5E-2,-1.375E0));
#9974=DIRECTION('',(0.E0,0.E0,1.E0));
#9975=DIRECTION('',(1.E0,0.E0,0.E0));
#9976=AXIS2_PLACEMENT_3D('',#9973,#9974,#9975);
#9977=PLANE('',#9976);
#9978=ORIENTED_EDGE('',*,*,#7161,.F.);
#9979=ORIENTED_EDGE('',*,*,#7819,.T.);
#9981=ORIENTED_EDGE('',*,*,#9980,.T.);
#9982=ORIENTED_EDGE('',*,*,#9964,.F.);
#9983=ORIENTED_EDGE('',*,*,#6355,.F.);
#9984=ORIENTED_EDGE('',*,*,#9569,.T.);
#9985=EDGE_LOOP('',(#9978,#9979,#9981,#9982,#9983,#9984));
#9986=FACE_OUTER_BOUND('',#9985,.F.);
#9988=CARTESIAN_POINT('',(0.E0,1.75E-1,0.E0));
#9989=DIRECTION('',(0.E0,-1.E0,0.E0));
#9990=DIRECTION('',(-1.E0,0.E0,0.E0));
#9991=AXIS2_PLACEMENT_3D('',#9988,#9989,#9990);
#9992=PLANE('',#9991);
#9993=ORIENTED_EDGE('',*,*,#7817,.F.);
#9994=ORIENTED_EDGE('',*,*,#9953,.F.);
#9995=ORIENTED_EDGE('',*,*,#9966,.F.);
#9996=ORIENTED_EDGE('',*,*,#9980,.F.);
#9997=EDGE_LOOP('',(#9993,#9994,#9995,#9996));
#9998=FACE_OUTER_BOUND('',#9997,.F.);
#10000=CARTESIAN_POINT('',(-2.225E0,-2.5E-2,-1.625E0));
#10001=DIRECTION('',(0.E0,0.E0,-1.E0));
#10002=DIRECTION('',(-1.E0,0.E0,0.E0));
#10003=AXIS2_PLACEMENT_3D('',#10000,#10001,#10002);
#10004=PLANE('',#10003);
#10005=ORIENTED_EDGE('',*,*,#7165,.F.);
#10006=ORIENTED_EDGE('',*,*,#9566,.F.);
#10007=ORIENTED_EDGE('',*,*,#6351,.T.);
#10009=ORIENTED_EDGE('',*,*,#10008,.T.);
#10011=ORIENTED_EDGE('',*,*,#10010,.T.);
#10012=ORIENTED_EDGE('',*,*,#7822,.F.);
#10013=EDGE_LOOP('',(#10005,#10006,#10007,#10009,#10011,#10012));
#10014=FACE_OUTER_BOUND('',#10013,.F.);
#10016=CARTESIAN_POINT('',(-2.225E0,-2.5E-2,-1.75E0));
#10017=DIRECTION('',(0.E0,-1.E0,0.E0));
#10018=DIRECTION('',(-1.E0,0.E0,0.E0));
#10019=AXIS2_PLACEMENT_3D('',#10016,#10017,#10018);
#10020=CYLINDRICAL_SURFACE('',#10019,1.25E-1);
#10022=ORIENTED_EDGE('',*,*,#10021,.T.);
#10024=ORIENTED_EDGE('',*,*,#10023,.T.);
#10025=ORIENTED_EDGE('',*,*,#10008,.F.);
#10026=ORIENTED_EDGE('',*,*,#6349,.F.);
#10027=EDGE_LOOP('',(#10022,#10024,#10025,#10026));
#10028=FACE_OUTER_BOUND('',#10027,.F.);
#10030=CARTESIAN_POINT('',(-2.5E0,-2.5E-2,-1.875E0));
#10031=DIRECTION('',(0.E0,0.E0,1.E0));
#10032=DIRECTION('',(1.E0,0.E0,0.E0));
#10033=AXIS2_PLACEMENT_3D('',#10030,#10031,#10032);
#10034=PLANE('',#10033);
#10035=ORIENTED_EDGE('',*,*,#7145,.F.);
#10036=ORIENTED_EDGE('',*,*,#7826,.T.);
#10038=ORIENTED_EDGE('',*,*,#10037,.T.);
#10039=ORIENTED_EDGE('',*,*,#10021,.F.);
#10040=ORIENTED_EDGE('',*,*,#6347,.F.);
#10041=ORIENTED_EDGE('',*,*,#9583,.T.);
#10042=EDGE_LOOP('',(#10035,#10036,#10038,#10039,#10040,#10041));
#10043=FACE_OUTER_BOUND('',#10042,.F.);
#10045=CARTESIAN_POINT('',(0.E0,1.75E-1,0.E0));
#10046=DIRECTION('',(0.E0,-1.E0,0.E0));
#10047=DIRECTION('',(-1.E0,0.E0,0.E0));
#10048=AXIS2_PLACEMENT_3D('',#10045,#10046,#10047);
#10049=PLANE('',#10048);
#10050=ORIENTED_EDGE('',*,*,#7824,.F.);
#10051=ORIENTED_EDGE('',*,*,#10010,.F.);
#10052=ORIENTED_EDGE('',*,*,#10023,.F.);
#10053=ORIENTED_EDGE('',*,*,#10037,.F.);
#10054=EDGE_LOOP('',(#10050,#10051,#10052,#10053));
#10055=FACE_OUTER_BOUND('',#10054,.F.);
#10057=CARTESIAN_POINT('',(-2.5E0,-2.5E-2,-2.125E0));
#10058=DIRECTION('',(0.E0,0.E0,1.E0));
#10059=DIRECTION('',(1.E0,0.E0,0.E0));
#10060=AXIS2_PLACEMENT_3D('',#10057,#10058,#10059);
#10061=PLANE('',#10060);
#10062=ORIENTED_EDGE('',*,*,#7829,.F.);
#10063=ORIENTED_EDGE('',*,*,#7149,.T.);
#10064=ORIENTED_EDGE('',*,*,#9580,.F.);
#10065=ORIENTED_EDGE('',*,*,#6343,.T.);
#10067=ORIENTED_EDGE('',*,*,#10066,.T.);
#10069=ORIENTED_EDGE('',*,*,#10068,.F.);
#10070=EDGE_LOOP('',(#10062,#10063,#10064,#10065,#10067,#10069));
#10071=FACE_OUTER_BOUND('',#10070,.F.);
#10073=CARTESIAN_POINT('',(-2.125E0,-2.5E-2,-2.125E0));
#10074=DIRECTION('',(1.E0,0.E0,0.E0));
#10075=DIRECTION('',(0.E0,0.E0,-1.E0));
#10076=AXIS2_PLACEMENT_3D('',#10073,#10074,#10075);
#10077=PLANE('',#10076);
#10078=ORIENTED_EDGE('',*,*,#7044,.T.);
#10080=ORIENTED_EDGE('',*,*,#10079,.F.);
#10081=ORIENTED_EDGE('',*,*,#10066,.F.);
#10082=ORIENTED_EDGE('',*,*,#6341,.F.);
#10083=ORIENTED_EDGE('',*,*,#6868,.T.);
#10084=ORIENTED_EDGE('',*,*,#7746,.T.);
#10085=EDGE_LOOP('',(#10078,#10080,#10081,#10082,#10083,#10084));
#10086=FACE_OUTER_BOUND('',#10085,.F.);
#10088=CARTESIAN_POINT('',(0.E0,1.75E-1,0.E0));
#10089=DIRECTION('',(0.E0,1.E0,0.E0));
#10090=DIRECTION('',(1.E0,0.E0,0.E0));
#10091=AXIS2_PLACEMENT_3D('',#10088,#10089,#10090);
#10092=PLANE('',#10091);
#10093=ORIENTED_EDGE('',*,*,#7831,.T.);
#10094=ORIENTED_EDGE('',*,*,#10068,.T.);
#10095=ORIENTED_EDGE('',*,*,#10079,.T.);
#10096=ORIENTED_EDGE('',*,*,#7042,.F.);
#10097=ORIENTED_EDGE('',*,*,#7021,.T.);
#10099=ORIENTED_EDGE('',*,*,#10098,.T.);
#10100=EDGE_LOOP('',(#10093,#10094,#10095,#10096,#10097,#10099));
#10101=FACE_OUTER_BOUND('',#10100,.F.);
#10103=CARTESIAN_POINT('',(-2.325E0,-2.5E-2,-2.325E0));
#10104=DIRECTION('',(0.E0,0.E0,-1.E0));
#10105=DIRECTION('',(-1.E0,0.E0,0.E0));
#10106=AXIS2_PLACEMENT_3D('',#10103,#10104,#10105);
#10107=PLANE('',#10106);
#10108=ORIENTED_EDGE('',*,*,#7833,.T.);
#10109=ORIENTED_EDGE('',*,*,#10098,.F.);
#10110=ORIENTED_EDGE('',*,*,#7019,.F.);
#10111=ORIENTED_EDGE('',*,*,#6327,.F.);
#10112=ORIENTED_EDGE('',*,*,#9594,.T.);
#10113=ORIENTED_EDGE('',*,*,#7128,.T.);
#10114=EDGE_LOOP('',(#10108,#10109,#10110,#10111,#10112,#10113));
#10115=FACE_OUTER_BOUND('',#10114,.F.);
#10117=CARTESIAN_POINT('',(-2.325E0,-2.5E-2,2.5E0));
#10118=DIRECTION('',(1.E0,0.E0,0.E0));
#10119=DIRECTION('',(0.E0,0.E0,-1.E0));
#10120=AXIS2_PLACEMENT_3D('',#10117,#10118,#10119);
#10121=PLANE('',#10120);
#10122=ORIENTED_EDGE('',*,*,#8012,.T.);
#10123=ORIENTED_EDGE('',*,*,#9427,.T.);
#10124=ORIENTED_EDGE('',*,*,#9445,.F.);
#10125=ORIENTED_EDGE('',*,*,#6675,.F.);
#10126=ORIENTED_EDGE('',*,*,#8179,.T.);
#10127=ORIENTED_EDGE('',*,*,#7291,.F.);
#10128=EDGE_LOOP('',(#10122,#10123,#10124,#10125,#10126,#10127));
#10129=FACE_OUTER_BOUND('',#10128,.F.);
#10131=CARTESIAN_POINT('',(1.875E0,-2.5E-2,-2.225E0));
#10132=DIRECTION('',(1.E0,0.E0,0.E0));
#10133=DIRECTION('',(0.E0,0.E0,-1.E0));
#10134=AXIS2_PLACEMENT_3D('',#10131,#10132,#10133);
#10135=PLANE('',#10134);
#10136=ORIENTED_EDGE('',*,*,#7634,.T.);
#10137=ORIENTED_EDGE('',*,*,#7108,.T.);
#10139=ORIENTED_EDGE('',*,*,#10138,.F.);
#10141=ORIENTED_EDGE('',*,*,#10140,.F.);
#10142=ORIENTED_EDGE('',*,*,#6557,.F.);
#10143=ORIENTED_EDGE('',*,*,#6988,.T.);
#10144=EDGE_LOOP('',(#10136,#10137,#10139,#10141,#10142,#10143));
#10145=FACE_OUTER_BOUND('',#10144,.F.);
#10147=CARTESIAN_POINT('',(0.E0,1.75E-1,0.E0));
#10148=DIRECTION('',(0.E0,1.E0,0.E0));
#10149=DIRECTION('',(1.E0,0.E0,0.E0));
#10150=AXIS2_PLACEMENT_3D('',#10147,#10148,#10149);
#10151=PLANE('',#10150);
#10152=ORIENTED_EDGE('',*,*,#7106,.F.);
#10154=ORIENTED_EDGE('',*,*,#10153,.T.);
#10156=ORIENTED_EDGE('',*,*,#10155,.T.);
#10157=ORIENTED_EDGE('',*,*,#10138,.T.);
#10158=EDGE_LOOP('',(#10152,#10154,#10156,#10157));
#10159=FACE_OUTER_BOUND('',#10158,.F.);
#10161=CARTESIAN_POINT('',(1.625E0,-2.5E-2,-2.5E0));
#10162=DIRECTION('',(-1.E0,0.E0,0.E0));
#10163=DIRECTION('',(0.E0,0.E0,1.E0));
#10164=AXIS2_PLACEMENT_3D('',#10161,#10162,#10163);
#10165=PLANE('',#10164);
#10166=ORIENTED_EDGE('',*,*,#7651,.T.);
#10167=ORIENTED_EDGE('',*,*,#6969,.F.);
#10168=ORIENTED_EDGE('',*,*,#6561,.T.);
#10170=ORIENTED_EDGE('',*,*,#10169,.T.);
#10171=ORIENTED_EDGE('',*,*,#10153,.F.);
#10172=ORIENTED_EDGE('',*,*,#7104,.F.);
#10173=EDGE_LOOP('',(#10166,#10167,#10168,#10170,#10171,#10172));
#10174=FACE_OUTER_BOUND('',#10173,.F.);
#10176=CARTESIAN_POINT('',(1.75E0,-2.5E-2,-2.225E0));
#10177=DIRECTION('',(0.E0,1.E0,0.E0));
#10178=DIRECTION('',(1.E0,0.E0,0.E0));
#10179=AXIS2_PLACEMENT_3D('',#10176,#10177,#10178);
#10180=CYLINDRICAL_SURFACE('',#10179,1.25E-1);
#10181=ORIENTED_EDGE('',*,*,#10169,.F.);
#10182=ORIENTED_EDGE('',*,*,#6559,.T.);
#10183=ORIENTED_EDGE('',*,*,#10140,.T.);
#10184=ORIENTED_EDGE('',*,*,#10155,.F.);
#10185=EDGE_LOOP('',(#10181,#10182,#10183,#10184));
#10186=FACE_OUTER_BOUND('',#10185,.F.);
#10188=CARTESIAN_POINT('',(1.375E0,-2.5E-2,-2.225E0));
#10189=DIRECTION('',(1.E0,0.E0,0.E0));
#10190=DIRECTION('',(0.E0,0.E0,-1.E0));
#10191=AXIS2_PLACEMENT_3D('',#10188,#10189,#10190);
#10192=PLANE('',#10191);
#10193=ORIENTED_EDGE('',*,*,#7648,.T.);
#10194=ORIENTED_EDGE('',*,*,#7100,.T.);
#10196=ORIENTED_EDGE('',*,*,#10195,.F.);
#10198=ORIENTED_EDGE('',*,*,#10197,.F.);
#10199=ORIENTED_EDGE('',*,*,#6565,.F.);
#10200=ORIENTED_EDGE('',*,*,#6973,.T.);
#10201=EDGE_LOOP('',(#10193,#10194,#10196,#10198,#10199,#10200));
#10202=FACE_OUTER_BOUND('',#10201,.F.);
#10204=CARTESIAN_POINT('',(0.E0,1.75E-1,0.E0));
#10205=DIRECTION('',(0.E0,1.E0,0.E0));
#10206=DIRECTION('',(1.E0,0.E0,0.E0));
#10207=AXIS2_PLACEMENT_3D('',#10204,#10205,#10206);
#10208=PLANE('',#10207);
#10209=ORIENTED_EDGE('',*,*,#7098,.F.);
#10211=ORIENTED_EDGE('',*,*,#10210,.T.);
#10213=ORIENTED_EDGE('',*,*,#10212,.T.);
#10214=ORIENTED_EDGE('',*,*,#10195,.T.);
#10215=EDGE_LOOP('',(#10209,#10211,#10213,#10214));
#10216=FACE_OUTER_BOUND('',#10215,.F.);
#10218=CARTESIAN_POINT('',(1.125E0,-2.5E-2,-2.5E0));
#10219=DIRECTION('',(-1.E0,0.E0,0.E0));
#10220=DIRECTION('',(0.E0,0.E0,1.E0));
#10221=AXIS2_PLACEMENT_3D('',#10218,#10219,#10220);
#10222=PLANE('',#10221);
#10223=ORIENTED_EDGE('',*,*,#7665,.T.);
#10224=ORIENTED_EDGE('',*,*,#6954,.F.);
#10225=ORIENTED_EDGE('',*,*,#6569,.T.);
#10227=ORIENTED_EDGE('',*,*,#10226,.T.);
#10228=ORIENTED_EDGE('',*,*,#10210,.F.);
#10229=ORIENTED_EDGE('',*,*,#7096,.F.);
#10230=EDGE_LOOP('',(#10223,#10224,#10225,#10227,#10228,#10229));
#10231=FACE_OUTER_BOUND('',#10230,.F.);
#10233=CARTESIAN_POINT('',(1.25E0,-2.5E-2,-2.225E0));
#10234=DIRECTION('',(0.E0,1.E0,0.E0));
#10235=DIRECTION('',(1.E0,0.E0,0.E0));
#10236=AXIS2_PLACEMENT_3D('',#10233,#10234,#10235);
#10237=CYLINDRICAL_SURFACE('',#10236,1.25E-1);
#10238=ORIENTED_EDGE('',*,*,#10226,.F.);
#10239=ORIENTED_EDGE('',*,*,#6567,.T.);
#10240=ORIENTED_EDGE('',*,*,#10197,.T.);
#10241=ORIENTED_EDGE('',*,*,#10212,.F.);
#10242=EDGE_LOOP('',(#10238,#10239,#10240,#10241));
#10243=FACE_OUTER_BOUND('',#10242,.F.);
#10245=CARTESIAN_POINT('',(8.75E-1,-2.5E-2,-2.225E0));
#10246=DIRECTION('',(1.E0,0.E0,0.E0));
#10247=DIRECTION('',(0.E0,0.E0,-1.E0));
#10248=AXIS2_PLACEMENT_3D('',#10245,#10246,#10247);
#10249=PLANE('',#10248);
#10250=ORIENTED_EDGE('',*,*,#7662,.T.);
#10251=ORIENTED_EDGE('',*,*,#7092,.T.);
#10253=ORIENTED_EDGE('',*,*,#10252,.F.);
#10255=ORIENTED_EDGE('',*,*,#10254,.F.);
#10256=ORIENTED_EDGE('',*,*,#6573,.F.);
#10257=ORIENTED_EDGE('',*,*,#6958,.T.);
#10258=EDGE_LOOP('',(#10250,#10251,#10253,#10255,#10256,#10257));
#10259=FACE_OUTER_BOUND('',#10258,.F.);
#10261=CARTESIAN_POINT('',(0.E0,1.75E-1,0.E0));
#10262=DIRECTION('',(0.E0,1.E0,0.E0));
#10263=DIRECTION('',(1.E0,0.E0,0.E0));
#10264=AXIS2_PLACEMENT_3D('',#10261,#10262,#10263);
#10265=PLANE('',#10264);
#10266=ORIENTED_EDGE('',*,*,#7090,.F.);
#10268=ORIENTED_EDGE('',*,*,#10267,.T.);
#10270=ORIENTED_EDGE('',*,*,#10269,.T.);
#10271=ORIENTED_EDGE('',*,*,#10252,.T.);
#10272=EDGE_LOOP('',(#10266,#10268,#10270,#10271));
#10273=FACE_OUTER_BOUND('',#10272,.F.);
#10275=CARTESIAN_POINT('',(6.25E-1,-2.5E-2,-2.5E0));
#10276=DIRECTION('',(-1.E0,0.E0,0.E0));
#10277=DIRECTION('',(0.E0,0.E0,1.E0));
#10278=AXIS2_PLACEMENT_3D('',#10275,#10276,#10277);
#10279=PLANE('',#10278);
#10280=ORIENTED_EDGE('',*,*,#7679,.T.);
#10281=ORIENTED_EDGE('',*,*,#6939,.F.);
#10282=ORIENTED_EDGE('',*,*,#6577,.T.);
#10284=ORIENTED_EDGE('',*,*,#10283,.T.);
#10285=ORIENTED_EDGE('',*,*,#10267,.F.);
#10286=ORIENTED_EDGE('',*,*,#7088,.F.);
#10287=EDGE_LOOP('',(#10280,#10281,#10282,#10284,#10285,#10286));
#10288=FACE_OUTER_BOUND('',#10287,.F.);
#10290=CARTESIAN_POINT('',(7.5E-1,-2.5E-2,-2.225E0));
#10291=DIRECTION('',(0.E0,1.E0,0.E0));
#10292=DIRECTION('',(1.E0,0.E0,0.E0));
#10293=AXIS2_PLACEMENT_3D('',#10290,#10291,#10292);
#10294=CYLINDRICAL_SURFACE('',#10293,1.25E-1);
#10295=ORIENTED_EDGE('',*,*,#10283,.F.);
#10296=ORIENTED_EDGE('',*,*,#6575,.T.);
#10297=ORIENTED_EDGE('',*,*,#10254,.T.);
#10298=ORIENTED_EDGE('',*,*,#10269,.F.);
#10299=EDGE_LOOP('',(#10295,#10296,#10297,#10298));
#10300=FACE_OUTER_BOUND('',#10299,.F.);
#10302=CARTESIAN_POINT('',(3.75E-1,-2.5E-2,-2.225E0));
#10303=DIRECTION('',(1.E0,0.E0,0.E0));
#10304=DIRECTION('',(0.E0,0.E0,-1.E0));
#10305=AXIS2_PLACEMENT_3D('',#10302,#10303,#10304);
#10306=PLANE('',#10305);
#10307=ORIENTED_EDGE('',*,*,#7676,.T.);
#10308=ORIENTED_EDGE('',*,*,#7084,.T.);
#10310=ORIENTED_EDGE('',*,*,#10309,.F.);
#10312=ORIENTED_EDGE('',*,*,#10311,.F.);
#10313=ORIENTED_EDGE('',*,*,#6581,.F.);
#10314=ORIENTED_EDGE('',*,*,#6943,.T.);
#10315=EDGE_LOOP('',(#10307,#10308,#10310,#10312,#10313,#10314));
#10316=FACE_OUTER_BOUND('',#10315,.F.);
#10318=CARTESIAN_POINT('',(0.E0,1.75E-1,0.E0));
#10319=DIRECTION('',(0.E0,1.E0,0.E0));
#10320=DIRECTION('',(1.E0,0.E0,0.E0));
#10321=AXIS2_PLACEMENT_3D('',#10318,#10319,#10320);
#10322=PLANE('',#10321);
#10323=ORIENTED_EDGE('',*,*,#7082,.F.);
#10325=ORIENTED_EDGE('',*,*,#10324,.T.);
#10327=ORIENTED_EDGE('',*,*,#10326,.T.);
#10328=ORIENTED_EDGE('',*,*,#10309,.T.);
#10329=EDGE_LOOP('',(#10323,#10325,#10327,#10328));
#10330=FACE_OUTER_BOUND('',#10329,.F.);
#10332=CARTESIAN_POINT('',(1.25E-1,-2.5E-2,-2.5E0));
#10333=DIRECTION('',(-1.E0,0.E0,0.E0));
#10334=DIRECTION('',(0.E0,0.E0,1.E0));
#10335=AXIS2_PLACEMENT_3D('',#10332,#10333,#10334);
#10336=PLANE('',#10335);
#10337=ORIENTED_EDGE('',*,*,#7693,.T.);
#10338=ORIENTED_EDGE('',*,*,#6924,.F.);
#10339=ORIENTED_EDGE('',*,*,#6585,.T.);
#10341=ORIENTED_EDGE('',*,*,#10340,.T.);
#10342=ORIENTED_EDGE('',*,*,#10324,.F.);
#10343=ORIENTED_EDGE('',*,*,#7080,.F.);
#10344=EDGE_LOOP('',(#10337,#10338,#10339,#10341,#10342,#10343));
#10345=FACE_OUTER_BOUND('',#10344,.F.);
#10347=CARTESIAN_POINT('',(2.5E-1,-2.5E-2,-2.225E0));
#10348=DIRECTION('',(0.E0,1.E0,0.E0));
#10349=DIRECTION('',(1.E0,0.E0,0.E0));
#10350=AXIS2_PLACEMENT_3D('',#10347,#10348,#10349);
#10351=CYLINDRICAL_SURFACE('',#10350,1.25E-1);
#10352=ORIENTED_EDGE('',*,*,#10340,.F.);
#10353=ORIENTED_EDGE('',*,*,#6583,.T.);
#10354=ORIENTED_EDGE('',*,*,#10311,.T.);
#10355=ORIENTED_EDGE('',*,*,#10326,.F.);
#10356=EDGE_LOOP('',(#10352,#10353,#10354,#10355));
#10357=FACE_OUTER_BOUND('',#10356,.F.);
#10359=CARTESIAN_POINT('',(-1.25E-1,-2.5E-2,-2.225E0));
#10360=DIRECTION('',(1.E0,0.E0,0.E0));
#10361=DIRECTION('',(0.E0,0.E0,-1.E0));
#10362=AXIS2_PLACEMENT_3D('',#10359,#10360,#10361);
#10363=PLANE('',#10362);
#10364=ORIENTED_EDGE('',*,*,#7690,.T.);
#10365=ORIENTED_EDGE('',*,*,#7076,.T.);
#10367=ORIENTED_EDGE('',*,*,#10366,.F.);
#10369=ORIENTED_EDGE('',*,*,#10368,.F.);
#10370=ORIENTED_EDGE('',*,*,#6589,.F.);
#10371=ORIENTED_EDGE('',*,*,#6928,.T.);
#10372=EDGE_LOOP('',(#10364,#10365,#10367,#10369,#10370,#10371));
#10373=FACE_OUTER_BOUND('',#10372,.F.);
#10375=CARTESIAN_POINT('',(0.E0,1.75E-1,0.E0));
#10376=DIRECTION('',(0.E0,1.E0,0.E0));
#10377=DIRECTION('',(1.E0,0.E0,0.E0));
#10378=AXIS2_PLACEMENT_3D('',#10375,#10376,#10377);
#10379=PLANE('',#10378);
#10381=ORIENTED_EDGE('',*,*,#10380,.T.);
#10383=ORIENTED_EDGE('',*,*,#10382,.T.);
#10384=ORIENTED_EDGE('',*,*,#10366,.T.);
#10385=ORIENTED_EDGE('',*,*,#7074,.F.);
#10386=EDGE_LOOP('',(#10381,#10383,#10384,#10385));
#10387=FACE_OUTER_BOUND('',#10386,.F.);
#10389=CARTESIAN_POINT('',(-3.75E-1,-2.5E-2,-2.5E0));
#10390=DIRECTION('',(-1.E0,0.E0,0.E0));
#10391=DIRECTION('',(0.E0,0.E0,1.E0));
#10392=AXIS2_PLACEMENT_3D('',#10389,#10390,#10391);
#10393=PLANE('',#10392);
#10394=ORIENTED_EDGE('',*,*,#7707,.T.);
#10395=ORIENTED_EDGE('',*,*,#6909,.F.);
#10396=ORIENTED_EDGE('',*,*,#6593,.T.);
#10398=ORIENTED_EDGE('',*,*,#10397,.T.);
#10399=ORIENTED_EDGE('',*,*,#10380,.F.);
#10400=ORIENTED_EDGE('',*,*,#7072,.F.);
#10401=EDGE_LOOP('',(#10394,#10395,#10396,#10398,#10399,#10400));
#10402=FACE_OUTER_BOUND('',#10401,.F.);
#10404=CARTESIAN_POINT('',(-2.5E-1,-2.5E-2,-2.225E0));
#10405=DIRECTION('',(0.E0,1.E0,0.E0));
#10406=DIRECTION('',(1.E0,0.E0,0.E0));
#10407=AXIS2_PLACEMENT_3D('',#10404,#10405,#10406);
#10408=CYLINDRICAL_SURFACE('',#10407,1.25E-1);
#10409=ORIENTED_EDGE('',*,*,#10397,.F.);
#10410=ORIENTED_EDGE('',*,*,#6591,.T.);
#10411=ORIENTED_EDGE('',*,*,#10368,.T.);
#10412=ORIENTED_EDGE('',*,*,#10382,.F.);
#10413=EDGE_LOOP('',(#10409,#10410,#10411,#10412));
#10414=FACE_OUTER_BOUND('',#10413,.F.);
#10416=CARTESIAN_POINT('',(-6.25E-1,-2.5E-2,-2.225E0));
#10417=DIRECTION('',(1.E0,0.E0,0.E0));
#10418=DIRECTION('',(0.E0,0.E0,-1.E0));
#10419=AXIS2_PLACEMENT_3D('',#10416,#10417,#10418);
#10420=PLANE('',#10419);
#10421=ORIENTED_EDGE('',*,*,#7704,.T.);
#10422=ORIENTED_EDGE('',*,*,#7068,.T.);
#10424=ORIENTED_EDGE('',*,*,#10423,.F.);
#10426=ORIENTED_EDGE('',*,*,#10425,.F.);
#10427=ORIENTED_EDGE('',*,*,#6597,.F.);
#10428=ORIENTED_EDGE('',*,*,#6913,.T.);
#10429=EDGE_LOOP('',(#10421,#10422,#10424,#10426,#10427,#10428));
#10430=FACE_OUTER_BOUND('',#10429,.F.);
#10432=CARTESIAN_POINT('',(0.E0,1.75E-1,0.E0));
#10433=DIRECTION('',(0.E0,1.E0,0.E0));
#10434=DIRECTION('',(1.E0,0.E0,0.E0));
#10435=AXIS2_PLACEMENT_3D('',#10432,#10433,#10434);
#10436=PLANE('',#10435);
#10437=ORIENTED_EDGE('',*,*,#7066,.F.);
#10439=ORIENTED_EDGE('',*,*,#10438,.T.);
#10441=ORIENTED_EDGE('',*,*,#10440,.T.);
#10442=ORIENTED_EDGE('',*,*,#10423,.T.);
#10443=EDGE_LOOP('',(#10437,#10439,#10441,#10442));
#10444=FACE_OUTER_BOUND('',#10443,.F.);
#10446=CARTESIAN_POINT('',(-8.75E-1,-2.5E-2,-2.5E0));
#10447=DIRECTION('',(-1.E0,0.E0,0.E0));
#10448=DIRECTION('',(0.E0,0.E0,1.E0));
#10449=AXIS2_PLACEMENT_3D('',#10446,#10447,#10448);
#10450=PLANE('',#10449);
#10451=ORIENTED_EDGE('',*,*,#7721,.T.);
#10452=ORIENTED_EDGE('',*,*,#6894,.F.);
#10453=ORIENTED_EDGE('',*,*,#6601,.T.);
#10455=ORIENTED_EDGE('',*,*,#10454,.T.);
#10456=ORIENTED_EDGE('',*,*,#10438,.F.);
#10457=ORIENTED_EDGE('',*,*,#7064,.F.);
#10458=EDGE_LOOP('',(#10451,#10452,#10453,#10455,#10456,#10457));
#10459=FACE_OUTER_BOUND('',#10458,.F.);
#10461=CARTESIAN_POINT('',(-7.5E-1,-2.5E-2,-2.225E0));
#10462=DIRECTION('',(0.E0,1.E0,0.E0));
#10463=DIRECTION('',(1.E0,0.E0,0.E0));
#10464=AXIS2_PLACEMENT_3D('',#10461,#10462,#10463);
#10465=CYLINDRICAL_SURFACE('',#10464,1.25E-1);
#10466=ORIENTED_EDGE('',*,*,#10454,.F.);
#10467=ORIENTED_EDGE('',*,*,#6599,.T.);
#10468=ORIENTED_EDGE('',*,*,#10425,.T.);
#10469=ORIENTED_EDGE('',*,*,#10440,.F.);
#10470=EDGE_LOOP('',(#10466,#10467,#10468,#10469));
#10471=FACE_OUTER_BOUND('',#10470,.F.);
#10473=CARTESIAN_POINT('',(-1.125E0,-2.5E-2,-2.225E0));
#10474=DIRECTION('',(1.E0,0.E0,0.E0));
#10475=DIRECTION('',(0.E0,0.E0,-1.E0));
#10476=AXIS2_PLACEMENT_3D('',#10473,#10474,#10475);
#10477=PLANE('',#10476);
#10478=ORIENTED_EDGE('',*,*,#7718,.T.);
#10479=ORIENTED_EDGE('',*,*,#7060,.T.);
#10481=ORIENTED_EDGE('',*,*,#10480,.F.);
#10483=ORIENTED_EDGE('',*,*,#10482,.F.);
#10484=ORIENTED_EDGE('',*,*,#6605,.F.);
#10485=ORIENTED_EDGE('',*,*,#6898,.T.);
#10486=EDGE_LOOP('',(#10478,#10479,#10481,#10483,#10484,#10485));
#10487=FACE_OUTER_BOUND('',#10486,.F.);
#10489=CARTESIAN_POINT('',(0.E0,1.75E-1,0.E0));
#10490=DIRECTION('',(0.E0,1.E0,0.E0));
#10491=DIRECTION('',(1.E0,0.E0,0.E0));
#10492=AXIS2_PLACEMENT_3D('',#10489,#10490,#10491);
#10493=PLANE('',#10492);
#10494=ORIENTED_EDGE('',*,*,#7058,.F.);
#10496=ORIENTED_EDGE('',*,*,#10495,.T.);
#10498=ORIENTED_EDGE('',*,*,#10497,.T.);
#10499=ORIENTED_EDGE('',*,*,#10480,.T.);
#10500=EDGE_LOOP('',(#10494,#10496,#10498,#10499));
#10501=FACE_OUTER_BOUND('',#10500,.F.);
#10503=CARTESIAN_POINT('',(-1.375E0,-2.5E-2,-2.5E0));
#10504=DIRECTION('',(-1.E0,0.E0,0.E0));
#10505=DIRECTION('',(0.E0,0.E0,1.E0));
#10506=AXIS2_PLACEMENT_3D('',#10503,#10504,#10505);
#10507=PLANE('',#10506);
#10508=ORIENTED_EDGE('',*,*,#7735,.T.);
#10509=ORIENTED_EDGE('',*,*,#6879,.F.);
#10510=ORIENTED_EDGE('',*,*,#6609,.T.);
#10512=ORIENTED_EDGE('',*,*,#10511,.T.);
#10513=ORIENTED_EDGE('',*,*,#10495,.F.);
#10514=ORIENTED_EDGE('',*,*,#7056,.F.);
#10515=EDGE_LOOP('',(#10508,#10509,#10510,#10512,#10513,#10514));
#10516=FACE_OUTER_BOUND('',#10515,.F.);
#10518=CARTESIAN_POINT('',(-1.25E0,-2.5E-2,-2.225E0));
#10519=DIRECTION('',(0.E0,1.E0,0.E0));
#10520=DIRECTION('',(1.E0,0.E0,0.E0));
#10521=AXIS2_PLACEMENT_3D('',#10518,#10519,#10520);
#10522=CYLINDRICAL_SURFACE('',#10521,1.25E-1);
#10523=ORIENTED_EDGE('',*,*,#10511,.F.);
#10524=ORIENTED_EDGE('',*,*,#6607,.T.);
#10525=ORIENTED_EDGE('',*,*,#10482,.T.);
#10526=ORIENTED_EDGE('',*,*,#10497,.F.);
#10527=EDGE_LOOP('',(#10523,#10524,#10525,#10526));
#10528=FACE_OUTER_BOUND('',#10527,.F.);
#10530=CARTESIAN_POINT('',(-1.625E0,-2.5E-2,-2.225E0));
#10531=DIRECTION('',(1.E0,0.E0,0.E0));
#10532=DIRECTION('',(0.E0,0.E0,-1.E0));
#10533=AXIS2_PLACEMENT_3D('',#10530,#10531,#10532);
#10534=PLANE('',#10533);
#10535=ORIENTED_EDGE('',*,*,#7732,.T.);
#10536=ORIENTED_EDGE('',*,*,#7052,.T.);
#10538=ORIENTED_EDGE('',*,*,#10537,.F.);
#10540=ORIENTED_EDGE('',*,*,#10539,.F.);
#10541=ORIENTED_EDGE('',*,*,#6613,.F.);
#10542=ORIENTED_EDGE('',*,*,#6883,.T.);
#10543=EDGE_LOOP('',(#10535,#10536,#10538,#10540,#10541,#10542));
#10544=FACE_OUTER_BOUND('',#10543,.F.);
#10546=CARTESIAN_POINT('',(0.E0,1.75E-1,0.E0));
#10547=DIRECTION('',(0.E0,1.E0,0.E0));
#10548=DIRECTION('',(1.E0,0.E0,0.E0));
#10549=AXIS2_PLACEMENT_3D('',#10546,#10547,#10548);
#10550=PLANE('',#10549);
#10551=ORIENTED_EDGE('',*,*,#7050,.F.);
#10553=ORIENTED_EDGE('',*,*,#10552,.T.);
#10555=ORIENTED_EDGE('',*,*,#10554,.T.);
#10556=ORIENTED_EDGE('',*,*,#10537,.T.);
#10557=EDGE_LOOP('',(#10551,#10553,#10555,#10556));
#10558=FACE_OUTER_BOUND('',#10557,.F.);
#10560=CARTESIAN_POINT('',(-1.875E0,-2.5E-2,-2.5E0));
#10561=DIRECTION('',(-1.E0,0.E0,0.E0));
#10562=DIRECTION('',(0.E0,0.E0,1.E0));
#10563=AXIS2_PLACEMENT_3D('',#10560,#10561,#10562);
#10564=PLANE('',#10563);
#10565=ORIENTED_EDGE('',*,*,#7749,.T.);
#10566=ORIENTED_EDGE('',*,*,#6864,.F.);
#10567=ORIENTED_EDGE('',*,*,#6617,.T.);
#10569=ORIENTED_EDGE('',*,*,#10568,.T.);
#10570=ORIENTED_EDGE('',*,*,#10552,.F.);
#10571=ORIENTED_EDGE('',*,*,#7048,.F.);
#10572=EDGE_LOOP('',(#10565,#10566,#10567,#10569,#10570,#10571));
#10573=FACE_OUTER_BOUND('',#10572,.F.);
#10575=CARTESIAN_POINT('',(-1.75E0,-2.5E-2,-2.225E0));
#10576=DIRECTION('',(0.E0,1.E0,0.E0));
#10577=DIRECTION('',(1.E0,0.E0,0.E0));
#10578=AXIS2_PLACEMENT_3D('',#10575,#10576,#10577);
#10579=CYLINDRICAL_SURFACE('',#10578,1.25E-1);
#10580=ORIENTED_EDGE('',*,*,#10568,.F.);
#10581=ORIENTED_EDGE('',*,*,#6615,.T.);
#10582=ORIENTED_EDGE('',*,*,#10539,.T.);
#10583=ORIENTED_EDGE('',*,*,#10554,.F.);
#10584=EDGE_LOOP('',(#10580,#10581,#10582,#10583));
#10585=FACE_OUTER_BOUND('',#10584,.F.);
#10587=CLOSED_SHELL('',(#6333,#6633,#6649,#6665,#6681,#6696,#6710,#6724,#6738,
#6751,#6774,#6789,#6803,#6817,#6830,#6842,#6857,#6872,#6887,#6902,#6917,#6932,
#6947,#6962,#6977,#6992,#7007,#7025,#7120,#7137,#7153,#7169,#7185,#7201,#7217,
#7233,#7249,#7265,#7281,#7301,#7317,#7333,#7349,#7365,#7381,#7397,#7413,#7429,
#7445,#7465,#7481,#7497,#7513,#7529,#7545,#7561,#7577,#7593,#7609,#7627,#7641,
#7655,#7669,#7683,#7697,#7711,#7725,#7739,#7753,#7837,#7851,#7934,#8016,#8033,
#8046,#8060,#8074,#8088,#8102,#8116,#8130,#8144,#8158,#8172,#8186,#8199,#8213,
#8227,#8241,#8255,#8269,#8283,#8297,#8311,#8325,#8338,#8354,#8369,#8385,#8400,
#8414,#8430,#8444,#8459,#8471,#8487,#8501,#8516,#8528,#8544,#8558,#8573,#8585,
#8601,#8615,#8630,#8642,#8658,#8672,#8687,#8699,#8715,#8729,#8744,#8756,#8772,
#8786,#8801,#8813,#8829,#8843,#8858,#8870,#8886,#8901,#8916,#8930,#8946,#8960,
#8975,#8987,#9003,#9017,#9032,#9044,#9060,#9074,#9089,#9101,#9117,#9131,#9146,
#9158,#9174,#9188,#9203,#9215,#9231,#9245,#9260,#9272,#9288,#9302,#9317,#9329,
#9345,#9359,#9374,#9386,#9402,#9418,#9434,#9450,#9462,#9475,#9489,#9503,#9517,
#9531,#9545,#9559,#9573,#9587,#9600,#9616,#9630,#9645,#9657,#9673,#9687,#9702,
#9714,#9730,#9744,#9759,#9771,#9787,#9801,#9816,#9828,#9844,#9858,#9873,#9885,
#9901,#9915,#9930,#9942,#9958,#9972,#9987,#9999,#10015,#10029,#10044,#10056,
#10072,#10087,#10102,#10116,#10130,#10146,#10160,#10175,#10187,#10203,#10217,
#10232,#10244,#10260,#10274,#10289,#10301,#10317,#10331,#10346,#10358,#10374,
#10388,#10403,#10415,#10431,#10445,#10460,#10472,#10488,#10502,#10517,#10529,
#10545,#10559,#10574,#10586));
#10588=MANIFOLD_SOLID_BREP('',#10587);
#10589=FILL_AREA_STYLE_COLOUR('',#6);
#10590=FILL_AREA_STYLE('',(#10589));
#10591=SURFACE_STYLE_FILL_AREA(#10590);
#10592=SURFACE_SIDE_STYLE('',(#10591));
#10593=SURFACE_STYLE_USAGE(.BOTH.,#10592);
#10594=PRESENTATION_STYLE_ASSIGNMENT((#10593));
#27=STYLED_ITEM('',(#10594),#10588);
#10597=PLANE_ANGLE_MEASURE_WITH_UNIT(PLANE_ANGLE_MEASURE(1.745329251994E-2),
#10596);
#10598=(CONVERSION_BASED_UNIT('DEGREE',#10597)NAMED_UNIT(*)PLANE_ANGLE_UNIT());
#10600=UNCERTAINTY_MEASURE_WITH_UNIT(LENGTH_MEASURE(7.777863466068E-4),#10595,
'distance_accuracy_value',
'Maximum model space distance between geometric entities at asserted connectivities');
#10602=CARTESIAN_POINT('',(0.E0,0.E0,0.E0));
#10603=DIRECTION('',(0.E0,0.E0,1.E0));
#10604=DIRECTION('',(1.E0,0.E0,0.E0));
#10607=APPLICATION_CONTEXT('automotive_design');
#10608=APPLICATION_PROTOCOL_DEFINITION('international standard',
'automotive_design',2001,#10607);
#10609=PRODUCT_DEFINITION_CONTEXT('part definition',#10607,'design');
#10610=PRODUCT_CONTEXT('',#10607,'mechanical');
#10611=PRODUCT('BODY-QFN_AF0','BODY-QFN_AF0','NOT SPECIFIED',(#10610));
#10612=PRODUCT_DEFINITION_FORMATION('113','LAST_VERSION',#10611);
#10620=DERIVED_UNIT_ELEMENT(#10619,2.E0);
#10621=DERIVED_UNIT((#10620));
#10622=MEASURE_REPRESENTATION_ITEM('surface area measure',AREA_MEASURE(
7.935623796085E1),#10621);
#10627=DERIVED_UNIT_ELEMENT(#10626,3.E0);
#10628=DERIVED_UNIT((#10627));
#10629=MEASURE_REPRESENTATION_ITEM('volume measure',VOLUME_MEASURE(
2.119414909620E1),#10628);
#10633=CARTESIAN_POINT('centre point',(-3.757004580194E-4,5.473430807847E-1,
-3.757004562952E-4));
#10638=DERIVED_UNIT_ELEMENT(#10637,2.E0);
#10639=DERIVED_UNIT((#10638));
#10640=MEASURE_REPRESENTATION_ITEM('surface area measure',AREA_MEASURE(
7.935623796085E1),#10639);
#10645=DERIVED_UNIT_ELEMENT(#10644,3.E0);
#10646=DERIVED_UNIT((#10645));
#10647=MEASURE_REPRESENTATION_ITEM('volume measure',VOLUME_MEASURE(
2.119414909620E1),#10646);
#10651=CARTESIAN_POINT('centre point',(-3.757004580194E-4,5.473430807847E-1,
-3.757004562952E-4));
#10661=CARTESIAN_POINT('centre point',(-3.757004580194E-4,3.757004562952E-4,
5.723430807847E-1));
#10665=CARTESIAN_POINT('',(0.E0,0.E0,2.5E-2));
#10666=DIRECTION('',(0.E0,-1.E0,0.E0));
#10667=DIRECTION('',(1.E0,0.E0,0.E0));
#10668=AXIS2_PLACEMENT_3D('',#10665,#10666,#10667);
#10669=ITEM_DEFINED_TRANSFORMATION('','',#10605,#10668);
#10670=(REPRESENTATION_RELATIONSHIP('','',#10606,#10658)REPRESENTATION_RELATIONSHIP_WITH_TRANSFORMATION(#10669)SHAPE_REPRESENTATION_RELATIONSHIP());
#10671=CONTEXT_DEPENDENT_SHAPE_REPRESENTATION(#10670,#10660);
#10673=DIRECTION('',(-7.071067811865E-1,0.E0,7.071067811865E-1));
#10674=VECTOR('',#10673,4.949747468306E-1);
#10675=CARTESIAN_POINT('',(-1.5E0,1.E-1,-1.85E0));
#10676=LINE('',#10675,#10674);
#10677=CURVE_STYLE('',#32,POSITIVE_LENGTH_MEASURE(2.E-2),#18);
#10678=PRESENTATION_STYLE_ASSIGNMENT((#10677));
#10679=STYLED_ITEM('',(#10678),#10676);
#10680=DIRECTION('',(0.E0,1.E0,0.E0));
#10681=VECTOR('',#10680,1.E-1);
#10682=CARTESIAN_POINT('',(-1.85E0,0.E0,-1.5E0));
#10683=LINE('',#10682,#10681);
#10684=CURVE_STYLE('',#32,POSITIVE_LENGTH_MEASURE(2.E-2),#18);
#10685=PRESENTATION_STYLE_ASSIGNMENT((#10684));
#10686=STYLED_ITEM('',(#10685),#10683);
#10687=DIRECTION('',(0.E0,-1.E0,0.E0));
#10688=VECTOR('',#10687,1.E-1);
#10689=CARTESIAN_POINT('',(-1.85E0,1.E-1,1.85E0));
#10690=LINE('',#10689,#10688);
#10691=CURVE_STYLE('',#32,POSITIVE_LENGTH_MEASURE(2.E-2),#18);
#10692=PRESENTATION_STYLE_ASSIGNMENT((#10691));
#10693=STYLED_ITEM('',(#10692),#10690);
#10694=DIRECTION('',(0.E0,0.E0,1.E0));
#10695=VECTOR('',#10694,3.9E0);
#10696=CARTESIAN_POINT('',(-1.95E0,1.E-1,-1.95E0));
#10697=LINE('',#10696,#10695);
#10698=CURVE_STYLE('',#32,POSITIVE_LENGTH_MEASURE(2.E-2),#18);
#10699=PRESENTATION_STYLE_ASSIGNMENT((#10698));
#10700=STYLED_ITEM('',(#10699),#10697);
#10701=DIRECTION('',(1.E0,0.E0,0.E0));
#10702=VECTOR('',#10701,3.9E0);
#10703=CARTESIAN_POINT('',(-1.95E0,1.E-1,1.95E0));
#10704=LINE('',#10703,#10702);
#10705=CURVE_STYLE('',#32,POSITIVE_LENGTH_MEASURE(2.E-2),#18);
#10706=PRESENTATION_STYLE_ASSIGNMENT((#10705));
#10707=STYLED_ITEM('',(#10706),#10704);
#10708=DIRECTION('',(0.E0,0.E0,-1.E0));
#10709=VECTOR('',#10708,3.9E0);
#10710=CARTESIAN_POINT('',(1.95E0,1.E-1,1.95E0));
#10711=LINE('',#10710,#10709);
#10712=CURVE_STYLE('',#32,POSITIVE_LENGTH_MEASURE(2.E-2),#18);
#10713=PRESENTATION_STYLE_ASSIGNMENT((#10712));
#10714=STYLED_ITEM('',(#10713),#10711);
#10715=DIRECTION('',(-1.E0,0.E0,0.E0));
#10716=VECTOR('',#10715,3.9E0);
#10717=CARTESIAN_POINT('',(1.95E0,1.E-1,-1.95E0));
#10718=LINE('',#10717,#10716);
#10719=CURVE_STYLE('',#32,POSITIVE_LENGTH_MEASURE(2.E-2),#18);
#10720=PRESENTATION_STYLE_ASSIGNMENT((#10719));
#10721=STYLED_ITEM('',(#10720),#10718);
#10722=DIRECTION('',(0.E0,0.E0,-1.E0));
#10723=VECTOR('',#10722,3.35E0);
#10724=CARTESIAN_POINT('',(-1.85E0,1.E-1,1.85E0));
#10725=LINE('',#10724,#10723);
#10726=CURVE_STYLE('',#32,POSITIVE_LENGTH_MEASURE(2.E-2),#18);
#10727=PRESENTATION_STYLE_ASSIGNMENT((#10726));
#10728=STYLED_ITEM('',(#10727),#10725);
#10729=DIRECTION('',(1.E0,0.E0,0.E0));
#10730=VECTOR('',#10729,3.35E0);
#10731=CARTESIAN_POINT('',(-1.5E0,1.E-1,-1.85E0));
#10732=LINE('',#10731,#10730);
#10733=CURVE_STYLE('',#32,POSITIVE_LENGTH_MEASURE(2.E-2),#18);
#10734=PRESENTATION_STYLE_ASSIGNMENT((#10733));
#10735=STYLED_ITEM('',(#10734),#10732);
#10736=DIRECTION('',(0.E0,0.E0,1.E0));
#10737=VECTOR('',#10736,3.7E0);
#10738=CARTESIAN_POINT('',(1.85E0,1.E-1,-1.85E0));
#10739=LINE('',#10738,#10737);
#10740=CURVE_STYLE('',#32,POSITIVE_LENGTH_MEASURE(2.E-2),#18);
#10741=PRESENTATION_STYLE_ASSIGNMENT((#10740));
#10742=STYLED_ITEM('',(#10741),#10739);
#10743=DIRECTION('',(-1.E0,0.E0,0.E0));
#10744=VECTOR('',#10743,3.7E0);
#10745=CARTESIAN_POINT('',(1.85E0,1.E-1,1.85E0));
#10746=LINE('',#10745,#10744);
#10747=CURVE_STYLE('',#32,POSITIVE_LENGTH_MEASURE(2.E-2),#18);
#10748=PRESENTATION_STYLE_ASSIGNMENT((#10747));
#10749=STYLED_ITEM('',(#10748),#10746);
#10750=DIRECTION('',(0.E0,1.E0,0.E0));
#10751=VECTOR('',#10750,1.E-1);
#10752=CARTESIAN_POINT('',(-1.95E0,1.E-1,-1.95E0));
#10753=LINE('',#10752,#10751);
#10754=CURVE_STYLE('',#32,POSITIVE_LENGTH_MEASURE(2.E-2),#18);
#10755=PRESENTATION_STYLE_ASSIGNMENT((#10754));
#10756=STYLED_ITEM('',(#10755),#10753);
#10757=DIRECTION('',(0.E0,1.E0,0.E0));
#10758=VECTOR('',#10757,1.E-1);
#10759=CARTESIAN_POINT('',(1.95E0,1.E-1,-1.95E0));
#10760=LINE('',#10759,#10758);
#10761=CURVE_STYLE('',#32,POSITIVE_LENGTH_MEASURE(2.E-2),#18);
#10762=PRESENTATION_STYLE_ASSIGNMENT((#10761));
#10763=STYLED_ITEM('',(#10762),#10760);
#10764=DIRECTION('',(0.E0,1.E0,0.E0));
#10765=VECTOR('',#10764,1.E-1);
#10766=CARTESIAN_POINT('',(1.95E0,1.E-1,1.95E0));
#10767=LINE('',#10766,#10765);
#10768=CURVE_STYLE('',#32,POSITIVE_LENGTH_MEASURE(2.E-2),#18);
#10769=PRESENTATION_STYLE_ASSIGNMENT((#10768));
#10770=STYLED_ITEM('',(#10769),#10767);
#10771=DIRECTION('',(0.E0,1.E0,0.E0));
#10772=VECTOR('',#10771,1.E-1);
#10773=CARTESIAN_POINT('',(-1.95E0,1.E-1,1.95E0));
#10774=LINE('',#10773,#10772);
#10775=CURVE_STYLE('',#32,POSITIVE_LENGTH_MEASURE(2.E-2),#18);
#10776=PRESENTATION_STYLE_ASSIGNMENT((#10775));
#10777=STYLED_ITEM('',(#10776),#10774);
#10778=DIRECTION('',(0.E0,0.E0,1.E0));
#10779=VECTOR('',#10778,3.9E0);
#10780=CARTESIAN_POINT('',(-1.95E0,2.E-1,-1.95E0));
#10781=LINE('',#10780,#10779);
#10782=CURVE_STYLE('',#32,POSITIVE_LENGTH_MEASURE(2.E-2),#18);
#10783=PRESENTATION_STYLE_ASSIGNMENT((#10782));
#10784=STYLED_ITEM('',(#10783),#10781);
#10785=DIRECTION('',(-1.E0,0.E0,0.E0));
#10786=VECTOR('',#10785,3.9E0);
#10787=CARTESIAN_POINT('',(1.95E0,2.E-1,-1.95E0));
#10788=LINE('',#10787,#10786);
#10789=CURVE_STYLE('',#32,POSITIVE_LENGTH_MEASURE(2.E-2),#18);
#10790=PRESENTATION_STYLE_ASSIGNMENT((#10789));
#10791=STYLED_ITEM('',(#10790),#10788);
#10792=DIRECTION('',(0.E0,0.E0,-1.E0));
#10793=VECTOR('',#10792,3.9E0);
#10794=CARTESIAN_POINT('',(1.95E0,2.E-1,1.95E0));
#10795=LINE('',#10794,#10793);
#10796=CURVE_STYLE('',#32,POSITIVE_LENGTH_MEASURE(2.E-2),#18);
#10797=PRESENTATION_STYLE_ASSIGNMENT((#10796));
#10798=STYLED_ITEM('',(#10797),#10795);
#10799=DIRECTION('',(1.E0,0.E0,0.E0));
#10800=VECTOR('',#10799,3.9E0);
#10801=CARTESIAN_POINT('',(-1.95E0,2.E-1,1.95E0));
#10802=LINE('',#10801,#10800);
#10803=CURVE_STYLE('',#32,POSITIVE_LENGTH_MEASURE(2.E-2),#18);
#10804=PRESENTATION_STYLE_ASSIGNMENT((#10803));
#10805=STYLED_ITEM('',(#10804),#10802);
#10806=DIRECTION('',(0.E0,1.E0,0.E0));
#10807=VECTOR('',#10806,1.E-1);
#10808=CARTESIAN_POINT('',(-1.5E0,0.E0,-1.85E0));
#10809=LINE('',#10808,#10807);
#10810=CURVE_STYLE('',#32,POSITIVE_LENGTH_MEASURE(2.E-2),#18);
#10811=PRESENTATION_STYLE_ASSIGNMENT((#10810));
#10812=STYLED_ITEM('',(#10811),#10809);
#10813=DIRECTION('',(7.071067811865E-1,0.E0,-7.071067811865E-1));
#10814=VECTOR('',#10813,4.949747468306E-1);
#10815=CARTESIAN_POINT('',(-1.85E0,0.E0,-1.5E0));
#10816=LINE('',#10815,#10814);
#10817=CURVE_STYLE('',#32,POSITIVE_LENGTH_MEASURE(2.E-2),#18);
#10818=PRESENTATION_STYLE_ASSIGNMENT((#10817));
#10819=STYLED_ITEM('',(#10818),#10816);
#10820=DIRECTION('',(0.E0,0.E0,-1.E0));
#10821=VECTOR('',#10820,3.35E0);
#10822=CARTESIAN_POINT('',(-1.85E0,0.E0,1.85E0));
#10823=LINE('',#10822,#10821);
#10824=CURVE_STYLE('',#32,POSITIVE_LENGTH_MEASURE(2.E-2),#18);
#10825=PRESENTATION_STYLE_ASSIGNMENT((#10824));
#10826=STYLED_ITEM('',(#10825),#10823);
#10827=DIRECTION('',(-1.E0,0.E0,0.E0));
#10828=VECTOR('',#10827,3.7E0);
#10829=CARTESIAN_POINT('',(1.85E0,0.E0,1.85E0));
#10830=LINE('',#10829,#10828);
#10831=CURVE_STYLE('',#32,POSITIVE_LENGTH_MEASURE(2.E-2),#18);
#10832=PRESENTATION_STYLE_ASSIGNMENT((#10831));
#10833=STYLED_ITEM('',(#10832),#10830);
#10834=DIRECTION('',(0.E0,0.E0,1.E0));
#10835=VECTOR('',#10834,3.7E0);
#10836=CARTESIAN_POINT('',(1.85E0,0.E0,-1.85E0));
#10837=LINE('',#10836,#10835);
#10838=CURVE_STYLE('',#32,POSITIVE_LENGTH_MEASURE(2.E-2),#18);
#10839=PRESENTATION_STYLE_ASSIGNMENT((#10838));
#10840=STYLED_ITEM('',(#10839),#10837);
#10841=DIRECTION('',(1.E0,0.E0,0.E0));
#10842=VECTOR('',#10841,3.35E0);
#10843=CARTESIAN_POINT('',(-1.5E0,0.E0,-1.85E0));
#10844=LINE('',#10843,#10842);
#10845=CURVE_STYLE('',#32,POSITIVE_LENGTH_MEASURE(2.E-2),#18);
#10846=PRESENTATION_STYLE_ASSIGNMENT((#10845));
#10847=STYLED_ITEM('',(#10846),#10844);
#10848=DIRECTION('',(0.E0,-1.E0,0.E0));
#10849=VECTOR('',#10848,1.E-1);
#10850=CARTESIAN_POINT('',(1.85E0,1.E-1,1.85E0));
#10851=LINE('',#10850,#10849);
#10852=CURVE_STYLE('',#32,POSITIVE_LENGTH_MEASURE(2.E-2),#18);
#10853=PRESENTATION_STYLE_ASSIGNMENT((#10852));
#10854=STYLED_ITEM('',(#10853),#10851);
#10855=DIRECTION('',(0.E0,-1.E0,0.E0));
#10856=VECTOR('',#10855,1.E-1);
#10857=CARTESIAN_POINT('',(1.85E0,1.E-1,-1.85E0));
#10858=LINE('',#10857,#10856);
#10859=CURVE_STYLE('',#32,POSITIVE_LENGTH_MEASURE(2.E-2),#18);
#10860=PRESENTATION_STYLE_ASSIGNMENT((#10859));
#10861=STYLED_ITEM('',(#10860),#10858);
#10862=CARTESIAN_POINT('',(-1.95E0,1.E-1,-1.95E0));
#10863=CARTESIAN_POINT('',(-1.95E0,1.E-1,1.95E0));
#10864=VERTEX_POINT('',#10862);
#10865=VERTEX_POINT('',#10863);
#10866=CARTESIAN_POINT('',(1.95E0,1.E-1,1.95E0));
#10867=VERTEX_POINT('',#10866);
#10868=CARTESIAN_POINT('',(1.95E0,1.E-1,-1.95E0));
#10869=VERTEX_POINT('',#10868);
#10870=CARTESIAN_POINT('',(-1.95E0,2.E-1,-1.95E0));
#10871=CARTESIAN_POINT('',(-1.95E0,2.E-1,1.95E0));
#10872=VERTEX_POINT('',#10870);
#10873=VERTEX_POINT('',#10871);
#10874=CARTESIAN_POINT('',(1.95E0,2.E-1,1.95E0));
#10875=VERTEX_POINT('',#10874);
#10876=CARTESIAN_POINT('',(1.95E0,2.E-1,-1.95E0));
#10877=VERTEX_POINT('',#10876);
#10878=CARTESIAN_POINT('',(1.85E0,0.E0,1.85E0));
#10879=CARTESIAN_POINT('',(-1.85E0,0.E0,1.85E0));
#10880=VERTEX_POINT('',#10878);
#10881=VERTEX_POINT('',#10879);
#10882=CARTESIAN_POINT('',(1.85E0,0.E0,-1.85E0));
#10883=VERTEX_POINT('',#10882);
#10884=CARTESIAN_POINT('',(1.85E0,1.E-1,1.85E0));
#10885=CARTESIAN_POINT('',(-1.85E0,1.E-1,1.85E0));
#10886=VERTEX_POINT('',#10884);
#10887=VERTEX_POINT('',#10885);
#10888=CARTESIAN_POINT('',(1.85E0,1.E-1,-1.85E0));
#10889=VERTEX_POINT('',#10888);
#10890=CARTESIAN_POINT('',(-1.85E0,0.E0,-1.5E0));
#10891=CARTESIAN_POINT('',(-1.85E0,1.E-1,-1.5E0));
#10892=VERTEX_POINT('',#10890);
#10893=VERTEX_POINT('',#10891);
#10894=CARTESIAN_POINT('',(-1.5E0,0.E0,-1.85E0));
#10895=VERTEX_POINT('',#10894);
#10896=CARTESIAN_POINT('',(-1.5E0,1.E-1,-1.85E0));
#10897=VERTEX_POINT('',#10896);
#10898=CARTESIAN_POINT('',(-1.675E0,5.E-2,-1.675E0));
#10899=DIRECTION('',(-7.071067811865E-1,0.E0,-7.071067811865E-1));
#10900=DIRECTION('',(-7.071067811865E-1,0.E0,7.071067811865E-1));
#10901=AXIS2_PLACEMENT_3D('',#10898,#10899,#10900);
#10902=PLANE('',#10901);
#10904=ORIENTED_EDGE('',*,*,#10903,.F.);
#10906=ORIENTED_EDGE('',*,*,#10905,.T.);
#10908=ORIENTED_EDGE('',*,*,#10907,.T.);
#10910=ORIENTED_EDGE('',*,*,#10909,.T.);
#10911=EDGE_LOOP('',(#10904,#10906,#10908,#10910));
#10912=FACE_OUTER_BOUND('',#10911,.F.);
#10914=CARTESIAN_POINT('',(-1.85E0,1.E-1,1.85E0));
#10915=DIRECTION('',(-1.E0,0.E0,0.E0));
#10916=DIRECTION('',(0.E0,0.E0,-1.E0));
#10917=AXIS2_PLACEMENT_3D('',#10914,#10915,#10916);
#10918=PLANE('',#10917);
#10919=ORIENTED_EDGE('',*,*,#10903,.T.);
#10921=ORIENTED_EDGE('',*,*,#10920,.F.);
#10923=ORIENTED_EDGE('',*,*,#10922,.T.);
#10925=ORIENTED_EDGE('',*,*,#10924,.T.);
#10926=EDGE_LOOP('',(#10919,#10921,#10923,#10925));
#10927=FACE_OUTER_BOUND('',#10926,.F.);
#10929=CARTESIAN_POINT('',(0.E0,1.E-1,0.E0));
#10930=DIRECTION('',(0.E0,1.E0,0.E0));
#10931=DIRECTION('',(1.E0,0.E0,0.E0));
#10932=AXIS2_PLACEMENT_3D('',#10929,#10930,#10931);
#10933=PLANE('',#10932);
#10935=ORIENTED_EDGE('',*,*,#10934,.T.);
#10937=ORIENTED_EDGE('',*,*,#10936,.T.);
#10939=ORIENTED_EDGE('',*,*,#10938,.T.);
#10941=ORIENTED_EDGE('',*,*,#10940,.T.);
#10942=EDGE_LOOP('',(#10935,#10937,#10939,#10941));
#10943=FACE_OUTER_BOUND('',#10942,.F.);
#10944=ORIENTED_EDGE('',*,*,#10920,.T.);
#10945=ORIENTED_EDGE('',*,*,#10909,.F.);
#10947=ORIENTED_EDGE('',*,*,#10946,.T.);
#10949=ORIENTED_EDGE('',*,*,#10948,.T.);
#10951=ORIENTED_EDGE('',*,*,#10950,.T.);
#10952=EDGE_LOOP('',(#10944,#10945,#10947,#10949,#10951));
#10953=FACE_BOUND('',#10952,.F.);
#10955=CARTESIAN_POINT('',(-1.95E0,1.E-1,-1.95E0));
#10956=DIRECTION('',(-1.E0,0.E0,0.E0));
#10957=DIRECTION('',(0.E0,0.E0,1.E0));
#10958=AXIS2_PLACEMENT_3D('',#10955,#10956,#10957);
#10959=PLANE('',#10958);
#10960=ORIENTED_EDGE('',*,*,#10934,.F.);
#10962=ORIENTED_EDGE('',*,*,#10961,.T.);
#10964=ORIENTED_EDGE('',*,*,#10963,.T.);
#10966=ORIENTED_EDGE('',*,*,#10965,.F.);
#10967=EDGE_LOOP('',(#10960,#10962,#10964,#10966));
#10968=FACE_OUTER_BOUND('',#10967,.F.);
#10970=CARTESIAN_POINT('',(1.95E0,1.E-1,-1.95E0));
#10971=DIRECTION('',(0.E0,0.E0,-1.E0));
#10972=DIRECTION('',(-1.E0,0.E0,0.E0));
#10973=AXIS2_PLACEMENT_3D('',#10970,#10971,#10972);
#10974=PLANE('',#10973);
#10975=ORIENTED_EDGE('',*,*,#10940,.F.);
#10977=ORIENTED_EDGE('',*,*,#10976,.T.);
#10979=ORIENTED_EDGE('',*,*,#10978,.T.);
#10980=ORIENTED_EDGE('',*,*,#10961,.F.);
#10981=EDGE_LOOP('',(#10975,#10977,#10979,#10980));
#10982=FACE_OUTER_BOUND('',#10981,.F.);
#10984=CARTESIAN_POINT('',(1.95E0,1.E-1,1.95E0));
#10985=DIRECTION('',(1.E0,0.E0,0.E0));
#10986=DIRECTION('',(0.E0,0.E0,-1.E0));
#10987=AXIS2_PLACEMENT_3D('',#10984,#10985,#10986);
#10988=PLANE('',#10987);
#10989=ORIENTED_EDGE('',*,*,#10938,.F.);
#10991=ORIENTED_EDGE('',*,*,#10990,.T.);
#10993=ORIENTED_EDGE('',*,*,#10992,.T.);
#10994=ORIENTED_EDGE('',*,*,#10976,.F.);
#10995=EDGE_LOOP('',(#10989,#10991,#10993,#10994));
#10996=FACE_OUTER_BOUND('',#10995,.F.);
#10998=CARTESIAN_POINT('',(-1.95E0,1.E-1,1.95E0));
#10999=DIRECTION('',(0.E0,0.E0,1.E0));
#11000=DIRECTION('',(1.E0,0.E0,0.E0));
#11001=AXIS2_PLACEMENT_3D('',#10998,#10999,#11000);
#11002=PLANE('',#11001);
#11003=ORIENTED_EDGE('',*,*,#10936,.F.);
#11004=ORIENTED_EDGE('',*,*,#10965,.T.);
#11006=ORIENTED_EDGE('',*,*,#11005,.T.);
#11007=ORIENTED_EDGE('',*,*,#10990,.F.);
#11008=EDGE_LOOP('',(#11003,#11004,#11006,#11007));
#11009=FACE_OUTER_BOUND('',#11008,.F.);
#11011=CARTESIAN_POINT('',(0.E0,2.E-1,0.E0));
#11012=DIRECTION('',(0.E0,1.E0,0.E0));
#11013=DIRECTION('',(1.E0,0.E0,0.E0));
#11014=AXIS2_PLACEMENT_3D('',#11011,#11012,#11013);
#11015=PLANE('',#11014);
#11016=ORIENTED_EDGE('',*,*,#10963,.F.);
#11017=ORIENTED_EDGE('',*,*,#10978,.F.);
#11018=ORIENTED_EDGE('',*,*,#10992,.F.);
#11019=ORIENTED_EDGE('',*,*,#11005,.F.);
#11020=EDGE_LOOP('',(#11016,#11017,#11018,#11019));
#11021=FACE_OUTER_BOUND('',#11020,.F.);
#11023=CARTESIAN_POINT('',(-1.85E0,1.E-1,-1.85E0));
#11024=DIRECTION('',(0.E0,0.E0,-1.E0));
#11025=DIRECTION('',(1.E0,0.E0,0.E0));
#11026=AXIS2_PLACEMENT_3D('',#11023,#11024,#11025);
#11027=PLANE('',#11026);
#11028=ORIENTED_EDGE('',*,*,#10907,.F.);
#11030=ORIENTED_EDGE('',*,*,#11029,.T.);
#11032=ORIENTED_EDGE('',*,*,#11031,.F.);
#11033=ORIENTED_EDGE('',*,*,#10946,.F.);
#11034=EDGE_LOOP('',(#11028,#11030,#11032,#11033));
#11035=FACE_OUTER_BOUND('',#11034,.F.);
#11037=CARTESIAN_POINT('',(0.E0,0.E0,0.E0));
#11038=DIRECTION('',(0.E0,-1.E0,0.E0));
#11039=DIRECTION('',(-1.E0,0.E0,0.E0));
#11040=AXIS2_PLACEMENT_3D('',#11037,#11038,#11039);
#11041=PLANE('',#11040);
#11042=ORIENTED_EDGE('',*,*,#10905,.F.);
#11043=ORIENTED_EDGE('',*,*,#10924,.F.);
#11045=ORIENTED_EDGE('',*,*,#11044,.F.);
#11047=ORIENTED_EDGE('',*,*,#11046,.F.);
#11048=ORIENTED_EDGE('',*,*,#11029,.F.);
#11049=EDGE_LOOP('',(#11042,#11043,#11045,#11047,#11048));
#11050=FACE_OUTER_BOUND('',#11049,.F.);
#11052=FILL_AREA_STYLE_COLOUR('',#26);
#11053=FILL_AREA_STYLE('',(#11052));
#11054=SURFACE_STYLE_FILL_AREA(#11053);
#11055=SURFACE_SIDE_STYLE('',(#11054));
#11056=SURFACE_STYLE_USAGE(.POSITIVE.,#11055);
#11057=FILL_AREA_STYLE_COLOUR('',#18);
#11058=FILL_AREA_STYLE('',(#11057));
#11059=SURFACE_STYLE_FILL_AREA(#11058);
#11060=SURFACE_SIDE_STYLE('',(#11059));
#11061=SURFACE_STYLE_USAGE(.NEGATIVE.,#11060);
#11062=PRESENTATION_STYLE_ASSIGNMENT((#11056,#11061));
#11063=OVER_RIDING_STYLED_ITEM('',(#11062),#11051,#10672);
#11064=CARTESIAN_POINT('',(1.85E0,1.E-1,1.85E0));
#11065=DIRECTION('',(0.E0,0.E0,1.E0));
#11066=DIRECTION('',(-1.E0,0.E0,0.E0));
#11067=AXIS2_PLACEMENT_3D('',#11064,#11065,#11066);
#11068=PLANE('',#11067);
#11069=ORIENTED_EDGE('',*,*,#10950,.F.);
#11071=ORIENTED_EDGE('',*,*,#11070,.T.);
#11072=ORIENTED_EDGE('',*,*,#11044,.T.);
#11073=ORIENTED_EDGE('',*,*,#10922,.F.);
#11074=EDGE_LOOP('',(#11069,#11071,#11072,#11073));
#11075=FACE_OUTER_BOUND('',#11074,.F.);
#11077=CARTESIAN_POINT('',(1.85E0,1.E-1,-1.85E0));
#11078=DIRECTION('',(1.E0,0.E0,0.E0));
#11079=DIRECTION('',(0.E0,0.E0,1.E0));
#11080=AXIS2_PLACEMENT_3D('',#11077,#11078,#11079);
#11081=PLANE('',#11080);
#11082=ORIENTED_EDGE('',*,*,#10948,.F.);
#11083=ORIENTED_EDGE('',*,*,#11031,.T.);
#11084=ORIENTED_EDGE('',*,*,#11046,.T.);
#11085=ORIENTED_EDGE('',*,*,#11070,.F.);
#11086=EDGE_LOOP('',(#11082,#11083,#11084,#11085));
#11087=FACE_OUTER_BOUND('',#11086,.F.);
#11089=CLOSED_SHELL('',(#10913,#10928,#10954,#10969,#10983,#10997,#11010,#11022,
#11036,#11051,#11076,#11088));
#11090=MANIFOLD_SOLID_BREP('',#11089);
#11091=FILL_AREA_STYLE_COLOUR('',#18);
#11092=FILL_AREA_STYLE('',(#11091));
#11093=SURFACE_STYLE_FILL_AREA(#11092);
#11094=SURFACE_SIDE_STYLE('',(#11093));
#11095=SURFACE_STYLE_USAGE(.BOTH.,#11094);
#11096=PRESENTATION_STYLE_ASSIGNMENT((#11095));
#10672=STYLED_ITEM('',(#11096),#11090);
#11098=DIRECTION('',(0.E0,0.E0,-1.E0));
#11099=VECTOR('',#11098,2.5E-1);
#11100=CARTESIAN_POINT('',(2.45E0,0.E0,1.875E0));
#11101=LINE('',#11100,#11099);
#11102=CURVE_STYLE('',#32,POSITIVE_LENGTH_MEASURE(2.E-2),#18);
#11103=PRESENTATION_STYLE_ASSIGNMENT((#11102));
#11104=STYLED_ITEM('',(#11103),#11101);
#11105=DIRECTION('',(-1.E0,0.E0,0.E0));
#11106=VECTOR('',#11105,2.25E-1);
#11107=CARTESIAN_POINT('',(2.45E0,0.E0,1.625E0));
#11108=LINE('',#11107,#11106);
#11109=CURVE_STYLE('',#32,POSITIVE_LENGTH_MEASURE(2.E-2),#18);
#11110=PRESENTATION_STYLE_ASSIGNMENT((#11109));
#11111=STYLED_ITEM('',(#11110),#11108);
#11112=CARTESIAN_POINT('',(2.225E0,0.E0,1.75E0));
#11113=DIRECTION('',(0.E0,1.E0,0.E0));
#11114=DIRECTION('',(0.E0,0.E0,-1.E0));
#11115=AXIS2_PLACEMENT_3D('',#11112,#11113,#11114);
#11117=CURVE_STYLE('',#32,POSITIVE_LENGTH_MEASURE(2.E-2),#18);
#11118=PRESENTATION_STYLE_ASSIGNMENT((#11117));
#11119=STYLED_ITEM('',(#11118),#11116);
#11120=DIRECTION('',(1.E0,0.E0,0.E0));
#11121=VECTOR('',#11120,2.25E-1);
#11122=CARTESIAN_POINT('',(2.225E0,0.E0,1.875E0));
#11123=LINE('',#11122,#11121);
#11124=CURVE_STYLE('',#32,POSITIVE_LENGTH_MEASURE(2.E-2),#18);
#11125=PRESENTATION_STYLE_ASSIGNMENT((#11124));
#11126=STYLED_ITEM('',(#11125),#11123);
#11127=DIRECTION('',(1.E0,0.E0,0.E0));
#11128=VECTOR('',#11127,5.E-2);
#11129=CARTESIAN_POINT('',(2.45E0,1.E-1,1.875E0));
#11130=LINE('',#11129,#11128);
#11131=CURVE_STYLE('',#32,POSITIVE_LENGTH_MEASURE(2.E-2),#18);
#11132=PRESENTATION_STYLE_ASSIGNMENT((#11131));
#11133=STYLED_ITEM('',(#11132),#11130);
#11134=DIRECTION('',(0.E0,1.E0,0.E0));
#11135=VECTOR('',#11134,1.E-1);
#11136=CARTESIAN_POINT('',(2.45E0,0.E0,1.875E0));
#11137=LINE('',#11136,#11135);
#11138=CURVE_STYLE('',#32,POSITIVE_LENGTH_MEASURE(2.E-2),#18);
#11139=PRESENTATION_STYLE_ASSIGNMENT((#11138));
#11140=STYLED_ITEM('',(#11139),#11137);
#11141=DIRECTION('',(0.E0,1.E0,0.E0));
#11142=VECTOR('',#11141,2.E-1);
#11143=CARTESIAN_POINT('',(2.225E0,0.E0,1.875E0));
#11144=LINE('',#11143,#11142);
#11145=CURVE_STYLE('',#32,POSITIVE_LENGTH_MEASURE(2.E-2),#18);
#11146=PRESENTATION_STYLE_ASSIGNMENT((#11145));
#11147=STYLED_ITEM('',(#11146),#11144);
#11148=DIRECTION('',(0.E0,0.E0,1.E0));
#11149=VECTOR('',#11148,2.5E-1);
#11150=CARTESIAN_POINT('',(2.45E0,1.E-1,1.625E0));
#11151=LINE('',#11150,#11149);
#11152=CURVE_STYLE('',#32,POSITIVE_LENGTH_MEASURE(2.E-2),#18);
#11153=PRESENTATION_STYLE_ASSIGNMENT((#11152));
#11154=STYLED_ITEM('',(#11153),#11151);
#11155=DIRECTION('',(-1.E0,0.E0,0.E0));
#11156=VECTOR('',#11155,5.E-2);
#11157=CARTESIAN_POINT('',(2.5E0,1.E-1,1.625E0));
#11158=LINE('',#11157,#11156);
#11159=CURVE_STYLE('',#32,POSITIVE_LENGTH_MEASURE(2.E-2),#18);
#11160=PRESENTATION_STYLE_ASSIGNMENT((#11159));
#11161=STYLED_ITEM('',(#11160),#11158);
#11162=DIRECTION('',(0.E0,1.E0,0.E0));
#11163=VECTOR('',#11162,1.E-1);
#11164=CARTESIAN_POINT('',(2.5E0,1.E-1,1.625E0));
#11165=LINE('',#11164,#11163);
#11166=CURVE_STYLE('',#32,POSITIVE_LENGTH_MEASURE(2.E-2),#18);
#11167=PRESENTATION_STYLE_ASSIGNMENT((#11166));
#11168=STYLED_ITEM('',(#11167),#11165);
#11169=DIRECTION('',(0.E0,1.E0,0.E0));
#11170=VECTOR('',#11169,1.E-1);
#11171=CARTESIAN_POINT('',(2.45E0,0.E0,1.625E0));
#11172=LINE('',#11171,#11170);
#11173=CURVE_STYLE('',#32,POSITIVE_LENGTH_MEASURE(2.E-2),#18);
#11174=PRESENTATION_STYLE_ASSIGNMENT((#11173));
#11175=STYLED_ITEM('',(#11174),#11172);
#11176=DIRECTION('',(0.E0,0.E0,-1.E0));
#11177=VECTOR('',#11176,2.5E-1);
#11178=CARTESIAN_POINT('',(2.5E0,1.E-1,1.875E0));
#11179=LINE('',#11178,#11177);
#11180=CURVE_STYLE('',#32,POSITIVE_LENGTH_MEASURE(2.E-2),#18);
#11181=PRESENTATION_STYLE_ASSIGNMENT((#11180));
#11182=STYLED_ITEM('',(#11181),#11179);
#11183=DIRECTION('',(0.E0,1.E0,0.E0));
#11184=VECTOR('',#11183,1.E-1);
#11185=CARTESIAN_POINT('',(2.5E0,1.E-1,1.875E0));
#11186=LINE('',#11185,#11184);
#11187=CURVE_STYLE('',#32,POSITIVE_LENGTH_MEASURE(2.E-2),#18);
#11188=PRESENTATION_STYLE_ASSIGNMENT((#11187));
#11189=STYLED_ITEM('',(#11188),#11186);
#11190=DIRECTION('',(-1.E0,0.E0,0.E0));
#11191=VECTOR('',#11190,2.75E-1);
#11192=CARTESIAN_POINT('',(2.5E0,2.E-1,1.625E0));
#11193=LINE('',#11192,#11191);
#11194=CURVE_STYLE('',#32,POSITIVE_LENGTH_MEASURE(2.E-2),#18);
#11195=PRESENTATION_STYLE_ASSIGNMENT((#11194));
#11196=STYLED_ITEM('',(#11195),#11193);
#11197=DIRECTION('',(0.E0,0.E0,-1.E0));
#11198=VECTOR('',#11197,2.5E-1);
#11199=CARTESIAN_POINT('',(2.5E0,2.E-1,1.875E0));
#11200=LINE('',#11199,#11198);
#11201=CURVE_STYLE('',#32,POSITIVE_LENGTH_MEASURE(2.E-2),#18);
#11202=PRESENTATION_STYLE_ASSIGNMENT((#11201));
#11203=STYLED_ITEM('',(#11202),#11200);
#11204=DIRECTION('',(1.E0,0.E0,0.E0));
#11205=VECTOR('',#11204,2.75E-1);
#11206=CARTESIAN_POINT('',(2.225E0,2.E-1,1.875E0));
#11207=LINE('',#11206,#11205);
#11208=CURVE_STYLE('',#32,POSITIVE_LENGTH_MEASURE(2.E-2),#18);
#11209=PRESENTATION_STYLE_ASSIGNMENT((#11208));
#11210=STYLED_ITEM('',(#11209),#11207);
#11211=CARTESIAN_POINT('',(2.225E0,2.E-1,1.75E0));
#11212=DIRECTION('',(0.E0,1.E0,0.E0));
#11213=DIRECTION('',(0.E0,0.E0,-1.E0));
#11214=AXIS2_PLACEMENT_3D('',#11211,#11212,#11213);
#11216=CURVE_STYLE('',#32,POSITIVE_LENGTH_MEASURE(2.E-2),#18);
#11217=PRESENTATION_STYLE_ASSIGNMENT((#11216));
#11218=STYLED_ITEM('',(#11217),#11215);
#11219=DIRECTION('',(0.E0,1.E0,0.E0));
#11220=VECTOR('',#11219,2.E-1);
#11221=CARTESIAN_POINT('',(2.225E0,0.E0,1.625E0));
#11222=LINE('',#11221,#11220);
#11223=CURVE_STYLE('',#32,POSITIVE_LENGTH_MEASURE(2.E-2),#18);
#11224=PRESENTATION_STYLE_ASSIGNMENT((#11223));
#11225=STYLED_ITEM('',(#11224),#11222);
#11226=CARTESIAN_POINT('',(2.225E0,0.E0,1.625E0));
#11227=CARTESIAN_POINT('',(2.225E0,0.E0,1.875E0));
#11228=VERTEX_POINT('',#11226);
#11229=VERTEX_POINT('',#11227);
#11230=CARTESIAN_POINT('',(2.5E0,2.E-1,1.625E0));
#11231=CARTESIAN_POINT('',(2.225E0,2.E-1,1.625E0));
#11232=VERTEX_POINT('',#11230);
#11233=VERTEX_POINT('',#11231);
#11234=CARTESIAN_POINT('',(2.225E0,2.E-1,1.875E0));
#11235=VERTEX_POINT('',#11234);
#11236=CARTESIAN_POINT('',(2.5E0,2.E-1,1.875E0));
#11237=VERTEX_POINT('',#11236);
#11238=CARTESIAN_POINT('',(2.45E0,0.E0,1.875E0));
#11239=CARTESIAN_POINT('',(2.45E0,0.E0,1.625E0));
#11240=VERTEX_POINT('',#11238);
#11241=VERTEX_POINT('',#11239);
#11242=CARTESIAN_POINT('',(2.5E0,1.E-1,1.625E0));
#11243=CARTESIAN_POINT('',(2.45E0,1.E-1,1.625E0));
#11244=VERTEX_POINT('',#11242);
#11245=VERTEX_POINT('',#11243);
#11246=CARTESIAN_POINT('',(2.45E0,1.E-1,1.875E0));
#11247=CARTESIAN_POINT('',(2.5E0,1.E-1,1.875E0));
#11248=VERTEX_POINT('',#11246);
#11249=VERTEX_POINT('',#11247);
#11250=CARTESIAN_POINT('',(0.E0,0.E0,0.E0));
#11251=DIRECTION('',(0.E0,1.E0,0.E0));
#11252=DIRECTION('',(1.E0,0.E0,0.E0));
#11253=AXIS2_PLACEMENT_3D('',#11250,#11251,#11252);
#11254=PLANE('',#11253);
#11256=ORIENTED_EDGE('',*,*,#11255,.T.);
#11258=ORIENTED_EDGE('',*,*,#11257,.T.);
#11260=ORIENTED_EDGE('',*,*,#11259,.T.);
#11262=ORIENTED_EDGE('',*,*,#11261,.T.);
#11263=EDGE_LOOP('',(#11256,#11258,#11260,#11262));
#11264=FACE_OUTER_BOUND('',#11263,.F.);
#11266=FILL_AREA_STYLE_COLOUR('',#22);
#11267=FILL_AREA_STYLE('',(#11266));
#11268=SURFACE_STYLE_FILL_AREA(#11267);
#11269=SURFACE_SIDE_STYLE('',(#11268));
#11270=SURFACE_STYLE_USAGE(.POSITIVE.,#11269);
#11271=PRESENTATION_STYLE_ASSIGNMENT((#11270));
#11272=OVER_RIDING_STYLED_ITEM('',(#11271),#11265,#11097);
#11273=CARTESIAN_POINT('',(2.45E0,0.E0,-2.45E0));
#11274=DIRECTION('',(-1.E0,0.E0,0.E0));
#11275=DIRECTION('',(0.E0,0.E0,1.E0));
#11276=AXIS2_PLACEMENT_3D('',#11273,#11274,#11275);
#11277=PLANE('',#11276);
#11278=ORIENTED_EDGE('',*,*,#11255,.F.);
#11280=ORIENTED_EDGE('',*,*,#11279,.T.);
#11282=ORIENTED_EDGE('',*,*,#11281,.F.);
#11284=ORIENTED_EDGE('',*,*,#11283,.F.);
#11285=EDGE_LOOP('',(#11278,#11280,#11282,#11284));
#11286=FACE_OUTER_BOUND('',#11285,.F.);
#11288=CARTESIAN_POINT('',(2.225E0,0.E0,1.875E0));
#11289=DIRECTION('',(0.E0,0.E0,1.E0));
#11290=DIRECTION('',(1.E0,0.E0,0.E0));
#11291=AXIS2_PLACEMENT_3D('',#11288,#11289,#11290);
#11292=PLANE('',#11291);
#11294=ORIENTED_EDGE('',*,*,#11293,.F.);
#11295=ORIENTED_EDGE('',*,*,#11279,.F.);
#11296=ORIENTED_EDGE('',*,*,#11261,.F.);
#11298=ORIENTED_EDGE('',*,*,#11297,.T.);
#11300=ORIENTED_EDGE('',*,*,#11299,.T.);
#11302=ORIENTED_EDGE('',*,*,#11301,.F.);
#11303=EDGE_LOOP('',(#11294,#11295,#11296,#11298,#11300,#11302));
#11304=FACE_OUTER_BOUND('',#11303,.F.);
#11306=CARTESIAN_POINT('',(0.E0,1.E-1,0.E0));
#11307=DIRECTION('',(0.E0,1.E0,0.E0));
#11308=DIRECTION('',(1.E0,0.E0,0.E0));
#11309=AXIS2_PLACEMENT_3D('',#11306,#11307,#11308);
#11310=PLANE('',#11309);
#11312=ORIENTED_EDGE('',*,*,#11311,.T.);
#11313=ORIENTED_EDGE('',*,*,#11281,.T.);
#11314=ORIENTED_EDGE('',*,*,#11293,.T.);
#11316=ORIENTED_EDGE('',*,*,#11315,.T.);
#11317=EDGE_LOOP('',(#11312,#11313,#11314,#11316));
#11318=FACE_OUTER_BOUND('',#11317,.F.);
#11320=CARTESIAN_POINT('',(2.5E0,0.E0,1.625E0));
#11321=DIRECTION('',(0.E0,0.E0,-1.E0));
#11322=DIRECTION('',(-1.E0,0.E0,0.E0));
#11323=AXIS2_PLACEMENT_3D('',#11320,#11321,#11322);
#11324=PLANE('',#11323);
#11325=ORIENTED_EDGE('',*,*,#11311,.F.);
#11327=ORIENTED_EDGE('',*,*,#11326,.T.);
#11329=ORIENTED_EDGE('',*,*,#11328,.T.);
#11331=ORIENTED_EDGE('',*,*,#11330,.F.);
#11332=ORIENTED_EDGE('',*,*,#11257,.F.);
#11333=ORIENTED_EDGE('',*,*,#11283,.T.);
#11334=EDGE_LOOP('',(#11325,#11327,#11329,#11331,#11332,#11333));
#11335=FACE_OUTER_BOUND('',#11334,.F.);
#11337=CARTESIAN_POINT('',(2.5E0,0.E0,1.875E0));
#11338=DIRECTION('',(1.E0,0.E0,0.E0));
#11339=DIRECTION('',(0.E0,0.E0,-1.E0));
#11340=AXIS2_PLACEMENT_3D('',#11337,#11338,#11339);
#11341=PLANE('',#11340);
#11342=ORIENTED_EDGE('',*,*,#11315,.F.);
#11343=ORIENTED_EDGE('',*,*,#11301,.T.);
#11345=ORIENTED_EDGE('',*,*,#11344,.T.);
#11346=ORIENTED_EDGE('',*,*,#11326,.F.);
#11347=EDGE_LOOP('',(#11342,#11343,#11345,#11346));
#11348=FACE_OUTER_BOUND('',#11347,.F.);
#11350=CARTESIAN_POINT('',(0.E0,2.E-1,0.E0));
#11351=DIRECTION('',(0.E0,1.E0,0.E0));
#11352=DIRECTION('',(1.E0,0.E0,0.E0));
#11353=AXIS2_PLACEMENT_3D('',#11350,#11351,#11352);
#11354=PLANE('',#11353);
#11355=ORIENTED_EDGE('',*,*,#11328,.F.);
#11356=ORIENTED_EDGE('',*,*,#11344,.F.);
#11357=ORIENTED_EDGE('',*,*,#11299,.F.);
#11359=ORIENTED_EDGE('',*,*,#11358,.F.);
#11360=EDGE_LOOP('',(#11355,#11356,#11357,#11359));
#11361=FACE_OUTER_BOUND('',#11360,.F.);
#11363=CARTESIAN_POINT('',(2.225E0,0.E0,1.75E0));
#11364=DIRECTION('',(0.E0,1.E0,0.E0));
#11365=DIRECTION('',(1.E0,0.E0,0.E0));
#11366=AXIS2_PLACEMENT_3D('',#11363,#11364,#11365);
#11367=CYLINDRICAL_SURFACE('',#11366,1.25E-1);
#11368=ORIENTED_EDGE('',*,*,#11259,.F.);
#11369=ORIENTED_EDGE('',*,*,#11330,.T.);
#11370=ORIENTED_EDGE('',*,*,#11358,.T.);
#11371=ORIENTED_EDGE('',*,*,#11297,.F.);
#11372=EDGE_LOOP('',(#11368,#11369,#11370,#11371));
#11373=FACE_OUTER_BOUND('',#11372,.F.);
#11375=CLOSED_SHELL('',(#11265,#11287,#11305,#11319,#11336,#11349,#11362,
#11374));
#11376=MANIFOLD_SOLID_BREP('',#11375);
#11377=FILL_AREA_STYLE_COLOUR('',#18);
#11378=FILL_AREA_STYLE('',(#11377));
#11379=SURFACE_STYLE_FILL_AREA(#11378);
#11380=SURFACE_SIDE_STYLE('',(#11379));
#11381=SURFACE_STYLE_USAGE(.POSITIVE.,#11380);
#11382=PRESENTATION_STYLE_ASSIGNMENT((#11381));
#11097=STYLED_ITEM('',(#11382),#11376);
#11384=DIRECTION('',(0.E0,0.E0,-1.E0));
#11385=VECTOR('',#11384,2.5E-1);
#11386=CARTESIAN_POINT('',(2.45E0,0.E0,1.375E0));
#11387=LINE('',#11386,#11385);
#11388=CURVE_STYLE('',#32,POSITIVE_LENGTH_MEASURE(2.E-2),#18);
#11389=PRESENTATION_STYLE_ASSIGNMENT((#11388));
#11390=STYLED_ITEM('',(#11389),#11387);
#11391=DIRECTION('',(-1.E0,0.E0,0.E0));
#11392=VECTOR('',#11391,2.25E-1);
#11393=CARTESIAN_POINT('',(2.45E0,0.E0,1.125E0));
#11394=LINE('',#11393,#11392);
#11395=CURVE_STYLE('',#32,POSITIVE_LENGTH_MEASURE(2.E-2),#18);
#11396=PRESENTATION_STYLE_ASSIGNMENT((#11395));
#11397=STYLED_ITEM('',(#11396),#11394);
#11398=CARTESIAN_POINT('',(2.225E0,0.E0,1.25E0));
#11399=DIRECTION('',(0.E0,1.E0,0.E0));
#11400=DIRECTION('',(0.E0,0.E0,-1.E0));
#11401=AXIS2_PLACEMENT_3D('',#11398,#11399,#11400);
#11403=CURVE_STYLE('',#32,POSITIVE_LENGTH_MEASURE(2.E-2),#18);
#11404=PRESENTATION_STYLE_ASSIGNMENT((#11403));
#11405=STYLED_ITEM('',(#11404),#11402);
#11406=DIRECTION('',(1.E0,0.E0,0.E0));
#11407=VECTOR('',#11406,2.25E-1);
#11408=CARTESIAN_POINT('',(2.225E0,0.E0,1.375E0));
#11409=LINE('',#11408,#11407);
#11410=CURVE_STYLE('',#32,POSITIVE_LENGTH_MEASURE(2.E-2),#18);
#11411=PRESENTATION_STYLE_ASSIGNMENT((#11410));
#11412=STYLED_ITEM('',(#11411),#11409);
#11413=DIRECTION('',(1.E0,0.E0,0.E0));
#11414=VECTOR('',#11413,5.E-2);
#11415=CARTESIAN_POINT('',(2.45E0,1.E-1,1.375E0));
#11416=LINE('',#11415,#11414);
#11417=CURVE_STYLE('',#32,POSITIVE_LENGTH_MEASURE(2.E-2),#18);
#11418=PRESENTATION_STYLE_ASSIGNMENT((#11417));
#11419=STYLED_ITEM('',(#11418),#11416);
#11420=DIRECTION('',(0.E0,1.E0,0.E0));
#11421=VECTOR('',#11420,1.E-1);
#11422=CARTESIAN_POINT('',(2.45E0,0.E0,1.375E0));
#11423=LINE('',#11422,#11421);
#11424=CURVE_STYLE('',#32,POSITIVE_LENGTH_MEASURE(2.E-2),#18);
#11425=PRESENTATION_STYLE_ASSIGNMENT((#11424));
#11426=STYLED_ITEM('',(#11425),#11423);
#11427=DIRECTION('',(0.E0,1.E0,0.E0));
#11428=VECTOR('',#11427,2.E-1);
#11429=CARTESIAN_POINT('',(2.225E0,0.E0,1.375E0));
#11430=LINE('',#11429,#11428);
#11431=CURVE_STYLE('',#32,POSITIVE_LENGTH_MEASURE(2.E-2),#18);
#11432=PRESENTATION_STYLE_ASSIGNMENT((#11431));
#11433=STYLED_ITEM('',(#11432),#11430);
#11434=DIRECTION('',(0.E0,0.E0,1.E0));
#11435=VECTOR('',#11434,2.5E-1);
#11436=CARTESIAN_POINT('',(2.45E0,1.E-1,1.125E0));
#11437=LINE('',#11436,#11435);
#11438=CURVE_STYLE('',#32,POSITIVE_LENGTH_MEASURE(2.E-2),#18);
#11439=PRESENTATION_STYLE_ASSIGNMENT((#11438));
#11440=STYLED_ITEM('',(#11439),#11437);
#11441=DIRECTION('',(-1.E0,0.E0,0.E0));
#11442=VECTOR('',#11441,5.E-2);
#11443=CARTESIAN_POINT('',(2.5E0,1.E-1,1.125E0));
#11444=LINE('',#11443,#11442);
#11445=CURVE_STYLE('',#32,POSITIVE_LENGTH_MEASURE(2.E-2),#18);
#11446=PRESENTATION_STYLE_ASSIGNMENT((#11445));
#11447=STYLED_ITEM('',(#11446),#11444);
#11448=DIRECTION('',(0.E0,1.E0,0.E0));
#11449=VECTOR('',#11448,1.E-1);
#11450=CARTESIAN_POINT('',(2.5E0,1.E-1,1.125E0));
#11451=LINE('',#11450,#11449);
#11452=CURVE_STYLE('',#32,POSITIVE_LENGTH_MEASURE(2.E-2),#18);
#11453=PRESENTATION_STYLE_ASSIGNMENT((#11452));
#11454=STYLED_ITEM('',(#11453),#11451);
#11455=DIRECTION('',(0.E0,1.E0,0.E0));
#11456=VECTOR('',#11455,1.E-1);
#11457=CARTESIAN_POINT('',(2.45E0,0.E0,1.125E0));
#11458=LINE('',#11457,#11456);
#11459=CURVE_STYLE('',#32,POSITIVE_LENGTH_MEASURE(2.E-2),#18);
#11460=PRESENTATION_STYLE_ASSIGNMENT((#11459));
#11461=STYLED_ITEM('',(#11460),#11458);
#11462=DIRECTION('',(0.E0,0.E0,-1.E0));
#11463=VECTOR('',#11462,2.5E-1);
#11464=CARTESIAN_POINT('',(2.5E0,1.E-1,1.375E0));
#11465=LINE('',#11464,#11463);
#11466=CURVE_STYLE('',#32,POSITIVE_LENGTH_MEASURE(2.E-2),#18);
#11467=PRESENTATION_STYLE_ASSIGNMENT((#11466));
#11468=STYLED_ITEM('',(#11467),#11465);
#11469=DIRECTION('',(0.E0,1.E0,0.E0));
#11470=VECTOR('',#11469,1.E-1);
#11471=CARTESIAN_POINT('',(2.5E0,1.E-1,1.375E0));
#11472=LINE('',#11471,#11470);
#11473=CURVE_STYLE('',#32,POSITIVE_LENGTH_MEASURE(2.E-2),#18);
#11474=PRESENTATION_STYLE_ASSIGNMENT((#11473));
#11475=STYLED_ITEM('',(#11474),#11472);
#11476=DIRECTION('',(-1.E0,0.E0,0.E0));
#11477=VECTOR('',#11476,2.75E-1);
#11478=CARTESIAN_POINT('',(2.5E0,2.E-1,1.125E0));
#11479=LINE('',#11478,#11477);
#11480=CURVE_STYLE('',#32,POSITIVE_LENGTH_MEASURE(2.E-2),#18);
#11481=PRESENTATION_STYLE_ASSIGNMENT((#11480));
#11482=STYLED_ITEM('',(#11481),#11479);
#11483=DIRECTION('',(0.E0,0.E0,-1.E0));
#11484=VECTOR('',#11483,2.5E-1);
#11485=CARTESIAN_POINT('',(2.5E0,2.E-1,1.375E0));
#11486=LINE('',#11485,#11484);
#11487=CURVE_STYLE('',#32,POSITIVE_LENGTH_MEASURE(2.E-2),#18);
#11488=PRESENTATION_STYLE_ASSIGNMENT((#11487));
#11489=STYLED_ITEM('',(#11488),#11486);
#11490=DIRECTION('',(1.E0,0.E0,0.E0));
#11491=VECTOR('',#11490,2.75E-1);
#11492=CARTESIAN_POINT('',(2.225E0,2.E-1,1.375E0));
#11493=LINE('',#11492,#11491);
#11494=CURVE_STYLE('',#32,POSITIVE_LENGTH_MEASURE(2.E-2),#18);
#11495=PRESENTATION_STYLE_ASSIGNMENT((#11494));
#11496=STYLED_ITEM('',(#11495),#11493);
#11497=CARTESIAN_POINT('',(2.225E0,2.E-1,1.25E0));
#11498=DIRECTION('',(0.E0,1.E0,0.E0));
#11499=DIRECTION('',(0.E0,0.E0,-1.E0));
#11500=AXIS2_PLACEMENT_3D('',#11497,#11498,#11499);
#11502=CURVE_STYLE('',#32,POSITIVE_LENGTH_MEASURE(2.E-2),#18);
#11503=PRESENTATION_STYLE_ASSIGNMENT((#11502));
#11504=STYLED_ITEM('',(#11503),#11501);
#11505=DIRECTION('',(0.E0,1.E0,0.E0));
#11506=VECTOR('',#11505,2.E-1);
#11507=CARTESIAN_POINT('',(2.225E0,0.E0,1.125E0));
#11508=LINE('',#11507,#11506);
#11509=CURVE_STYLE('',#32,POSITIVE_LENGTH_MEASURE(2.E-2),#18);
#11510=PRESENTATION_STYLE_ASSIGNMENT((#11509));
#11511=STYLED_ITEM('',(#11510),#11508);
#11512=CARTESIAN_POINT('',(2.225E0,0.E0,1.125E0));
#11513=CARTESIAN_POINT('',(2.225E0,0.E0,1.375E0));
#11514=VERTEX_POINT('',#11512);
#11515=VERTEX_POINT('',#11513);
#11516=CARTESIAN_POINT('',(2.5E0,2.E-1,1.125E0));
#11517=CARTESIAN_POINT('',(2.225E0,2.E-1,1.125E0));
#11518=VERTEX_POINT('',#11516);
#11519=VERTEX_POINT('',#11517);
#11520=CARTESIAN_POINT('',(2.225E0,2.E-1,1.375E0));
#11521=VERTEX_POINT('',#11520);
#11522=CARTESIAN_POINT('',(2.5E0,2.E-1,1.375E0));
#11523=VERTEX_POINT('',#11522);
#11524=CARTESIAN_POINT('',(2.45E0,0.E0,1.375E0));
#11525=CARTESIAN_POINT('',(2.45E0,0.E0,1.125E0));
#11526=VERTEX_POINT('',#11524);
#11527=VERTEX_POINT('',#11525);
#11528=CARTESIAN_POINT('',(2.5E0,1.E-1,1.125E0));
#11529=CARTESIAN_POINT('',(2.45E0,1.E-1,1.125E0));
#11530=VERTEX_POINT('',#11528);
#11531=VERTEX_POINT('',#11529);
#11532=CARTESIAN_POINT('',(2.45E0,1.E-1,1.375E0));
#11533=CARTESIAN_POINT('',(2.5E0,1.E-1,1.375E0));
#11534=VERTEX_POINT('',#11532);
#11535=VERTEX_POINT('',#11533);
#11536=CARTESIAN_POINT('',(0.E0,0.E0,0.E0));
#11537=DIRECTION('',(0.E0,1.E0,0.E0));
#11538=DIRECTION('',(1.E0,0.E0,0.E0));
#11539=AXIS2_PLACEMENT_3D('',#11536,#11537,#11538);
#11540=PLANE('',#11539);
#11542=ORIENTED_EDGE('',*,*,#11541,.T.);
#11544=ORIENTED_EDGE('',*,*,#11543,.T.);
#11546=ORIENTED_EDGE('',*,*,#11545,.T.);
#11548=ORIENTED_EDGE('',*,*,#11547,.T.);
#11549=EDGE_LOOP('',(#11542,#11544,#11546,#11548));
#11550=FACE_OUTER_BOUND('',#11549,.F.);
#11552=FILL_AREA_STYLE_COLOUR('',#22);
#11553=FILL_AREA_STYLE('',(#11552));
#11554=SURFACE_STYLE_FILL_AREA(#11553);
#11555=SURFACE_SIDE_STYLE('',(#11554));
#11556=SURFACE_STYLE_USAGE(.POSITIVE.,#11555);
#11557=PRESENTATION_STYLE_ASSIGNMENT((#11556));
#11558=OVER_RIDING_STYLED_ITEM('',(#11557),#11551,#11383);
#11559=CARTESIAN_POINT('',(2.45E0,0.E0,-2.45E0));
#11560=DIRECTION('',(-1.E0,0.E0,0.E0));
#11561=DIRECTION('',(0.E0,0.E0,1.E0));
#11562=AXIS2_PLACEMENT_3D('',#11559,#11560,#11561);
#11563=PLANE('',#11562);
#11564=ORIENTED_EDGE('',*,*,#11541,.F.);
#11566=ORIENTED_EDGE('',*,*,#11565,.T.);
#11568=ORIENTED_EDGE('',*,*,#11567,.F.);
#11570=ORIENTED_EDGE('',*,*,#11569,.F.);
#11571=EDGE_LOOP('',(#11564,#11566,#11568,#11570));
#11572=FACE_OUTER_BOUND('',#11571,.F.);
#11574=CARTESIAN_POINT('',(2.225E0,0.E0,1.375E0));
#11575=DIRECTION('',(0.E0,0.E0,1.E0));
#11576=DIRECTION('',(1.E0,0.E0,0.E0));
#11577=AXIS2_PLACEMENT_3D('',#11574,#11575,#11576);
#11578=PLANE('',#11577);
#11580=ORIENTED_EDGE('',*,*,#11579,.F.);
#11581=ORIENTED_EDGE('',*,*,#11565,.F.);
#11582=ORIENTED_EDGE('',*,*,#11547,.F.);
#11584=ORIENTED_EDGE('',*,*,#11583,.T.);
#11586=ORIENTED_EDGE('',*,*,#11585,.T.);
#11588=ORIENTED_EDGE('',*,*,#11587,.F.);
#11589=EDGE_LOOP('',(#11580,#11581,#11582,#11584,#11586,#11588));
#11590=FACE_OUTER_BOUND('',#11589,.F.);
#11592=CARTESIAN_POINT('',(0.E0,1.E-1,0.E0));
#11593=DIRECTION('',(0.E0,1.E0,0.E0));
#11594=DIRECTION('',(1.E0,0.E0,0.E0));
#11595=AXIS2_PLACEMENT_3D('',#11592,#11593,#11594);
#11596=PLANE('',#11595);
#11598=ORIENTED_EDGE('',*,*,#11597,.T.);
#11599=ORIENTED_EDGE('',*,*,#11567,.T.);
#11600=ORIENTED_EDGE('',*,*,#11579,.T.);
#11602=ORIENTED_EDGE('',*,*,#11601,.T.);
#11603=EDGE_LOOP('',(#11598,#11599,#11600,#11602));
#11604=FACE_OUTER_BOUND('',#11603,.F.);
#11606=CARTESIAN_POINT('',(2.5E0,0.E0,1.125E0));
#11607=DIRECTION('',(0.E0,0.E0,-1.E0));
#11608=DIRECTION('',(-1.E0,0.E0,0.E0));
#11609=AXIS2_PLACEMENT_3D('',#11606,#11607,#11608);
#11610=PLANE('',#11609);
#11611=ORIENTED_EDGE('',*,*,#11597,.F.);
#11613=ORIENTED_EDGE('',*,*,#11612,.T.);
#11615=ORIENTED_EDGE('',*,*,#11614,.T.);
#11617=ORIENTED_EDGE('',*,*,#11616,.F.);
#11618=ORIENTED_EDGE('',*,*,#11543,.F.);
#11619=ORIENTED_EDGE('',*,*,#11569,.T.);
#11620=EDGE_LOOP('',(#11611,#11613,#11615,#11617,#11618,#11619));
#11621=FACE_OUTER_BOUND('',#11620,.F.);
#11623=CARTESIAN_POINT('',(2.5E0,0.E0,1.375E0));
#11624=DIRECTION('',(1.E0,0.E0,0.E0));
#11625=DIRECTION('',(0.E0,0.E0,-1.E0));
#11626=AXIS2_PLACEMENT_3D('',#11623,#11624,#11625);
#11627=PLANE('',#11626);
#11628=ORIENTED_EDGE('',*,*,#11601,.F.);
#11629=ORIENTED_EDGE('',*,*,#11587,.T.);
#11631=ORIENTED_EDGE('',*,*,#11630,.T.);
#11632=ORIENTED_EDGE('',*,*,#11612,.F.);
#11633=EDGE_LOOP('',(#11628,#11629,#11631,#11632));
#11634=FACE_OUTER_BOUND('',#11633,.F.);
#11636=CARTESIAN_POINT('',(0.E0,2.E-1,0.E0));
#11637=DIRECTION('',(0.E0,1.E0,0.E0));
#11638=DIRECTION('',(1.E0,0.E0,0.E0));
#11639=AXIS2_PLACEMENT_3D('',#11636,#11637,#11638);
#11640=PLANE('',#11639);
#11641=ORIENTED_EDGE('',*,*,#11614,.F.);
#11642=ORIENTED_EDGE('',*,*,#11630,.F.);
#11643=ORIENTED_EDGE('',*,*,#11585,.F.);
#11645=ORIENTED_EDGE('',*,*,#11644,.F.);
#11646=EDGE_LOOP('',(#11641,#11642,#11643,#11645));
#11647=FACE_OUTER_BOUND('',#11646,.F.);
#11649=CARTESIAN_POINT('',(2.225E0,0.E0,1.25E0));
#11650=DIRECTION('',(0.E0,1.E0,0.E0));
#11651=DIRECTION('',(1.E0,0.E0,0.E0));
#11652=AXIS2_PLACEMENT_3D('',#11649,#11650,#11651);
#11653=CYLINDRICAL_SURFACE('',#11652,1.25E-1);
#11654=ORIENTED_EDGE('',*,*,#11545,.F.);
#11655=ORIENTED_EDGE('',*,*,#11616,.T.);
#11656=ORIENTED_EDGE('',*,*,#11644,.T.);
#11657=ORIENTED_EDGE('',*,*,#11583,.F.);
#11658=EDGE_LOOP('',(#11654,#11655,#11656,#11657));
#11659=FACE_OUTER_BOUND('',#11658,.F.);
#11661=CLOSED_SHELL('',(#11551,#11573,#11591,#11605,#11622,#11635,#11648,
#11660));
#11662=MANIFOLD_SOLID_BREP('',#11661);
#11663=FILL_AREA_STYLE_COLOUR('',#18);
#11664=FILL_AREA_STYLE('',(#11663));
#11665=SURFACE_STYLE_FILL_AREA(#11664);
#11666=SURFACE_SIDE_STYLE('',(#11665));
#11667=SURFACE_STYLE_USAGE(.POSITIVE.,#11666);
#11668=PRESENTATION_STYLE_ASSIGNMENT((#11667));
#11383=STYLED_ITEM('',(#11668),#11662);
#11670=DIRECTION('',(0.E0,0.E0,-1.E0));
#11671=VECTOR('',#11670,2.5E-1);
#11672=CARTESIAN_POINT('',(2.45E0,0.E0,8.75E-1));
#11673=LINE('',#11672,#11671);
#11674=CURVE_STYLE('',#32,POSITIVE_LENGTH_MEASURE(2.E-2),#18);
#11675=PRESENTATION_STYLE_ASSIGNMENT((#11674));
#11676=STYLED_ITEM('',(#11675),#11673);
#11677=DIRECTION('',(-1.E0,0.E0,0.E0));
#11678=VECTOR('',#11677,2.25E-1);
#11679=CARTESIAN_POINT('',(2.45E0,0.E0,6.25E-1));
#11680=LINE('',#11679,#11678);
#11681=CURVE_STYLE('',#32,POSITIVE_LENGTH_MEASURE(2.E-2),#18);
#11682=PRESENTATION_STYLE_ASSIGNMENT((#11681));
#11683=STYLED_ITEM('',(#11682),#11680);
#11684=CARTESIAN_POINT('',(2.225E0,0.E0,7.5E-1));
#11685=DIRECTION('',(0.E0,1.E0,0.E0));
#11686=DIRECTION('',(0.E0,0.E0,-1.E0));
#11687=AXIS2_PLACEMENT_3D('',#11684,#11685,#11686);
#11689=CURVE_STYLE('',#32,POSITIVE_LENGTH_MEASURE(2.E-2),#18);
#11690=PRESENTATION_STYLE_ASSIGNMENT((#11689));
#11691=STYLED_ITEM('',(#11690),#11688);
#11692=DIRECTION('',(1.E0,0.E0,0.E0));
#11693=VECTOR('',#11692,2.25E-1);
#11694=CARTESIAN_POINT('',(2.225E0,0.E0,8.75E-1));
#11695=LINE('',#11694,#11693);
#11696=CURVE_STYLE('',#32,POSITIVE_LENGTH_MEASURE(2.E-2),#18);
#11697=PRESENTATION_STYLE_ASSIGNMENT((#11696));
#11698=STYLED_ITEM('',(#11697),#11695);
#11699=DIRECTION('',(1.E0,0.E0,0.E0));
#11700=VECTOR('',#11699,5.E-2);
#11701=CARTESIAN_POINT('',(2.45E0,1.E-1,8.75E-1));
#11702=LINE('',#11701,#11700);
#11703=CURVE_STYLE('',#32,POSITIVE_LENGTH_MEASURE(2.E-2),#18);
#11704=PRESENTATION_STYLE_ASSIGNMENT((#11703));
#11705=STYLED_ITEM('',(#11704),#11702);
#11706=DIRECTION('',(0.E0,1.E0,0.E0));
#11707=VECTOR('',#11706,1.E-1);
#11708=CARTESIAN_POINT('',(2.45E0,0.E0,8.75E-1));
#11709=LINE('',#11708,#11707);
#11710=CURVE_STYLE('',#32,POSITIVE_LENGTH_MEASURE(2.E-2),#18);
#11711=PRESENTATION_STYLE_ASSIGNMENT((#11710));
#11712=STYLED_ITEM('',(#11711),#11709);
#11713=DIRECTION('',(0.E0,1.E0,0.E0));
#11714=VECTOR('',#11713,2.E-1);
#11715=CARTESIAN_POINT('',(2.225E0,0.E0,8.75E-1));
#11716=LINE('',#11715,#11714);
#11717=CURVE_STYLE('',#32,POSITIVE_LENGTH_MEASURE(2.E-2),#18);
#11718=PRESENTATION_STYLE_ASSIGNMENT((#11717));
#11719=STYLED_ITEM('',(#11718),#11716);
#11720=DIRECTION('',(0.E0,0.E0,1.E0));
#11721=VECTOR('',#11720,2.5E-1);
#11722=CARTESIAN_POINT('',(2.45E0,1.E-1,6.25E-1));
#11723=LINE('',#11722,#11721);
#11724=CURVE_STYLE('',#32,POSITIVE_LENGTH_MEASURE(2.E-2),#18);
#11725=PRESENTATION_STYLE_ASSIGNMENT((#11724));
#11726=STYLED_ITEM('',(#11725),#11723);
#11727=DIRECTION('',(-1.E0,0.E0,0.E0));
#11728=VECTOR('',#11727,5.E-2);
#11729=CARTESIAN_POINT('',(2.5E0,1.E-1,6.25E-1));
#11730=LINE('',#11729,#11728);
#11731=CURVE_STYLE('',#32,POSITIVE_LENGTH_MEASURE(2.E-2),#18);
#11732=PRESENTATION_STYLE_ASSIGNMENT((#11731));
#11733=STYLED_ITEM('',(#11732),#11730);
#11734=DIRECTION('',(0.E0,1.E0,0.E0));
#11735=VECTOR('',#11734,1.E-1);
#11736=CARTESIAN_POINT('',(2.5E0,1.E-1,6.25E-1));
#11737=LINE('',#11736,#11735);
#11738=CURVE_STYLE('',#32,POSITIVE_LENGTH_MEASURE(2.E-2),#18);
#11739=PRESENTATION_STYLE_ASSIGNMENT((#11738));
#11740=STYLED_ITEM('',(#11739),#11737);
#11741=DIRECTION('',(0.E0,1.E0,0.E0));
#11742=VECTOR('',#11741,1.E-1);
#11743=CARTESIAN_POINT('',(2.45E0,0.E0,6.25E-1));
#11744=LINE('',#11743,#11742);
#11745=CURVE_STYLE('',#32,POSITIVE_LENGTH_MEASURE(2.E-2),#18);
#11746=PRESENTATION_STYLE_ASSIGNMENT((#11745));
#11747=STYLED_ITEM('',(#11746),#11744);
#11748=DIRECTION('',(0.E0,0.E0,-1.E0));
#11749=VECTOR('',#11748,2.5E-1);
#11750=CARTESIAN_POINT('',(2.5E0,1.E-1,8.75E-1));
#11751=LINE('',#11750,#11749);
#11752=CURVE_STYLE('',#32,POSITIVE_LENGTH_MEASURE(2.E-2),#18);
#11753=PRESENTATION_STYLE_ASSIGNMENT((#11752));
#11754=STYLED_ITEM('',(#11753),#11751);
#11755=DIRECTION('',(0.E0,1.E0,0.E0));
#11756=VECTOR('',#11755,1.E-1);
#11757=CARTESIAN_POINT('',(2.5E0,1.E-1,8.75E-1));
#11758=LINE('',#11757,#11756);
#11759=CURVE_STYLE('',#32,POSITIVE_LENGTH_MEASURE(2.E-2),#18);
#11760=PRESENTATION_STYLE_ASSIGNMENT((#11759));
#11761=STYLED_ITEM('',(#11760),#11758);
#11762=DIRECTION('',(-1.E0,0.E0,0.E0));
#11763=VECTOR('',#11762,2.75E-1);
#11764=CARTESIAN_POINT('',(2.5E0,2.E-1,6.25E-1));
#11765=LINE('',#11764,#11763);
#11766=CURVE_STYLE('',#32,POSITIVE_LENGTH_MEASURE(2.E-2),#18);
#11767=PRESENTATION_STYLE_ASSIGNMENT((#11766));
#11768=STYLED_ITEM('',(#11767),#11765);
#11769=DIRECTION('',(0.E0,0.E0,-1.E0));
#11770=VECTOR('',#11769,2.5E-1);
#11771=CARTESIAN_POINT('',(2.5E0,2.E-1,8.75E-1));
#11772=LINE('',#11771,#11770);
#11773=CURVE_STYLE('',#32,POSITIVE_LENGTH_MEASURE(2.E-2),#18);
#11774=PRESENTATION_STYLE_ASSIGNMENT((#11773));
#11775=STYLED_ITEM('',(#11774),#11772);
#11776=DIRECTION('',(1.E0,0.E0,0.E0));
#11777=VECTOR('',#11776,2.75E-1);
#11778=CARTESIAN_POINT('',(2.225E0,2.E-1,8.75E-1));
#11779=LINE('',#11778,#11777);
#11780=CURVE_STYLE('',#32,POSITIVE_LENGTH_MEASURE(2.E-2),#18);
#11781=PRESENTATION_STYLE_ASSIGNMENT((#11780));
#11782=STYLED_ITEM('',(#11781),#11779);
#11783=CARTESIAN_POINT('',(2.225E0,2.E-1,7.5E-1));
#11784=DIRECTION('',(0.E0,1.E0,0.E0));
#11785=DIRECTION('',(0.E0,0.E0,-1.E0));
#11786=AXIS2_PLACEMENT_3D('',#11783,#11784,#11785);
#11788=CURVE_STYLE('',#32,POSITIVE_LENGTH_MEASURE(2.E-2),#18);
#11789=PRESENTATION_STYLE_ASSIGNMENT((#11788));
#11790=STYLED_ITEM('',(#11789),#11787);
#11791=DIRECTION('',(0.E0,1.E0,0.E0));
#11792=VECTOR('',#11791,2.E-1);
#11793=CARTESIAN_POINT('',(2.225E0,0.E0,6.25E-1));
#11794=LINE('',#11793,#11792);
#11795=CURVE_STYLE('',#32,POSITIVE_LENGTH_MEASURE(2.E-2),#18);
#11796=PRESENTATION_STYLE_ASSIGNMENT((#11795));
#11797=STYLED_ITEM('',(#11796),#11794);
#11798=CARTESIAN_POINT('',(2.225E0,0.E0,6.25E-1));
#11799=CARTESIAN_POINT('',(2.225E0,0.E0,8.75E-1));
#11800=VERTEX_POINT('',#11798);
#11801=VERTEX_POINT('',#11799);
#11802=CARTESIAN_POINT('',(2.5E0,2.E-1,6.25E-1));
#11803=CARTESIAN_POINT('',(2.225E0,2.E-1,6.25E-1));
#11804=VERTEX_POINT('',#11802);
#11805=VERTEX_POINT('',#11803);
#11806=CARTESIAN_POINT('',(2.225E0,2.E-1,8.75E-1));
#11807=VERTEX_POINT('',#11806);
#11808=CARTESIAN_POINT('',(2.5E0,2.E-1,8.75E-1));
#11809=VERTEX_POINT('',#11808);
#11810=CARTESIAN_POINT('',(2.45E0,0.E0,8.75E-1));
#11811=CARTESIAN_POINT('',(2.45E0,0.E0,6.25E-1));
#11812=VERTEX_POINT('',#11810);
#11813=VERTEX_POINT('',#11811);
#11814=CARTESIAN_POINT('',(2.5E0,1.E-1,6.25E-1));
#11815=CARTESIAN_POINT('',(2.45E0,1.E-1,6.25E-1));
#11816=VERTEX_POINT('',#11814);
#11817=VERTEX_POINT('',#11815);
#11818=CARTESIAN_POINT('',(2.45E0,1.E-1,8.75E-1));
#11819=CARTESIAN_POINT('',(2.5E0,1.E-1,8.75E-1));
#11820=VERTEX_POINT('',#11818);
#11821=VERTEX_POINT('',#11819);
#11822=CARTESIAN_POINT('',(0.E0,0.E0,0.E0));
#11823=DIRECTION('',(0.E0,1.E0,0.E0));
#11824=DIRECTION('',(1.E0,0.E0,0.E0));
#11825=AXIS2_PLACEMENT_3D('',#11822,#11823,#11824);
#11826=PLANE('',#11825);
#11828=ORIENTED_EDGE('',*,*,#11827,.T.);
#11830=ORIENTED_EDGE('',*,*,#11829,.T.);
#11832=ORIENTED_EDGE('',*,*,#11831,.T.);
#11834=ORIENTED_EDGE('',*,*,#11833,.T.);
#11835=EDGE_LOOP('',(#11828,#11830,#11832,#11834));
#11836=FACE_OUTER_BOUND('',#11835,.F.);
#11838=FILL_AREA_STYLE_COLOUR('',#22);
#11839=FILL_AREA_STYLE('',(#11838));
#11840=SURFACE_STYLE_FILL_AREA(#11839);
#11841=SURFACE_SIDE_STYLE('',(#11840));
#11842=SURFACE_STYLE_USAGE(.POSITIVE.,#11841);
#11843=PRESENTATION_STYLE_ASSIGNMENT((#11842));
#11844=OVER_RIDING_STYLED_ITEM('',(#11843),#11837,#11669);
#11845=CARTESIAN_POINT('',(2.45E0,0.E0,-2.45E0));
#11846=DIRECTION('',(-1.E0,0.E0,0.E0));
#11847=DIRECTION('',(0.E0,0.E0,1.E0));
#11848=AXIS2_PLACEMENT_3D('',#11845,#11846,#11847);
#11849=PLANE('',#11848);
#11850=ORIENTED_EDGE('',*,*,#11827,.F.);
#11852=ORIENTED_EDGE('',*,*,#11851,.T.);
#11854=ORIENTED_EDGE('',*,*,#11853,.F.);
#11856=ORIENTED_EDGE('',*,*,#11855,.F.);
#11857=EDGE_LOOP('',(#11850,#11852,#11854,#11856));
#11858=FACE_OUTER_BOUND('',#11857,.F.);
#11860=CARTESIAN_POINT('',(2.225E0,0.E0,8.75E-1));
#11861=DIRECTION('',(0.E0,0.E0,1.E0));
#11862=DIRECTION('',(1.E0,0.E0,0.E0));
#11863=AXIS2_PLACEMENT_3D('',#11860,#11861,#11862);
#11864=PLANE('',#11863);
#11866=ORIENTED_EDGE('',*,*,#11865,.F.);
#11867=ORIENTED_EDGE('',*,*,#11851,.F.);
#11868=ORIENTED_EDGE('',*,*,#11833,.F.);
#11870=ORIENTED_EDGE('',*,*,#11869,.T.);
#11872=ORIENTED_EDGE('',*,*,#11871,.T.);
#11874=ORIENTED_EDGE('',*,*,#11873,.F.);
#11875=EDGE_LOOP('',(#11866,#11867,#11868,#11870,#11872,#11874));
#11876=FACE_OUTER_BOUND('',#11875,.F.);
#11878=CARTESIAN_POINT('',(0.E0,1.E-1,0.E0));
#11879=DIRECTION('',(0.E0,1.E0,0.E0));
#11880=DIRECTION('',(1.E0,0.E0,0.E0));
#11881=AXIS2_PLACEMENT_3D('',#11878,#11879,#11880);
#11882=PLANE('',#11881);
#11884=ORIENTED_EDGE('',*,*,#11883,.T.);
#11885=ORIENTED_EDGE('',*,*,#11853,.T.);
#11886=ORIENTED_EDGE('',*,*,#11865,.T.);
#11888=ORIENTED_EDGE('',*,*,#11887,.T.);
#11889=EDGE_LOOP('',(#11884,#11885,#11886,#11888));
#11890=FACE_OUTER_BOUND('',#11889,.F.);
#11892=CARTESIAN_POINT('',(2.5E0,0.E0,6.25E-1));
#11893=DIRECTION('',(0.E0,0.E0,-1.E0));
#11894=DIRECTION('',(-1.E0,0.E0,0.E0));
#11895=AXIS2_PLACEMENT_3D('',#11892,#11893,#11894);
#11896=PLANE('',#11895);
#11897=ORIENTED_EDGE('',*,*,#11883,.F.);
#11899=ORIENTED_EDGE('',*,*,#11898,.T.);
#11901=ORIENTED_EDGE('',*,*,#11900,.T.);
#11903=ORIENTED_EDGE('',*,*,#11902,.F.);
#11904=ORIENTED_EDGE('',*,*,#11829,.F.);
#11905=ORIENTED_EDGE('',*,*,#11855,.T.);
#11906=EDGE_LOOP('',(#11897,#11899,#11901,#11903,#11904,#11905));
#11907=FACE_OUTER_BOUND('',#11906,.F.);
#11909=CARTESIAN_POINT('',(2.5E0,0.E0,8.75E-1));
#11910=DIRECTION('',(1.E0,0.E0,0.E0));
#11911=DIRECTION('',(0.E0,0.E0,-1.E0));
#11912=AXIS2_PLACEMENT_3D('',#11909,#11910,#11911);
#11913=PLANE('',#11912);
#11914=ORIENTED_EDGE('',*,*,#11887,.F.);
#11915=ORIENTED_EDGE('',*,*,#11873,.T.);
#11917=ORIENTED_EDGE('',*,*,#11916,.T.);
#11918=ORIENTED_EDGE('',*,*,#11898,.F.);
#11919=EDGE_LOOP('',(#11914,#11915,#11917,#11918));
#11920=FACE_OUTER_BOUND('',#11919,.F.);
#11922=CARTESIAN_POINT('',(0.E0,2.E-1,0.E0));
#11923=DIRECTION('',(0.E0,1.E0,0.E0));
#11924=DIRECTION('',(1.E0,0.E0,0.E0));
#11925=AXIS2_PLACEMENT_3D('',#11922,#11923,#11924);
#11926=PLANE('',#11925);
#11927=ORIENTED_EDGE('',*,*,#11900,.F.);
#11928=ORIENTED_EDGE('',*,*,#11916,.F.);
#11929=ORIENTED_EDGE('',*,*,#11871,.F.);
#11931=ORIENTED_EDGE('',*,*,#11930,.F.);
#11932=EDGE_LOOP('',(#11927,#11928,#11929,#11931));
#11933=FACE_OUTER_BOUND('',#11932,.F.);
#11935=CARTESIAN_POINT('',(2.225E0,0.E0,7.5E-1));
#11936=DIRECTION('',(0.E0,1.E0,0.E0));
#11937=DIRECTION('',(1.E0,0.E0,0.E0));
#11938=AXIS2_PLACEMENT_3D('',#11935,#11936,#11937);
#11939=CYLINDRICAL_SURFACE('',#11938,1.25E-1);
#11940=ORIENTED_EDGE('',*,*,#11831,.F.);
#11941=ORIENTED_EDGE('',*,*,#11902,.T.);
#11942=ORIENTED_EDGE('',*,*,#11930,.T.);
#11943=ORIENTED_EDGE('',*,*,#11869,.F.);
#11944=EDGE_LOOP('',(#11940,#11941,#11942,#11943));
#11945=FACE_OUTER_BOUND('',#11944,.F.);
#11947=CLOSED_SHELL('',(#11837,#11859,#11877,#11891,#11908,#11921,#11934,
#11946));
#11948=MANIFOLD_SOLID_BREP('',#11947);
#11949=FILL_AREA_STYLE_COLOUR('',#18);
#11950=FILL_AREA_STYLE('',(#11949));
#11951=SURFACE_STYLE_FILL_AREA(#11950);
#11952=SURFACE_SIDE_STYLE('',(#11951));
#11953=SURFACE_STYLE_USAGE(.POSITIVE.,#11952);
#11954=PRESENTATION_STYLE_ASSIGNMENT((#11953));
#11669=STYLED_ITEM('',(#11954),#11948);
#11956=DIRECTION('',(0.E0,0.E0,-1.E0));
#11957=VECTOR('',#11956,2.5E-1);
#11958=CARTESIAN_POINT('',(2.45E0,0.E0,3.75E-1));
#11959=LINE('',#11958,#11957);
#11960=CURVE_STYLE('',#32,POSITIVE_LENGTH_MEASURE(2.E-2),#18);
#11961=PRESENTATION_STYLE_ASSIGNMENT((#11960));
#11962=STYLED_ITEM('',(#11961),#11959);
#11963=DIRECTION('',(-1.E0,0.E0,0.E0));
#11964=VECTOR('',#11963,2.25E-1);
#11965=CARTESIAN_POINT('',(2.45E0,0.E0,1.25E-1));
#11966=LINE('',#11965,#11964);
#11967=CURVE_STYLE('',#32,POSITIVE_LENGTH_MEASURE(2.E-2),#18);
#11968=PRESENTATION_STYLE_ASSIGNMENT((#11967));
#11969=STYLED_ITEM('',(#11968),#11966);
#11970=CARTESIAN_POINT('',(2.225E0,0.E0,2.5E-1));
#11971=DIRECTION('',(0.E0,1.E0,0.E0));
#11972=DIRECTION('',(0.E0,0.E0,-1.E0));
#11973=AXIS2_PLACEMENT_3D('',#11970,#11971,#11972);
#11975=CURVE_STYLE('',#32,POSITIVE_LENGTH_MEASURE(2.E-2),#18);
#11976=PRESENTATION_STYLE_ASSIGNMENT((#11975));
#11977=STYLED_ITEM('',(#11976),#11974);
#11978=DIRECTION('',(1.E0,0.E0,0.E0));
#11979=VECTOR('',#11978,2.25E-1);
#11980=CARTESIAN_POINT('',(2.225E0,0.E0,3.75E-1));
#11981=LINE('',#11980,#11979);
#11982=CURVE_STYLE('',#32,POSITIVE_LENGTH_MEASURE(2.E-2),#18);
#11983=PRESENTATION_STYLE_ASSIGNMENT((#11982));
#11984=STYLED_ITEM('',(#11983),#11981);
#11985=DIRECTION('',(1.E0,0.E0,0.E0));
#11986=VECTOR('',#11985,5.E-2);
#11987=CARTESIAN_POINT('',(2.45E0,1.E-1,3.75E-1));
#11988=LINE('',#11987,#11986);
#11989=CURVE_STYLE('',#32,POSITIVE_LENGTH_MEASURE(2.E-2),#18);
#11990=PRESENTATION_STYLE_ASSIGNMENT((#11989));
#11991=STYLED_ITEM('',(#11990),#11988);
#11992=DIRECTION('',(0.E0,1.E0,0.E0));
#11993=VECTOR('',#11992,1.E-1);
#11994=CARTESIAN_POINT('',(2.45E0,0.E0,3.75E-1));
#11995=LINE('',#11994,#11993);
#11996=CURVE_STYLE('',#32,POSITIVE_LENGTH_MEASURE(2.E-2),#18);
#11997=PRESENTATION_STYLE_ASSIGNMENT((#11996));
#11998=STYLED_ITEM('',(#11997),#11995);
#11999=DIRECTION('',(0.E0,1.E0,0.E0));
#12000=VECTOR('',#11999,2.E-1);
#12001=CARTESIAN_POINT('',(2.225E0,0.E0,3.75E-1));
#12002=LINE('',#12001,#12000);
#12003=CURVE_STYLE('',#32,POSITIVE_LENGTH_MEASURE(2.E-2),#18);
#12004=PRESENTATION_STYLE_ASSIGNMENT((#12003));
#12005=STYLED_ITEM('',(#12004),#12002);
#12006=DIRECTION('',(0.E0,0.E0,1.E0));
#12007=VECTOR('',#12006,2.5E-1);
#12008=CARTESIAN_POINT('',(2.45E0,1.E-1,1.25E-1));
#12009=LINE('',#12008,#12007);
#12010=CURVE_STYLE('',#32,POSITIVE_LENGTH_MEASURE(2.E-2),#18);
#12011=PRESENTATION_STYLE_ASSIGNMENT((#12010));
#12012=STYLED_ITEM('',(#12011),#12009);
#12013=DIRECTION('',(-1.E0,0.E0,0.E0));
#12014=VECTOR('',#12013,5.E-2);
#12015=CARTESIAN_POINT('',(2.5E0,1.E-1,1.25E-1));
#12016=LINE('',#12015,#12014);
#12017=CURVE_STYLE('',#32,POSITIVE_LENGTH_MEASURE(2.E-2),#18);
#12018=PRESENTATION_STYLE_ASSIGNMENT((#12017));
#12019=STYLED_ITEM('',(#12018),#12016);
#12020=DIRECTION('',(0.E0,1.E0,0.E0));
#12021=VECTOR('',#12020,1.E-1);
#12022=CARTESIAN_POINT('',(2.5E0,1.E-1,1.25E-1));
#12023=LINE('',#12022,#12021);
#12024=CURVE_STYLE('',#32,POSITIVE_LENGTH_MEASURE(2.E-2),#18);
#12025=PRESENTATION_STYLE_ASSIGNMENT((#12024));
#12026=STYLED_ITEM('',(#12025),#12023);
#12027=DIRECTION('',(0.E0,1.E0,0.E0));
#12028=VECTOR('',#12027,1.E-1);
#12029=CARTESIAN_POINT('',(2.45E0,0.E0,1.25E-1));
#12030=LINE('',#12029,#12028);
#12031=CURVE_STYLE('',#32,POSITIVE_LENGTH_MEASURE(2.E-2),#18);
#12032=PRESENTATION_STYLE_ASSIGNMENT((#12031));
#12033=STYLED_ITEM('',(#12032),#12030);
#12034=DIRECTION('',(0.E0,0.E0,-1.E0));
#12035=VECTOR('',#12034,2.5E-1);
#12036=CARTESIAN_POINT('',(2.5E0,1.E-1,3.75E-1));
#12037=LINE('',#12036,#12035);
#12038=CURVE_STYLE('',#32,POSITIVE_LENGTH_MEASURE(2.E-2),#18);
#12039=PRESENTATION_STYLE_ASSIGNMENT((#12038));
#12040=STYLED_ITEM('',(#12039),#12037);
#12041=DIRECTION('',(0.E0,1.E0,0.E0));
#12042=VECTOR('',#12041,1.E-1);
#12043=CARTESIAN_POINT('',(2.5E0,1.E-1,3.75E-1));
#12044=LINE('',#12043,#12042);
#12045=CURVE_STYLE('',#32,POSITIVE_LENGTH_MEASURE(2.E-2),#18);
#12046=PRESENTATION_STYLE_ASSIGNMENT((#12045));
#12047=STYLED_ITEM('',(#12046),#12044);
#12048=DIRECTION('',(-1.E0,0.E0,0.E0));
#12049=VECTOR('',#12048,2.75E-1);
#12050=CARTESIAN_POINT('',(2.5E0,2.E-1,1.25E-1));
#12051=LINE('',#12050,#12049);
#12052=CURVE_STYLE('',#32,POSITIVE_LENGTH_MEASURE(2.E-2),#18);
#12053=PRESENTATION_STYLE_ASSIGNMENT((#12052));
#12054=STYLED_ITEM('',(#12053),#12051);
#12055=DIRECTION('',(0.E0,0.E0,-1.E0));
#12056=VECTOR('',#12055,2.5E-1);
#12057=CARTESIAN_POINT('',(2.5E0,2.E-1,3.75E-1));
#12058=LINE('',#12057,#12056);
#12059=CURVE_STYLE('',#32,POSITIVE_LENGTH_MEASURE(2.E-2),#18);
#12060=PRESENTATION_STYLE_ASSIGNMENT((#12059));
#12061=STYLED_ITEM('',(#12060),#12058);
#12062=DIRECTION('',(1.E0,0.E0,0.E0));
#12063=VECTOR('',#12062,2.75E-1);
#12064=CARTESIAN_POINT('',(2.225E0,2.E-1,3.75E-1));
#12065=LINE('',#12064,#12063);
#12066=CURVE_STYLE('',#32,POSITIVE_LENGTH_MEASURE(2.E-2),#18);
#12067=PRESENTATION_STYLE_ASSIGNMENT((#12066));
#12068=STYLED_ITEM('',(#12067),#12065);
#12069=CARTESIAN_POINT('',(2.225E0,2.E-1,2.5E-1));
#12070=DIRECTION('',(0.E0,1.E0,0.E0));
#12071=DIRECTION('',(0.E0,0.E0,-1.E0));
#12072=AXIS2_PLACEMENT_3D('',#12069,#12070,#12071);
#12074=CURVE_STYLE('',#32,POSITIVE_LENGTH_MEASURE(2.E-2),#18);
#12075=PRESENTATION_STYLE_ASSIGNMENT((#12074));
#12076=STYLED_ITEM('',(#12075),#12073);
#12077=DIRECTION('',(0.E0,1.E0,0.E0));
#12078=VECTOR('',#12077,2.E-1);
#12079=CARTESIAN_POINT('',(2.225E0,0.E0,1.25E-1));
#12080=LINE('',#12079,#12078);
#12081=CURVE_STYLE('',#32,POSITIVE_LENGTH_MEASURE(2.E-2),#18);
#12082=PRESENTATION_STYLE_ASSIGNMENT((#12081));
#12083=STYLED_ITEM('',(#12082),#12080);
#12084=CARTESIAN_POINT('',(2.225E0,0.E0,1.25E-1));
#12085=CARTESIAN_POINT('',(2.225E0,0.E0,3.75E-1));
#12086=VERTEX_POINT('',#12084);
#12087=VERTEX_POINT('',#12085);
#12088=CARTESIAN_POINT('',(2.5E0,2.E-1,1.25E-1));
#12089=CARTESIAN_POINT('',(2.225E0,2.E-1,1.25E-1));
#12090=VERTEX_POINT('',#12088);
#12091=VERTEX_POINT('',#12089);
#12092=CARTESIAN_POINT('',(2.225E0,2.E-1,3.75E-1));
#12093=VERTEX_POINT('',#12092);
#12094=CARTESIAN_POINT('',(2.5E0,2.E-1,3.75E-1));
#12095=VERTEX_POINT('',#12094);
#12096=CARTESIAN_POINT('',(2.45E0,0.E0,3.75E-1));
#12097=CARTESIAN_POINT('',(2.45E0,0.E0,1.25E-1));
#12098=VERTEX_POINT('',#12096);
#12099=VERTEX_POINT('',#12097);
#12100=CARTESIAN_POINT('',(2.5E0,1.E-1,1.25E-1));
#12101=CARTESIAN_POINT('',(2.45E0,1.E-1,1.25E-1));
#12102=VERTEX_POINT('',#12100);
#12103=VERTEX_POINT('',#12101);
#12104=CARTESIAN_POINT('',(2.45E0,1.E-1,3.75E-1));
#12105=CARTESIAN_POINT('',(2.5E0,1.E-1,3.75E-1));
#12106=VERTEX_POINT('',#12104);
#12107=VERTEX_POINT('',#12105);
#12108=CARTESIAN_POINT('',(0.E0,0.E0,0.E0));
#12109=DIRECTION('',(0.E0,1.E0,0.E0));
#12110=DIRECTION('',(1.E0,0.E0,0.E0));
#12111=AXIS2_PLACEMENT_3D('',#12108,#12109,#12110);
#12112=PLANE('',#12111);
#12114=ORIENTED_EDGE('',*,*,#12113,.T.);
#12116=ORIENTED_EDGE('',*,*,#12115,.T.);
#12118=ORIENTED_EDGE('',*,*,#12117,.T.);
#12120=ORIENTED_EDGE('',*,*,#12119,.T.);
#12121=EDGE_LOOP('',(#12114,#12116,#12118,#12120));
#12122=FACE_OUTER_BOUND('',#12121,.F.);
#12124=FILL_AREA_STYLE_COLOUR('',#22);
#12125=FILL_AREA_STYLE('',(#12124));
#12126=SURFACE_STYLE_FILL_AREA(#12125);
#12127=SURFACE_SIDE_STYLE('',(#12126));
#12128=SURFACE_STYLE_USAGE(.POSITIVE.,#12127);
#12129=PRESENTATION_STYLE_ASSIGNMENT((#12128));
#12130=OVER_RIDING_STYLED_ITEM('',(#12129),#12123,#11955);
#12131=CARTESIAN_POINT('',(2.45E0,0.E0,-2.45E0));
#12132=DIRECTION('',(-1.E0,0.E0,0.E0));
#12133=DIRECTION('',(0.E0,0.E0,1.E0));
#12134=AXIS2_PLACEMENT_3D('',#12131,#12132,#12133);
#12135=PLANE('',#12134);
#12136=ORIENTED_EDGE('',*,*,#12113,.F.);
#12138=ORIENTED_EDGE('',*,*,#12137,.T.);
#12140=ORIENTED_EDGE('',*,*,#12139,.F.);
#12142=ORIENTED_EDGE('',*,*,#12141,.F.);
#12143=EDGE_LOOP('',(#12136,#12138,#12140,#12142));
#12144=FACE_OUTER_BOUND('',#12143,.F.);
#12146=CARTESIAN_POINT('',(2.225E0,0.E0,3.75E-1));
#12147=DIRECTION('',(0.E0,0.E0,1.E0));
#12148=DIRECTION('',(1.E0,0.E0,0.E0));
#12149=AXIS2_PLACEMENT_3D('',#12146,#12147,#12148);
#12150=PLANE('',#12149);
#12152=ORIENTED_EDGE('',*,*,#12151,.F.);
#12153=ORIENTED_EDGE('',*,*,#12137,.F.);
#12154=ORIENTED_EDGE('',*,*,#12119,.F.);
#12156=ORIENTED_EDGE('',*,*,#12155,.T.);
#12158=ORIENTED_EDGE('',*,*,#12157,.T.);
#12160=ORIENTED_EDGE('',*,*,#12159,.F.);
#12161=EDGE_LOOP('',(#12152,#12153,#12154,#12156,#12158,#12160));
#12162=FACE_OUTER_BOUND('',#12161,.F.);
#12164=CARTESIAN_POINT('',(0.E0,1.E-1,0.E0));
#12165=DIRECTION('',(0.E0,1.E0,0.E0));
#12166=DIRECTION('',(1.E0,0.E0,0.E0));
#12167=AXIS2_PLACEMENT_3D('',#12164,#12165,#12166);
#12168=PLANE('',#12167);
#12170=ORIENTED_EDGE('',*,*,#12169,.T.);
#12171=ORIENTED_EDGE('',*,*,#12139,.T.);
#12172=ORIENTED_EDGE('',*,*,#12151,.T.);
#12174=ORIENTED_EDGE('',*,*,#12173,.T.);
#12175=EDGE_LOOP('',(#12170,#12171,#12172,#12174));
#12176=FACE_OUTER_BOUND('',#12175,.F.);
#12178=CARTESIAN_POINT('',(2.5E0,0.E0,1.25E-1));
#12179=DIRECTION('',(0.E0,0.E0,-1.E0));
#12180=DIRECTION('',(-1.E0,0.E0,0.E0));
#12181=AXIS2_PLACEMENT_3D('',#12178,#12179,#12180);
#12182=PLANE('',#12181);
#12183=ORIENTED_EDGE('',*,*,#12169,.F.);
#12185=ORIENTED_EDGE('',*,*,#12184,.T.);
#12187=ORIENTED_EDGE('',*,*,#12186,.T.);
#12189=ORIENTED_EDGE('',*,*,#12188,.F.);
#12190=ORIENTED_EDGE('',*,*,#12115,.F.);
#12191=ORIENTED_EDGE('',*,*,#12141,.T.);
#12192=EDGE_LOOP('',(#12183,#12185,#12187,#12189,#12190,#12191));
#12193=FACE_OUTER_BOUND('',#12192,.F.);
#12195=CARTESIAN_POINT('',(2.5E0,0.E0,3.75E-1));
#12196=DIRECTION('',(1.E0,0.E0,0.E0));
#12197=DIRECTION('',(0.E0,0.E0,-1.E0));
#12198=AXIS2_PLACEMENT_3D('',#12195,#12196,#12197);
#12199=PLANE('',#12198);
#12200=ORIENTED_EDGE('',*,*,#12173,.F.);
#12201=ORIENTED_EDGE('',*,*,#12159,.T.);
#12203=ORIENTED_EDGE('',*,*,#12202,.T.);
#12204=ORIENTED_EDGE('',*,*,#12184,.F.);
#12205=EDGE_LOOP('',(#12200,#12201,#12203,#12204));
#12206=FACE_OUTER_BOUND('',#12205,.F.);
#12208=CARTESIAN_POINT('',(0.E0,2.E-1,0.E0));
#12209=DIRECTION('',(0.E0,1.E0,0.E0));
#12210=DIRECTION('',(1.E0,0.E0,0.E0));
#12211=AXIS2_PLACEMENT_3D('',#12208,#12209,#12210);
#12212=PLANE('',#12211);
#12213=ORIENTED_EDGE('',*,*,#12186,.F.);
#12214=ORIENTED_EDGE('',*,*,#12202,.F.);
#12215=ORIENTED_EDGE('',*,*,#12157,.F.);
#12217=ORIENTED_EDGE('',*,*,#12216,.F.);
#12218=EDGE_LOOP('',(#12213,#12214,#12215,#12217));
#12219=FACE_OUTER_BOUND('',#12218,.F.);
#12221=CARTESIAN_POINT('',(2.225E0,0.E0,2.5E-1));
#12222=DIRECTION('',(0.E0,1.E0,0.E0));
#12223=DIRECTION('',(1.E0,0.E0,0.E0));
#12224=AXIS2_PLACEMENT_3D('',#12221,#12222,#12223);
#12225=CYLINDRICAL_SURFACE('',#12224,1.25E-1);
#12226=ORIENTED_EDGE('',*,*,#12117,.F.);
#12227=ORIENTED_EDGE('',*,*,#12188,.T.);
#12228=ORIENTED_EDGE('',*,*,#12216,.T.);
#12229=ORIENTED_EDGE('',*,*,#12155,.F.);
#12230=EDGE_LOOP('',(#12226,#12227,#12228,#12229));
#12231=FACE_OUTER_BOUND('',#12230,.F.);
#12233=CLOSED_SHELL('',(#12123,#12145,#12163,#12177,#12194,#12207,#12220,
#12232));
#12234=MANIFOLD_SOLID_BREP('',#12233);
#12235=FILL_AREA_STYLE_COLOUR('',#18);
#12236=FILL_AREA_STYLE('',(#12235));
#12237=SURFACE_STYLE_FILL_AREA(#12236);
#12238=SURFACE_SIDE_STYLE('',(#12237));
#12239=SURFACE_STYLE_USAGE(.POSITIVE.,#12238);
#12240=PRESENTATION_STYLE_ASSIGNMENT((#12239));
#11955=STYLED_ITEM('',(#12240),#12234);
#12242=DIRECTION('',(0.E0,0.E0,-1.E0));
#12243=VECTOR('',#12242,2.5E-1);
#12244=CARTESIAN_POINT('',(2.45E0,0.E0,-1.25E-1));
#12245=LINE('',#12244,#12243);
#12246=CURVE_STYLE('',#32,POSITIVE_LENGTH_MEASURE(2.E-2),#18);
#12247=PRESENTATION_STYLE_ASSIGNMENT((#12246));
#12248=STYLED_ITEM('',(#12247),#12245);
#12249=DIRECTION('',(-1.E0,0.E0,0.E0));
#12250=VECTOR('',#12249,2.25E-1);
#12251=CARTESIAN_POINT('',(2.45E0,0.E0,-3.75E-1));
#12252=LINE('',#12251,#12250);
#12253=CURVE_STYLE('',#32,POSITIVE_LENGTH_MEASURE(2.E-2),#18);
#12254=PRESENTATION_STYLE_ASSIGNMENT((#12253));
#12255=STYLED_ITEM('',(#12254),#12252);
#12256=CARTESIAN_POINT('',(2.225E0,0.E0,-2.5E-1));
#12257=DIRECTION('',(0.E0,1.E0,0.E0));
#12258=DIRECTION('',(0.E0,0.E0,-1.E0));
#12259=AXIS2_PLACEMENT_3D('',#12256,#12257,#12258);
#12261=CURVE_STYLE('',#32,POSITIVE_LENGTH_MEASURE(2.E-2),#18);
#12262=PRESENTATION_STYLE_ASSIGNMENT((#12261));
#12263=STYLED_ITEM('',(#12262),#12260);
#12264=DIRECTION('',(1.E0,0.E0,0.E0));
#12265=VECTOR('',#12264,2.25E-1);
#12266=CARTESIAN_POINT('',(2.225E0,0.E0,-1.25E-1));
#12267=LINE('',#12266,#12265);
#12268=CURVE_STYLE('',#32,POSITIVE_LENGTH_MEASURE(2.E-2),#18);
#12269=PRESENTATION_STYLE_ASSIGNMENT((#12268));
#12270=STYLED_ITEM('',(#12269),#12267);
#12271=DIRECTION('',(1.E0,0.E0,0.E0));
#12272=VECTOR('',#12271,5.E-2);
#12273=CARTESIAN_POINT('',(2.45E0,1.E-1,-1.25E-1));
#12274=LINE('',#12273,#12272);
#12275=CURVE_STYLE('',#32,POSITIVE_LENGTH_MEASURE(2.E-2),#18);
#12276=PRESENTATION_STYLE_ASSIGNMENT((#12275));
#12277=STYLED_ITEM('',(#12276),#12274);
#12278=DIRECTION('',(0.E0,1.E0,0.E0));
#12279=VECTOR('',#12278,1.E-1);
#12280=CARTESIAN_POINT('',(2.45E0,0.E0,-1.25E-1));
#12281=LINE('',#12280,#12279);
#12282=CURVE_STYLE('',#32,POSITIVE_LENGTH_MEASURE(2.E-2),#18);
#12283=PRESENTATION_STYLE_ASSIGNMENT((#12282));
#12284=STYLED_ITEM('',(#12283),#12281);
#12285=DIRECTION('',(0.E0,1.E0,0.E0));
#12286=VECTOR('',#12285,2.E-1);
#12287=CARTESIAN_POINT('',(2.225E0,0.E0,-1.25E-1));
#12288=LINE('',#12287,#12286);
#12289=CURVE_STYLE('',#32,POSITIVE_LENGTH_MEASURE(2.E-2),#18);
#12290=PRESENTATION_STYLE_ASSIGNMENT((#12289));
#12291=STYLED_ITEM('',(#12290),#12288);
#12292=DIRECTION('',(0.E0,0.E0,1.E0));
#12293=VECTOR('',#12292,2.5E-1);
#12294=CARTESIAN_POINT('',(2.45E0,1.E-1,-3.75E-1));
#12295=LINE('',#12294,#12293);
#12296=CURVE_STYLE('',#32,POSITIVE_LENGTH_MEASURE(2.E-2),#18);
#12297=PRESENTATION_STYLE_ASSIGNMENT((#12296));
#12298=STYLED_ITEM('',(#12297),#12295);
#12299=DIRECTION('',(-1.E0,0.E0,0.E0));
#12300=VECTOR('',#12299,5.E-2);
#12301=CARTESIAN_POINT('',(2.5E0,1.E-1,-3.75E-1));
#12302=LINE('',#12301,#12300);
#12303=CURVE_STYLE('',#32,POSITIVE_LENGTH_MEASURE(2.E-2),#18);
#12304=PRESENTATION_STYLE_ASSIGNMENT((#12303));
#12305=STYLED_ITEM('',(#12304),#12302);
#12306=DIRECTION('',(0.E0,1.E0,0.E0));
#12307=VECTOR('',#12306,1.E-1);
#12308=CARTESIAN_POINT('',(2.5E0,1.E-1,-3.75E-1));
#12309=LINE('',#12308,#12307);
#12310=CURVE_STYLE('',#32,POSITIVE_LENGTH_MEASURE(2.E-2),#18);
#12311=PRESENTATION_STYLE_ASSIGNMENT((#12310));
#12312=STYLED_ITEM('',(#12311),#12309);
#12313=DIRECTION('',(0.E0,1.E0,0.E0));
#12314=VECTOR('',#12313,1.E-1);
#12315=CARTESIAN_POINT('',(2.45E0,0.E0,-3.75E-1));
#12316=LINE('',#12315,#12314);
#12317=CURVE_STYLE('',#32,POSITIVE_LENGTH_MEASURE(2.E-2),#18);
#12318=PRESENTATION_STYLE_ASSIGNMENT((#12317));
#12319=STYLED_ITEM('',(#12318),#12316);
#12320=DIRECTION('',(0.E0,0.E0,-1.E0));
#12321=VECTOR('',#12320,2.5E-1);
#12322=CARTESIAN_POINT('',(2.5E0,1.E-1,-1.25E-1));
#12323=LINE('',#12322,#12321);
#12324=CURVE_STYLE('',#32,POSITIVE_LENGTH_MEASURE(2.E-2),#18);
#12325=PRESENTATION_STYLE_ASSIGNMENT((#12324));
#12326=STYLED_ITEM('',(#12325),#12323);
#12327=DIRECTION('',(0.E0,1.E0,0.E0));
#12328=VECTOR('',#12327,1.E-1);
#12329=CARTESIAN_POINT('',(2.5E0,1.E-1,-1.25E-1));
#12330=LINE('',#12329,#12328);
#12331=CURVE_STYLE('',#32,POSITIVE_LENGTH_MEASURE(2.E-2),#18);
#12332=PRESENTATION_STYLE_ASSIGNMENT((#12331));
#12333=STYLED_ITEM('',(#12332),#12330);
#12334=DIRECTION('',(-1.E0,0.E0,0.E0));
#12335=VECTOR('',#12334,2.75E-1);
#12336=CARTESIAN_POINT('',(2.5E0,2.E-1,-3.75E-1));
#12337=LINE('',#12336,#12335);
#12338=CURVE_STYLE('',#32,POSITIVE_LENGTH_MEASURE(2.E-2),#18);
#12339=PRESENTATION_STYLE_ASSIGNMENT((#12338));
#12340=STYLED_ITEM('',(#12339),#12337);
#12341=DIRECTION('',(0.E0,0.E0,-1.E0));
#12342=VECTOR('',#12341,2.5E-1);
#12343=CARTESIAN_POINT('',(2.5E0,2.E-1,-1.25E-1));
#12344=LINE('',#12343,#12342);
#12345=CURVE_STYLE('',#32,POSITIVE_LENGTH_MEASURE(2.E-2),#18);
#12346=PRESENTATION_STYLE_ASSIGNMENT((#12345));
#12347=STYLED_ITEM('',(#12346),#12344);
#12348=DIRECTION('',(1.E0,0.E0,0.E0));
#12349=VECTOR('',#12348,2.75E-1);
#12350=CARTESIAN_POINT('',(2.225E0,2.E-1,-1.25E-1));
#12351=LINE('',#12350,#12349);
#12352=CURVE_STYLE('',#32,POSITIVE_LENGTH_MEASURE(2.E-2),#18);
#12353=PRESENTATION_STYLE_ASSIGNMENT((#12352));
#12354=STYLED_ITEM('',(#12353),#12351);
#12355=CARTESIAN_POINT('',(2.225E0,2.E-1,-2.5E-1));
#12356=DIRECTION('',(0.E0,1.E0,0.E0));
#12357=DIRECTION('',(0.E0,0.E0,-1.E0));
#12358=AXIS2_PLACEMENT_3D('',#12355,#12356,#12357);
#12360=CURVE_STYLE('',#32,POSITIVE_LENGTH_MEASURE(2.E-2),#18);
#12361=PRESENTATION_STYLE_ASSIGNMENT((#12360));
#12362=STYLED_ITEM('',(#12361),#12359);
#12363=DIRECTION('',(0.E0,1.E0,0.E0));
#12364=VECTOR('',#12363,2.E-1);
#12365=CARTESIAN_POINT('',(2.225E0,0.E0,-3.75E-1));
#12366=LINE('',#12365,#12364);
#12367=CURVE_STYLE('',#32,POSITIVE_LENGTH_MEASURE(2.E-2),#18);
#12368=PRESENTATION_STYLE_ASSIGNMENT((#12367));
#12369=STYLED_ITEM('',(#12368),#12366);
#12370=CARTESIAN_POINT('',(2.225E0,0.E0,-3.75E-1));
#12371=CARTESIAN_POINT('',(2.225E0,0.E0,-1.25E-1));
#12372=VERTEX_POINT('',#12370);
#12373=VERTEX_POINT('',#12371);
#12374=CARTESIAN_POINT('',(2.5E0,2.E-1,-3.75E-1));
#12375=CARTESIAN_POINT('',(2.225E0,2.E-1,-3.75E-1));
#12376=VERTEX_POINT('',#12374);
#12377=VERTEX_POINT('',#12375);
#12378=CARTESIAN_POINT('',(2.225E0,2.E-1,-1.25E-1));
#12379=VERTEX_POINT('',#12378);
#12380=CARTESIAN_POINT('',(2.5E0,2.E-1,-1.25E-1));
#12381=VERTEX_POINT('',#12380);
#12382=CARTESIAN_POINT('',(2.45E0,0.E0,-1.25E-1));
#12383=CARTESIAN_POINT('',(2.45E0,0.E0,-3.75E-1));
#12384=VERTEX_POINT('',#12382);
#12385=VERTEX_POINT('',#12383);
#12386=CARTESIAN_POINT('',(2.5E0,1.E-1,-3.75E-1));
#12387=CARTESIAN_POINT('',(2.45E0,1.E-1,-3.75E-1));
#12388=VERTEX_POINT('',#12386);
#12389=VERTEX_POINT('',#12387);
#12390=CARTESIAN_POINT('',(2.45E0,1.E-1,-1.25E-1));
#12391=CARTESIAN_POINT('',(2.5E0,1.E-1,-1.25E-1));
#12392=VERTEX_POINT('',#12390);
#12393=VERTEX_POINT('',#12391);
#12394=CARTESIAN_POINT('',(0.E0,0.E0,0.E0));
#12395=DIRECTION('',(0.E0,1.E0,0.E0));
#12396=DIRECTION('',(1.E0,0.E0,0.E0));
#12397=AXIS2_PLACEMENT_3D('',#12394,#12395,#12396);
#12398=PLANE('',#12397);
#12400=ORIENTED_EDGE('',*,*,#12399,.T.);
#12402=ORIENTED_EDGE('',*,*,#12401,.T.);
#12404=ORIENTED_EDGE('',*,*,#12403,.T.);
#12406=ORIENTED_EDGE('',*,*,#12405,.T.);
#12407=EDGE_LOOP('',(#12400,#12402,#12404,#12406));
#12408=FACE_OUTER_BOUND('',#12407,.F.);
#12410=FILL_AREA_STYLE_COLOUR('',#22);
#12411=FILL_AREA_STYLE('',(#12410));
#12412=SURFACE_STYLE_FILL_AREA(#12411);
#12413=SURFACE_SIDE_STYLE('',(#12412));
#12414=SURFACE_STYLE_USAGE(.POSITIVE.,#12413);
#12415=PRESENTATION_STYLE_ASSIGNMENT((#12414));
#12416=OVER_RIDING_STYLED_ITEM('',(#12415),#12409,#12241);
#12417=CARTESIAN_POINT('',(2.45E0,0.E0,-2.45E0));
#12418=DIRECTION('',(-1.E0,0.E0,0.E0));
#12419=DIRECTION('',(0.E0,0.E0,1.E0));
#12420=AXIS2_PLACEMENT_3D('',#12417,#12418,#12419);
#12421=PLANE('',#12420);
#12422=ORIENTED_EDGE('',*,*,#12399,.F.);
#12424=ORIENTED_EDGE('',*,*,#12423,.T.);
#12426=ORIENTED_EDGE('',*,*,#12425,.F.);
#12428=ORIENTED_EDGE('',*,*,#12427,.F.);
#12429=EDGE_LOOP('',(#12422,#12424,#12426,#12428));
#12430=FACE_OUTER_BOUND('',#12429,.F.);
#12432=CARTESIAN_POINT('',(2.225E0,0.E0,-1.25E-1));
#12433=DIRECTION('',(0.E0,0.E0,1.E0));
#12434=DIRECTION('',(1.E0,0.E0,0.E0));
#12435=AXIS2_PLACEMENT_3D('',#12432,#12433,#12434);
#12436=PLANE('',#12435);
#12438=ORIENTED_EDGE('',*,*,#12437,.F.);
#12439=ORIENTED_EDGE('',*,*,#12423,.F.);
#12440=ORIENTED_EDGE('',*,*,#12405,.F.);
#12442=ORIENTED_EDGE('',*,*,#12441,.T.);
#12444=ORIENTED_EDGE('',*,*,#12443,.T.);
#12446=ORIENTED_EDGE('',*,*,#12445,.F.);
#12447=EDGE_LOOP('',(#12438,#12439,#12440,#12442,#12444,#12446));
#12448=FACE_OUTER_BOUND('',#12447,.F.);
#12450=CARTESIAN_POINT('',(0.E0,1.E-1,0.E0));
#12451=DIRECTION('',(0.E0,1.E0,0.E0));
#12452=DIRECTION('',(1.E0,0.E0,0.E0));
#12453=AXIS2_PLACEMENT_3D('',#12450,#12451,#12452);
#12454=PLANE('',#12453);
#12456=ORIENTED_EDGE('',*,*,#12455,.T.);
#12457=ORIENTED_EDGE('',*,*,#12425,.T.);
#12458=ORIENTED_EDGE('',*,*,#12437,.T.);
#12460=ORIENTED_EDGE('',*,*,#12459,.T.);
#12461=EDGE_LOOP('',(#12456,#12457,#12458,#12460));
#12462=FACE_OUTER_BOUND('',#12461,.F.);
#12464=CARTESIAN_POINT('',(2.5E0,0.E0,-3.75E-1));
#12465=DIRECTION('',(0.E0,0.E0,-1.E0));
#12466=DIRECTION('',(-1.E0,0.E0,0.E0));
#12467=AXIS2_PLACEMENT_3D('',#12464,#12465,#12466);
#12468=PLANE('',#12467);
#12469=ORIENTED_EDGE('',*,*,#12455,.F.);
#12471=ORIENTED_EDGE('',*,*,#12470,.T.);
#12473=ORIENTED_EDGE('',*,*,#12472,.T.);
#12475=ORIENTED_EDGE('',*,*,#12474,.F.);
#12476=ORIENTED_EDGE('',*,*,#12401,.F.);
#12477=ORIENTED_EDGE('',*,*,#12427,.T.);
#12478=EDGE_LOOP('',(#12469,#12471,#12473,#12475,#12476,#12477));
#12479=FACE_OUTER_BOUND('',#12478,.F.);
#12481=CARTESIAN_POINT('',(2.5E0,0.E0,-1.25E-1));
#12482=DIRECTION('',(1.E0,0.E0,0.E0));
#12483=DIRECTION('',(0.E0,0.E0,-1.E0));
#12484=AXIS2_PLACEMENT_3D('',#12481,#12482,#12483);
#12485=PLANE('',#12484);
#12486=ORIENTED_EDGE('',*,*,#12459,.F.);
#12487=ORIENTED_EDGE('',*,*,#12445,.T.);
#12489=ORIENTED_EDGE('',*,*,#12488,.T.);
#12490=ORIENTED_EDGE('',*,*,#12470,.F.);
#12491=EDGE_LOOP('',(#12486,#12487,#12489,#12490));
#12492=FACE_OUTER_BOUND('',#12491,.F.);
#12494=CARTESIAN_POINT('',(0.E0,2.E-1,0.E0));
#12495=DIRECTION('',(0.E0,1.E0,0.E0));
#12496=DIRECTION('',(1.E0,0.E0,0.E0));
#12497=AXIS2_PLACEMENT_3D('',#12494,#12495,#12496);
#12498=PLANE('',#12497);
#12499=ORIENTED_EDGE('',*,*,#12472,.F.);
#12500=ORIENTED_EDGE('',*,*,#12488,.F.);
#12501=ORIENTED_EDGE('',*,*,#12443,.F.);
#12503=ORIENTED_EDGE('',*,*,#12502,.F.);
#12504=EDGE_LOOP('',(#12499,#12500,#12501,#12503));
#12505=FACE_OUTER_BOUND('',#12504,.F.);
#12507=CARTESIAN_POINT('',(2.225E0,0.E0,-2.5E-1));
#12508=DIRECTION('',(0.E0,1.E0,0.E0));
#12509=DIRECTION('',(1.E0,0.E0,0.E0));
#12510=AXIS2_PLACEMENT_3D('',#12507,#12508,#12509);
#12511=CYLINDRICAL_SURFACE('',#12510,1.25E-1);
#12512=ORIENTED_EDGE('',*,*,#12403,.F.);
#12513=ORIENTED_EDGE('',*,*,#12474,.T.);
#12514=ORIENTED_EDGE('',*,*,#12502,.T.);
#12515=ORIENTED_EDGE('',*,*,#12441,.F.);
#12516=EDGE_LOOP('',(#12512,#12513,#12514,#12515));
#12517=FACE_OUTER_BOUND('',#12516,.F.);
#12519=CLOSED_SHELL('',(#12409,#12431,#12449,#12463,#12480,#12493,#12506,
#12518));
#12520=MANIFOLD_SOLID_BREP('',#12519);
#12521=FILL_AREA_STYLE_COLOUR('',#18);
#12522=FILL_AREA_STYLE('',(#12521));
#12523=SURFACE_STYLE_FILL_AREA(#12522);
#12524=SURFACE_SIDE_STYLE('',(#12523));
#12525=SURFACE_STYLE_USAGE(.POSITIVE.,#12524);
#12526=PRESENTATION_STYLE_ASSIGNMENT((#12525));
#12241=STYLED_ITEM('',(#12526),#12520);
#12528=DIRECTION('',(0.E0,0.E0,-1.E0));
#12529=VECTOR('',#12528,2.5E-1);
#12530=CARTESIAN_POINT('',(-2.45E0,0.E0,1.875E0));
#12531=LINE('',#12530,#12529);
#12532=CURVE_STYLE('',#32,POSITIVE_LENGTH_MEASURE(2.E-2),#18);
#12533=PRESENTATION_STYLE_ASSIGNMENT((#12532));
#12534=STYLED_ITEM('',(#12533),#12531);
#12535=DIRECTION('',(-1.E0,0.E0,0.E0));
#12536=VECTOR('',#12535,2.25E-1);
#12537=CARTESIAN_POINT('',(-2.225E0,0.E0,1.875E0));
#12538=LINE('',#12537,#12536);
#12539=CURVE_STYLE('',#32,POSITIVE_LENGTH_MEASURE(2.E-2),#18);
#12540=PRESENTATION_STYLE_ASSIGNMENT((#12539));
#12541=STYLED_ITEM('',(#12540),#12538);
#12542=CARTESIAN_POINT('',(-2.225E0,0.E0,1.75E0));
#12543=DIRECTION('',(0.E0,-1.E0,0.E0));
#12544=DIRECTION('',(0.E0,0.E0,-1.E0));
#12545=AXIS2_PLACEMENT_3D('',#12542,#12543,#12544);
#12547=CURVE_STYLE('',#32,POSITIVE_LENGTH_MEASURE(2.E-2),#18);
#12548=PRESENTATION_STYLE_ASSIGNMENT((#12547));
#12549=STYLED_ITEM('',(#12548),#12546);
#12550=DIRECTION('',(1.E0,0.E0,0.E0));
#12551=VECTOR('',#12550,2.25E-1);
#12552=CARTESIAN_POINT('',(-2.45E0,0.E0,1.625E0));
#12553=LINE('',#12552,#12551);
#12554=CURVE_STYLE('',#32,POSITIVE_LENGTH_MEASURE(2.E-2),#18);
#12555=PRESENTATION_STYLE_ASSIGNMENT((#12554));
#12556=STYLED_ITEM('',(#12555),#12553);
#12557=DIRECTION('',(1.E0,0.E0,0.E0));
#12558=VECTOR('',#12557,5.E-2);
#12559=CARTESIAN_POINT('',(-2.5E0,1.E-1,1.625E0));
#12560=LINE('',#12559,#12558);
#12561=CURVE_STYLE('',#32,POSITIVE_LENGTH_MEASURE(2.E-2),#18);
#12562=PRESENTATION_STYLE_ASSIGNMENT((#12561));
#12563=STYLED_ITEM('',(#12562),#12560);
#12564=DIRECTION('',(0.E0,1.E0,0.E0));
#12565=VECTOR('',#12564,1.E-1);
#12566=CARTESIAN_POINT('',(-2.45E0,0.E0,1.625E0));
#12567=LINE('',#12566,#12565);
#12568=CURVE_STYLE('',#32,POSITIVE_LENGTH_MEASURE(2.E-2),#18);
#12569=PRESENTATION_STYLE_ASSIGNMENT((#12568));
#12570=STYLED_ITEM('',(#12569),#12567);
#12571=DIRECTION('',(0.E0,1.E0,0.E0));
#12572=VECTOR('',#12571,1.E-1);
#12573=CARTESIAN_POINT('',(-2.5E0,1.E-1,1.625E0));
#12574=LINE('',#12573,#12572);
#12575=CURVE_STYLE('',#32,POSITIVE_LENGTH_MEASURE(2.E-2),#18);
#12576=PRESENTATION_STYLE_ASSIGNMENT((#12575));
#12577=STYLED_ITEM('',(#12576),#12574);
#12578=DIRECTION('',(0.E0,0.E0,-1.E0));
#12579=VECTOR('',#12578,2.5E-1);
#12580=CARTESIAN_POINT('',(-2.45E0,1.E-1,1.875E0));
#12581=LINE('',#12580,#12579);
#12582=CURVE_STYLE('',#32,POSITIVE_LENGTH_MEASURE(2.E-2),#18);
#12583=PRESENTATION_STYLE_ASSIGNMENT((#12582));
#12584=STYLED_ITEM('',(#12583),#12581);
#12585=DIRECTION('',(0.E0,0.E0,-1.E0));
#12586=VECTOR('',#12585,2.5E-1);
#12587=CARTESIAN_POINT('',(-2.5E0,1.E-1,1.875E0));
#12588=LINE('',#12587,#12586);
#12589=CURVE_STYLE('',#32,POSITIVE_LENGTH_MEASURE(2.E-2),#18);
#12590=PRESENTATION_STYLE_ASSIGNMENT((#12589));
#12591=STYLED_ITEM('',(#12590),#12588);
#12592=DIRECTION('',(0.E0,1.E0,0.E0));
#12593=VECTOR('',#12592,1.E-1);
#12594=CARTESIAN_POINT('',(-2.5E0,1.E-1,1.875E0));
#12595=LINE('',#12594,#12593);
#12596=CURVE_STYLE('',#32,POSITIVE_LENGTH_MEASURE(2.E-2),#18);
#12597=PRESENTATION_STYLE_ASSIGNMENT((#12596));
#12598=STYLED_ITEM('',(#12597),#12595);
#12599=DIRECTION('',(1.E0,0.E0,0.E0));
#12600=VECTOR('',#12599,2.75E-1);
#12601=CARTESIAN_POINT('',(-2.5E0,2.E-1,1.625E0));
#12602=LINE('',#12601,#12600);
#12603=CURVE_STYLE('',#32,POSITIVE_LENGTH_MEASURE(2.E-2),#18);
#12604=PRESENTATION_STYLE_ASSIGNMENT((#12603));
#12605=STYLED_ITEM('',(#12604),#12602);
#12606=CARTESIAN_POINT('',(-2.225E0,2.E-1,1.75E0));
#12607=DIRECTION('',(0.E0,-1.E0,0.E0));
#12608=DIRECTION('',(0.E0,0.E0,-1.E0));
#12609=AXIS2_PLACEMENT_3D('',#12606,#12607,#12608);
#12611=CURVE_STYLE('',#32,POSITIVE_LENGTH_MEASURE(2.E-2),#18);
#12612=PRESENTATION_STYLE_ASSIGNMENT((#12611));
#12613=STYLED_ITEM('',(#12612),#12610);
#12614=DIRECTION('',(-1.E0,0.E0,0.E0));
#12615=VECTOR('',#12614,2.75E-1);
#12616=CARTESIAN_POINT('',(-2.225E0,2.E-1,1.875E0));
#12617=LINE('',#12616,#12615);
#12618=CURVE_STYLE('',#32,POSITIVE_LENGTH_MEASURE(2.E-2),#18);
#12619=PRESENTATION_STYLE_ASSIGNMENT((#12618));
#12620=STYLED_ITEM('',(#12619),#12617);
#12621=DIRECTION('',(0.E0,0.E0,-1.E0));
#12622=VECTOR('',#12621,2.5E-1);
#12623=CARTESIAN_POINT('',(-2.5E0,2.E-1,1.875E0));
#12624=LINE('',#12623,#12622);
#12625=CURVE_STYLE('',#32,POSITIVE_LENGTH_MEASURE(2.E-2),#18);
#12626=PRESENTATION_STYLE_ASSIGNMENT((#12625));
#12627=STYLED_ITEM('',(#12626),#12624);
#12628=DIRECTION('',(0.E0,1.E0,0.E0));
#12629=VECTOR('',#12628,2.E-1);
#12630=CARTESIAN_POINT('',(-2.225E0,0.E0,1.625E0));
#12631=LINE('',#12630,#12629);
#12632=CURVE_STYLE('',#32,POSITIVE_LENGTH_MEASURE(2.E-2),#18);
#12633=PRESENTATION_STYLE_ASSIGNMENT((#12632));
#12634=STYLED_ITEM('',(#12633),#12631);
#12635=DIRECTION('',(-1.E0,0.E0,0.E0));
#12636=VECTOR('',#12635,5.E-2);
#12637=CARTESIAN_POINT('',(-2.45E0,1.E-1,1.875E0));
#12638=LINE('',#12637,#12636);
#12639=CURVE_STYLE('',#32,POSITIVE_LENGTH_MEASURE(2.E-2),#18);
#12640=PRESENTATION_STYLE_ASSIGNMENT((#12639));
#12641=STYLED_ITEM('',(#12640),#12638);
#12642=DIRECTION('',(0.E0,1.E0,0.E0));
#12643=VECTOR('',#12642,2.E-1);
#12644=CARTESIAN_POINT('',(-2.225E0,0.E0,1.875E0));
#12645=LINE('',#12644,#12643);
#12646=CURVE_STYLE('',#32,POSITIVE_LENGTH_MEASURE(2.E-2),#18);
#12647=PRESENTATION_STYLE_ASSIGNMENT((#12646));
#12648=STYLED_ITEM('',(#12647),#12645);
#12649=DIRECTION('',(0.E0,1.E0,0.E0));
#12650=VECTOR('',#12649,1.E-1);
#12651=CARTESIAN_POINT('',(-2.45E0,0.E0,1.875E0));
#12652=LINE('',#12651,#12650);
#12653=CURVE_STYLE('',#32,POSITIVE_LENGTH_MEASURE(2.E-2),#18);
#12654=PRESENTATION_STYLE_ASSIGNMENT((#12653));
#12655=STYLED_ITEM('',(#12654),#12652);
#12656=CARTESIAN_POINT('',(-2.225E0,0.E0,1.625E0));
#12657=CARTESIAN_POINT('',(-2.225E0,0.E0,1.875E0));
#12658=VERTEX_POINT('',#12656);
#12659=VERTEX_POINT('',#12657);
#12660=CARTESIAN_POINT('',(-2.5E0,2.E-1,1.625E0));
#12661=CARTESIAN_POINT('',(-2.225E0,2.E-1,1.625E0));
#12662=VERTEX_POINT('',#12660);
#12663=VERTEX_POINT('',#12661);
#12664=CARTESIAN_POINT('',(-2.225E0,2.E-1,1.875E0));
#12665=VERTEX_POINT('',#12664);
#12666=CARTESIAN_POINT('',(-2.5E0,2.E-1,1.875E0));
#12667=VERTEX_POINT('',#12666);
#12668=CARTESIAN_POINT('',(-2.45E0,0.E0,1.875E0));
#12669=CARTESIAN_POINT('',(-2.45E0,0.E0,1.625E0));
#12670=VERTEX_POINT('',#12668);
#12671=VERTEX_POINT('',#12669);
#12672=CARTESIAN_POINT('',(-2.5E0,1.E-1,1.625E0));
#12673=CARTESIAN_POINT('',(-2.45E0,1.E-1,1.625E0));
#12674=VERTEX_POINT('',#12672);
#12675=VERTEX_POINT('',#12673);
#12676=CARTESIAN_POINT('',(-2.45E0,1.E-1,1.875E0));
#12677=CARTESIAN_POINT('',(-2.5E0,1.E-1,1.875E0));
#12678=VERTEX_POINT('',#12676);
#12679=VERTEX_POINT('',#12677);
#12680=CARTESIAN_POINT('',(0.E0,0.E0,0.E0));
#12681=DIRECTION('',(0.E0,-1.E0,0.E0));
#12682=DIRECTION('',(-1.E0,0.E0,0.E0));
#12683=AXIS2_PLACEMENT_3D('',#12680,#12681,#12682);
#12684=PLANE('',#12683);
#12686=ORIENTED_EDGE('',*,*,#12685,.F.);
#12688=ORIENTED_EDGE('',*,*,#12687,.F.);
#12690=ORIENTED_EDGE('',*,*,#12689,.F.);
#12692=ORIENTED_EDGE('',*,*,#12691,.F.);
#12693=EDGE_LOOP('',(#12686,#12688,#12690,#12692));
#12694=FACE_OUTER_BOUND('',#12693,.F.);
#12696=FILL_AREA_STYLE_COLOUR('',#22);
#12697=FILL_AREA_STYLE('',(#12696));
#12698=SURFACE_STYLE_FILL_AREA(#12697);
#12699=SURFACE_SIDE_STYLE('',(#12698));
#12700=SURFACE_STYLE_USAGE(.POSITIVE.,#12699);
#12701=PRESENTATION_STYLE_ASSIGNMENT((#12700));
#12702=OVER_RIDING_STYLED_ITEM('',(#12701),#12695,#12527);
#12703=CARTESIAN_POINT('',(-2.45E0,0.E0,2.45E0));
#12704=DIRECTION('',(1.E0,0.E0,0.E0));
#12705=DIRECTION('',(0.E0,0.E0,-1.E0));
#12706=AXIS2_PLACEMENT_3D('',#12703,#12704,#12705);
#12707=PLANE('',#12706);
#12708=ORIENTED_EDGE('',*,*,#12685,.T.);
#12710=ORIENTED_EDGE('',*,*,#12709,.T.);
#12712=ORIENTED_EDGE('',*,*,#12711,.F.);
#12714=ORIENTED_EDGE('',*,*,#12713,.F.);
#12715=EDGE_LOOP('',(#12708,#12710,#12712,#12714));
#12716=FACE_OUTER_BOUND('',#12715,.F.);
#12718=CARTESIAN_POINT('',(-2.5E0,0.E0,1.625E0));
#12719=DIRECTION('',(0.E0,0.E0,1.E0));
#12720=DIRECTION('',(1.E0,0.E0,0.E0));
#12721=AXIS2_PLACEMENT_3D('',#12718,#12719,#12720);
#12722=PLANE('',#12721);
#12724=ORIENTED_EDGE('',*,*,#12723,.T.);
#12725=ORIENTED_EDGE('',*,*,#12709,.F.);
#12726=ORIENTED_EDGE('',*,*,#12691,.T.);
#12728=ORIENTED_EDGE('',*,*,#12727,.T.);
#12730=ORIENTED_EDGE('',*,*,#12729,.F.);
#12732=ORIENTED_EDGE('',*,*,#12731,.F.);
#12733=EDGE_LOOP('',(#12724,#12725,#12726,#12728,#12730,#12732));
#12734=FACE_OUTER_BOUND('',#12733,.F.);
#12736=CARTESIAN_POINT('',(0.E0,1.E-1,0.E0));
#12737=DIRECTION('',(0.E0,1.E0,0.E0));
#12738=DIRECTION('',(1.E0,0.E0,0.E0));
#12739=AXIS2_PLACEMENT_3D('',#12736,#12737,#12738);
#12740=PLANE('',#12739);
#12741=ORIENTED_EDGE('',*,*,#12723,.F.);
#12743=ORIENTED_EDGE('',*,*,#12742,.F.);
#12745=ORIENTED_EDGE('',*,*,#12744,.F.);
#12746=ORIENTED_EDGE('',*,*,#12711,.T.);
#12747=EDGE_LOOP('',(#12741,#12743,#12745,#12746));
#12748=FACE_OUTER_BOUND('',#12747,.F.);
#12750=CARTESIAN_POINT('',(-2.5E0,0.E0,1.875E0));
#12751=DIRECTION('',(1.E0,0.E0,0.E0));
#12752=DIRECTION('',(0.E0,0.E0,-1.E0));
#12753=AXIS2_PLACEMENT_3D('',#12750,#12751,#12752);
#12754=PLANE('',#12753);
#12755=ORIENTED_EDGE('',*,*,#12742,.T.);
#12756=ORIENTED_EDGE('',*,*,#12731,.T.);
#12758=ORIENTED_EDGE('',*,*,#12757,.F.);
#12760=ORIENTED_EDGE('',*,*,#12759,.F.);
#12761=EDGE_LOOP('',(#12755,#12756,#12758,#12760));
#12762=FACE_OUTER_BOUND('',#12761,.F.);
#12764=CARTESIAN_POINT('',(0.E0,2.E-1,0.E0));
#12765=DIRECTION('',(0.E0,-1.E0,0.E0));
#12766=DIRECTION('',(-1.E0,0.E0,0.E0));
#12767=AXIS2_PLACEMENT_3D('',#12764,#12765,#12766);
#12768=PLANE('',#12767);
#12769=ORIENTED_EDGE('',*,*,#12729,.T.);
#12771=ORIENTED_EDGE('',*,*,#12770,.T.);
#12773=ORIENTED_EDGE('',*,*,#12772,.T.);
#12774=ORIENTED_EDGE('',*,*,#12757,.T.);
#12775=EDGE_LOOP('',(#12769,#12771,#12773,#12774));
#12776=FACE_OUTER_BOUND('',#12775,.F.);
#12778=CARTESIAN_POINT('',(-2.225E0,0.E0,1.75E0));
#12779=DIRECTION('',(0.E0,-1.E0,0.E0));
#12780=DIRECTION('',(-1.E0,0.E0,0.E0));
#12781=AXIS2_PLACEMENT_3D('',#12778,#12779,#12780);
#12782=CYLINDRICAL_SURFACE('',#12781,1.25E-1);
#12783=ORIENTED_EDGE('',*,*,#12689,.T.);
#12785=ORIENTED_EDGE('',*,*,#12784,.T.);
#12786=ORIENTED_EDGE('',*,*,#12770,.F.);
#12787=ORIENTED_EDGE('',*,*,#12727,.F.);
#12788=EDGE_LOOP('',(#12783,#12785,#12786,#12787));
#12789=FACE_OUTER_BOUND('',#12788,.F.);
#12791=CARTESIAN_POINT('',(-2.225E0,0.E0,1.875E0));
#12792=DIRECTION('',(0.E0,0.E0,-1.E0));
#12793=DIRECTION('',(-1.E0,0.E0,0.E0));
#12794=AXIS2_PLACEMENT_3D('',#12791,#12792,#12793);
#12795=PLANE('',#12794);
#12796=ORIENTED_EDGE('',*,*,#12744,.T.);
#12797=ORIENTED_EDGE('',*,*,#12759,.T.);
#12798=ORIENTED_EDGE('',*,*,#12772,.F.);
#12799=ORIENTED_EDGE('',*,*,#12784,.F.);
#12800=ORIENTED_EDGE('',*,*,#12687,.T.);
#12801=ORIENTED_EDGE('',*,*,#12713,.T.);
#12802=EDGE_LOOP('',(#12796,#12797,#12798,#12799,#12800,#12801));
#12803=FACE_OUTER_BOUND('',#12802,.F.);
#12805=CLOSED_SHELL('',(#12695,#12717,#12735,#12749,#12763,#12777,#12790,
#12804));
#12806=MANIFOLD_SOLID_BREP('',#12805);
#12807=FILL_AREA_STYLE_COLOUR('',#18);
#12808=FILL_AREA_STYLE('',(#12807));
#12809=SURFACE_STYLE_FILL_AREA(#12808);
#12810=SURFACE_SIDE_STYLE('',(#12809));
#12811=SURFACE_STYLE_USAGE(.POSITIVE.,#12810);
#12812=PRESENTATION_STYLE_ASSIGNMENT((#12811));
#12527=STYLED_ITEM('',(#12812),#12806);
#12814=DIRECTION('',(0.E0,0.E0,-1.E0));
#12815=VECTOR('',#12814,2.5E-1);
#12816=CARTESIAN_POINT('',(-2.45E0,0.E0,1.375E0));
#12817=LINE('',#12816,#12815);
#12818=CURVE_STYLE('',#32,POSITIVE_LENGTH_MEASURE(2.E-2),#18);
#12819=PRESENTATION_STYLE_ASSIGNMENT((#12818));
#12820=STYLED_ITEM('',(#12819),#12817);
#12821=DIRECTION('',(-1.E0,0.E0,0.E0));
#12822=VECTOR('',#12821,2.25E-1);
#12823=CARTESIAN_POINT('',(-2.225E0,0.E0,1.375E0));
#12824=LINE('',#12823,#12822);
#12825=CURVE_STYLE('',#32,POSITIVE_LENGTH_MEASURE(2.E-2),#18);
#12826=PRESENTATION_STYLE_ASSIGNMENT((#12825));
#12827=STYLED_ITEM('',(#12826),#12824);
#12828=CARTESIAN_POINT('',(-2.225E0,0.E0,1.25E0));
#12829=DIRECTION('',(0.E0,-1.E0,0.E0));
#12830=DIRECTION('',(0.E0,0.E0,-1.E0));
#12831=AXIS2_PLACEMENT_3D('',#12828,#12829,#12830);
#12833=CURVE_STYLE('',#32,POSITIVE_LENGTH_MEASURE(2.E-2),#18);
#12834=PRESENTATION_STYLE_ASSIGNMENT((#12833));
#12835=STYLED_ITEM('',(#12834),#12832);
#12836=DIRECTION('',(1.E0,0.E0,0.E0));
#12837=VECTOR('',#12836,2.25E-1);
#12838=CARTESIAN_POINT('',(-2.45E0,0.E0,1.125E0));
#12839=LINE('',#12838,#12837);
#12840=CURVE_STYLE('',#32,POSITIVE_LENGTH_MEASURE(2.E-2),#18);
#12841=PRESENTATION_STYLE_ASSIGNMENT((#12840));
#12842=STYLED_ITEM('',(#12841),#12839);
#12843=DIRECTION('',(1.E0,0.E0,0.E0));
#12844=VECTOR('',#12843,5.E-2);
#12845=CARTESIAN_POINT('',(-2.5E0,1.E-1,1.125E0));
#12846=LINE('',#12845,#12844);
#12847=CURVE_STYLE('',#32,POSITIVE_LENGTH_MEASURE(2.E-2),#18);
#12848=PRESENTATION_STYLE_ASSIGNMENT((#12847));
#12849=STYLED_ITEM('',(#12848),#12846);
#12850=DIRECTION('',(0.E0,1.E0,0.E0));
#12851=VECTOR('',#12850,1.E-1);
#12852=CARTESIAN_POINT('',(-2.45E0,0.E0,1.125E0));
#12853=LINE('',#12852,#12851);
#12854=CURVE_STYLE('',#32,POSITIVE_LENGTH_MEASURE(2.E-2),#18);
#12855=PRESENTATION_STYLE_ASSIGNMENT((#12854));
#12856=STYLED_ITEM('',(#12855),#12853);
#12857=DIRECTION('',(0.E0,1.E0,0.E0));
#12858=VECTOR('',#12857,1.E-1);
#12859=CARTESIAN_POINT('',(-2.5E0,1.E-1,1.125E0));
#12860=LINE('',#12859,#12858);
#12861=CURVE_STYLE('',#32,POSITIVE_LENGTH_MEASURE(2.E-2),#18);
#12862=PRESENTATION_STYLE_ASSIGNMENT((#12861));
#12863=STYLED_ITEM('',(#12862),#12860);
#12864=DIRECTION('',(0.E0,0.E0,-1.E0));
#12865=VECTOR('',#12864,2.5E-1);
#12866=CARTESIAN_POINT('',(-2.45E0,1.E-1,1.375E0));
#12867=LINE('',#12866,#12865);
#12868=CURVE_STYLE('',#32,POSITIVE_LENGTH_MEASURE(2.E-2),#18);
#12869=PRESENTATION_STYLE_ASSIGNMENT((#12868));
#12870=STYLED_ITEM('',(#12869),#12867);
#12871=DIRECTION('',(0.E0,0.E0,-1.E0));
#12872=VECTOR('',#12871,2.5E-1);
#12873=CARTESIAN_POINT('',(-2.5E0,1.E-1,1.375E0));
#12874=LINE('',#12873,#12872);
#12875=CURVE_STYLE('',#32,POSITIVE_LENGTH_MEASURE(2.E-2),#18);
#12876=PRESENTATION_STYLE_ASSIGNMENT((#12875));
#12877=STYLED_ITEM('',(#12876),#12874);
#12878=DIRECTION('',(0.E0,1.E0,0.E0));
#12879=VECTOR('',#12878,1.E-1);
#12880=CARTESIAN_POINT('',(-2.5E0,1.E-1,1.375E0));
#12881=LINE('',#12880,#12879);
#12882=CURVE_STYLE('',#32,POSITIVE_LENGTH_MEASURE(2.E-2),#18);
#12883=PRESENTATION_STYLE_ASSIGNMENT((#12882));
#12884=STYLED_ITEM('',(#12883),#12881);
#12885=DIRECTION('',(1.E0,0.E0,0.E0));
#12886=VECTOR('',#12885,2.75E-1);
#12887=CARTESIAN_POINT('',(-2.5E0,2.E-1,1.125E0));
#12888=LINE('',#12887,#12886);
#12889=CURVE_STYLE('',#32,POSITIVE_LENGTH_MEASURE(2.E-2),#18);
#12890=PRESENTATION_STYLE_ASSIGNMENT((#12889));
#12891=STYLED_ITEM('',(#12890),#12888);
#12892=CARTESIAN_POINT('',(-2.225E0,2.E-1,1.25E0));
#12893=DIRECTION('',(0.E0,-1.E0,0.E0));
#12894=DIRECTION('',(0.E0,0.E0,-1.E0));
#12895=AXIS2_PLACEMENT_3D('',#12892,#12893,#12894);
#12897=CURVE_STYLE('',#32,POSITIVE_LENGTH_MEASURE(2.E-2),#18);
#12898=PRESENTATION_STYLE_ASSIGNMENT((#12897));
#12899=STYLED_ITEM('',(#12898),#12896);
#12900=DIRECTION('',(-1.E0,0.E0,0.E0));
#12901=VECTOR('',#12900,2.75E-1);
#12902=CARTESIAN_POINT('',(-2.225E0,2.E-1,1.375E0));
#12903=LINE('',#12902,#12901);
#12904=CURVE_STYLE('',#32,POSITIVE_LENGTH_MEASURE(2.E-2),#18);
#12905=PRESENTATION_STYLE_ASSIGNMENT((#12904));
#12906=STYLED_ITEM('',(#12905),#12903);
#12907=DIRECTION('',(0.E0,0.E0,-1.E0));
#12908=VECTOR('',#12907,2.5E-1);
#12909=CARTESIAN_POINT('',(-2.5E0,2.E-1,1.375E0));
#12910=LINE('',#12909,#12908);
#12911=CURVE_STYLE('',#32,POSITIVE_LENGTH_MEASURE(2.E-2),#18);
#12912=PRESENTATION_STYLE_ASSIGNMENT((#12911));
#12913=STYLED_ITEM('',(#12912),#12910);
#12914=DIRECTION('',(0.E0,1.E0,0.E0));
#12915=VECTOR('',#12914,2.E-1);
#12916=CARTESIAN_POINT('',(-2.225E0,0.E0,1.125E0));
#12917=LINE('',#12916,#12915);
#12918=CURVE_STYLE('',#32,POSITIVE_LENGTH_MEASURE(2.E-2),#18);
#12919=PRESENTATION_STYLE_ASSIGNMENT((#12918));
#12920=STYLED_ITEM('',(#12919),#12917);
#12921=DIRECTION('',(-1.E0,0.E0,0.E0));
#12922=VECTOR('',#12921,5.E-2);
#12923=CARTESIAN_POINT('',(-2.45E0,1.E-1,1.375E0));
#12924=LINE('',#12923,#12922);
#12925=CURVE_STYLE('',#32,POSITIVE_LENGTH_MEASURE(2.E-2),#18);
#12926=PRESENTATION_STYLE_ASSIGNMENT((#12925));
#12927=STYLED_ITEM('',(#12926),#12924);
#12928=DIRECTION('',(0.E0,1.E0,0.E0));
#12929=VECTOR('',#12928,2.E-1);
#12930=CARTESIAN_POINT('',(-2.225E0,0.E0,1.375E0));
#12931=LINE('',#12930,#12929);
#12932=CURVE_STYLE('',#32,POSITIVE_LENGTH_MEASURE(2.E-2),#18);
#12933=PRESENTATION_STYLE_ASSIGNMENT((#12932));
#12934=STYLED_ITEM('',(#12933),#12931);
#12935=DIRECTION('',(0.E0,1.E0,0.E0));
#12936=VECTOR('',#12935,1.E-1);
#12937=CARTESIAN_POINT('',(-2.45E0,0.E0,1.375E0));
#12938=LINE('',#12937,#12936);
#12939=CURVE_STYLE('',#32,POSITIVE_LENGTH_MEASURE(2.E-2),#18);
#12940=PRESENTATION_STYLE_ASSIGNMENT((#12939));
#12941=STYLED_ITEM('',(#12940),#12938);
#12942=CARTESIAN_POINT('',(-2.225E0,0.E0,1.125E0));
#12943=CARTESIAN_POINT('',(-2.225E0,0.E0,1.375E0));
#12944=VERTEX_POINT('',#12942);
#12945=VERTEX_POINT('',#12943);
#12946=CARTESIAN_POINT('',(-2.5E0,2.E-1,1.125E0));
#12947=CARTESIAN_POINT('',(-2.225E0,2.E-1,1.125E0));
#12948=VERTEX_POINT('',#12946);
#12949=VERTEX_POINT('',#12947);
#12950=CARTESIAN_POINT('',(-2.225E0,2.E-1,1.375E0));
#12951=VERTEX_POINT('',#12950);
#12952=CARTESIAN_POINT('',(-2.5E0,2.E-1,1.375E0));
#12953=VERTEX_POINT('',#12952);
#12954=CARTESIAN_POINT('',(-2.45E0,0.E0,1.375E0));
#12955=CARTESIAN_POINT('',(-2.45E0,0.E0,1.125E0));
#12956=VERTEX_POINT('',#12954);
#12957=VERTEX_POINT('',#12955);
#12958=CARTESIAN_POINT('',(-2.5E0,1.E-1,1.125E0));
#12959=CARTESIAN_POINT('',(-2.45E0,1.E-1,1.125E0));
#12960=VERTEX_POINT('',#12958);
#12961=VERTEX_POINT('',#12959);
#12962=CARTESIAN_POINT('',(-2.45E0,1.E-1,1.375E0));
#12963=CARTESIAN_POINT('',(-2.5E0,1.E-1,1.375E0));
#12964=VERTEX_POINT('',#12962);
#12965=VERTEX_POINT('',#12963);
#12966=CARTESIAN_POINT('',(0.E0,0.E0,0.E0));
#12967=DIRECTION('',(0.E0,-1.E0,0.E0));
#12968=DIRECTION('',(-1.E0,0.E0,0.E0));
#12969=AXIS2_PLACEMENT_3D('',#12966,#12967,#12968);
#12970=PLANE('',#12969);
#12972=ORIENTED_EDGE('',*,*,#12971,.F.);
#12974=ORIENTED_EDGE('',*,*,#12973,.F.);
#12976=ORIENTED_EDGE('',*,*,#12975,.F.);
#12978=ORIENTED_EDGE('',*,*,#12977,.F.);
#12979=EDGE_LOOP('',(#12972,#12974,#12976,#12978));
#12980=FACE_OUTER_BOUND('',#12979,.F.);
#12982=FILL_AREA_STYLE_COLOUR('',#22);
#12983=FILL_AREA_STYLE('',(#12982));
#12984=SURFACE_STYLE_FILL_AREA(#12983);
#12985=SURFACE_SIDE_STYLE('',(#12984));
#12986=SURFACE_STYLE_USAGE(.POSITIVE.,#12985);
#12987=PRESENTATION_STYLE_ASSIGNMENT((#12986));
#12988=OVER_RIDING_STYLED_ITEM('',(#12987),#12981,#12813);
#12989=CARTESIAN_POINT('',(-2.45E0,0.E0,2.45E0));
#12990=DIRECTION('',(1.E0,0.E0,0.E0));
#12991=DIRECTION('',(0.E0,0.E0,-1.E0));
#12992=AXIS2_PLACEMENT_3D('',#12989,#12990,#12991);
#12993=PLANE('',#12992);
#12994=ORIENTED_EDGE('',*,*,#12971,.T.);
#12996=ORIENTED_EDGE('',*,*,#12995,.T.);
#12998=ORIENTED_EDGE('',*,*,#12997,.F.);
#13000=ORIENTED_EDGE('',*,*,#12999,.F.);
#13001=EDGE_LOOP('',(#12994,#12996,#12998,#13000));
#13002=FACE_OUTER_BOUND('',#13001,.F.);
#13004=CARTESIAN_POINT('',(-2.5E0,0.E0,1.125E0));
#13005=DIRECTION('',(0.E0,0.E0,1.E0));
#13006=DIRECTION('',(1.E0,0.E0,0.E0));
#13007=AXIS2_PLACEMENT_3D('',#13004,#13005,#13006);
#13008=PLANE('',#13007);
#13010=ORIENTED_EDGE('',*,*,#13009,.T.);
#13011=ORIENTED_EDGE('',*,*,#12995,.F.);
#13012=ORIENTED_EDGE('',*,*,#12977,.T.);
#13014=ORIENTED_EDGE('',*,*,#13013,.T.);
#13016=ORIENTED_EDGE('',*,*,#13015,.F.);
#13018=ORIENTED_EDGE('',*,*,#13017,.F.);
#13019=EDGE_LOOP('',(#13010,#13011,#13012,#13014,#13016,#13018));
#13020=FACE_OUTER_BOUND('',#13019,.F.);
#13022=CARTESIAN_POINT('',(0.E0,1.E-1,0.E0));
#13023=DIRECTION('',(0.E0,1.E0,0.E0));
#13024=DIRECTION('',(1.E0,0.E0,0.E0));
#13025=AXIS2_PLACEMENT_3D('',#13022,#13023,#13024);
#13026=PLANE('',#13025);
#13027=ORIENTED_EDGE('',*,*,#13009,.F.);
#13029=ORIENTED_EDGE('',*,*,#13028,.F.);
#13031=ORIENTED_EDGE('',*,*,#13030,.F.);
#13032=ORIENTED_EDGE('',*,*,#12997,.T.);
#13033=EDGE_LOOP('',(#13027,#13029,#13031,#13032));
#13034=FACE_OUTER_BOUND('',#13033,.F.);
#13036=CARTESIAN_POINT('',(-2.5E0,0.E0,1.375E0));
#13037=DIRECTION('',(1.E0,0.E0,0.E0));
#13038=DIRECTION('',(0.E0,0.E0,-1.E0));
#13039=AXIS2_PLACEMENT_3D('',#13036,#13037,#13038);
#13040=PLANE('',#13039);
#13041=ORIENTED_EDGE('',*,*,#13028,.T.);
#13042=ORIENTED_EDGE('',*,*,#13017,.T.);
#13044=ORIENTED_EDGE('',*,*,#13043,.F.);
#13046=ORIENTED_EDGE('',*,*,#13045,.F.);
#13047=EDGE_LOOP('',(#13041,#13042,#13044,#13046));
#13048=FACE_OUTER_BOUND('',#13047,.F.);
#13050=CARTESIAN_POINT('',(0.E0,2.E-1,0.E0));
#13051=DIRECTION('',(0.E0,-1.E0,0.E0));
#13052=DIRECTION('',(-1.E0,0.E0,0.E0));
#13053=AXIS2_PLACEMENT_3D('',#13050,#13051,#13052);
#13054=PLANE('',#13053);
#13055=ORIENTED_EDGE('',*,*,#13015,.T.);
#13057=ORIENTED_EDGE('',*,*,#13056,.T.);
#13059=ORIENTED_EDGE('',*,*,#13058,.T.);
#13060=ORIENTED_EDGE('',*,*,#13043,.T.);
#13061=EDGE_LOOP('',(#13055,#13057,#13059,#13060));
#13062=FACE_OUTER_BOUND('',#13061,.F.);
#13064=CARTESIAN_POINT('',(-2.225E0,0.E0,1.25E0));
#13065=DIRECTION('',(0.E0,-1.E0,0.E0));
#13066=DIRECTION('',(-1.E0,0.E0,0.E0));
#13067=AXIS2_PLACEMENT_3D('',#13064,#13065,#13066);
#13068=CYLINDRICAL_SURFACE('',#13067,1.25E-1);
#13069=ORIENTED_EDGE('',*,*,#12975,.T.);
#13071=ORIENTED_EDGE('',*,*,#13070,.T.);
#13072=ORIENTED_EDGE('',*,*,#13056,.F.);
#13073=ORIENTED_EDGE('',*,*,#13013,.F.);
#13074=EDGE_LOOP('',(#13069,#13071,#13072,#13073));
#13075=FACE_OUTER_BOUND('',#13074,.F.);
#13077=CARTESIAN_POINT('',(-2.225E0,0.E0,1.375E0));
#13078=DIRECTION('',(0.E0,0.E0,-1.E0));
#13079=DIRECTION('',(-1.E0,0.E0,0.E0));
#13080=AXIS2_PLACEMENT_3D('',#13077,#13078,#13079);
#13081=PLANE('',#13080);
#13082=ORIENTED_EDGE('',*,*,#13030,.T.);
#13083=ORIENTED_EDGE('',*,*,#13045,.T.);
#13084=ORIENTED_EDGE('',*,*,#13058,.F.);
#13085=ORIENTED_EDGE('',*,*,#13070,.F.);
#13086=ORIENTED_EDGE('',*,*,#12973,.T.);
#13087=ORIENTED_EDGE('',*,*,#12999,.T.);
#13088=EDGE_LOOP('',(#13082,#13083,#13084,#13085,#13086,#13087));
#13089=FACE_OUTER_BOUND('',#13088,.F.);
#13091=CLOSED_SHELL('',(#12981,#13003,#13021,#13035,#13049,#13063,#13076,
#13090));
#13092=MANIFOLD_SOLID_BREP('',#13091);
#13093=FILL_AREA_STYLE_COLOUR('',#18);
#13094=FILL_AREA_STYLE('',(#13093));
#13095=SURFACE_STYLE_FILL_AREA(#13094);
#13096=SURFACE_SIDE_STYLE('',(#13095));
#13097=SURFACE_STYLE_USAGE(.POSITIVE.,#13096);
#13098=PRESENTATION_STYLE_ASSIGNMENT((#13097));
#12813=STYLED_ITEM('',(#13098),#13092);
#13100=DIRECTION('',(0.E0,0.E0,-1.E0));
#13101=VECTOR('',#13100,2.5E-1);
#13102=CARTESIAN_POINT('',(-2.45E0,0.E0,8.75E-1));
#13103=LINE('',#13102,#13101);
#13104=CURVE_STYLE('',#32,POSITIVE_LENGTH_MEASURE(2.E-2),#18);
#13105=PRESENTATION_STYLE_ASSIGNMENT((#13104));
#13106=STYLED_ITEM('',(#13105),#13103);
#13107=DIRECTION('',(-1.E0,0.E0,0.E0));
#13108=VECTOR('',#13107,2.25E-1);
#13109=CARTESIAN_POINT('',(-2.225E0,0.E0,8.75E-1));
#13110=LINE('',#13109,#13108);
#13111=CURVE_STYLE('',#32,POSITIVE_LENGTH_MEASURE(2.E-2),#18);
#13112=PRESENTATION_STYLE_ASSIGNMENT((#13111));
#13113=STYLED_ITEM('',(#13112),#13110);
#13114=CARTESIAN_POINT('',(-2.225E0,0.E0,7.5E-1));
#13115=DIRECTION('',(0.E0,-1.E0,0.E0));
#13116=DIRECTION('',(0.E0,0.E0,-1.E0));
#13117=AXIS2_PLACEMENT_3D('',#13114,#13115,#13116);
#13119=CURVE_STYLE('',#32,POSITIVE_LENGTH_MEASURE(2.E-2),#18);
#13120=PRESENTATION_STYLE_ASSIGNMENT((#13119));
#13121=STYLED_ITEM('',(#13120),#13118);
#13122=DIRECTION('',(1.E0,0.E0,0.E0));
#13123=VECTOR('',#13122,2.25E-1);
#13124=CARTESIAN_POINT('',(-2.45E0,0.E0,6.25E-1));
#13125=LINE('',#13124,#13123);
#13126=CURVE_STYLE('',#32,POSITIVE_LENGTH_MEASURE(2.E-2),#18);
#13127=PRESENTATION_STYLE_ASSIGNMENT((#13126));
#13128=STYLED_ITEM('',(#13127),#13125);
#13129=DIRECTION('',(1.E0,0.E0,0.E0));
#13130=VECTOR('',#13129,5.E-2);
#13131=CARTESIAN_POINT('',(-2.5E0,1.E-1,6.25E-1));
#13132=LINE('',#13131,#13130);
#13133=CURVE_STYLE('',#32,POSITIVE_LENGTH_MEASURE(2.E-2),#18);
#13134=PRESENTATION_STYLE_ASSIGNMENT((#13133));
#13135=STYLED_ITEM('',(#13134),#13132);
#13136=DIRECTION('',(0.E0,1.E0,0.E0));
#13137=VECTOR('',#13136,1.E-1);
#13138=CARTESIAN_POINT('',(-2.45E0,0.E0,6.25E-1));
#13139=LINE('',#13138,#13137);
#13140=CURVE_STYLE('',#32,POSITIVE_LENGTH_MEASURE(2.E-2),#18);
#13141=PRESENTATION_STYLE_ASSIGNMENT((#13140));
#13142=STYLED_ITEM('',(#13141),#13139);
#13143=DIRECTION('',(0.E0,1.E0,0.E0));
#13144=VECTOR('',#13143,1.E-1);
#13145=CARTESIAN_POINT('',(-2.5E0,1.E-1,6.25E-1));
#13146=LINE('',#13145,#13144);
#13147=CURVE_STYLE('',#32,POSITIVE_LENGTH_MEASURE(2.E-2),#18);
#13148=PRESENTATION_STYLE_ASSIGNMENT((#13147));
#13149=STYLED_ITEM('',(#13148),#13146);
#13150=DIRECTION('',(0.E0,0.E0,-1.E0));
#13151=VECTOR('',#13150,2.5E-1);
#13152=CARTESIAN_POINT('',(-2.45E0,1.E-1,8.75E-1));
#13153=LINE('',#13152,#13151);
#13154=CURVE_STYLE('',#32,POSITIVE_LENGTH_MEASURE(2.E-2),#18);
#13155=PRESENTATION_STYLE_ASSIGNMENT((#13154));
#13156=STYLED_ITEM('',(#13155),#13153);
#13157=DIRECTION('',(0.E0,0.E0,-1.E0));
#13158=VECTOR('',#13157,2.5E-1);
#13159=CARTESIAN_POINT('',(-2.5E0,1.E-1,8.75E-1));
#13160=LINE('',#13159,#13158);
#13161=CURVE_STYLE('',#32,POSITIVE_LENGTH_MEASURE(2.E-2),#18);
#13162=PRESENTATION_STYLE_ASSIGNMENT((#13161));
#13163=STYLED_ITEM('',(#13162),#13160);
#13164=DIRECTION('',(0.E0,1.E0,0.E0));
#13165=VECTOR('',#13164,1.E-1);
#13166=CARTESIAN_POINT('',(-2.5E0,1.E-1,8.75E-1));
#13167=LINE('',#13166,#13165);
#13168=CURVE_STYLE('',#32,POSITIVE_LENGTH_MEASURE(2.E-2),#18);
#13169=PRESENTATION_STYLE_ASSIGNMENT((#13168));
#13170=STYLED_ITEM('',(#13169),#13167);
#13171=DIRECTION('',(1.E0,0.E0,0.E0));
#13172=VECTOR('',#13171,2.75E-1);
#13173=CARTESIAN_POINT('',(-2.5E0,2.E-1,6.25E-1));
#13174=LINE('',#13173,#13172);
#13175=CURVE_STYLE('',#32,POSITIVE_LENGTH_MEASURE(2.E-2),#18);
#13176=PRESENTATION_STYLE_ASSIGNMENT((#13175));
#13177=STYLED_ITEM('',(#13176),#13174);
#13178=CARTESIAN_POINT('',(-2.225E0,2.E-1,7.5E-1));
#13179=DIRECTION('',(0.E0,-1.E0,0.E0));
#13180=DIRECTION('',(0.E0,0.E0,-1.E0));
#13181=AXIS2_PLACEMENT_3D('',#13178,#13179,#13180);
#13183=CURVE_STYLE('',#32,POSITIVE_LENGTH_MEASURE(2.E-2),#18);
#13184=PRESENTATION_STYLE_ASSIGNMENT((#13183));
#13185=STYLED_ITEM('',(#13184),#13182);
#13186=DIRECTION('',(-1.E0,0.E0,0.E0));
#13187=VECTOR('',#13186,2.75E-1);
#13188=CARTESIAN_POINT('',(-2.225E0,2.E-1,8.75E-1));
#13189=LINE('',#13188,#13187);
#13190=CURVE_STYLE('',#32,POSITIVE_LENGTH_MEASURE(2.E-2),#18);
#13191=PRESENTATION_STYLE_ASSIGNMENT((#13190));
#13192=STYLED_ITEM('',(#13191),#13189);
#13193=DIRECTION('',(0.E0,0.E0,-1.E0));
#13194=VECTOR('',#13193,2.5E-1);
#13195=CARTESIAN_POINT('',(-2.5E0,2.E-1,8.75E-1));
#13196=LINE('',#13195,#13194);
#13197=CURVE_STYLE('',#32,POSITIVE_LENGTH_MEASURE(2.E-2),#18);
#13198=PRESENTATION_STYLE_ASSIGNMENT((#13197));
#13199=STYLED_ITEM('',(#13198),#13196);
#13200=DIRECTION('',(0.E0,1.E0,0.E0));
#13201=VECTOR('',#13200,2.E-1);
#13202=CARTESIAN_POINT('',(-2.225E0,0.E0,6.25E-1));
#13203=LINE('',#13202,#13201);
#13204=CURVE_STYLE('',#32,POSITIVE_LENGTH_MEASURE(2.E-2),#18);
#13205=PRESENTATION_STYLE_ASSIGNMENT((#13204));
#13206=STYLED_ITEM('',(#13205),#13203);
#13207=DIRECTION('',(-1.E0,0.E0,0.E0));
#13208=VECTOR('',#13207,5.E-2);
#13209=CARTESIAN_POINT('',(-2.45E0,1.E-1,8.75E-1));
#13210=LINE('',#13209,#13208);
#13211=CURVE_STYLE('',#32,POSITIVE_LENGTH_MEASURE(2.E-2),#18);
#13212=PRESENTATION_STYLE_ASSIGNMENT((#13211));
#13213=STYLED_ITEM('',(#13212),#13210);
#13214=DIRECTION('',(0.E0,1.E0,0.E0));
#13215=VECTOR('',#13214,2.E-1);
#13216=CARTESIAN_POINT('',(-2.225E0,0.E0,8.75E-1));
#13217=LINE('',#13216,#13215);
#13218=CURVE_STYLE('',#32,POSITIVE_LENGTH_MEASURE(2.E-2),#18);
#13219=PRESENTATION_STYLE_ASSIGNMENT((#13218));
#13220=STYLED_ITEM('',(#13219),#13217);
#13221=DIRECTION('',(0.E0,1.E0,0.E0));
#13222=VECTOR('',#13221,1.E-1);
#13223=CARTESIAN_POINT('',(-2.45E0,0.E0,8.75E-1));
#13224=LINE('',#13223,#13222);
#13225=CURVE_STYLE('',#32,POSITIVE_LENGTH_MEASURE(2.E-2),#18);
#13226=PRESENTATION_STYLE_ASSIGNMENT((#13225));
#13227=STYLED_ITEM('',(#13226),#13224);
#13228=CARTESIAN_POINT('',(-2.225E0,0.E0,6.25E-1));
#13229=CARTESIAN_POINT('',(-2.225E0,0.E0,8.75E-1));
#13230=VERTEX_POINT('',#13228);
#13231=VERTEX_POINT('',#13229);
#13232=CARTESIAN_POINT('',(-2.5E0,2.E-1,6.25E-1));
#13233=CARTESIAN_POINT('',(-2.225E0,2.E-1,6.25E-1));
#13234=VERTEX_POINT('',#13232);
#13235=VERTEX_POINT('',#13233);
#13236=CARTESIAN_POINT('',(-2.225E0,2.E-1,8.75E-1));
#13237=VERTEX_POINT('',#13236);
#13238=CARTESIAN_POINT('',(-2.5E0,2.E-1,8.75E-1));
#13239=VERTEX_POINT('',#13238);
#13240=CARTESIAN_POINT('',(-2.45E0,0.E0,8.75E-1));
#13241=CARTESIAN_POINT('',(-2.45E0,0.E0,6.25E-1));
#13242=VERTEX_POINT('',#13240);
#13243=VERTEX_POINT('',#13241);
#13244=CARTESIAN_POINT('',(-2.5E0,1.E-1,6.25E-1));
#13245=CARTESIAN_POINT('',(-2.45E0,1.E-1,6.25E-1));
#13246=VERTEX_POINT('',#13244);
#13247=VERTEX_POINT('',#13245);
#13248=CARTESIAN_POINT('',(-2.45E0,1.E-1,8.75E-1));
#13249=CARTESIAN_POINT('',(-2.5E0,1.E-1,8.75E-1));
#13250=VERTEX_POINT('',#13248);
#13251=VERTEX_POINT('',#13249);
#13252=CARTESIAN_POINT('',(0.E0,0.E0,0.E0));
#13253=DIRECTION('',(0.E0,-1.E0,0.E0));
#13254=DIRECTION('',(-1.E0,0.E0,0.E0));
#13255=AXIS2_PLACEMENT_3D('',#13252,#13253,#13254);
#13256=PLANE('',#13255);
#13258=ORIENTED_EDGE('',*,*,#13257,.F.);
#13260=ORIENTED_EDGE('',*,*,#13259,.F.);
#13262=ORIENTED_EDGE('',*,*,#13261,.F.);
#13264=ORIENTED_EDGE('',*,*,#13263,.F.);
#13265=EDGE_LOOP('',(#13258,#13260,#13262,#13264));
#13266=FACE_OUTER_BOUND('',#13265,.F.);
#13268=FILL_AREA_STYLE_COLOUR('',#22);
#13269=FILL_AREA_STYLE('',(#13268));
#13270=SURFACE_STYLE_FILL_AREA(#13269);
#13271=SURFACE_SIDE_STYLE('',(#13270));
#13272=SURFACE_STYLE_USAGE(.POSITIVE.,#13271);
#13273=PRESENTATION_STYLE_ASSIGNMENT((#13272));
#13274=OVER_RIDING_STYLED_ITEM('',(#13273),#13267,#13099);
#13275=CARTESIAN_POINT('',(-2.45E0,0.E0,2.45E0));
#13276=DIRECTION('',(1.E0,0.E0,0.E0));
#13277=DIRECTION('',(0.E0,0.E0,-1.E0));
#13278=AXIS2_PLACEMENT_3D('',#13275,#13276,#13277);
#13279=PLANE('',#13278);
#13280=ORIENTED_EDGE('',*,*,#13257,.T.);
#13282=ORIENTED_EDGE('',*,*,#13281,.T.);
#13284=ORIENTED_EDGE('',*,*,#13283,.F.);
#13286=ORIENTED_EDGE('',*,*,#13285,.F.);
#13287=EDGE_LOOP('',(#13280,#13282,#13284,#13286));
#13288=FACE_OUTER_BOUND('',#13287,.F.);
#13290=CARTESIAN_POINT('',(-2.5E0,0.E0,6.25E-1));
#13291=DIRECTION('',(0.E0,0.E0,1.E0));
#13292=DIRECTION('',(1.E0,0.E0,0.E0));
#13293=AXIS2_PLACEMENT_3D('',#13290,#13291,#13292);
#13294=PLANE('',#13293);
#13296=ORIENTED_EDGE('',*,*,#13295,.T.);
#13297=ORIENTED_EDGE('',*,*,#13281,.F.);
#13298=ORIENTED_EDGE('',*,*,#13263,.T.);
#13300=ORIENTED_EDGE('',*,*,#13299,.T.);
#13302=ORIENTED_EDGE('',*,*,#13301,.F.);
#13304=ORIENTED_EDGE('',*,*,#13303,.F.);
#13305=EDGE_LOOP('',(#13296,#13297,#13298,#13300,#13302,#13304));
#13306=FACE_OUTER_BOUND('',#13305,.F.);
#13308=CARTESIAN_POINT('',(0.E0,1.E-1,0.E0));
#13309=DIRECTION('',(0.E0,1.E0,0.E0));
#13310=DIRECTION('',(1.E0,0.E0,0.E0));
#13311=AXIS2_PLACEMENT_3D('',#13308,#13309,#13310);
#13312=PLANE('',#13311);
#13313=ORIENTED_EDGE('',*,*,#13295,.F.);
#13315=ORIENTED_EDGE('',*,*,#13314,.F.);
#13317=ORIENTED_EDGE('',*,*,#13316,.F.);
#13318=ORIENTED_EDGE('',*,*,#13283,.T.);
#13319=EDGE_LOOP('',(#13313,#13315,#13317,#13318));
#13320=FACE_OUTER_BOUND('',#13319,.F.);
#13322=CARTESIAN_POINT('',(-2.5E0,0.E0,8.75E-1));
#13323=DIRECTION('',(1.E0,0.E0,0.E0));
#13324=DIRECTION('',(0.E0,0.E0,-1.E0));
#13325=AXIS2_PLACEMENT_3D('',#13322,#13323,#13324);
#13326=PLANE('',#13325);
#13327=ORIENTED_EDGE('',*,*,#13314,.T.);
#13328=ORIENTED_EDGE('',*,*,#13303,.T.);
#13330=ORIENTED_EDGE('',*,*,#13329,.F.);
#13332=ORIENTED_EDGE('',*,*,#13331,.F.);
#13333=EDGE_LOOP('',(#13327,#13328,#13330,#13332));
#13334=FACE_OUTER_BOUND('',#13333,.F.);
#13336=CARTESIAN_POINT('',(0.E0,2.E-1,0.E0));
#13337=DIRECTION('',(0.E0,-1.E0,0.E0));
#13338=DIRECTION('',(-1.E0,0.E0,0.E0));
#13339=AXIS2_PLACEMENT_3D('',#13336,#13337,#13338);
#13340=PLANE('',#13339);
#13341=ORIENTED_EDGE('',*,*,#13301,.T.);
#13343=ORIENTED_EDGE('',*,*,#13342,.T.);
#13345=ORIENTED_EDGE('',*,*,#13344,.T.);
#13346=ORIENTED_EDGE('',*,*,#13329,.T.);
#13347=EDGE_LOOP('',(#13341,#13343,#13345,#13346));
#13348=FACE_OUTER_BOUND('',#13347,.F.);
#13350=CARTESIAN_POINT('',(-2.225E0,0.E0,7.5E-1));
#13351=DIRECTION('',(0.E0,-1.E0,0.E0));
#13352=DIRECTION('',(-1.E0,0.E0,0.E0));
#13353=AXIS2_PLACEMENT_3D('',#13350,#13351,#13352);
#13354=CYLINDRICAL_SURFACE('',#13353,1.25E-1);
#13355=ORIENTED_EDGE('',*,*,#13261,.T.);
#13357=ORIENTED_EDGE('',*,*,#13356,.T.);
#13358=ORIENTED_EDGE('',*,*,#13342,.F.);
#13359=ORIENTED_EDGE('',*,*,#13299,.F.);
#13360=EDGE_LOOP('',(#13355,#13357,#13358,#13359));
#13361=FACE_OUTER_BOUND('',#13360,.F.);
#13363=CARTESIAN_POINT('',(-2.225E0,0.E0,8.75E-1));
#13364=DIRECTION('',(0.E0,0.E0,-1.E0));
#13365=DIRECTION('',(-1.E0,0.E0,0.E0));
#13366=AXIS2_PLACEMENT_3D('',#13363,#13364,#13365);
#13367=PLANE('',#13366);
#13368=ORIENTED_EDGE('',*,*,#13316,.T.);
#13369=ORIENTED_EDGE('',*,*,#13331,.T.);
#13370=ORIENTED_EDGE('',*,*,#13344,.F.);
#13371=ORIENTED_EDGE('',*,*,#13356,.F.);
#13372=ORIENTED_EDGE('',*,*,#13259,.T.);
#13373=ORIENTED_EDGE('',*,*,#13285,.T.);
#13374=EDGE_LOOP('',(#13368,#13369,#13370,#13371,#13372,#13373));
#13375=FACE_OUTER_BOUND('',#13374,.F.);
#13377=CLOSED_SHELL('',(#13267,#13289,#13307,#13321,#13335,#13349,#13362,
#13376));
#13378=MANIFOLD_SOLID_BREP('',#13377);
#13379=FILL_AREA_STYLE_COLOUR('',#18);
#13380=FILL_AREA_STYLE('',(#13379));
#13381=SURFACE_STYLE_FILL_AREA(#13380);
#13382=SURFACE_SIDE_STYLE('',(#13381));
#13383=SURFACE_STYLE_USAGE(.POSITIVE.,#13382);
#13384=PRESENTATION_STYLE_ASSIGNMENT((#13383));
#13099=STYLED_ITEM('',(#13384),#13378);
#13386=DIRECTION('',(0.E0,0.E0,-1.E0));
#13387=VECTOR('',#13386,2.5E-1);
#13388=CARTESIAN_POINT('',(-2.45E0,0.E0,3.75E-1));
#13389=LINE('',#13388,#13387);
#13390=CURVE_STYLE('',#32,POSITIVE_LENGTH_MEASURE(2.E-2),#18);
#13391=PRESENTATION_STYLE_ASSIGNMENT((#13390));
#13392=STYLED_ITEM('',(#13391),#13389);
#13393=DIRECTION('',(-1.E0,0.E0,0.E0));
#13394=VECTOR('',#13393,2.25E-1);
#13395=CARTESIAN_POINT('',(-2.225E0,0.E0,3.75E-1));
#13396=LINE('',#13395,#13394);
#13397=CURVE_STYLE('',#32,POSITIVE_LENGTH_MEASURE(2.E-2),#18);
#13398=PRESENTATION_STYLE_ASSIGNMENT((#13397));
#13399=STYLED_ITEM('',(#13398),#13396);
#13400=CARTESIAN_POINT('',(-2.225E0,0.E0,2.5E-1));
#13401=DIRECTION('',(0.E0,-1.E0,0.E0));
#13402=DIRECTION('',(0.E0,0.E0,-1.E0));
#13403=AXIS2_PLACEMENT_3D('',#13400,#13401,#13402);
#13405=CURVE_STYLE('',#32,POSITIVE_LENGTH_MEASURE(2.E-2),#18);
#13406=PRESENTATION_STYLE_ASSIGNMENT((#13405));
#13407=STYLED_ITEM('',(#13406),#13404);
#13408=DIRECTION('',(1.E0,0.E0,0.E0));
#13409=VECTOR('',#13408,2.25E-1);
#13410=CARTESIAN_POINT('',(-2.45E0,0.E0,1.25E-1));
#13411=LINE('',#13410,#13409);
#13412=CURVE_STYLE('',#32,POSITIVE_LENGTH_MEASURE(2.E-2),#18);
#13413=PRESENTATION_STYLE_ASSIGNMENT((#13412));
#13414=STYLED_ITEM('',(#13413),#13411);
#13415=DIRECTION('',(1.E0,0.E0,0.E0));
#13416=VECTOR('',#13415,5.E-2);
#13417=CARTESIAN_POINT('',(-2.5E0,1.E-1,1.25E-1));
#13418=LINE('',#13417,#13416);
#13419=CURVE_STYLE('',#32,POSITIVE_LENGTH_MEASURE(2.E-2),#18);
#13420=PRESENTATION_STYLE_ASSIGNMENT((#13419));
#13421=STYLED_ITEM('',(#13420),#13418);
#13422=DIRECTION('',(0.E0,1.E0,0.E0));
#13423=VECTOR('',#13422,1.E-1);
#13424=CARTESIAN_POINT('',(-2.45E0,0.E0,1.25E-1));
#13425=LINE('',#13424,#13423);
#13426=CURVE_STYLE('',#32,POSITIVE_LENGTH_MEASURE(2.E-2),#18);
#13427=PRESENTATION_STYLE_ASSIGNMENT((#13426));
#13428=STYLED_ITEM('',(#13427),#13425);
#13429=DIRECTION('',(0.E0,1.E0,0.E0));
#13430=VECTOR('',#13429,1.E-1);
#13431=CARTESIAN_POINT('',(-2.5E0,1.E-1,1.25E-1));
#13432=LINE('',#13431,#13430);
#13433=CURVE_STYLE('',#32,POSITIVE_LENGTH_MEASURE(2.E-2),#18);
#13434=PRESENTATION_STYLE_ASSIGNMENT((#13433));
#13435=STYLED_ITEM('',(#13434),#13432);
#13436=DIRECTION('',(0.E0,0.E0,-1.E0));
#13437=VECTOR('',#13436,2.5E-1);
#13438=CARTESIAN_POINT('',(-2.45E0,1.E-1,3.75E-1));
#13439=LINE('',#13438,#13437);
#13440=CURVE_STYLE('',#32,POSITIVE_LENGTH_MEASURE(2.E-2),#18);
#13441=PRESENTATION_STYLE_ASSIGNMENT((#13440));
#13442=STYLED_ITEM('',(#13441),#13439);
#13443=DIRECTION('',(0.E0,0.E0,-1.E0));
#13444=VECTOR('',#13443,2.5E-1);
#13445=CARTESIAN_POINT('',(-2.5E0,1.E-1,3.75E-1));
#13446=LINE('',#13445,#13444);
#13447=CURVE_STYLE('',#32,POSITIVE_LENGTH_MEASURE(2.E-2),#18);
#13448=PRESENTATION_STYLE_ASSIGNMENT((#13447));
#13449=STYLED_ITEM('',(#13448),#13446);
#13450=DIRECTION('',(0.E0,1.E0,0.E0));
#13451=VECTOR('',#13450,1.E-1);
#13452=CARTESIAN_POINT('',(-2.5E0,1.E-1,3.75E-1));
#13453=LINE('',#13452,#13451);
#13454=CURVE_STYLE('',#32,POSITIVE_LENGTH_MEASURE(2.E-2),#18);
#13455=PRESENTATION_STYLE_ASSIGNMENT((#13454));
#13456=STYLED_ITEM('',(#13455),#13453);
#13457=DIRECTION('',(1.E0,0.E0,0.E0));
#13458=VECTOR('',#13457,2.75E-1);
#13459=CARTESIAN_POINT('',(-2.5E0,2.E-1,1.25E-1));
#13460=LINE('',#13459,#13458);
#13461=CURVE_STYLE('',#32,POSITIVE_LENGTH_MEASURE(2.E-2),#18);
#13462=PRESENTATION_STYLE_ASSIGNMENT((#13461));
#13463=STYLED_ITEM('',(#13462),#13460);
#13464=CARTESIAN_POINT('',(-2.225E0,2.E-1,2.5E-1));
#13465=DIRECTION('',(0.E0,-1.E0,0.E0));
#13466=DIRECTION('',(0.E0,0.E0,-1.E0));
#13467=AXIS2_PLACEMENT_3D('',#13464,#13465,#13466);
#13469=CURVE_STYLE('',#32,POSITIVE_LENGTH_MEASURE(2.E-2),#18);
#13470=PRESENTATION_STYLE_ASSIGNMENT((#13469));
#13471=STYLED_ITEM('',(#13470),#13468);
#13472=DIRECTION('',(-1.E0,0.E0,0.E0));
#13473=VECTOR('',#13472,2.75E-1);
#13474=CARTESIAN_POINT('',(-2.225E0,2.E-1,3.75E-1));
#13475=LINE('',#13474,#13473);
#13476=CURVE_STYLE('',#32,POSITIVE_LENGTH_MEASURE(2.E-2),#18);
#13477=PRESENTATION_STYLE_ASSIGNMENT((#13476));
#13478=STYLED_ITEM('',(#13477),#13475);
#13479=DIRECTION('',(0.E0,0.E0,-1.E0));
#13480=VECTOR('',#13479,2.5E-1);
#13481=CARTESIAN_POINT('',(-2.5E0,2.E-1,3.75E-1));
#13482=LINE('',#13481,#13480);
#13483=CURVE_STYLE('',#32,POSITIVE_LENGTH_MEASURE(2.E-2),#18);
#13484=PRESENTATION_STYLE_ASSIGNMENT((#13483));
#13485=STYLED_ITEM('',(#13484),#13482);
#13486=DIRECTION('',(0.E0,1.E0,0.E0));
#13487=VECTOR('',#13486,2.E-1);
#13488=CARTESIAN_POINT('',(-2.225E0,0.E0,1.25E-1));
#13489=LINE('',#13488,#13487);
#13490=CURVE_STYLE('',#32,POSITIVE_LENGTH_MEASURE(2.E-2),#18);
#13491=PRESENTATION_STYLE_ASSIGNMENT((#13490));
#13492=STYLED_ITEM('',(#13491),#13489);
#13493=DIRECTION('',(-1.E0,0.E0,0.E0));
#13494=VECTOR('',#13493,5.E-2);
#13495=CARTESIAN_POINT('',(-2.45E0,1.E-1,3.75E-1));
#13496=LINE('',#13495,#13494);
#13497=CURVE_STYLE('',#32,POSITIVE_LENGTH_MEASURE(2.E-2),#18);
#13498=PRESENTATION_STYLE_ASSIGNMENT((#13497));
#13499=STYLED_ITEM('',(#13498),#13496);
#13500=DIRECTION('',(0.E0,1.E0,0.E0));
#13501=VECTOR('',#13500,2.E-1);
#13502=CARTESIAN_POINT('',(-2.225E0,0.E0,3.75E-1));
#13503=LINE('',#13502,#13501);
#13504=CURVE_STYLE('',#32,POSITIVE_LENGTH_MEASURE(2.E-2),#18);
#13505=PRESENTATION_STYLE_ASSIGNMENT((#13504));
#13506=STYLED_ITEM('',(#13505),#13503);
#13507=DIRECTION('',(0.E0,1.E0,0.E0));
#13508=VECTOR('',#13507,1.E-1);
#13509=CARTESIAN_POINT('',(-2.45E0,0.E0,3.75E-1));
#13510=LINE('',#13509,#13508);
#13511=CURVE_STYLE('',#32,POSITIVE_LENGTH_MEASURE(2.E-2),#18);
#13512=PRESENTATION_STYLE_ASSIGNMENT((#13511));
#13513=STYLED_ITEM('',(#13512),#13510);
#13514=CARTESIAN_POINT('',(-2.225E0,0.E0,1.25E-1));
#13515=CARTESIAN_POINT('',(-2.225E0,0.E0,3.75E-1));
#13516=VERTEX_POINT('',#13514);
#13517=VERTEX_POINT('',#13515);
#13518=CARTESIAN_POINT('',(-2.5E0,2.E-1,1.25E-1));
#13519=CARTESIAN_POINT('',(-2.225E0,2.E-1,1.25E-1));
#13520=VERTEX_POINT('',#13518);
#13521=VERTEX_POINT('',#13519);
#13522=CARTESIAN_POINT('',(-2.225E0,2.E-1,3.75E-1));
#13523=VERTEX_POINT('',#13522);
#13524=CARTESIAN_POINT('',(-2.5E0,2.E-1,3.75E-1));
#13525=VERTEX_POINT('',#13524);
#13526=CARTESIAN_POINT('',(-2.45E0,0.E0,3.75E-1));
#13527=CARTESIAN_POINT('',(-2.45E0,0.E0,1.25E-1));
#13528=VERTEX_POINT('',#13526);
#13529=VERTEX_POINT('',#13527);
#13530=CARTESIAN_POINT('',(-2.5E0,1.E-1,1.25E-1));
#13531=CARTESIAN_POINT('',(-2.45E0,1.E-1,1.25E-1));
#13532=VERTEX_POINT('',#13530);
#13533=VERTEX_POINT('',#13531);
#13534=CARTESIAN_POINT('',(-2.45E0,1.E-1,3.75E-1));
#13535=CARTESIAN_POINT('',(-2.5E0,1.E-1,3.75E-1));
#13536=VERTEX_POINT('',#13534);
#13537=VERTEX_POINT('',#13535);
#13538=CARTESIAN_POINT('',(0.E0,0.E0,0.E0));
#13539=DIRECTION('',(0.E0,-1.E0,0.E0));
#13540=DIRECTION('',(-1.E0,0.E0,0.E0));
#13541=AXIS2_PLACEMENT_3D('',#13538,#13539,#13540);
#13542=PLANE('',#13541);
#13544=ORIENTED_EDGE('',*,*,#13543,.F.);
#13546=ORIENTED_EDGE('',*,*,#13545,.F.);
#13548=ORIENTED_EDGE('',*,*,#13547,.F.);
#13550=ORIENTED_EDGE('',*,*,#13549,.F.);
#13551=EDGE_LOOP('',(#13544,#13546,#13548,#13550));
#13552=FACE_OUTER_BOUND('',#13551,.F.);
#13554=FILL_AREA_STYLE_COLOUR('',#22);
#13555=FILL_AREA_STYLE('',(#13554));
#13556=SURFACE_STYLE_FILL_AREA(#13555);
#13557=SURFACE_SIDE_STYLE('',(#13556));
#13558=SURFACE_STYLE_USAGE(.POSITIVE.,#13557);
#13559=PRESENTATION_STYLE_ASSIGNMENT((#13558));
#13560=OVER_RIDING_STYLED_ITEM('',(#13559),#13553,#13385);
#13561=CARTESIAN_POINT('',(-2.45E0,0.E0,2.45E0));
#13562=DIRECTION('',(1.E0,0.E0,0.E0));
#13563=DIRECTION('',(0.E0,0.E0,-1.E0));
#13564=AXIS2_PLACEMENT_3D('',#13561,#13562,#13563);
#13565=PLANE('',#13564);
#13566=ORIENTED_EDGE('',*,*,#13543,.T.);
#13568=ORIENTED_EDGE('',*,*,#13567,.T.);
#13570=ORIENTED_EDGE('',*,*,#13569,.F.);
#13572=ORIENTED_EDGE('',*,*,#13571,.F.);
#13573=EDGE_LOOP('',(#13566,#13568,#13570,#13572));
#13574=FACE_OUTER_BOUND('',#13573,.F.);
#13576=CARTESIAN_POINT('',(-2.5E0,0.E0,1.25E-1));
#13577=DIRECTION('',(0.E0,0.E0,1.E0));
#13578=DIRECTION('',(1.E0,0.E0,0.E0));
#13579=AXIS2_PLACEMENT_3D('',#13576,#13577,#13578);
#13580=PLANE('',#13579);
#13582=ORIENTED_EDGE('',*,*,#13581,.T.);
#13583=ORIENTED_EDGE('',*,*,#13567,.F.);
#13584=ORIENTED_EDGE('',*,*,#13549,.T.);
#13586=ORIENTED_EDGE('',*,*,#13585,.T.);
#13588=ORIENTED_EDGE('',*,*,#13587,.F.);
#13590=ORIENTED_EDGE('',*,*,#13589,.F.);
#13591=EDGE_LOOP('',(#13582,#13583,#13584,#13586,#13588,#13590));
#13592=FACE_OUTER_BOUND('',#13591,.F.);
#13594=CARTESIAN_POINT('',(0.E0,1.E-1,0.E0));
#13595=DIRECTION('',(0.E0,1.E0,0.E0));
#13596=DIRECTION('',(1.E0,0.E0,0.E0));
#13597=AXIS2_PLACEMENT_3D('',#13594,#13595,#13596);
#13598=PLANE('',#13597);
#13599=ORIENTED_EDGE('',*,*,#13581,.F.);
#13601=ORIENTED_EDGE('',*,*,#13600,.F.);
#13603=ORIENTED_EDGE('',*,*,#13602,.F.);
#13604=ORIENTED_EDGE('',*,*,#13569,.T.);
#13605=EDGE_LOOP('',(#13599,#13601,#13603,#13604));
#13606=FACE_OUTER_BOUND('',#13605,.F.);
#13608=CARTESIAN_POINT('',(-2.5E0,0.E0,3.75E-1));
#13609=DIRECTION('',(1.E0,0.E0,0.E0));
#13610=DIRECTION('',(0.E0,0.E0,-1.E0));
#13611=AXIS2_PLACEMENT_3D('',#13608,#13609,#13610);
#13612=PLANE('',#13611);
#13613=ORIENTED_EDGE('',*,*,#13600,.T.);
#13614=ORIENTED_EDGE('',*,*,#13589,.T.);
#13616=ORIENTED_EDGE('',*,*,#13615,.F.);
#13618=ORIENTED_EDGE('',*,*,#13617,.F.);
#13619=EDGE_LOOP('',(#13613,#13614,#13616,#13618));
#13620=FACE_OUTER_BOUND('',#13619,.F.);
#13622=CARTESIAN_POINT('',(0.E0,2.E-1,0.E0));
#13623=DIRECTION('',(0.E0,-1.E0,0.E0));
#13624=DIRECTION('',(-1.E0,0.E0,0.E0));
#13625=AXIS2_PLACEMENT_3D('',#13622,#13623,#13624);
#13626=PLANE('',#13625);
#13627=ORIENTED_EDGE('',*,*,#13587,.T.);
#13629=ORIENTED_EDGE('',*,*,#13628,.T.);
#13631=ORIENTED_EDGE('',*,*,#13630,.T.);
#13632=ORIENTED_EDGE('',*,*,#13615,.T.);
#13633=EDGE_LOOP('',(#13627,#13629,#13631,#13632));
#13634=FACE_OUTER_BOUND('',#13633,.F.);
#13636=CARTESIAN_POINT('',(-2.225E0,0.E0,2.5E-1));
#13637=DIRECTION('',(0.E0,-1.E0,0.E0));
#13638=DIRECTION('',(-1.E0,0.E0,0.E0));
#13639=AXIS2_PLACEMENT_3D('',#13636,#13637,#13638);
#13640=CYLINDRICAL_SURFACE('',#13639,1.25E-1);
#13641=ORIENTED_EDGE('',*,*,#13547,.T.);
#13643=ORIENTED_EDGE('',*,*,#13642,.T.);
#13644=ORIENTED_EDGE('',*,*,#13628,.F.);
#13645=ORIENTED_EDGE('',*,*,#13585,.F.);
#13646=EDGE_LOOP('',(#13641,#13643,#13644,#13645));
#13647=FACE_OUTER_BOUND('',#13646,.F.);
#13649=CARTESIAN_POINT('',(-2.225E0,0.E0,3.75E-1));
#13650=DIRECTION('',(0.E0,0.E0,-1.E0));
#13651=DIRECTION('',(-1.E0,0.E0,0.E0));
#13652=AXIS2_PLACEMENT_3D('',#13649,#13650,#13651);
#13653=PLANE('',#13652);
#13654=ORIENTED_EDGE('',*,*,#13602,.T.);
#13655=ORIENTED_EDGE('',*,*,#13617,.T.);
#13656=ORIENTED_EDGE('',*,*,#13630,.F.);
#13657=ORIENTED_EDGE('',*,*,#13642,.F.);
#13658=ORIENTED_EDGE('',*,*,#13545,.T.);
#13659=ORIENTED_EDGE('',*,*,#13571,.T.);
#13660=EDGE_LOOP('',(#13654,#13655,#13656,#13657,#13658,#13659));
#13661=FACE_OUTER_BOUND('',#13660,.F.);
#13663=CLOSED_SHELL('',(#13553,#13575,#13593,#13607,#13621,#13635,#13648,
#13662));
#13664=MANIFOLD_SOLID_BREP('',#13663);
#13665=FILL_AREA_STYLE_COLOUR('',#18);
#13666=FILL_AREA_STYLE('',(#13665));
#13667=SURFACE_STYLE_FILL_AREA(#13666);
#13668=SURFACE_SIDE_STYLE('',(#13667));
#13669=SURFACE_STYLE_USAGE(.POSITIVE.,#13668);
#13670=PRESENTATION_STYLE_ASSIGNMENT((#13669));
#13385=STYLED_ITEM('',(#13670),#13664);
#13672=DIRECTION('',(0.E0,0.E0,-1.E0));
#13673=VECTOR('',#13672,2.5E-1);
#13674=CARTESIAN_POINT('',(-2.45E0,0.E0,-1.25E-1));
#13675=LINE('',#13674,#13673);
#13676=CURVE_STYLE('',#32,POSITIVE_LENGTH_MEASURE(2.E-2),#18);
#13677=PRESENTATION_STYLE_ASSIGNMENT((#13676));
#13678=STYLED_ITEM('',(#13677),#13675);
#13679=DIRECTION('',(-1.E0,0.E0,0.E0));
#13680=VECTOR('',#13679,2.25E-1);
#13681=CARTESIAN_POINT('',(-2.225E0,0.E0,-1.25E-1));
#13682=LINE('',#13681,#13680);
#13683=CURVE_STYLE('',#32,POSITIVE_LENGTH_MEASURE(2.E-2),#18);
#13684=PRESENTATION_STYLE_ASSIGNMENT((#13683));
#13685=STYLED_ITEM('',(#13684),#13682);
#13686=CARTESIAN_POINT('',(-2.225E0,0.E0,-2.5E-1));
#13687=DIRECTION('',(0.E0,-1.E0,0.E0));
#13688=DIRECTION('',(0.E0,0.E0,-1.E0));
#13689=AXIS2_PLACEMENT_3D('',#13686,#13687,#13688);
#13691=CURVE_STYLE('',#32,POSITIVE_LENGTH_MEASURE(2.E-2),#18);
#13692=PRESENTATION_STYLE_ASSIGNMENT((#13691));
#13693=STYLED_ITEM('',(#13692),#13690);
#13694=DIRECTION('',(1.E0,0.E0,0.E0));
#13695=VECTOR('',#13694,2.25E-1);
#13696=CARTESIAN_POINT('',(-2.45E0,0.E0,-3.75E-1));
#13697=LINE('',#13696,#13695);
#13698=CURVE_STYLE('',#32,POSITIVE_LENGTH_MEASURE(2.E-2),#18);
#13699=PRESENTATION_STYLE_ASSIGNMENT((#13698));
#13700=STYLED_ITEM('',(#13699),#13697);
#13701=DIRECTION('',(1.E0,0.E0,0.E0));
#13702=VECTOR('',#13701,5.E-2);
#13703=CARTESIAN_POINT('',(-2.5E0,1.E-1,-3.75E-1));
#13704=LINE('',#13703,#13702);
#13705=CURVE_STYLE('',#32,POSITIVE_LENGTH_MEASURE(2.E-2),#18);
#13706=PRESENTATION_STYLE_ASSIGNMENT((#13705));
#13707=STYLED_ITEM('',(#13706),#13704);
#13708=DIRECTION('',(0.E0,1.E0,0.E0));
#13709=VECTOR('',#13708,1.E-1);
#13710=CARTESIAN_POINT('',(-2.45E0,0.E0,-3.75E-1));
#13711=LINE('',#13710,#13709);
#13712=CURVE_STYLE('',#32,POSITIVE_LENGTH_MEASURE(2.E-2),#18);
#13713=PRESENTATION_STYLE_ASSIGNMENT((#13712));
#13714=STYLED_ITEM('',(#13713),#13711);
#13715=DIRECTION('',(0.E0,1.E0,0.E0));
#13716=VECTOR('',#13715,1.E-1);
#13717=CARTESIAN_POINT('',(-2.5E0,1.E-1,-3.75E-1));
#13718=LINE('',#13717,#13716);
#13719=CURVE_STYLE('',#32,POSITIVE_LENGTH_MEASURE(2.E-2),#18);
#13720=PRESENTATION_STYLE_ASSIGNMENT((#13719));
#13721=STYLED_ITEM('',(#13720),#13718);
#13722=DIRECTION('',(0.E0,0.E0,-1.E0));
#13723=VECTOR('',#13722,2.5E-1);
#13724=CARTESIAN_POINT('',(-2.45E0,1.E-1,-1.25E-1));
#13725=LINE('',#13724,#13723);
#13726=CURVE_STYLE('',#32,POSITIVE_LENGTH_MEASURE(2.E-2),#18);
#13727=PRESENTATION_STYLE_ASSIGNMENT((#13726));
#13728=STYLED_ITEM('',(#13727),#13725);
#13729=DIRECTION('',(0.E0,0.E0,-1.E0));
#13730=VECTOR('',#13729,2.5E-1);
#13731=CARTESIAN_POINT('',(-2.5E0,1.E-1,-1.25E-1));
#13732=LINE('',#13731,#13730);
#13733=CURVE_STYLE('',#32,POSITIVE_LENGTH_MEASURE(2.E-2),#18);
#13734=PRESENTATION_STYLE_ASSIGNMENT((#13733));
#13735=STYLED_ITEM('',(#13734),#13732);
#13736=DIRECTION('',(0.E0,1.E0,0.E0));
#13737=VECTOR('',#13736,1.E-1);
#13738=CARTESIAN_POINT('',(-2.5E0,1.E-1,-1.25E-1));
#13739=LINE('',#13738,#13737);
#13740=CURVE_STYLE('',#32,POSITIVE_LENGTH_MEASURE(2.E-2),#18);
#13741=PRESENTATION_STYLE_ASSIGNMENT((#13740));
#13742=STYLED_ITEM('',(#13741),#13739);
#13743=DIRECTION('',(1.E0,0.E0,0.E0));
#13744=VECTOR('',#13743,2.75E-1);
#13745=CARTESIAN_POINT('',(-2.5E0,2.E-1,-3.75E-1));
#13746=LINE('',#13745,#13744);
#13747=CURVE_STYLE('',#32,POSITIVE_LENGTH_MEASURE(2.E-2),#18);
#13748=PRESENTATION_STYLE_ASSIGNMENT((#13747));
#13749=STYLED_ITEM('',(#13748),#13746);
#13750=CARTESIAN_POINT('',(-2.225E0,2.E-1,-2.5E-1));
#13751=DIRECTION('',(0.E0,-1.E0,0.E0));
#13752=DIRECTION('',(0.E0,0.E0,-1.E0));
#13753=AXIS2_PLACEMENT_3D('',#13750,#13751,#13752);
#13755=CURVE_STYLE('',#32,POSITIVE_LENGTH_MEASURE(2.E-2),#18);
#13756=PRESENTATION_STYLE_ASSIGNMENT((#13755));
#13757=STYLED_ITEM('',(#13756),#13754);
#13758=DIRECTION('',(-1.E0,0.E0,0.E0));
#13759=VECTOR('',#13758,2.75E-1);
#13760=CARTESIAN_POINT('',(-2.225E0,2.E-1,-1.25E-1));
#13761=LINE('',#13760,#13759);
#13762=CURVE_STYLE('',#32,POSITIVE_LENGTH_MEASURE(2.E-2),#18);
#13763=PRESENTATION_STYLE_ASSIGNMENT((#13762));
#13764=STYLED_ITEM('',(#13763),#13761);
#13765=DIRECTION('',(0.E0,0.E0,-1.E0));
#13766=VECTOR('',#13765,2.5E-1);
#13767=CARTESIAN_POINT('',(-2.5E0,2.E-1,-1.25E-1));
#13768=LINE('',#13767,#13766);
#13769=CURVE_STYLE('',#32,POSITIVE_LENGTH_MEASURE(2.E-2),#18);
#13770=PRESENTATION_STYLE_ASSIGNMENT((#13769));
#13771=STYLED_ITEM('',(#13770),#13768);
#13772=DIRECTION('',(0.E0,1.E0,0.E0));
#13773=VECTOR('',#13772,2.E-1);
#13774=CARTESIAN_POINT('',(-2.225E0,0.E0,-3.75E-1));
#13775=LINE('',#13774,#13773);
#13776=CURVE_STYLE('',#32,POSITIVE_LENGTH_MEASURE(2.E-2),#18);
#13777=PRESENTATION_STYLE_ASSIGNMENT((#13776));
#13778=STYLED_ITEM('',(#13777),#13775);
#13779=DIRECTION('',(-1.E0,0.E0,0.E0));
#13780=VECTOR('',#13779,5.E-2);
#13781=CARTESIAN_POINT('',(-2.45E0,1.E-1,-1.25E-1));
#13782=LINE('',#13781,#13780);
#13783=CURVE_STYLE('',#32,POSITIVE_LENGTH_MEASURE(2.E-2),#18);
#13784=PRESENTATION_STYLE_ASSIGNMENT((#13783));
#13785=STYLED_ITEM('',(#13784),#13782);
#13786=DIRECTION('',(0.E0,1.E0,0.E0));
#13787=VECTOR('',#13786,2.E-1);
#13788=CARTESIAN_POINT('',(-2.225E0,0.E0,-1.25E-1));
#13789=LINE('',#13788,#13787);
#13790=CURVE_STYLE('',#32,POSITIVE_LENGTH_MEASURE(2.E-2),#18);
#13791=PRESENTATION_STYLE_ASSIGNMENT((#13790));
#13792=STYLED_ITEM('',(#13791),#13789);
#13793=DIRECTION('',(0.E0,1.E0,0.E0));
#13794=VECTOR('',#13793,1.E-1);
#13795=CARTESIAN_POINT('',(-2.45E0,0.E0,-1.25E-1));
#13796=LINE('',#13795,#13794);
#13797=CURVE_STYLE('',#32,POSITIVE_LENGTH_MEASURE(2.E-2),#18);
#13798=PRESENTATION_STYLE_ASSIGNMENT((#13797));
#13799=STYLED_ITEM('',(#13798),#13796);
#13800=CARTESIAN_POINT('',(-2.225E0,0.E0,-3.75E-1));
#13801=CARTESIAN_POINT('',(-2.225E0,0.E0,-1.25E-1));
#13802=VERTEX_POINT('',#13800);
#13803=VERTEX_POINT('',#13801);
#13804=CARTESIAN_POINT('',(-2.5E0,2.E-1,-3.75E-1));
#13805=CARTESIAN_POINT('',(-2.225E0,2.E-1,-3.75E-1));
#13806=VERTEX_POINT('',#13804);
#13807=VERTEX_POINT('',#13805);
#13808=CARTESIAN_POINT('',(-2.225E0,2.E-1,-1.25E-1));
#13809=VERTEX_POINT('',#13808);
#13810=CARTESIAN_POINT('',(-2.5E0,2.E-1,-1.25E-1));
#13811=VERTEX_POINT('',#13810);
#13812=CARTESIAN_POINT('',(-2.45E0,0.E0,-1.25E-1));
#13813=CARTESIAN_POINT('',(-2.45E0,0.E0,-3.75E-1));
#13814=VERTEX_POINT('',#13812);
#13815=VERTEX_POINT('',#13813);
#13816=CARTESIAN_POINT('',(-2.5E0,1.E-1,-3.75E-1));
#13817=CARTESIAN_POINT('',(-2.45E0,1.E-1,-3.75E-1));
#13818=VERTEX_POINT('',#13816);
#13819=VERTEX_POINT('',#13817);
#13820=CARTESIAN_POINT('',(-2.45E0,1.E-1,-1.25E-1));
#13821=CARTESIAN_POINT('',(-2.5E0,1.E-1,-1.25E-1));
#13822=VERTEX_POINT('',#13820);
#13823=VERTEX_POINT('',#13821);
#13824=CARTESIAN_POINT('',(0.E0,0.E0,0.E0));
#13825=DIRECTION('',(0.E0,-1.E0,0.E0));
#13826=DIRECTION('',(-1.E0,0.E0,0.E0));
#13827=AXIS2_PLACEMENT_3D('',#13824,#13825,#13826);
#13828=PLANE('',#13827);
#13830=ORIENTED_EDGE('',*,*,#13829,.F.);
#13832=ORIENTED_EDGE('',*,*,#13831,.F.);
#13834=ORIENTED_EDGE('',*,*,#13833,.F.);
#13836=ORIENTED_EDGE('',*,*,#13835,.F.);
#13837=EDGE_LOOP('',(#13830,#13832,#13834,#13836));
#13838=FACE_OUTER_BOUND('',#13837,.F.);
#13840=FILL_AREA_STYLE_COLOUR('',#22);
#13841=FILL_AREA_STYLE('',(#13840));
#13842=SURFACE_STYLE_FILL_AREA(#13841);
#13843=SURFACE_SIDE_STYLE('',(#13842));
#13844=SURFACE_STYLE_USAGE(.POSITIVE.,#13843);
#13845=PRESENTATION_STYLE_ASSIGNMENT((#13844));
#13846=OVER_RIDING_STYLED_ITEM('',(#13845),#13839,#13671);
#13847=CARTESIAN_POINT('',(-2.45E0,0.E0,2.45E0));
#13848=DIRECTION('',(1.E0,0.E0,0.E0));
#13849=DIRECTION('',(0.E0,0.E0,-1.E0));
#13850=AXIS2_PLACEMENT_3D('',#13847,#13848,#13849);
#13851=PLANE('',#13850);
#13852=ORIENTED_EDGE('',*,*,#13829,.T.);
#13854=ORIENTED_EDGE('',*,*,#13853,.T.);
#13856=ORIENTED_EDGE('',*,*,#13855,.F.);
#13858=ORIENTED_EDGE('',*,*,#13857,.F.);
#13859=EDGE_LOOP('',(#13852,#13854,#13856,#13858));
#13860=FACE_OUTER_BOUND('',#13859,.F.);
#13862=CARTESIAN_POINT('',(-2.5E0,0.E0,-3.75E-1));
#13863=DIRECTION('',(0.E0,0.E0,1.E0));
#13864=DIRECTION('',(1.E0,0.E0,0.E0));
#13865=AXIS2_PLACEMENT_3D('',#13862,#13863,#13864);
#13866=PLANE('',#13865);
#13868=ORIENTED_EDGE('',*,*,#13867,.T.);
#13869=ORIENTED_EDGE('',*,*,#13853,.F.);
#13870=ORIENTED_EDGE('',*,*,#13835,.T.);
#13872=ORIENTED_EDGE('',*,*,#13871,.T.);
#13874=ORIENTED_EDGE('',*,*,#13873,.F.);
#13876=ORIENTED_EDGE('',*,*,#13875,.F.);
#13877=EDGE_LOOP('',(#13868,#13869,#13870,#13872,#13874,#13876));
#13878=FACE_OUTER_BOUND('',#13877,.F.);
#13880=CARTESIAN_POINT('',(0.E0,1.E-1,0.E0));
#13881=DIRECTION('',(0.E0,1.E0,0.E0));
#13882=DIRECTION('',(1.E0,0.E0,0.E0));
#13883=AXIS2_PLACEMENT_3D('',#13880,#13881,#13882);
#13884=PLANE('',#13883);
#13885=ORIENTED_EDGE('',*,*,#13867,.F.);
#13887=ORIENTED_EDGE('',*,*,#13886,.F.);
#13889=ORIENTED_EDGE('',*,*,#13888,.F.);
#13890=ORIENTED_EDGE('',*,*,#13855,.T.);
#13891=EDGE_LOOP('',(#13885,#13887,#13889,#13890));
#13892=FACE_OUTER_BOUND('',#13891,.F.);
#13894=CARTESIAN_POINT('',(-2.5E0,0.E0,-1.25E-1));
#13895=DIRECTION('',(1.E0,0.E0,0.E0));
#13896=DIRECTION('',(0.E0,0.E0,-1.E0));
#13897=AXIS2_PLACEMENT_3D('',#13894,#13895,#13896);
#13898=PLANE('',#13897);
#13899=ORIENTED_EDGE('',*,*,#13886,.T.);
#13900=ORIENTED_EDGE('',*,*,#13875,.T.);
#13902=ORIENTED_EDGE('',*,*,#13901,.F.);
#13904=ORIENTED_EDGE('',*,*,#13903,.F.);
#13905=EDGE_LOOP('',(#13899,#13900,#13902,#13904));
#13906=FACE_OUTER_BOUND('',#13905,.F.);
#13908=CARTESIAN_POINT('',(0.E0,2.E-1,0.E0));
#13909=DIRECTION('',(0.E0,-1.E0,0.E0));
#13910=DIRECTION('',(-1.E0,0.E0,0.E0));
#13911=AXIS2_PLACEMENT_3D('',#13908,#13909,#13910);
#13912=PLANE('',#13911);
#13913=ORIENTED_EDGE('',*,*,#13873,.T.);
#13915=ORIENTED_EDGE('',*,*,#13914,.T.);
#13917=ORIENTED_EDGE('',*,*,#13916,.T.);
#13918=ORIENTED_EDGE('',*,*,#13901,.T.);
#13919=EDGE_LOOP('',(#13913,#13915,#13917,#13918));
#13920=FACE_OUTER_BOUND('',#13919,.F.);
#13922=CARTESIAN_POINT('',(-2.225E0,0.E0,-2.5E-1));
#13923=DIRECTION('',(0.E0,-1.E0,0.E0));
#13924=DIRECTION('',(-1.E0,0.E0,0.E0));
#13925=AXIS2_PLACEMENT_3D('',#13922,#13923,#13924);
#13926=CYLINDRICAL_SURFACE('',#13925,1.25E-1);
#13927=ORIENTED_EDGE('',*,*,#13833,.T.);
#13929=ORIENTED_EDGE('',*,*,#13928,.T.);
#13930=ORIENTED_EDGE('',*,*,#13914,.F.);
#13931=ORIENTED_EDGE('',*,*,#13871,.F.);
#13932=EDGE_LOOP('',(#13927,#13929,#13930,#13931));
#13933=FACE_OUTER_BOUND('',#13932,.F.);
#13935=CARTESIAN_POINT('',(-2.225E0,0.E0,-1.25E-1));
#13936=DIRECTION('',(0.E0,0.E0,-1.E0));
#13937=DIRECTION('',(-1.E0,0.E0,0.E0));
#13938=AXIS2_PLACEMENT_3D('',#13935,#13936,#13937);
#13939=PLANE('',#13938);
#13940=ORIENTED_EDGE('',*,*,#13888,.T.);
#13941=ORIENTED_EDGE('',*,*,#13903,.T.);
#13942=ORIENTED_EDGE('',*,*,#13916,.F.);
#13943=ORIENTED_EDGE('',*,*,#13928,.F.);
#13944=ORIENTED_EDGE('',*,*,#13831,.T.);
#13945=ORIENTED_EDGE('',*,*,#13857,.T.);
#13946=EDGE_LOOP('',(#13940,#13941,#13942,#13943,#13944,#13945));
#13947=FACE_OUTER_BOUND('',#13946,.F.);
#13949=CLOSED_SHELL('',(#13839,#13861,#13879,#13893,#13907,#13921,#13934,
#13948));
#13950=MANIFOLD_SOLID_BREP('',#13949);
#13951=FILL_AREA_STYLE_COLOUR('',#18);
#13952=FILL_AREA_STYLE('',(#13951));
#13953=SURFACE_STYLE_FILL_AREA(#13952);
#13954=SURFACE_SIDE_STYLE('',(#13953));
#13955=SURFACE_STYLE_USAGE(.POSITIVE.,#13954);
#13956=PRESENTATION_STYLE_ASSIGNMENT((#13955));
#13671=STYLED_ITEM('',(#13956),#13950);
#13958=DIRECTION('',(0.E0,0.E0,-1.E0));
#13959=VECTOR('',#13958,2.5E-1);
#13960=CARTESIAN_POINT('',(2.45E0,0.E0,-6.25E-1));
#13961=LINE('',#13960,#13959);
#13962=CURVE_STYLE('',#32,POSITIVE_LENGTH_MEASURE(2.E-2),#18);
#13963=PRESENTATION_STYLE_ASSIGNMENT((#13962));
#13964=STYLED_ITEM('',(#13963),#13961);
#13965=DIRECTION('',(-1.E0,0.E0,0.E0));
#13966=VECTOR('',#13965,2.25E-1);
#13967=CARTESIAN_POINT('',(2.45E0,0.E0,-8.75E-1));
#13968=LINE('',#13967,#13966);
#13969=CURVE_STYLE('',#32,POSITIVE_LENGTH_MEASURE(2.E-2),#18);
#13970=PRESENTATION_STYLE_ASSIGNMENT((#13969));
#13971=STYLED_ITEM('',(#13970),#13968);
#13972=CARTESIAN_POINT('',(2.225E0,0.E0,-7.5E-1));
#13973=DIRECTION('',(0.E0,1.E0,0.E0));
#13974=DIRECTION('',(0.E0,0.E0,-1.E0));
#13975=AXIS2_PLACEMENT_3D('',#13972,#13973,#13974);
#13977=CURVE_STYLE('',#32,POSITIVE_LENGTH_MEASURE(2.E-2),#18);
#13978=PRESENTATION_STYLE_ASSIGNMENT((#13977));
#13979=STYLED_ITEM('',(#13978),#13976);
#13980=DIRECTION('',(1.E0,0.E0,0.E0));
#13981=VECTOR('',#13980,2.25E-1);
#13982=CARTESIAN_POINT('',(2.225E0,0.E0,-6.25E-1));
#13983=LINE('',#13982,#13981);
#13984=CURVE_STYLE('',#32,POSITIVE_LENGTH_MEASURE(2.E-2),#18);
#13985=PRESENTATION_STYLE_ASSIGNMENT((#13984));
#13986=STYLED_ITEM('',(#13985),#13983);
#13987=DIRECTION('',(1.E0,0.E0,0.E0));
#13988=VECTOR('',#13987,5.E-2);
#13989=CARTESIAN_POINT('',(2.45E0,1.E-1,-6.25E-1));
#13990=LINE('',#13989,#13988);
#13991=CURVE_STYLE('',#32,POSITIVE_LENGTH_MEASURE(2.E-2),#18);
#13992=PRESENTATION_STYLE_ASSIGNMENT((#13991));
#13993=STYLED_ITEM('',(#13992),#13990);
#13994=DIRECTION('',(0.E0,1.E0,0.E0));
#13995=VECTOR('',#13994,1.E-1);
#13996=CARTESIAN_POINT('',(2.45E0,0.E0,-6.25E-1));
#13997=LINE('',#13996,#13995);
#13998=CURVE_STYLE('',#32,POSITIVE_LENGTH_MEASURE(2.E-2),#18);
#13999=PRESENTATION_STYLE_ASSIGNMENT((#13998));
#14000=STYLED_ITEM('',(#13999),#13997);
#14001=DIRECTION('',(0.E0,1.E0,0.E0));
#14002=VECTOR('',#14001,2.E-1);
#14003=CARTESIAN_POINT('',(2.225E0,0.E0,-6.25E-1));
#14004=LINE('',#14003,#14002);
#14005=CURVE_STYLE('',#32,POSITIVE_LENGTH_MEASURE(2.E-2),#18);
#14006=PRESENTATION_STYLE_ASSIGNMENT((#14005));
#14007=STYLED_ITEM('',(#14006),#14004);
#14008=DIRECTION('',(0.E0,0.E0,1.E0));
#14009=VECTOR('',#14008,2.5E-1);
#14010=CARTESIAN_POINT('',(2.45E0,1.E-1,-8.75E-1));
#14011=LINE('',#14010,#14009);
#14012=CURVE_STYLE('',#32,POSITIVE_LENGTH_MEASURE(2.E-2),#18);
#14013=PRESENTATION_STYLE_ASSIGNMENT((#14012));
#14014=STYLED_ITEM('',(#14013),#14011);
#14015=DIRECTION('',(-1.E0,0.E0,0.E0));
#14016=VECTOR('',#14015,5.E-2);
#14017=CARTESIAN_POINT('',(2.5E0,1.E-1,-8.75E-1));
#14018=LINE('',#14017,#14016);
#14019=CURVE_STYLE('',#32,POSITIVE_LENGTH_MEASURE(2.E-2),#18);
#14020=PRESENTATION_STYLE_ASSIGNMENT((#14019));
#14021=STYLED_ITEM('',(#14020),#14018);
#14022=DIRECTION('',(0.E0,1.E0,0.E0));
#14023=VECTOR('',#14022,1.E-1);
#14024=CARTESIAN_POINT('',(2.5E0,1.E-1,-8.75E-1));
#14025=LINE('',#14024,#14023);
#14026=CURVE_STYLE('',#32,POSITIVE_LENGTH_MEASURE(2.E-2),#18);
#14027=PRESENTATION_STYLE_ASSIGNMENT((#14026));
#14028=STYLED_ITEM('',(#14027),#14025);
#14029=DIRECTION('',(0.E0,1.E0,0.E0));
#14030=VECTOR('',#14029,1.E-1);
#14031=CARTESIAN_POINT('',(2.45E0,0.E0,-8.75E-1));
#14032=LINE('',#14031,#14030);
#14033=CURVE_STYLE('',#32,POSITIVE_LENGTH_MEASURE(2.E-2),#18);
#14034=PRESENTATION_STYLE_ASSIGNMENT((#14033));
#14035=STYLED_ITEM('',(#14034),#14032);
#14036=DIRECTION('',(0.E0,0.E0,-1.E0));
#14037=VECTOR('',#14036,2.5E-1);
#14038=CARTESIAN_POINT('',(2.5E0,1.E-1,-6.25E-1));
#14039=LINE('',#14038,#14037);
#14040=CURVE_STYLE('',#32,POSITIVE_LENGTH_MEASURE(2.E-2),#18);
#14041=PRESENTATION_STYLE_ASSIGNMENT((#14040));
#14042=STYLED_ITEM('',(#14041),#14039);
#14043=DIRECTION('',(0.E0,1.E0,0.E0));
#14044=VECTOR('',#14043,1.E-1);
#14045=CARTESIAN_POINT('',(2.5E0,1.E-1,-6.25E-1));
#14046=LINE('',#14045,#14044);
#14047=CURVE_STYLE('',#32,POSITIVE_LENGTH_MEASURE(2.E-2),#18);
#14048=PRESENTATION_STYLE_ASSIGNMENT((#14047));
#14049=STYLED_ITEM('',(#14048),#14046);
#14050=DIRECTION('',(-1.E0,0.E0,0.E0));
#14051=VECTOR('',#14050,2.75E-1);
#14052=CARTESIAN_POINT('',(2.5E0,2.E-1,-8.75E-1));
#14053=LINE('',#14052,#14051);
#14054=CURVE_STYLE('',#32,POSITIVE_LENGTH_MEASURE(2.E-2),#18);
#14055=PRESENTATION_STYLE_ASSIGNMENT((#14054));
#14056=STYLED_ITEM('',(#14055),#14053);
#14057=DIRECTION('',(0.E0,0.E0,-1.E0));
#14058=VECTOR('',#14057,2.5E-1);
#14059=CARTESIAN_POINT('',(2.5E0,2.E-1,-6.25E-1));
#14060=LINE('',#14059,#14058);
#14061=CURVE_STYLE('',#32,POSITIVE_LENGTH_MEASURE(2.E-2),#18);
#14062=PRESENTATION_STYLE_ASSIGNMENT((#14061));
#14063=STYLED_ITEM('',(#14062),#14060);
#14064=DIRECTION('',(1.E0,0.E0,0.E0));
#14065=VECTOR('',#14064,2.75E-1);
#14066=CARTESIAN_POINT('',(2.225E0,2.E-1,-6.25E-1));
#14067=LINE('',#14066,#14065);
#14068=CURVE_STYLE('',#32,POSITIVE_LENGTH_MEASURE(2.E-2),#18);
#14069=PRESENTATION_STYLE_ASSIGNMENT((#14068));
#14070=STYLED_ITEM('',(#14069),#14067);
#14071=CARTESIAN_POINT('',(2.225E0,2.E-1,-7.5E-1));
#14072=DIRECTION('',(0.E0,1.E0,0.E0));
#14073=DIRECTION('',(0.E0,0.E0,-1.E0));
#14074=AXIS2_PLACEMENT_3D('',#14071,#14072,#14073);
#14076=CURVE_STYLE('',#32,POSITIVE_LENGTH_MEASURE(2.E-2),#18);
#14077=PRESENTATION_STYLE_ASSIGNMENT((#14076));
#14078=STYLED_ITEM('',(#14077),#14075);
#14079=DIRECTION('',(0.E0,1.E0,0.E0));
#14080=VECTOR('',#14079,2.E-1);
#14081=CARTESIAN_POINT('',(2.225E0,0.E0,-8.75E-1));
#14082=LINE('',#14081,#14080);
#14083=CURVE_STYLE('',#32,POSITIVE_LENGTH_MEASURE(2.E-2),#18);
#14084=PRESENTATION_STYLE_ASSIGNMENT((#14083));
#14085=STYLED_ITEM('',(#14084),#14082);
#14086=CARTESIAN_POINT('',(2.225E0,0.E0,-8.75E-1));
#14087=CARTESIAN_POINT('',(2.225E0,0.E0,-6.25E-1));
#14088=VERTEX_POINT('',#14086);
#14089=VERTEX_POINT('',#14087);
#14090=CARTESIAN_POINT('',(2.5E0,2.E-1,-8.75E-1));
#14091=CARTESIAN_POINT('',(2.225E0,2.E-1,-8.75E-1));
#14092=VERTEX_POINT('',#14090);
#14093=VERTEX_POINT('',#14091);
#14094=CARTESIAN_POINT('',(2.225E0,2.E-1,-6.25E-1));
#14095=VERTEX_POINT('',#14094);
#14096=CARTESIAN_POINT('',(2.5E0,2.E-1,-6.25E-1));
#14097=VERTEX_POINT('',#14096);
#14098=CARTESIAN_POINT('',(2.45E0,0.E0,-6.25E-1));
#14099=CARTESIAN_POINT('',(2.45E0,0.E0,-8.75E-1));
#14100=VERTEX_POINT('',#14098);
#14101=VERTEX_POINT('',#14099);
#14102=CARTESIAN_POINT('',(2.5E0,1.E-1,-8.75E-1));
#14103=CARTESIAN_POINT('',(2.45E0,1.E-1,-8.75E-1));
#14104=VERTEX_POINT('',#14102);
#14105=VERTEX_POINT('',#14103);
#14106=CARTESIAN_POINT('',(2.45E0,1.E-1,-6.25E-1));
#14107=CARTESIAN_POINT('',(2.5E0,1.E-1,-6.25E-1));
#14108=VERTEX_POINT('',#14106);
#14109=VERTEX_POINT('',#14107);
#14110=CARTESIAN_POINT('',(0.E0,0.E0,0.E0));
#14111=DIRECTION('',(0.E0,1.E0,0.E0));
#14112=DIRECTION('',(1.E0,0.E0,0.E0));
#14113=AXIS2_PLACEMENT_3D('',#14110,#14111,#14112);
#14114=PLANE('',#14113);
#14116=ORIENTED_EDGE('',*,*,#14115,.T.);
#14118=ORIENTED_EDGE('',*,*,#14117,.T.);
#14120=ORIENTED_EDGE('',*,*,#14119,.T.);
#14122=ORIENTED_EDGE('',*,*,#14121,.T.);
#14123=EDGE_LOOP('',(#14116,#14118,#14120,#14122));
#14124=FACE_OUTER_BOUND('',#14123,.F.);
#14126=FILL_AREA_STYLE_COLOUR('',#22);
#14127=FILL_AREA_STYLE('',(#14126));
#14128=SURFACE_STYLE_FILL_AREA(#14127);
#14129=SURFACE_SIDE_STYLE('',(#14128));
#14130=SURFACE_STYLE_USAGE(.POSITIVE.,#14129);
#14131=PRESENTATION_STYLE_ASSIGNMENT((#14130));
#14132=OVER_RIDING_STYLED_ITEM('',(#14131),#14125,#13957);
#14133=CARTESIAN_POINT('',(2.45E0,0.E0,-2.45E0));
#14134=DIRECTION('',(-1.E0,0.E0,0.E0));
#14135=DIRECTION('',(0.E0,0.E0,1.E0));
#14136=AXIS2_PLACEMENT_3D('',#14133,#14134,#14135);
#14137=PLANE('',#14136);
#14138=ORIENTED_EDGE('',*,*,#14115,.F.);
#14140=ORIENTED_EDGE('',*,*,#14139,.T.);
#14142=ORIENTED_EDGE('',*,*,#14141,.F.);
#14144=ORIENTED_EDGE('',*,*,#14143,.F.);
#14145=EDGE_LOOP('',(#14138,#14140,#14142,#14144));
#14146=FACE_OUTER_BOUND('',#14145,.F.);
#14148=CARTESIAN_POINT('',(2.225E0,0.E0,-6.25E-1));
#14149=DIRECTION('',(0.E0,0.E0,1.E0));
#14150=DIRECTION('',(1.E0,0.E0,0.E0));
#14151=AXIS2_PLACEMENT_3D('',#14148,#14149,#14150);
#14152=PLANE('',#14151);
#14154=ORIENTED_EDGE('',*,*,#14153,.F.);
#14155=ORIENTED_EDGE('',*,*,#14139,.F.);
#14156=ORIENTED_EDGE('',*,*,#14121,.F.);
#14158=ORIENTED_EDGE('',*,*,#14157,.T.);
#14160=ORIENTED_EDGE('',*,*,#14159,.T.);
#14162=ORIENTED_EDGE('',*,*,#14161,.F.);
#14163=EDGE_LOOP('',(#14154,#14155,#14156,#14158,#14160,#14162));
#14164=FACE_OUTER_BOUND('',#14163,.F.);
#14166=CARTESIAN_POINT('',(0.E0,1.E-1,0.E0));
#14167=DIRECTION('',(0.E0,1.E0,0.E0));
#14168=DIRECTION('',(1.E0,0.E0,0.E0));
#14169=AXIS2_PLACEMENT_3D('',#14166,#14167,#14168);
#14170=PLANE('',#14169);
#14172=ORIENTED_EDGE('',*,*,#14171,.T.);
#14173=ORIENTED_EDGE('',*,*,#14141,.T.);
#14174=ORIENTED_EDGE('',*,*,#14153,.T.);
#14176=ORIENTED_EDGE('',*,*,#14175,.T.);
#14177=EDGE_LOOP('',(#14172,#14173,#14174,#14176));
#14178=FACE_OUTER_BOUND('',#14177,.F.);
#14180=CARTESIAN_POINT('',(2.5E0,0.E0,-8.75E-1));
#14181=DIRECTION('',(0.E0,0.E0,-1.E0));
#14182=DIRECTION('',(-1.E0,0.E0,0.E0));
#14183=AXIS2_PLACEMENT_3D('',#14180,#14181,#14182);
#14184=PLANE('',#14183);
#14185=ORIENTED_EDGE('',*,*,#14171,.F.);
#14187=ORIENTED_EDGE('',*,*,#14186,.T.);
#14189=ORIENTED_EDGE('',*,*,#14188,.T.);
#14191=ORIENTED_EDGE('',*,*,#14190,.F.);
#14192=ORIENTED_EDGE('',*,*,#14117,.F.);
#14193=ORIENTED_EDGE('',*,*,#14143,.T.);
#14194=EDGE_LOOP('',(#14185,#14187,#14189,#14191,#14192,#14193));
#14195=FACE_OUTER_BOUND('',#14194,.F.);
#14197=CARTESIAN_POINT('',(2.5E0,0.E0,-6.25E-1));
#14198=DIRECTION('',(1.E0,0.E0,0.E0));
#14199=DIRECTION('',(0.E0,0.E0,-1.E0));
#14200=AXIS2_PLACEMENT_3D('',#14197,#14198,#14199);
#14201=PLANE('',#14200);
#14202=ORIENTED_EDGE('',*,*,#14175,.F.);
#14203=ORIENTED_EDGE('',*,*,#14161,.T.);
#14205=ORIENTED_EDGE('',*,*,#14204,.T.);
#14206=ORIENTED_EDGE('',*,*,#14186,.F.);
#14207=EDGE_LOOP('',(#14202,#14203,#14205,#14206));
#14208=FACE_OUTER_BOUND('',#14207,.F.);
#14210=CARTESIAN_POINT('',(0.E0,2.E-1,0.E0));
#14211=DIRECTION('',(0.E0,1.E0,0.E0));
#14212=DIRECTION('',(1.E0,0.E0,0.E0));
#14213=AXIS2_PLACEMENT_3D('',#14210,#14211,#14212);
#14214=PLANE('',#14213);
#14215=ORIENTED_EDGE('',*,*,#14188,.F.);
#14216=ORIENTED_EDGE('',*,*,#14204,.F.);
#14217=ORIENTED_EDGE('',*,*,#14159,.F.);
#14219=ORIENTED_EDGE('',*,*,#14218,.F.);
#14220=EDGE_LOOP('',(#14215,#14216,#14217,#14219));
#14221=FACE_OUTER_BOUND('',#14220,.F.);
#14223=CARTESIAN_POINT('',(2.225E0,0.E0,-7.5E-1));
#14224=DIRECTION('',(0.E0,1.E0,0.E0));
#14225=DIRECTION('',(1.E0,0.E0,0.E0));
#14226=AXIS2_PLACEMENT_3D('',#14223,#14224,#14225);
#14227=CYLINDRICAL_SURFACE('',#14226,1.25E-1);
#14228=ORIENTED_EDGE('',*,*,#14119,.F.);
#14229=ORIENTED_EDGE('',*,*,#14190,.T.);
#14230=ORIENTED_EDGE('',*,*,#14218,.T.);
#14231=ORIENTED_EDGE('',*,*,#14157,.F.);
#14232=EDGE_LOOP('',(#14228,#14229,#14230,#14231));
#14233=FACE_OUTER_BOUND('',#14232,.F.);
#14235=CLOSED_SHELL('',(#14125,#14147,#14165,#14179,#14196,#14209,#14222,
#14234));
#14236=MANIFOLD_SOLID_BREP('',#14235);
#14237=FILL_AREA_STYLE_COLOUR('',#18);
#14238=FILL_AREA_STYLE('',(#14237));
#14239=SURFACE_STYLE_FILL_AREA(#14238);
#14240=SURFACE_SIDE_STYLE('',(#14239));
#14241=SURFACE_STYLE_USAGE(.POSITIVE.,#14240);
#14242=PRESENTATION_STYLE_ASSIGNMENT((#14241));
#13957=STYLED_ITEM('',(#14242),#14236);
#14244=DIRECTION('',(0.E0,0.E0,-1.E0));
#14245=VECTOR('',#14244,2.5E-1);
#14246=CARTESIAN_POINT('',(2.45E0,0.E0,-1.125E0));
#14247=LINE('',#14246,#14245);
#14248=CURVE_STYLE('',#32,POSITIVE_LENGTH_MEASURE(2.E-2),#18);
#14249=PRESENTATION_STYLE_ASSIGNMENT((#14248));
#14250=STYLED_ITEM('',(#14249),#14247);
#14251=DIRECTION('',(-1.E0,0.E0,0.E0));
#14252=VECTOR('',#14251,2.25E-1);
#14253=CARTESIAN_POINT('',(2.45E0,0.E0,-1.375E0));
#14254=LINE('',#14253,#14252);
#14255=CURVE_STYLE('',#32,POSITIVE_LENGTH_MEASURE(2.E-2),#18);
#14256=PRESENTATION_STYLE_ASSIGNMENT((#14255));
#14257=STYLED_ITEM('',(#14256),#14254);
#14258=CARTESIAN_POINT('',(2.225E0,0.E0,-1.25E0));
#14259=DIRECTION('',(0.E0,1.E0,0.E0));
#14260=DIRECTION('',(0.E0,0.E0,-1.E0));
#14261=AXIS2_PLACEMENT_3D('',#14258,#14259,#14260);
#14263=CURVE_STYLE('',#32,POSITIVE_LENGTH_MEASURE(2.E-2),#18);
#14264=PRESENTATION_STYLE_ASSIGNMENT((#14263));
#14265=STYLED_ITEM('',(#14264),#14262);
#14266=DIRECTION('',(1.E0,0.E0,0.E0));
#14267=VECTOR('',#14266,2.25E-1);
#14268=CARTESIAN_POINT('',(2.225E0,0.E0,-1.125E0));
#14269=LINE('',#14268,#14267);
#14270=CURVE_STYLE('',#32,POSITIVE_LENGTH_MEASURE(2.E-2),#18);
#14271=PRESENTATION_STYLE_ASSIGNMENT((#14270));
#14272=STYLED_ITEM('',(#14271),#14269);
#14273=DIRECTION('',(1.E0,0.E0,0.E0));
#14274=VECTOR('',#14273,5.E-2);
#14275=CARTESIAN_POINT('',(2.45E0,1.E-1,-1.125E0));
#14276=LINE('',#14275,#14274);
#14277=CURVE_STYLE('',#32,POSITIVE_LENGTH_MEASURE(2.E-2),#18);
#14278=PRESENTATION_STYLE_ASSIGNMENT((#14277));
#14279=STYLED_ITEM('',(#14278),#14276);
#14280=DIRECTION('',(0.E0,1.E0,0.E0));
#14281=VECTOR('',#14280,1.E-1);
#14282=CARTESIAN_POINT('',(2.45E0,0.E0,-1.125E0));
#14283=LINE('',#14282,#14281);
#14284=CURVE_STYLE('',#32,POSITIVE_LENGTH_MEASURE(2.E-2),#18);
#14285=PRESENTATION_STYLE_ASSIGNMENT((#14284));
#14286=STYLED_ITEM('',(#14285),#14283);
#14287=DIRECTION('',(0.E0,1.E0,0.E0));
#14288=VECTOR('',#14287,2.E-1);
#14289=CARTESIAN_POINT('',(2.225E0,0.E0,-1.125E0));
#14290=LINE('',#14289,#14288);
#14291=CURVE_STYLE('',#32,POSITIVE_LENGTH_MEASURE(2.E-2),#18);
#14292=PRESENTATION_STYLE_ASSIGNMENT((#14291));
#14293=STYLED_ITEM('',(#14292),#14290);
#14294=DIRECTION('',(0.E0,0.E0,1.E0));
#14295=VECTOR('',#14294,2.5E-1);
#14296=CARTESIAN_POINT('',(2.45E0,1.E-1,-1.375E0));
#14297=LINE('',#14296,#14295);
#14298=CURVE_STYLE('',#32,POSITIVE_LENGTH_MEASURE(2.E-2),#18);
#14299=PRESENTATION_STYLE_ASSIGNMENT((#14298));
#14300=STYLED_ITEM('',(#14299),#14297);
#14301=DIRECTION('',(-1.E0,0.E0,0.E0));
#14302=VECTOR('',#14301,5.E-2);
#14303=CARTESIAN_POINT('',(2.5E0,1.E-1,-1.375E0));
#14304=LINE('',#14303,#14302);
#14305=CURVE_STYLE('',#32,POSITIVE_LENGTH_MEASURE(2.E-2),#18);
#14306=PRESENTATION_STYLE_ASSIGNMENT((#14305));
#14307=STYLED_ITEM('',(#14306),#14304);
#14308=DIRECTION('',(0.E0,1.E0,0.E0));
#14309=VECTOR('',#14308,1.E-1);
#14310=CARTESIAN_POINT('',(2.5E0,1.E-1,-1.375E0));
#14311=LINE('',#14310,#14309);
#14312=CURVE_STYLE('',#32,POSITIVE_LENGTH_MEASURE(2.E-2),#18);
#14313=PRESENTATION_STYLE_ASSIGNMENT((#14312));
#14314=STYLED_ITEM('',(#14313),#14311);
#14315=DIRECTION('',(0.E0,1.E0,0.E0));
#14316=VECTOR('',#14315,1.E-1);
#14317=CARTESIAN_POINT('',(2.45E0,0.E0,-1.375E0));
#14318=LINE('',#14317,#14316);
#14319=CURVE_STYLE('',#32,POSITIVE_LENGTH_MEASURE(2.E-2),#18);
#14320=PRESENTATION_STYLE_ASSIGNMENT((#14319));
#14321=STYLED_ITEM('',(#14320),#14318);
#14322=DIRECTION('',(0.E0,0.E0,-1.E0));
#14323=VECTOR('',#14322,2.5E-1);
#14324=CARTESIAN_POINT('',(2.5E0,1.E-1,-1.125E0));
#14325=LINE('',#14324,#14323);
#14326=CURVE_STYLE('',#32,POSITIVE_LENGTH_MEASURE(2.E-2),#18);
#14327=PRESENTATION_STYLE_ASSIGNMENT((#14326));
#14328=STYLED_ITEM('',(#14327),#14325);
#14329=DIRECTION('',(0.E0,1.E0,0.E0));
#14330=VECTOR('',#14329,1.E-1);
#14331=CARTESIAN_POINT('',(2.5E0,1.E-1,-1.125E0));
#14332=LINE('',#14331,#14330);
#14333=CURVE_STYLE('',#32,POSITIVE_LENGTH_MEASURE(2.E-2),#18);
#14334=PRESENTATION_STYLE_ASSIGNMENT((#14333));
#14335=STYLED_ITEM('',(#14334),#14332);
#14336=DIRECTION('',(-1.E0,0.E0,0.E0));
#14337=VECTOR('',#14336,2.75E-1);
#14338=CARTESIAN_POINT('',(2.5E0,2.E-1,-1.375E0));
#14339=LINE('',#14338,#14337);
#14340=CURVE_STYLE('',#32,POSITIVE_LENGTH_MEASURE(2.E-2),#18);
#14341=PRESENTATION_STYLE_ASSIGNMENT((#14340));
#14342=STYLED_ITEM('',(#14341),#14339);
#14343=DIRECTION('',(0.E0,0.E0,-1.E0));
#14344=VECTOR('',#14343,2.5E-1);
#14345=CARTESIAN_POINT('',(2.5E0,2.E-1,-1.125E0));
#14346=LINE('',#14345,#14344);
#14347=CURVE_STYLE('',#32,POSITIVE_LENGTH_MEASURE(2.E-2),#18);
#14348=PRESENTATION_STYLE_ASSIGNMENT((#14347));
#14349=STYLED_ITEM('',(#14348),#14346);
#14350=DIRECTION('',(1.E0,0.E0,0.E0));
#14351=VECTOR('',#14350,2.75E-1);
#14352=CARTESIAN_POINT('',(2.225E0,2.E-1,-1.125E0));
#14353=LINE('',#14352,#14351);
#14354=CURVE_STYLE('',#32,POSITIVE_LENGTH_MEASURE(2.E-2),#18);
#14355=PRESENTATION_STYLE_ASSIGNMENT((#14354));
#14356=STYLED_ITEM('',(#14355),#14353);
#14357=CARTESIAN_POINT('',(2.225E0,2.E-1,-1.25E0));
#14358=DIRECTION('',(0.E0,1.E0,0.E0));
#14359=DIRECTION('',(0.E0,0.E0,-1.E0));
#14360=AXIS2_PLACEMENT_3D('',#14357,#14358,#14359);
#14362=CURVE_STYLE('',#32,POSITIVE_LENGTH_MEASURE(2.E-2),#18);
#14363=PRESENTATION_STYLE_ASSIGNMENT((#14362));
#14364=STYLED_ITEM('',(#14363),#14361);
#14365=DIRECTION('',(0.E0,1.E0,0.E0));
#14366=VECTOR('',#14365,2.E-1);
#14367=CARTESIAN_POINT('',(2.225E0,0.E0,-1.375E0));
#14368=LINE('',#14367,#14366);
#14369=CURVE_STYLE('',#32,POSITIVE_LENGTH_MEASURE(2.E-2),#18);
#14370=PRESENTATION_STYLE_ASSIGNMENT((#14369));
#14371=STYLED_ITEM('',(#14370),#14368);
#14372=CARTESIAN_POINT('',(2.225E0,0.E0,-1.375E0));
#14373=CARTESIAN_POINT('',(2.225E0,0.E0,-1.125E0));
#14374=VERTEX_POINT('',#14372);
#14375=VERTEX_POINT('',#14373);
#14376=CARTESIAN_POINT('',(2.5E0,2.E-1,-1.375E0));
#14377=CARTESIAN_POINT('',(2.225E0,2.E-1,-1.375E0));
#14378=VERTEX_POINT('',#14376);
#14379=VERTEX_POINT('',#14377);
#14380=CARTESIAN_POINT('',(2.225E0,2.E-1,-1.125E0));
#14381=VERTEX_POINT('',#14380);
#14382=CARTESIAN_POINT('',(2.5E0,2.E-1,-1.125E0));
#14383=VERTEX_POINT('',#14382);
#14384=CARTESIAN_POINT('',(2.45E0,0.E0,-1.125E0));
#14385=CARTESIAN_POINT('',(2.45E0,0.E0,-1.375E0));
#14386=VERTEX_POINT('',#14384);
#14387=VERTEX_POINT('',#14385);
#14388=CARTESIAN_POINT('',(2.5E0,1.E-1,-1.375E0));
#14389=CARTESIAN_POINT('',(2.45E0,1.E-1,-1.375E0));
#14390=VERTEX_POINT('',#14388);
#14391=VERTEX_POINT('',#14389);
#14392=CARTESIAN_POINT('',(2.45E0,1.E-1,-1.125E0));
#14393=CARTESIAN_POINT('',(2.5E0,1.E-1,-1.125E0));
#14394=VERTEX_POINT('',#14392);
#14395=VERTEX_POINT('',#14393);
#14396=CARTESIAN_POINT('',(0.E0,0.E0,0.E0));
#14397=DIRECTION('',(0.E0,1.E0,0.E0));
#14398=DIRECTION('',(1.E0,0.E0,0.E0));
#14399=AXIS2_PLACEMENT_3D('',#14396,#14397,#14398);
#14400=PLANE('',#14399);
#14402=ORIENTED_EDGE('',*,*,#14401,.T.);
#14404=ORIENTED_EDGE('',*,*,#14403,.T.);
#14406=ORIENTED_EDGE('',*,*,#14405,.T.);
#14408=ORIENTED_EDGE('',*,*,#14407,.T.);
#14409=EDGE_LOOP('',(#14402,#14404,#14406,#14408));
#14410=FACE_OUTER_BOUND('',#14409,.F.);
#14412=FILL_AREA_STYLE_COLOUR('',#26);
#14413=FILL_AREA_STYLE('',(#14412));
#14414=SURFACE_STYLE_FILL_AREA(#14413);
#14415=SURFACE_SIDE_STYLE('',(#14414));
#14416=SURFACE_STYLE_USAGE(.POSITIVE.,#14415);
#14417=PRESENTATION_STYLE_ASSIGNMENT((#14416));
#14418=OVER_RIDING_STYLED_ITEM('',(#14417),#14411,#14243);
#14419=CARTESIAN_POINT('',(2.45E0,0.E0,-2.45E0));
#14420=DIRECTION('',(-1.E0,0.E0,0.E0));
#14421=DIRECTION('',(0.E0,0.E0,1.E0));
#14422=AXIS2_PLACEMENT_3D('',#14419,#14420,#14421);
#14423=PLANE('',#14422);
#14424=ORIENTED_EDGE('',*,*,#14401,.F.);
#14426=ORIENTED_EDGE('',*,*,#14425,.T.);
#14428=ORIENTED_EDGE('',*,*,#14427,.F.);
#14430=ORIENTED_EDGE('',*,*,#14429,.F.);
#14431=EDGE_LOOP('',(#14424,#14426,#14428,#14430));
#14432=FACE_OUTER_BOUND('',#14431,.F.);
#14434=CARTESIAN_POINT('',(2.225E0,0.E0,-1.125E0));
#14435=DIRECTION('',(0.E0,0.E0,1.E0));
#14436=DIRECTION('',(1.E0,0.E0,0.E0));
#14437=AXIS2_PLACEMENT_3D('',#14434,#14435,#14436);
#14438=PLANE('',#14437);
#14440=ORIENTED_EDGE('',*,*,#14439,.F.);
#14441=ORIENTED_EDGE('',*,*,#14425,.F.);
#14442=ORIENTED_EDGE('',*,*,#14407,.F.);
#14444=ORIENTED_EDGE('',*,*,#14443,.T.);
#14446=ORIENTED_EDGE('',*,*,#14445,.T.);
#14448=ORIENTED_EDGE('',*,*,#14447,.F.);
#14449=EDGE_LOOP('',(#14440,#14441,#14442,#14444,#14446,#14448));
#14450=FACE_OUTER_BOUND('',#14449,.F.);
#14452=CARTESIAN_POINT('',(0.E0,1.E-1,0.E0));
#14453=DIRECTION('',(0.E0,1.E0,0.E0));
#14454=DIRECTION('',(1.E0,0.E0,0.E0));
#14455=AXIS2_PLACEMENT_3D('',#14452,#14453,#14454);
#14456=PLANE('',#14455);
#14458=ORIENTED_EDGE('',*,*,#14457,.T.);
#14459=ORIENTED_EDGE('',*,*,#14427,.T.);
#14460=ORIENTED_EDGE('',*,*,#14439,.T.);
#14462=ORIENTED_EDGE('',*,*,#14461,.T.);
#14463=EDGE_LOOP('',(#14458,#14459,#14460,#14462));
#14464=FACE_OUTER_BOUND('',#14463,.F.);
#14466=CARTESIAN_POINT('',(2.5E0,0.E0,-1.375E0));
#14467=DIRECTION('',(0.E0,0.E0,-1.E0));
#14468=DIRECTION('',(-1.E0,0.E0,0.E0));
#14469=AXIS2_PLACEMENT_3D('',#14466,#14467,#14468);
#14470=PLANE('',#14469);
#14471=ORIENTED_EDGE('',*,*,#14457,.F.);
#14473=ORIENTED_EDGE('',*,*,#14472,.T.);
#14475=ORIENTED_EDGE('',*,*,#14474,.T.);
#14477=ORIENTED_EDGE('',*,*,#14476,.F.);
#14478=ORIENTED_EDGE('',*,*,#14403,.F.);
#14479=ORIENTED_EDGE('',*,*,#14429,.T.);
#14480=EDGE_LOOP('',(#14471,#14473,#14475,#14477,#14478,#14479));
#14481=FACE_OUTER_BOUND('',#14480,.F.);
#14483=CARTESIAN_POINT('',(2.5E0,0.E0,-1.125E0));
#14484=DIRECTION('',(1.E0,0.E0,0.E0));
#14485=DIRECTION('',(0.E0,0.E0,-1.E0));
#14486=AXIS2_PLACEMENT_3D('',#14483,#14484,#14485);
#14487=PLANE('',#14486);
#14488=ORIENTED_EDGE('',*,*,#14461,.F.);
#14489=ORIENTED_EDGE('',*,*,#14447,.T.);
#14491=ORIENTED_EDGE('',*,*,#14490,.T.);
#14492=ORIENTED_EDGE('',*,*,#14472,.F.);
#14493=EDGE_LOOP('',(#14488,#14489,#14491,#14492));
#14494=FACE_OUTER_BOUND('',#14493,.F.);
#14496=CARTESIAN_POINT('',(0.E0,2.E-1,0.E0));
#14497=DIRECTION('',(0.E0,1.E0,0.E0));
#14498=DIRECTION('',(1.E0,0.E0,0.E0));
#14499=AXIS2_PLACEMENT_3D('',#14496,#14497,#14498);
#14500=PLANE('',#14499);
#14501=ORIENTED_EDGE('',*,*,#14474,.F.);
#14502=ORIENTED_EDGE('',*,*,#14490,.F.);
#14503=ORIENTED_EDGE('',*,*,#14445,.F.);
#14505=ORIENTED_EDGE('',*,*,#14504,.F.);
#14506=EDGE_LOOP('',(#14501,#14502,#14503,#14505));
#14507=FACE_OUTER_BOUND('',#14506,.F.);
#14509=CARTESIAN_POINT('',(2.225E0,0.E0,-1.25E0));
#14510=DIRECTION('',(0.E0,1.E0,0.E0));
#14511=DIRECTION('',(1.E0,0.E0,0.E0));
#14512=AXIS2_PLACEMENT_3D('',#14509,#14510,#14511);
#14513=CYLINDRICAL_SURFACE('',#14512,1.25E-1);
#14514=ORIENTED_EDGE('',*,*,#14405,.F.);
#14515=ORIENTED_EDGE('',*,*,#14476,.T.);
#14516=ORIENTED_EDGE('',*,*,#14504,.T.);
#14517=ORIENTED_EDGE('',*,*,#14443,.F.);
#14518=EDGE_LOOP('',(#14514,#14515,#14516,#14517));
#14519=FACE_OUTER_BOUND('',#14518,.F.);
#14521=CLOSED_SHELL('',(#14411,#14433,#14451,#14465,#14482,#14495,#14508,
#14520));
#14522=MANIFOLD_SOLID_BREP('',#14521);
#14523=FILL_AREA_STYLE_COLOUR('',#18);
#14524=FILL_AREA_STYLE('',(#14523));
#14525=SURFACE_STYLE_FILL_AREA(#14524);
#14526=SURFACE_SIDE_STYLE('',(#14525));
#14527=SURFACE_STYLE_USAGE(.POSITIVE.,#14526);
#14528=PRESENTATION_STYLE_ASSIGNMENT((#14527));
#14243=STYLED_ITEM('',(#14528),#14522);
#14530=DIRECTION('',(0.E0,0.E0,-1.E0));
#14531=VECTOR('',#14530,2.5E-1);
#14532=CARTESIAN_POINT('',(2.45E0,0.E0,-1.625E0));
#14533=LINE('',#14532,#14531);
#14534=CURVE_STYLE('',#32,POSITIVE_LENGTH_MEASURE(2.E-2),#18);
#14535=PRESENTATION_STYLE_ASSIGNMENT((#14534));
#14536=STYLED_ITEM('',(#14535),#14533);
#14537=DIRECTION('',(-1.E0,0.E0,0.E0));
#14538=VECTOR('',#14537,2.25E-1);
#14539=CARTESIAN_POINT('',(2.45E0,0.E0,-1.875E0));
#14540=LINE('',#14539,#14538);
#14541=CURVE_STYLE('',#32,POSITIVE_LENGTH_MEASURE(2.E-2),#18);
#14542=PRESENTATION_STYLE_ASSIGNMENT((#14541));
#14543=STYLED_ITEM('',(#14542),#14540);
#14544=CARTESIAN_POINT('',(2.225E0,0.E0,-1.75E0));
#14545=DIRECTION('',(0.E0,1.E0,0.E0));
#14546=DIRECTION('',(0.E0,0.E0,-1.E0));
#14547=AXIS2_PLACEMENT_3D('',#14544,#14545,#14546);
#14549=CURVE_STYLE('',#32,POSITIVE_LENGTH_MEASURE(2.E-2),#18);
#14550=PRESENTATION_STYLE_ASSIGNMENT((#14549));
#14551=STYLED_ITEM('',(#14550),#14548);
#14552=DIRECTION('',(1.E0,0.E0,0.E0));
#14553=VECTOR('',#14552,2.25E-1);
#14554=CARTESIAN_POINT('',(2.225E0,0.E0,-1.625E0));
#14555=LINE('',#14554,#14553);
#14556=CURVE_STYLE('',#32,POSITIVE_LENGTH_MEASURE(2.E-2),#18);
#14557=PRESENTATION_STYLE_ASSIGNMENT((#14556));
#14558=STYLED_ITEM('',(#14557),#14555);
#14559=DIRECTION('',(1.E0,0.E0,0.E0));
#14560=VECTOR('',#14559,5.E-2);
#14561=CARTESIAN_POINT('',(2.45E0,1.E-1,-1.625E0));
#14562=LINE('',#14561,#14560);
#14563=CURVE_STYLE('',#32,POSITIVE_LENGTH_MEASURE(2.E-2),#18);
#14564=PRESENTATION_STYLE_ASSIGNMENT((#14563));
#14565=STYLED_ITEM('',(#14564),#14562);
#14566=DIRECTION('',(0.E0,1.E0,0.E0));
#14567=VECTOR('',#14566,1.E-1);
#14568=CARTESIAN_POINT('',(2.45E0,0.E0,-1.625E0));
#14569=LINE('',#14568,#14567);
#14570=CURVE_STYLE('',#32,POSITIVE_LENGTH_MEASURE(2.E-2),#18);
#14571=PRESENTATION_STYLE_ASSIGNMENT((#14570));
#14572=STYLED_ITEM('',(#14571),#14569);
#14573=DIRECTION('',(0.E0,1.E0,0.E0));
#14574=VECTOR('',#14573,2.E-1);
#14575=CARTESIAN_POINT('',(2.225E0,0.E0,-1.625E0));
#14576=LINE('',#14575,#14574);
#14577=CURVE_STYLE('',#32,POSITIVE_LENGTH_MEASURE(2.E-2),#18);
#14578=PRESENTATION_STYLE_ASSIGNMENT((#14577));
#14579=STYLED_ITEM('',(#14578),#14576);
#14580=DIRECTION('',(0.E0,0.E0,1.E0));
#14581=VECTOR('',#14580,2.5E-1);
#14582=CARTESIAN_POINT('',(2.45E0,1.E-1,-1.875E0));
#14583=LINE('',#14582,#14581);
#14584=CURVE_STYLE('',#32,POSITIVE_LENGTH_MEASURE(2.E-2),#18);
#14585=PRESENTATION_STYLE_ASSIGNMENT((#14584));
#14586=STYLED_ITEM('',(#14585),#14583);
#14587=DIRECTION('',(-1.E0,0.E0,0.E0));
#14588=VECTOR('',#14587,5.E-2);
#14589=CARTESIAN_POINT('',(2.5E0,1.E-1,-1.875E0));
#14590=LINE('',#14589,#14588);
#14591=CURVE_STYLE('',#32,POSITIVE_LENGTH_MEASURE(2.E-2),#18);
#14592=PRESENTATION_STYLE_ASSIGNMENT((#14591));
#14593=STYLED_ITEM('',(#14592),#14590);
#14594=DIRECTION('',(0.E0,1.E0,0.E0));
#14595=VECTOR('',#14594,1.E-1);
#14596=CARTESIAN_POINT('',(2.5E0,1.E-1,-1.875E0));
#14597=LINE('',#14596,#14595);
#14598=CURVE_STYLE('',#32,POSITIVE_LENGTH_MEASURE(2.E-2),#18);
#14599=PRESENTATION_STYLE_ASSIGNMENT((#14598));
#14600=STYLED_ITEM('',(#14599),#14597);
#14601=DIRECTION('',(0.E0,1.E0,0.E0));
#14602=VECTOR('',#14601,1.E-1);
#14603=CARTESIAN_POINT('',(2.45E0,0.E0,-1.875E0));
#14604=LINE('',#14603,#14602);
#14605=CURVE_STYLE('',#32,POSITIVE_LENGTH_MEASURE(2.E-2),#18);
#14606=PRESENTATION_STYLE_ASSIGNMENT((#14605));
#14607=STYLED_ITEM('',(#14606),#14604);
#14608=DIRECTION('',(0.E0,0.E0,-1.E0));
#14609=VECTOR('',#14608,2.5E-1);
#14610=CARTESIAN_POINT('',(2.5E0,1.E-1,-1.625E0));
#14611=LINE('',#14610,#14609);
#14612=CURVE_STYLE('',#32,POSITIVE_LENGTH_MEASURE(2.E-2),#18);
#14613=PRESENTATION_STYLE_ASSIGNMENT((#14612));
#14614=STYLED_ITEM('',(#14613),#14611);
#14615=DIRECTION('',(0.E0,1.E0,0.E0));
#14616=VECTOR('',#14615,1.E-1);
#14617=CARTESIAN_POINT('',(2.5E0,1.E-1,-1.625E0));
#14618=LINE('',#14617,#14616);
#14619=CURVE_STYLE('',#32,POSITIVE_LENGTH_MEASURE(2.E-2),#18);
#14620=PRESENTATION_STYLE_ASSIGNMENT((#14619));
#14621=STYLED_ITEM('',(#14620),#14618);
#14622=DIRECTION('',(-1.E0,0.E0,0.E0));
#14623=VECTOR('',#14622,2.75E-1);
#14624=CARTESIAN_POINT('',(2.5E0,2.E-1,-1.875E0));
#14625=LINE('',#14624,#14623);
#14626=CURVE_STYLE('',#32,POSITIVE_LENGTH_MEASURE(2.E-2),#18);
#14627=PRESENTATION_STYLE_ASSIGNMENT((#14626));
#14628=STYLED_ITEM('',(#14627),#14625);
#14629=DIRECTION('',(0.E0,0.E0,-1.E0));
#14630=VECTOR('',#14629,2.5E-1);
#14631=CARTESIAN_POINT('',(2.5E0,2.E-1,-1.625E0));
#14632=LINE('',#14631,#14630);
#14633=CURVE_STYLE('',#32,POSITIVE_LENGTH_MEASURE(2.E-2),#18);
#14634=PRESENTATION_STYLE_ASSIGNMENT((#14633));
#14635=STYLED_ITEM('',(#14634),#14632);
#14636=DIRECTION('',(1.E0,0.E0,0.E0));
#14637=VECTOR('',#14636,2.75E-1);
#14638=CARTESIAN_POINT('',(2.225E0,2.E-1,-1.625E0));
#14639=LINE('',#14638,#14637);
#14640=CURVE_STYLE('',#32,POSITIVE_LENGTH_MEASURE(2.E-2),#18);
#14641=PRESENTATION_STYLE_ASSIGNMENT((#14640));
#14642=STYLED_ITEM('',(#14641),#14639);
#14643=CARTESIAN_POINT('',(2.225E0,2.E-1,-1.75E0));
#14644=DIRECTION('',(0.E0,1.E0,0.E0));
#14645=DIRECTION('',(0.E0,0.E0,-1.E0));
#14646=AXIS2_PLACEMENT_3D('',#14643,#14644,#14645);
#14648=CURVE_STYLE('',#32,POSITIVE_LENGTH_MEASURE(2.E-2),#18);
#14649=PRESENTATION_STYLE_ASSIGNMENT((#14648));
#14650=STYLED_ITEM('',(#14649),#14647);
#14651=DIRECTION('',(0.E0,1.E0,0.E0));
#14652=VECTOR('',#14651,2.E-1);
#14653=CARTESIAN_POINT('',(2.225E0,0.E0,-1.875E0));
#14654=LINE('',#14653,#14652);
#14655=CURVE_STYLE('',#32,POSITIVE_LENGTH_MEASURE(2.E-2),#18);
#14656=PRESENTATION_STYLE_ASSIGNMENT((#14655));
#14657=STYLED_ITEM('',(#14656),#14654);
#14658=CARTESIAN_POINT('',(2.225E0,0.E0,-1.875E0));
#14659=CARTESIAN_POINT('',(2.225E0,0.E0,-1.625E0));
#14660=VERTEX_POINT('',#14658);
#14661=VERTEX_POINT('',#14659);
#14662=CARTESIAN_POINT('',(2.5E0,2.E-1,-1.875E0));
#14663=CARTESIAN_POINT('',(2.225E0,2.E-1,-1.875E0));
#14664=VERTEX_POINT('',#14662);
#14665=VERTEX_POINT('',#14663);
#14666=CARTESIAN_POINT('',(2.225E0,2.E-1,-1.625E0));
#14667=VERTEX_POINT('',#14666);
#14668=CARTESIAN_POINT('',(2.5E0,2.E-1,-1.625E0));
#14669=VERTEX_POINT('',#14668);
#14670=CARTESIAN_POINT('',(2.45E0,0.E0,-1.625E0));
#14671=CARTESIAN_POINT('',(2.45E0,0.E0,-1.875E0));
#14672=VERTEX_POINT('',#14670);
#14673=VERTEX_POINT('',#14671);
#14674=CARTESIAN_POINT('',(2.5E0,1.E-1,-1.875E0));
#14675=CARTESIAN_POINT('',(2.45E0,1.E-1,-1.875E0));
#14676=VERTEX_POINT('',#14674);
#14677=VERTEX_POINT('',#14675);
#14678=CARTESIAN_POINT('',(2.45E0,1.E-1,-1.625E0));
#14679=CARTESIAN_POINT('',(2.5E0,1.E-1,-1.625E0));
#14680=VERTEX_POINT('',#14678);
#14681=VERTEX_POINT('',#14679);
#14682=CARTESIAN_POINT('',(0.E0,0.E0,0.E0));
#14683=DIRECTION('',(0.E0,1.E0,0.E0));
#14684=DIRECTION('',(1.E0,0.E0,0.E0));
#14685=AXIS2_PLACEMENT_3D('',#14682,#14683,#14684);
#14686=PLANE('',#14685);
#14688=ORIENTED_EDGE('',*,*,#14687,.T.);
#14690=ORIENTED_EDGE('',*,*,#14689,.T.);
#14692=ORIENTED_EDGE('',*,*,#14691,.T.);
#14694=ORIENTED_EDGE('',*,*,#14693,.T.);
#14695=EDGE_LOOP('',(#14688,#14690,#14692,#14694));
#14696=FACE_OUTER_BOUND('',#14695,.F.);
#14698=FILL_AREA_STYLE_COLOUR('',#26);
#14699=FILL_AREA_STYLE('',(#14698));
#14700=SURFACE_STYLE_FILL_AREA(#14699);
#14701=SURFACE_SIDE_STYLE('',(#14700));
#14702=SURFACE_STYLE_USAGE(.POSITIVE.,#14701);
#14703=PRESENTATION_STYLE_ASSIGNMENT((#14702));
#14704=OVER_RIDING_STYLED_ITEM('',(#14703),#14697,#14529);
#14705=CARTESIAN_POINT('',(2.45E0,0.E0,-2.45E0));
#14706=DIRECTION('',(-1.E0,0.E0,0.E0));
#14707=DIRECTION('',(0.E0,0.E0,1.E0));
#14708=AXIS2_PLACEMENT_3D('',#14705,#14706,#14707);
#14709=PLANE('',#14708);
#14710=ORIENTED_EDGE('',*,*,#14687,.F.);
#14712=ORIENTED_EDGE('',*,*,#14711,.T.);
#14714=ORIENTED_EDGE('',*,*,#14713,.F.);
#14716=ORIENTED_EDGE('',*,*,#14715,.F.);
#14717=EDGE_LOOP('',(#14710,#14712,#14714,#14716));
#14718=FACE_OUTER_BOUND('',#14717,.F.);
#14720=CARTESIAN_POINT('',(2.225E0,0.E0,-1.625E0));
#14721=DIRECTION('',(0.E0,0.E0,1.E0));
#14722=DIRECTION('',(1.E0,0.E0,0.E0));
#14723=AXIS2_PLACEMENT_3D('',#14720,#14721,#14722);
#14724=PLANE('',#14723);
#14726=ORIENTED_EDGE('',*,*,#14725,.F.);
#14727=ORIENTED_EDGE('',*,*,#14711,.F.);
#14728=ORIENTED_EDGE('',*,*,#14693,.F.);
#14730=ORIENTED_EDGE('',*,*,#14729,.T.);
#14732=ORIENTED_EDGE('',*,*,#14731,.T.);
#14734=ORIENTED_EDGE('',*,*,#14733,.F.);
#14735=EDGE_LOOP('',(#14726,#14727,#14728,#14730,#14732,#14734));
#14736=FACE_OUTER_BOUND('',#14735,.F.);
#14738=CARTESIAN_POINT('',(0.E0,1.E-1,0.E0));
#14739=DIRECTION('',(0.E0,1.E0,0.E0));
#14740=DIRECTION('',(1.E0,0.E0,0.E0));
#14741=AXIS2_PLACEMENT_3D('',#14738,#14739,#14740);
#14742=PLANE('',#14741);
#14744=ORIENTED_EDGE('',*,*,#14743,.T.);
#14745=ORIENTED_EDGE('',*,*,#14713,.T.);
#14746=ORIENTED_EDGE('',*,*,#14725,.T.);
#14748=ORIENTED_EDGE('',*,*,#14747,.T.);
#14749=EDGE_LOOP('',(#14744,#14745,#14746,#14748));
#14750=FACE_OUTER_BOUND('',#14749,.F.);
#14752=CARTESIAN_POINT('',(2.5E0,0.E0,-1.875E0));
#14753=DIRECTION('',(0.E0,0.E0,-1.E0));
#14754=DIRECTION('',(-1.E0,0.E0,0.E0));
#14755=AXIS2_PLACEMENT_3D('',#14752,#14753,#14754);
#14756=PLANE('',#14755);
#14757=ORIENTED_EDGE('',*,*,#14743,.F.);
#14759=ORIENTED_EDGE('',*,*,#14758,.T.);
#14761=ORIENTED_EDGE('',*,*,#14760,.T.);
#14763=ORIENTED_EDGE('',*,*,#14762,.F.);
#14764=ORIENTED_EDGE('',*,*,#14689,.F.);
#14765=ORIENTED_EDGE('',*,*,#14715,.T.);
#14766=EDGE_LOOP('',(#14757,#14759,#14761,#14763,#14764,#14765));
#14767=FACE_OUTER_BOUND('',#14766,.F.);
#14769=CARTESIAN_POINT('',(2.5E0,0.E0,-1.625E0));
#14770=DIRECTION('',(1.E0,0.E0,0.E0));
#14771=DIRECTION('',(0.E0,0.E0,-1.E0));
#14772=AXIS2_PLACEMENT_3D('',#14769,#14770,#14771);
#14773=PLANE('',#14772);
#14774=ORIENTED_EDGE('',*,*,#14747,.F.);
#14775=ORIENTED_EDGE('',*,*,#14733,.T.);
#14777=ORIENTED_EDGE('',*,*,#14776,.T.);
#14778=ORIENTED_EDGE('',*,*,#14758,.F.);
#14779=EDGE_LOOP('',(#14774,#14775,#14777,#14778));
#14780=FACE_OUTER_BOUND('',#14779,.F.);
#14782=CARTESIAN_POINT('',(0.E0,2.E-1,0.E0));
#14783=DIRECTION('',(0.E0,1.E0,0.E0));
#14784=DIRECTION('',(1.E0,0.E0,0.E0));
#14785=AXIS2_PLACEMENT_3D('',#14782,#14783,#14784);
#14786=PLANE('',#14785);
#14787=ORIENTED_EDGE('',*,*,#14760,.F.);
#14788=ORIENTED_EDGE('',*,*,#14776,.F.);
#14789=ORIENTED_EDGE('',*,*,#14731,.F.);
#14791=ORIENTED_EDGE('',*,*,#14790,.F.);
#14792=EDGE_LOOP('',(#14787,#14788,#14789,#14791));
#14793=FACE_OUTER_BOUND('',#14792,.F.);
#14795=CARTESIAN_POINT('',(2.225E0,0.E0,-1.75E0));
#14796=DIRECTION('',(0.E0,1.E0,0.E0));
#14797=DIRECTION('',(1.E0,0.E0,0.E0));
#14798=AXIS2_PLACEMENT_3D('',#14795,#14796,#14797);
#14799=CYLINDRICAL_SURFACE('',#14798,1.25E-1);
#14800=ORIENTED_EDGE('',*,*,#14691,.F.);
#14801=ORIENTED_EDGE('',*,*,#14762,.T.);
#14802=ORIENTED_EDGE('',*,*,#14790,.T.);
#14803=ORIENTED_EDGE('',*,*,#14729,.F.);
#14804=EDGE_LOOP('',(#14800,#14801,#14802,#14803));
#14805=FACE_OUTER_BOUND('',#14804,.F.);
#14807=CLOSED_SHELL('',(#14697,#14719,#14737,#14751,#14768,#14781,#14794,
#14806));
#14808=MANIFOLD_SOLID_BREP('',#14807);
#14809=FILL_AREA_STYLE_COLOUR('',#18);
#14810=FILL_AREA_STYLE('',(#14809));
#14811=SURFACE_STYLE_FILL_AREA(#14810);
#14812=SURFACE_SIDE_STYLE('',(#14811));
#14813=SURFACE_STYLE_USAGE(.POSITIVE.,#14812);
#14814=PRESENTATION_STYLE_ASSIGNMENT((#14813));
#14529=STYLED_ITEM('',(#14814),#14808);
#14816=DIRECTION('',(0.E0,0.E0,-1.E0));
#14817=VECTOR('',#14816,2.5E-1);
#14818=CARTESIAN_POINT('',(-2.45E0,0.E0,-6.25E-1));
#14819=LINE('',#14818,#14817);
#14820=CURVE_STYLE('',#32,POSITIVE_LENGTH_MEASURE(2.E-2),#18);
#14821=PRESENTATION_STYLE_ASSIGNMENT((#14820));
#14822=STYLED_ITEM('',(#14821),#14819);
#14823=DIRECTION('',(-1.E0,0.E0,0.E0));
#14824=VECTOR('',#14823,2.25E-1);
#14825=CARTESIAN_POINT('',(-2.225E0,0.E0,-6.25E-1));
#14826=LINE('',#14825,#14824);
#14827=CURVE_STYLE('',#32,POSITIVE_LENGTH_MEASURE(2.E-2),#18);
#14828=PRESENTATION_STYLE_ASSIGNMENT((#14827));
#14829=STYLED_ITEM('',(#14828),#14826);
#14830=CARTESIAN_POINT('',(-2.225E0,0.E0,-7.5E-1));
#14831=DIRECTION('',(0.E0,-1.E0,0.E0));
#14832=DIRECTION('',(0.E0,0.E0,-1.E0));
#14833=AXIS2_PLACEMENT_3D('',#14830,#14831,#14832);
#14835=CURVE_STYLE('',#32,POSITIVE_LENGTH_MEASURE(2.E-2),#18);
#14836=PRESENTATION_STYLE_ASSIGNMENT((#14835));
#14837=STYLED_ITEM('',(#14836),#14834);
#14838=DIRECTION('',(1.E0,0.E0,0.E0));
#14839=VECTOR('',#14838,2.25E-1);
#14840=CARTESIAN_POINT('',(-2.45E0,0.E0,-8.75E-1));
#14841=LINE('',#14840,#14839);
#14842=CURVE_STYLE('',#32,POSITIVE_LENGTH_MEASURE(2.E-2),#18);
#14843=PRESENTATION_STYLE_ASSIGNMENT((#14842));
#14844=STYLED_ITEM('',(#14843),#14841);
#14845=DIRECTION('',(1.E0,0.E0,0.E0));
#14846=VECTOR('',#14845,5.E-2);
#14847=CARTESIAN_POINT('',(-2.5E0,1.E-1,-8.75E-1));
#14848=LINE('',#14847,#14846);
#14849=CURVE_STYLE('',#32,POSITIVE_LENGTH_MEASURE(2.E-2),#18);
#14850=PRESENTATION_STYLE_ASSIGNMENT((#14849));
#14851=STYLED_ITEM('',(#14850),#14848);
#14852=DIRECTION('',(0.E0,1.E0,0.E0));
#14853=VECTOR('',#14852,1.E-1);
#14854=CARTESIAN_POINT('',(-2.45E0,0.E0,-8.75E-1));
#14855=LINE('',#14854,#14853);
#14856=CURVE_STYLE('',#32,POSITIVE_LENGTH_MEASURE(2.E-2),#18);
#14857=PRESENTATION_STYLE_ASSIGNMENT((#14856));
#14858=STYLED_ITEM('',(#14857),#14855);
#14859=DIRECTION('',(0.E0,1.E0,0.E0));
#14860=VECTOR('',#14859,1.E-1);
#14861=CARTESIAN_POINT('',(-2.5E0,1.E-1,-8.75E-1));
#14862=LINE('',#14861,#14860);
#14863=CURVE_STYLE('',#32,POSITIVE_LENGTH_MEASURE(2.E-2),#18);
#14864=PRESENTATION_STYLE_ASSIGNMENT((#14863));
#14865=STYLED_ITEM('',(#14864),#14862);
#14866=DIRECTION('',(0.E0,0.E0,-1.E0));
#14867=VECTOR('',#14866,2.5E-1);
#14868=CARTESIAN_POINT('',(-2.45E0,1.E-1,-6.25E-1));
#14869=LINE('',#14868,#14867);
#14870=CURVE_STYLE('',#32,POSITIVE_LENGTH_MEASURE(2.E-2),#18);
#14871=PRESENTATION_STYLE_ASSIGNMENT((#14870));
#14872=STYLED_ITEM('',(#14871),#14869);
#14873=DIRECTION('',(0.E0,0.E0,-1.E0));
#14874=VECTOR('',#14873,2.5E-1);
#14875=CARTESIAN_POINT('',(-2.5E0,1.E-1,-6.25E-1));
#14876=LINE('',#14875,#14874);
#14877=CURVE_STYLE('',#32,POSITIVE_LENGTH_MEASURE(2.E-2),#18);
#14878=PRESENTATION_STYLE_ASSIGNMENT((#14877));
#14879=STYLED_ITEM('',(#14878),#14876);
#14880=DIRECTION('',(0.E0,1.E0,0.E0));
#14881=VECTOR('',#14880,1.E-1);
#14882=CARTESIAN_POINT('',(-2.5E0,1.E-1,-6.25E-1));
#14883=LINE('',#14882,#14881);
#14884=CURVE_STYLE('',#32,POSITIVE_LENGTH_MEASURE(2.E-2),#18);
#14885=PRESENTATION_STYLE_ASSIGNMENT((#14884));
#14886=STYLED_ITEM('',(#14885),#14883);
#14887=DIRECTION('',(1.E0,0.E0,0.E0));
#14888=VECTOR('',#14887,2.75E-1);
#14889=CARTESIAN_POINT('',(-2.5E0,2.E-1,-8.75E-1));
#14890=LINE('',#14889,#14888);
#14891=CURVE_STYLE('',#32,POSITIVE_LENGTH_MEASURE(2.E-2),#18);
#14892=PRESENTATION_STYLE_ASSIGNMENT((#14891));
#14893=STYLED_ITEM('',(#14892),#14890);
#14894=CARTESIAN_POINT('',(-2.225E0,2.E-1,-7.5E-1));
#14895=DIRECTION('',(0.E0,-1.E0,0.E0));
#14896=DIRECTION('',(0.E0,0.E0,-1.E0));
#14897=AXIS2_PLACEMENT_3D('',#14894,#14895,#14896);
#14899=CURVE_STYLE('',#32,POSITIVE_LENGTH_MEASURE(2.E-2),#18);
#14900=PRESENTATION_STYLE_ASSIGNMENT((#14899));
#14901=STYLED_ITEM('',(#14900),#14898);
#14902=DIRECTION('',(-1.E0,0.E0,0.E0));
#14903=VECTOR('',#14902,2.75E-1);
#14904=CARTESIAN_POINT('',(-2.225E0,2.E-1,-6.25E-1));
#14905=LINE('',#14904,#14903);
#14906=CURVE_STYLE('',#32,POSITIVE_LENGTH_MEASURE(2.E-2),#18);
#14907=PRESENTATION_STYLE_ASSIGNMENT((#14906));
#14908=STYLED_ITEM('',(#14907),#14905);
#14909=DIRECTION('',(0.E0,0.E0,-1.E0));
#14910=VECTOR('',#14909,2.5E-1);
#14911=CARTESIAN_POINT('',(-2.5E0,2.E-1,-6.25E-1));
#14912=LINE('',#14911,#14910);
#14913=CURVE_STYLE('',#32,POSITIVE_LENGTH_MEASURE(2.E-2),#18);
#14914=PRESENTATION_STYLE_ASSIGNMENT((#14913));
#14915=STYLED_ITEM('',(#14914),#14912);
#14916=DIRECTION('',(0.E0,1.E0,0.E0));
#14917=VECTOR('',#14916,2.E-1);
#14918=CARTESIAN_POINT('',(-2.225E0,0.E0,-8.75E-1));
#14919=LINE('',#14918,#14917);
#14920=CURVE_STYLE('',#32,POSITIVE_LENGTH_MEASURE(2.E-2),#18);
#14921=PRESENTATION_STYLE_ASSIGNMENT((#14920));
#14922=STYLED_ITEM('',(#14921),#14919);
#14923=DIRECTION('',(-1.E0,0.E0,0.E0));
#14924=VECTOR('',#14923,5.E-2);
#14925=CARTESIAN_POINT('',(-2.45E0,1.E-1,-6.25E-1));
#14926=LINE('',#14925,#14924);
#14927=CURVE_STYLE('',#32,POSITIVE_LENGTH_MEASURE(2.E-2),#18);
#14928=PRESENTATION_STYLE_ASSIGNMENT((#14927));
#14929=STYLED_ITEM('',(#14928),#14926);
#14930=DIRECTION('',(0.E0,1.E0,0.E0));
#14931=VECTOR('',#14930,2.E-1);
#14932=CARTESIAN_POINT('',(-2.225E0,0.E0,-6.25E-1));
#14933=LINE('',#14932,#14931);
#14934=CURVE_STYLE('',#32,POSITIVE_LENGTH_MEASURE(2.E-2),#18);
#14935=PRESENTATION_STYLE_ASSIGNMENT((#14934));
#14936=STYLED_ITEM('',(#14935),#14933);
#14937=DIRECTION('',(0.E0,1.E0,0.E0));
#14938=VECTOR('',#14937,1.E-1);
#14939=CARTESIAN_POINT('',(-2.45E0,0.E0,-6.25E-1));
#14940=LINE('',#14939,#14938);
#14941=CURVE_STYLE('',#32,POSITIVE_LENGTH_MEASURE(2.E-2),#18);
#14942=PRESENTATION_STYLE_ASSIGNMENT((#14941));
#14943=STYLED_ITEM('',(#14942),#14940);
#14944=CARTESIAN_POINT('',(-2.225E0,0.E0,-8.75E-1));
#14945=CARTESIAN_POINT('',(-2.225E0,0.E0,-6.25E-1));
#14946=VERTEX_POINT('',#14944);
#14947=VERTEX_POINT('',#14945);
#14948=CARTESIAN_POINT('',(-2.5E0,2.E-1,-8.75E-1));
#14949=CARTESIAN_POINT('',(-2.225E0,2.E-1,-8.75E-1));
#14950=VERTEX_POINT('',#14948);
#14951=VERTEX_POINT('',#14949);
#14952=CARTESIAN_POINT('',(-2.225E0,2.E-1,-6.25E-1));
#14953=VERTEX_POINT('',#14952);
#14954=CARTESIAN_POINT('',(-2.5E0,2.E-1,-6.25E-1));
#14955=VERTEX_POINT('',#14954);
#14956=CARTESIAN_POINT('',(-2.45E0,0.E0,-6.25E-1));
#14957=CARTESIAN_POINT('',(-2.45E0,0.E0,-8.75E-1));
#14958=VERTEX_POINT('',#14956);
#14959=VERTEX_POINT('',#14957);
#14960=CARTESIAN_POINT('',(-2.5E0,1.E-1,-8.75E-1));
#14961=CARTESIAN_POINT('',(-2.45E0,1.E-1,-8.75E-1));
#14962=VERTEX_POINT('',#14960);
#14963=VERTEX_POINT('',#14961);
#14964=CARTESIAN_POINT('',(-2.45E0,1.E-1,-6.25E-1));
#14965=CARTESIAN_POINT('',(-2.5E0,1.E-1,-6.25E-1));
#14966=VERTEX_POINT('',#14964);
#14967=VERTEX_POINT('',#14965);
#14968=CARTESIAN_POINT('',(0.E0,0.E0,0.E0));
#14969=DIRECTION('',(0.E0,-1.E0,0.E0));
#14970=DIRECTION('',(-1.E0,0.E0,0.E0));
#14971=AXIS2_PLACEMENT_3D('',#14968,#14969,#14970);
#14972=PLANE('',#14971);
#14974=ORIENTED_EDGE('',*,*,#14973,.F.);
#14976=ORIENTED_EDGE('',*,*,#14975,.F.);
#14978=ORIENTED_EDGE('',*,*,#14977,.F.);
#14980=ORIENTED_EDGE('',*,*,#14979,.F.);
#14981=EDGE_LOOP('',(#14974,#14976,#14978,#14980));
#14982=FACE_OUTER_BOUND('',#14981,.F.);
#14984=FILL_AREA_STYLE_COLOUR('',#22);
#14985=FILL_AREA_STYLE('',(#14984));
#14986=SURFACE_STYLE_FILL_AREA(#14985);
#14987=SURFACE_SIDE_STYLE('',(#14986));
#14988=SURFACE_STYLE_USAGE(.POSITIVE.,#14987);
#14989=PRESENTATION_STYLE_ASSIGNMENT((#14988));
#14990=OVER_RIDING_STYLED_ITEM('',(#14989),#14983,#14815);
#14991=CARTESIAN_POINT('',(-2.45E0,0.E0,2.45E0));
#14992=DIRECTION('',(1.E0,0.E0,0.E0));
#14993=DIRECTION('',(0.E0,0.E0,-1.E0));
#14994=AXIS2_PLACEMENT_3D('',#14991,#14992,#14993);
#14995=PLANE('',#14994);
#14996=ORIENTED_EDGE('',*,*,#14973,.T.);
#14998=ORIENTED_EDGE('',*,*,#14997,.T.);
#15000=ORIENTED_EDGE('',*,*,#14999,.F.);
#15002=ORIENTED_EDGE('',*,*,#15001,.F.);
#15003=EDGE_LOOP('',(#14996,#14998,#15000,#15002));
#15004=FACE_OUTER_BOUND('',#15003,.F.);
#15006=CARTESIAN_POINT('',(-2.5E0,0.E0,-8.75E-1));
#15007=DIRECTION('',(0.E0,0.E0,1.E0));
#15008=DIRECTION('',(1.E0,0.E0,0.E0));
#15009=AXIS2_PLACEMENT_3D('',#15006,#15007,#15008);
#15010=PLANE('',#15009);
#15012=ORIENTED_EDGE('',*,*,#15011,.T.);
#15013=ORIENTED_EDGE('',*,*,#14997,.F.);
#15014=ORIENTED_EDGE('',*,*,#14979,.T.);
#15016=ORIENTED_EDGE('',*,*,#15015,.T.);
#15018=ORIENTED_EDGE('',*,*,#15017,.F.);
#15020=ORIENTED_EDGE('',*,*,#15019,.F.);
#15021=EDGE_LOOP('',(#15012,#15013,#15014,#15016,#15018,#15020));
#15022=FACE_OUTER_BOUND('',#15021,.F.);
#15024=CARTESIAN_POINT('',(0.E0,1.E-1,0.E0));
#15025=DIRECTION('',(0.E0,1.E0,0.E0));
#15026=DIRECTION('',(1.E0,0.E0,0.E0));
#15027=AXIS2_PLACEMENT_3D('',#15024,#15025,#15026);
#15028=PLANE('',#15027);
#15029=ORIENTED_EDGE('',*,*,#15011,.F.);
#15031=ORIENTED_EDGE('',*,*,#15030,.F.);
#15033=ORIENTED_EDGE('',*,*,#15032,.F.);
#15034=ORIENTED_EDGE('',*,*,#14999,.T.);
#15035=EDGE_LOOP('',(#15029,#15031,#15033,#15034));
#15036=FACE_OUTER_BOUND('',#15035,.F.);
#15038=CARTESIAN_POINT('',(-2.5E0,0.E0,-6.25E-1));
#15039=DIRECTION('',(1.E0,0.E0,0.E0));
#15040=DIRECTION('',(0.E0,0.E0,-1.E0));
#15041=AXIS2_PLACEMENT_3D('',#15038,#15039,#15040);
#15042=PLANE('',#15041);
#15043=ORIENTED_EDGE('',*,*,#15030,.T.);
#15044=ORIENTED_EDGE('',*,*,#15019,.T.);
#15046=ORIENTED_EDGE('',*,*,#15045,.F.);
#15048=ORIENTED_EDGE('',*,*,#15047,.F.);
#15049=EDGE_LOOP('',(#15043,#15044,#15046,#15048));
#15050=FACE_OUTER_BOUND('',#15049,.F.);
#15052=CARTESIAN_POINT('',(0.E0,2.E-1,0.E0));
#15053=DIRECTION('',(0.E0,-1.E0,0.E0));
#15054=DIRECTION('',(-1.E0,0.E0,0.E0));
#15055=AXIS2_PLACEMENT_3D('',#15052,#15053,#15054);
#15056=PLANE('',#15055);
#15057=ORIENTED_EDGE('',*,*,#15017,.T.);
#15059=ORIENTED_EDGE('',*,*,#15058,.T.);
#15061=ORIENTED_EDGE('',*,*,#15060,.T.);
#15062=ORIENTED_EDGE('',*,*,#15045,.T.);
#15063=EDGE_LOOP('',(#15057,#15059,#15061,#15062));
#15064=FACE_OUTER_BOUND('',#15063,.F.);
#15066=CARTESIAN_POINT('',(-2.225E0,0.E0,-7.5E-1));
#15067=DIRECTION('',(0.E0,-1.E0,0.E0));
#15068=DIRECTION('',(-1.E0,0.E0,0.E0));
#15069=AXIS2_PLACEMENT_3D('',#15066,#15067,#15068);
#15070=CYLINDRICAL_SURFACE('',#15069,1.25E-1);
#15071=ORIENTED_EDGE('',*,*,#14977,.T.);
#15073=ORIENTED_EDGE('',*,*,#15072,.T.);
#15074=ORIENTED_EDGE('',*,*,#15058,.F.);
#15075=ORIENTED_EDGE('',*,*,#15015,.F.);
#15076=EDGE_LOOP('',(#15071,#15073,#15074,#15075));
#15077=FACE_OUTER_BOUND('',#15076,.F.);
#15079=CARTESIAN_POINT('',(-2.225E0,0.E0,-6.25E-1));
#15080=DIRECTION('',(0.E0,0.E0,-1.E0));
#15081=DIRECTION('',(-1.E0,0.E0,0.E0));
#15082=AXIS2_PLACEMENT_3D('',#15079,#15080,#15081);
#15083=PLANE('',#15082);
#15084=ORIENTED_EDGE('',*,*,#15032,.T.);
#15085=ORIENTED_EDGE('',*,*,#15047,.T.);
#15086=ORIENTED_EDGE('',*,*,#15060,.F.);
#15087=ORIENTED_EDGE('',*,*,#15072,.F.);
#15088=ORIENTED_EDGE('',*,*,#14975,.T.);
#15089=ORIENTED_EDGE('',*,*,#15001,.T.);
#15090=EDGE_LOOP('',(#15084,#15085,#15086,#15087,#15088,#15089));
#15091=FACE_OUTER_BOUND('',#15090,.F.);
#15093=CLOSED_SHELL('',(#14983,#15005,#15023,#15037,#15051,#15065,#15078,
#15092));
#15094=MANIFOLD_SOLID_BREP('',#15093);
#15095=FILL_AREA_STYLE_COLOUR('',#18);
#15096=FILL_AREA_STYLE('',(#15095));
#15097=SURFACE_STYLE_FILL_AREA(#15096);
#15098=SURFACE_SIDE_STYLE('',(#15097));
#15099=SURFACE_STYLE_USAGE(.POSITIVE.,#15098);
#15100=PRESENTATION_STYLE_ASSIGNMENT((#15099));
#14815=STYLED_ITEM('',(#15100),#15094);
#15102=DIRECTION('',(0.E0,0.E0,-1.E0));
#15103=VECTOR('',#15102,2.5E-1);
#15104=CARTESIAN_POINT('',(-2.45E0,0.E0,-1.125E0));
#15105=LINE('',#15104,#15103);
#15106=CURVE_STYLE('',#32,POSITIVE_LENGTH_MEASURE(2.E-2),#18);
#15107=PRESENTATION_STYLE_ASSIGNMENT((#15106));
#15108=STYLED_ITEM('',(#15107),#15105);
#15109=DIRECTION('',(-1.E0,0.E0,0.E0));
#15110=VECTOR('',#15109,2.25E-1);
#15111=CARTESIAN_POINT('',(-2.225E0,0.E0,-1.125E0));
#15112=LINE('',#15111,#15110);
#15113=CURVE_STYLE('',#32,POSITIVE_LENGTH_MEASURE(2.E-2),#18);
#15114=PRESENTATION_STYLE_ASSIGNMENT((#15113));
#15115=STYLED_ITEM('',(#15114),#15112);
#15116=CARTESIAN_POINT('',(-2.225E0,0.E0,-1.25E0));
#15117=DIRECTION('',(0.E0,-1.E0,0.E0));
#15118=DIRECTION('',(0.E0,0.E0,-1.E0));
#15119=AXIS2_PLACEMENT_3D('',#15116,#15117,#15118);
#15121=CURVE_STYLE('',#32,POSITIVE_LENGTH_MEASURE(2.E-2),#18);
#15122=PRESENTATION_STYLE_ASSIGNMENT((#15121));
#15123=STYLED_ITEM('',(#15122),#15120);
#15124=DIRECTION('',(1.E0,0.E0,0.E0));
#15125=VECTOR('',#15124,2.25E-1);
#15126=CARTESIAN_POINT('',(-2.45E0,0.E0,-1.375E0));
#15127=LINE('',#15126,#15125);
#15128=CURVE_STYLE('',#32,POSITIVE_LENGTH_MEASURE(2.E-2),#18);
#15129=PRESENTATION_STYLE_ASSIGNMENT((#15128));
#15130=STYLED_ITEM('',(#15129),#15127);
#15131=DIRECTION('',(1.E0,0.E0,0.E0));
#15132=VECTOR('',#15131,5.E-2);
#15133=CARTESIAN_POINT('',(-2.5E0,1.E-1,-1.375E0));
#15134=LINE('',#15133,#15132);
#15135=CURVE_STYLE('',#32,POSITIVE_LENGTH_MEASURE(2.E-2),#18);
#15136=PRESENTATION_STYLE_ASSIGNMENT((#15135));
#15137=STYLED_ITEM('',(#15136),#15134);
#15138=DIRECTION('',(0.E0,1.E0,0.E0));
#15139=VECTOR('',#15138,1.E-1);
#15140=CARTESIAN_POINT('',(-2.45E0,0.E0,-1.375E0));
#15141=LINE('',#15140,#15139);
#15142=CURVE_STYLE('',#32,POSITIVE_LENGTH_MEASURE(2.E-2),#18);
#15143=PRESENTATION_STYLE_ASSIGNMENT((#15142));
#15144=STYLED_ITEM('',(#15143),#15141);
#15145=DIRECTION('',(0.E0,1.E0,0.E0));
#15146=VECTOR('',#15145,1.E-1);
#15147=CARTESIAN_POINT('',(-2.5E0,1.E-1,-1.375E0));
#15148=LINE('',#15147,#15146);
#15149=CURVE_STYLE('',#32,POSITIVE_LENGTH_MEASURE(2.E-2),#18);
#15150=PRESENTATION_STYLE_ASSIGNMENT((#15149));
#15151=STYLED_ITEM('',(#15150),#15148);
#15152=DIRECTION('',(0.E0,0.E0,-1.E0));
#15153=VECTOR('',#15152,2.5E-1);
#15154=CARTESIAN_POINT('',(-2.45E0,1.E-1,-1.125E0));
#15155=LINE('',#15154,#15153);
#15156=CURVE_STYLE('',#32,POSITIVE_LENGTH_MEASURE(2.E-2),#18);
#15157=PRESENTATION_STYLE_ASSIGNMENT((#15156));
#15158=STYLED_ITEM('',(#15157),#15155);
#15159=DIRECTION('',(0.E0,0.E0,-1.E0));
#15160=VECTOR('',#15159,2.5E-1);
#15161=CARTESIAN_POINT('',(-2.5E0,1.E-1,-1.125E0));
#15162=LINE('',#15161,#15160);
#15163=CURVE_STYLE('',#32,POSITIVE_LENGTH_MEASURE(2.E-2),#18);
#15164=PRESENTATION_STYLE_ASSIGNMENT((#15163));
#15165=STYLED_ITEM('',(#15164),#15162);
#15166=DIRECTION('',(0.E0,1.E0,0.E0));
#15167=VECTOR('',#15166,1.E-1);
#15168=CARTESIAN_POINT('',(-2.5E0,1.E-1,-1.125E0));
#15169=LINE('',#15168,#15167);
#15170=CURVE_STYLE('',#32,POSITIVE_LENGTH_MEASURE(2.E-2),#18);
#15171=PRESENTATION_STYLE_ASSIGNMENT((#15170));
#15172=STYLED_ITEM('',(#15171),#15169);
#15173=DIRECTION('',(1.E0,0.E0,0.E0));
#15174=VECTOR('',#15173,2.75E-1);
#15175=CARTESIAN_POINT('',(-2.5E0,2.E-1,-1.375E0));
#15176=LINE('',#15175,#15174);
#15177=CURVE_STYLE('',#32,POSITIVE_LENGTH_MEASURE(2.E-2),#18);
#15178=PRESENTATION_STYLE_ASSIGNMENT((#15177));
#15179=STYLED_ITEM('',(#15178),#15176);
#15180=CARTESIAN_POINT('',(-2.225E0,2.E-1,-1.25E0));
#15181=DIRECTION('',(0.E0,-1.E0,0.E0));
#15182=DIRECTION('',(0.E0,0.E0,-1.E0));
#15183=AXIS2_PLACEMENT_3D('',#15180,#15181,#15182);
#15185=CURVE_STYLE('',#32,POSITIVE_LENGTH_MEASURE(2.E-2),#18);
#15186=PRESENTATION_STYLE_ASSIGNMENT((#15185));
#15187=STYLED_ITEM('',(#15186),#15184);
#15188=DIRECTION('',(-1.E0,0.E0,0.E0));
#15189=VECTOR('',#15188,2.75E-1);
#15190=CARTESIAN_POINT('',(-2.225E0,2.E-1,-1.125E0));
#15191=LINE('',#15190,#15189);
#15192=CURVE_STYLE('',#32,POSITIVE_LENGTH_MEASURE(2.E-2),#18);
#15193=PRESENTATION_STYLE_ASSIGNMENT((#15192));
#15194=STYLED_ITEM('',(#15193),#15191);
#15195=DIRECTION('',(0.E0,0.E0,-1.E0));
#15196=VECTOR('',#15195,2.5E-1);
#15197=CARTESIAN_POINT('',(-2.5E0,2.E-1,-1.125E0));
#15198=LINE('',#15197,#15196);
#15199=CURVE_STYLE('',#32,POSITIVE_LENGTH_MEASURE(2.E-2),#18);
#15200=PRESENTATION_STYLE_ASSIGNMENT((#15199));
#15201=STYLED_ITEM('',(#15200),#15198);
#15202=DIRECTION('',(0.E0,1.E0,0.E0));
#15203=VECTOR('',#15202,2.E-1);
#15204=CARTESIAN_POINT('',(-2.225E0,0.E0,-1.375E0));
#15205=LINE('',#15204,#15203);
#15206=CURVE_STYLE('',#32,POSITIVE_LENGTH_MEASURE(2.E-2),#18);
#15207=PRESENTATION_STYLE_ASSIGNMENT((#15206));
#15208=STYLED_ITEM('',(#15207),#15205);
#15209=DIRECTION('',(-1.E0,0.E0,0.E0));
#15210=VECTOR('',#15209,5.E-2);
#15211=CARTESIAN_POINT('',(-2.45E0,1.E-1,-1.125E0));
#15212=LINE('',#15211,#15210);
#15213=CURVE_STYLE('',#32,POSITIVE_LENGTH_MEASURE(2.E-2),#18);
#15214=PRESENTATION_STYLE_ASSIGNMENT((#15213));
#15215=STYLED_ITEM('',(#15214),#15212);
#15216=DIRECTION('',(0.E0,1.E0,0.E0));
#15217=VECTOR('',#15216,2.E-1);
#15218=CARTESIAN_POINT('',(-2.225E0,0.E0,-1.125E0));
#15219=LINE('',#15218,#15217);
#15220=CURVE_STYLE('',#32,POSITIVE_LENGTH_MEASURE(2.E-2),#18);
#15221=PRESENTATION_STYLE_ASSIGNMENT((#15220));
#15222=STYLED_ITEM('',(#15221),#15219);
#15223=DIRECTION('',(0.E0,1.E0,0.E0));
#15224=VECTOR('',#15223,1.E-1);
#15225=CARTESIAN_POINT('',(-2.45E0,0.E0,-1.125E0));
#15226=LINE('',#15225,#15224);
#15227=CURVE_STYLE('',#32,POSITIVE_LENGTH_MEASURE(2.E-2),#18);
#15228=PRESENTATION_STYLE_ASSIGNMENT((#15227));
#15229=STYLED_ITEM('',(#15228),#15226);
#15230=CARTESIAN_POINT('',(-2.225E0,0.E0,-1.375E0));
#15231=CARTESIAN_POINT('',(-2.225E0,0.E0,-1.125E0));
#15232=VERTEX_POINT('',#15230);
#15233=VERTEX_POINT('',#15231);
#15234=CARTESIAN_POINT('',(-2.5E0,2.E-1,-1.375E0));
#15235=CARTESIAN_POINT('',(-2.225E0,2.E-1,-1.375E0));
#15236=VERTEX_POINT('',#15234);
#15237=VERTEX_POINT('',#15235);
#15238=CARTESIAN_POINT('',(-2.225E0,2.E-1,-1.125E0));
#15239=VERTEX_POINT('',#15238);
#15240=CARTESIAN_POINT('',(-2.5E0,2.E-1,-1.125E0));
#15241=VERTEX_POINT('',#15240);
#15242=CARTESIAN_POINT('',(-2.45E0,0.E0,-1.125E0));
#15243=CARTESIAN_POINT('',(-2.45E0,0.E0,-1.375E0));
#15244=VERTEX_POINT('',#15242);
#15245=VERTEX_POINT('',#15243);
#15246=CARTESIAN_POINT('',(-2.5E0,1.E-1,-1.375E0));
#15247=CARTESIAN_POINT('',(-2.45E0,1.E-1,-1.375E0));
#15248=VERTEX_POINT('',#15246);
#15249=VERTEX_POINT('',#15247);
#15250=CARTESIAN_POINT('',(-2.45E0,1.E-1,-1.125E0));
#15251=CARTESIAN_POINT('',(-2.5E0,1.E-1,-1.125E0));
#15252=VERTEX_POINT('',#15250);
#15253=VERTEX_POINT('',#15251);
#15254=CARTESIAN_POINT('',(0.E0,0.E0,0.E0));
#15255=DIRECTION('',(0.E0,-1.E0,0.E0));
#15256=DIRECTION('',(-1.E0,0.E0,0.E0));
#15257=AXIS2_PLACEMENT_3D('',#15254,#15255,#15256);
#15258=PLANE('',#15257);
#15260=ORIENTED_EDGE('',*,*,#15259,.F.);
#15262=ORIENTED_EDGE('',*,*,#15261,.F.);
#15264=ORIENTED_EDGE('',*,*,#15263,.F.);
#15266=ORIENTED_EDGE('',*,*,#15265,.F.);
#15267=EDGE_LOOP('',(#15260,#15262,#15264,#15266));
#15268=FACE_OUTER_BOUND('',#15267,.F.);
#15270=FILL_AREA_STYLE_COLOUR('',#26);
#15271=FILL_AREA_STYLE('',(#15270));
#15272=SURFACE_STYLE_FILL_AREA(#15271);
#15273=SURFACE_SIDE_STYLE('',(#15272));
#15274=SURFACE_STYLE_USAGE(.POSITIVE.,#15273);
#15275=PRESENTATION_STYLE_ASSIGNMENT((#15274));
#15276=OVER_RIDING_STYLED_ITEM('',(#15275),#15269,#15101);
#15277=CARTESIAN_POINT('',(-2.45E0,0.E0,2.45E0));
#15278=DIRECTION('',(1.E0,0.E0,0.E0));
#15279=DIRECTION('',(0.E0,0.E0,-1.E0));
#15280=AXIS2_PLACEMENT_3D('',#15277,#15278,#15279);
#15281=PLANE('',#15280);
#15282=ORIENTED_EDGE('',*,*,#15259,.T.);
#15284=ORIENTED_EDGE('',*,*,#15283,.T.);
#15286=ORIENTED_EDGE('',*,*,#15285,.F.);
#15288=ORIENTED_EDGE('',*,*,#15287,.F.);
#15289=EDGE_LOOP('',(#15282,#15284,#15286,#15288));
#15290=FACE_OUTER_BOUND('',#15289,.F.);
#15292=CARTESIAN_POINT('',(-2.5E0,0.E0,-1.375E0));
#15293=DIRECTION('',(0.E0,0.E0,1.E0));
#15294=DIRECTION('',(1.E0,0.E0,0.E0));
#15295=AXIS2_PLACEMENT_3D('',#15292,#15293,#15294);
#15296=PLANE('',#15295);
#15298=ORIENTED_EDGE('',*,*,#15297,.T.);
#15299=ORIENTED_EDGE('',*,*,#15283,.F.);
#15300=ORIENTED_EDGE('',*,*,#15265,.T.);
#15302=ORIENTED_EDGE('',*,*,#15301,.T.);
#15304=ORIENTED_EDGE('',*,*,#15303,.F.);
#15306=ORIENTED_EDGE('',*,*,#15305,.F.);
#15307=EDGE_LOOP('',(#15298,#15299,#15300,#15302,#15304,#15306));
#15308=FACE_OUTER_BOUND('',#15307,.F.);
#15310=CARTESIAN_POINT('',(0.E0,1.E-1,0.E0));
#15311=DIRECTION('',(0.E0,1.E0,0.E0));
#15312=DIRECTION('',(1.E0,0.E0,0.E0));
#15313=AXIS2_PLACEMENT_3D('',#15310,#15311,#15312);
#15314=PLANE('',#15313);
#15315=ORIENTED_EDGE('',*,*,#15297,.F.);
#15317=ORIENTED_EDGE('',*,*,#15316,.F.);
#15319=ORIENTED_EDGE('',*,*,#15318,.F.);
#15320=ORIENTED_EDGE('',*,*,#15285,.T.);
#15321=EDGE_LOOP('',(#15315,#15317,#15319,#15320));
#15322=FACE_OUTER_BOUND('',#15321,.F.);
#15324=CARTESIAN_POINT('',(-2.5E0,0.E0,-1.125E0));
#15325=DIRECTION('',(1.E0,0.E0,0.E0));
#15326=DIRECTION('',(0.E0,0.E0,-1.E0));
#15327=AXIS2_PLACEMENT_3D('',#15324,#15325,#15326);
#15328=PLANE('',#15327);
#15329=ORIENTED_EDGE('',*,*,#15316,.T.);
#15330=ORIENTED_EDGE('',*,*,#15305,.T.);
#15332=ORIENTED_EDGE('',*,*,#15331,.F.);
#15334=ORIENTED_EDGE('',*,*,#15333,.F.);
#15335=EDGE_LOOP('',(#15329,#15330,#15332,#15334));
#15336=FACE_OUTER_BOUND('',#15335,.F.);
#15338=CARTESIAN_POINT('',(0.E0,2.E-1,0.E0));
#15339=DIRECTION('',(0.E0,-1.E0,0.E0));
#15340=DIRECTION('',(-1.E0,0.E0,0.E0));
#15341=AXIS2_PLACEMENT_3D('',#15338,#15339,#15340);
#15342=PLANE('',#15341);
#15343=ORIENTED_EDGE('',*,*,#15303,.T.);
#15345=ORIENTED_EDGE('',*,*,#15344,.T.);
#15347=ORIENTED_EDGE('',*,*,#15346,.T.);
#15348=ORIENTED_EDGE('',*,*,#15331,.T.);
#15349=EDGE_LOOP('',(#15343,#15345,#15347,#15348));
#15350=FACE_OUTER_BOUND('',#15349,.F.);
#15352=CARTESIAN_POINT('',(-2.225E0,0.E0,-1.25E0));
#15353=DIRECTION('',(0.E0,-1.E0,0.E0));
#15354=DIRECTION('',(-1.E0,0.E0,0.E0));
#15355=AXIS2_PLACEMENT_3D('',#15352,#15353,#15354);
#15356=CYLINDRICAL_SURFACE('',#15355,1.25E-1);
#15357=ORIENTED_EDGE('',*,*,#15263,.T.);
#15359=ORIENTED_EDGE('',*,*,#15358,.T.);
#15360=ORIENTED_EDGE('',*,*,#15344,.F.);
#15361=ORIENTED_EDGE('',*,*,#15301,.F.);
#15362=EDGE_LOOP('',(#15357,#15359,#15360,#15361));
#15363=FACE_OUTER_BOUND('',#15362,.F.);
#15365=CARTESIAN_POINT('',(-2.225E0,0.E0,-1.125E0));
#15366=DIRECTION('',(0.E0,0.E0,-1.E0));
#15367=DIRECTION('',(-1.E0,0.E0,0.E0));
#15368=AXIS2_PLACEMENT_3D('',#15365,#15366,#15367);
#15369=PLANE('',#15368);
#15370=ORIENTED_EDGE('',*,*,#15318,.T.);
#15371=ORIENTED_EDGE('',*,*,#15333,.T.);
#15372=ORIENTED_EDGE('',*,*,#15346,.F.);
#15373=ORIENTED_EDGE('',*,*,#15358,.F.);
#15374=ORIENTED_EDGE('',*,*,#15261,.T.);
#15375=ORIENTED_EDGE('',*,*,#15287,.T.);
#15376=EDGE_LOOP('',(#15370,#15371,#15372,#15373,#15374,#15375));
#15377=FACE_OUTER_BOUND('',#15376,.F.);
#15379=CLOSED_SHELL('',(#15269,#15291,#15309,#15323,#15337,#15351,#15364,
#15378));
#15380=MANIFOLD_SOLID_BREP('',#15379);
#15381=FILL_AREA_STYLE_COLOUR('',#18);
#15382=FILL_AREA_STYLE('',(#15381));
#15383=SURFACE_STYLE_FILL_AREA(#15382);
#15384=SURFACE_SIDE_STYLE('',(#15383));
#15385=SURFACE_STYLE_USAGE(.POSITIVE.,#15384);
#15386=PRESENTATION_STYLE_ASSIGNMENT((#15385));
#15101=STYLED_ITEM('',(#15386),#15380);
#15388=DIRECTION('',(0.E0,0.E0,-1.E0));
#15389=VECTOR('',#15388,2.5E-1);
#15390=CARTESIAN_POINT('',(-2.45E0,0.E0,-1.625E0));
#15391=LINE('',#15390,#15389);
#15392=CURVE_STYLE('',#32,POSITIVE_LENGTH_MEASURE(2.E-2),#18);
#15393=PRESENTATION_STYLE_ASSIGNMENT((#15392));
#15394=STYLED_ITEM('',(#15393),#15391);
#15395=DIRECTION('',(-1.E0,0.E0,0.E0));
#15396=VECTOR('',#15395,2.25E-1);
#15397=CARTESIAN_POINT('',(-2.225E0,0.E0,-1.625E0));
#15398=LINE('',#15397,#15396);
#15399=CURVE_STYLE('',#32,POSITIVE_LENGTH_MEASURE(2.E-2),#18);
#15400=PRESENTATION_STYLE_ASSIGNMENT((#15399));
#15401=STYLED_ITEM('',(#15400),#15398);
#15402=CARTESIAN_POINT('',(-2.225E0,0.E0,-1.75E0));
#15403=DIRECTION('',(0.E0,-1.E0,0.E0));
#15404=DIRECTION('',(0.E0,0.E0,-1.E0));
#15405=AXIS2_PLACEMENT_3D('',#15402,#15403,#15404);
#15407=CURVE_STYLE('',#32,POSITIVE_LENGTH_MEASURE(2.E-2),#18);
#15408=PRESENTATION_STYLE_ASSIGNMENT((#15407));
#15409=STYLED_ITEM('',(#15408),#15406);
#15410=DIRECTION('',(1.E0,0.E0,0.E0));
#15411=VECTOR('',#15410,2.25E-1);
#15412=CARTESIAN_POINT('',(-2.45E0,0.E0,-1.875E0));
#15413=LINE('',#15412,#15411);
#15414=CURVE_STYLE('',#32,POSITIVE_LENGTH_MEASURE(2.E-2),#18);
#15415=PRESENTATION_STYLE_ASSIGNMENT((#15414));
#15416=STYLED_ITEM('',(#15415),#15413);
#15417=DIRECTION('',(1.E0,0.E0,0.E0));
#15418=VECTOR('',#15417,5.E-2);
#15419=CARTESIAN_POINT('',(-2.5E0,1.E-1,-1.875E0));
#15420=LINE('',#15419,#15418);
#15421=CURVE_STYLE('',#32,POSITIVE_LENGTH_MEASURE(2.E-2),#18);
#15422=PRESENTATION_STYLE_ASSIGNMENT((#15421));
#15423=STYLED_ITEM('',(#15422),#15420);
#15424=DIRECTION('',(0.E0,1.E0,0.E0));
#15425=VECTOR('',#15424,1.E-1);
#15426=CARTESIAN_POINT('',(-2.45E0,0.E0,-1.875E0));
#15427=LINE('',#15426,#15425);
#15428=CURVE_STYLE('',#32,POSITIVE_LENGTH_MEASURE(2.E-2),#18);
#15429=PRESENTATION_STYLE_ASSIGNMENT((#15428));
#15430=STYLED_ITEM('',(#15429),#15427);
#15431=DIRECTION('',(0.E0,1.E0,0.E0));
#15432=VECTOR('',#15431,1.E-1);
#15433=CARTESIAN_POINT('',(-2.5E0,1.E-1,-1.875E0));
#15434=LINE('',#15433,#15432);
#15435=CURVE_STYLE('',#32,POSITIVE_LENGTH_MEASURE(2.E-2),#18);
#15436=PRESENTATION_STYLE_ASSIGNMENT((#15435));
#15437=STYLED_ITEM('',(#15436),#15434);
#15438=DIRECTION('',(0.E0,0.E0,-1.E0));
#15439=VECTOR('',#15438,2.5E-1);
#15440=CARTESIAN_POINT('',(-2.45E0,1.E-1,-1.625E0));
#15441=LINE('',#15440,#15439);
#15442=CURVE_STYLE('',#32,POSITIVE_LENGTH_MEASURE(2.E-2),#18);
#15443=PRESENTATION_STYLE_ASSIGNMENT((#15442));
#15444=STYLED_ITEM('',(#15443),#15441);
#15445=DIRECTION('',(0.E0,0.E0,-1.E0));
#15446=VECTOR('',#15445,2.5E-1);
#15447=CARTESIAN_POINT('',(-2.5E0,1.E-1,-1.625E0));
#15448=LINE('',#15447,#15446);
#15449=CURVE_STYLE('',#32,POSITIVE_LENGTH_MEASURE(2.E-2),#18);
#15450=PRESENTATION_STYLE_ASSIGNMENT((#15449));
#15451=STYLED_ITEM('',(#15450),#15448);
#15452=DIRECTION('',(0.E0,1.E0,0.E0));
#15453=VECTOR('',#15452,1.E-1);
#15454=CARTESIAN_POINT('',(-2.5E0,1.E-1,-1.625E0));
#15455=LINE('',#15454,#15453);
#15456=CURVE_STYLE('',#32,POSITIVE_LENGTH_MEASURE(2.E-2),#18);
#15457=PRESENTATION_STYLE_ASSIGNMENT((#15456));
#15458=STYLED_ITEM('',(#15457),#15455);
#15459=DIRECTION('',(1.E0,0.E0,0.E0));
#15460=VECTOR('',#15459,2.75E-1);
#15461=CARTESIAN_POINT('',(-2.5E0,2.E-1,-1.875E0));
#15462=LINE('',#15461,#15460);
#15463=CURVE_STYLE('',#32,POSITIVE_LENGTH_MEASURE(2.E-2),#18);
#15464=PRESENTATION_STYLE_ASSIGNMENT((#15463));
#15465=STYLED_ITEM('',(#15464),#15462);
#15466=CARTESIAN_POINT('',(-2.225E0,2.E-1,-1.75E0));
#15467=DIRECTION('',(0.E0,-1.E0,0.E0));
#15468=DIRECTION('',(0.E0,0.E0,-1.E0));
#15469=AXIS2_PLACEMENT_3D('',#15466,#15467,#15468);
#15471=CURVE_STYLE('',#32,POSITIVE_LENGTH_MEASURE(2.E-2),#18);
#15472=PRESENTATION_STYLE_ASSIGNMENT((#15471));
#15473=STYLED_ITEM('',(#15472),#15470);
#15474=DIRECTION('',(-1.E0,0.E0,0.E0));
#15475=VECTOR('',#15474,2.75E-1);
#15476=CARTESIAN_POINT('',(-2.225E0,2.E-1,-1.625E0));
#15477=LINE('',#15476,#15475);
#15478=CURVE_STYLE('',#32,POSITIVE_LENGTH_MEASURE(2.E-2),#18);
#15479=PRESENTATION_STYLE_ASSIGNMENT((#15478));
#15480=STYLED_ITEM('',(#15479),#15477);
#15481=DIRECTION('',(0.E0,0.E0,-1.E0));
#15482=VECTOR('',#15481,2.5E-1);
#15483=CARTESIAN_POINT('',(-2.5E0,2.E-1,-1.625E0));
#15484=LINE('',#15483,#15482);
#15485=CURVE_STYLE('',#32,POSITIVE_LENGTH_MEASURE(2.E-2),#18);
#15486=PRESENTATION_STYLE_ASSIGNMENT((#15485));
#15487=STYLED_ITEM('',(#15486),#15484);
#15488=DIRECTION('',(0.E0,1.E0,0.E0));
#15489=VECTOR('',#15488,2.E-1);
#15490=CARTESIAN_POINT('',(-2.225E0,0.E0,-1.875E0));
#15491=LINE('',#15490,#15489);
#15492=CURVE_STYLE('',#32,POSITIVE_LENGTH_MEASURE(2.E-2),#18);
#15493=PRESENTATION_STYLE_ASSIGNMENT((#15492));
#15494=STYLED_ITEM('',(#15493),#15491);
#15495=DIRECTION('',(-1.E0,0.E0,0.E0));
#15496=VECTOR('',#15495,5.E-2);
#15497=CARTESIAN_POINT('',(-2.45E0,1.E-1,-1.625E0));
#15498=LINE('',#15497,#15496);
#15499=CURVE_STYLE('',#32,POSITIVE_LENGTH_MEASURE(2.E-2),#18);
#15500=PRESENTATION_STYLE_ASSIGNMENT((#15499));
#15501=STYLED_ITEM('',(#15500),#15498);
#15502=DIRECTION('',(0.E0,1.E0,0.E0));
#15503=VECTOR('',#15502,2.E-1);
#15504=CARTESIAN_POINT('',(-2.225E0,0.E0,-1.625E0));
#15505=LINE('',#15504,#15503);
#15506=CURVE_STYLE('',#32,POSITIVE_LENGTH_MEASURE(2.E-2),#18);
#15507=PRESENTATION_STYLE_ASSIGNMENT((#15506));
#15508=STYLED_ITEM('',(#15507),#15505);
#15509=DIRECTION('',(0.E0,1.E0,0.E0));
#15510=VECTOR('',#15509,1.E-1);
#15511=CARTESIAN_POINT('',(-2.45E0,0.E0,-1.625E0));
#15512=LINE('',#15511,#15510);
#15513=CURVE_STYLE('',#32,POSITIVE_LENGTH_MEASURE(2.E-2),#18);
#15514=PRESENTATION_STYLE_ASSIGNMENT((#15513));
#15515=STYLED_ITEM('',(#15514),#15512);
#15516=CARTESIAN_POINT('',(-2.225E0,0.E0,-1.875E0));
#15517=CARTESIAN_POINT('',(-2.225E0,0.E0,-1.625E0));
#15518=VERTEX_POINT('',#15516);
#15519=VERTEX_POINT('',#15517);
#15520=CARTESIAN_POINT('',(-2.5E0,2.E-1,-1.875E0));
#15521=CARTESIAN_POINT('',(-2.225E0,2.E-1,-1.875E0));
#15522=VERTEX_POINT('',#15520);
#15523=VERTEX_POINT('',#15521);
#15524=CARTESIAN_POINT('',(-2.225E0,2.E-1,-1.625E0));
#15525=VERTEX_POINT('',#15524);
#15526=CARTESIAN_POINT('',(-2.5E0,2.E-1,-1.625E0));
#15527=VERTEX_POINT('',#15526);
#15528=CARTESIAN_POINT('',(-2.45E0,0.E0,-1.625E0));
#15529=CARTESIAN_POINT('',(-2.45E0,0.E0,-1.875E0));
#15530=VERTEX_POINT('',#15528);
#15531=VERTEX_POINT('',#15529);
#15532=CARTESIAN_POINT('',(-2.5E0,1.E-1,-1.875E0));
#15533=CARTESIAN_POINT('',(-2.45E0,1.E-1,-1.875E0));
#15534=VERTEX_POINT('',#15532);
#15535=VERTEX_POINT('',#15533);
#15536=CARTESIAN_POINT('',(-2.45E0,1.E-1,-1.625E0));
#15537=CARTESIAN_POINT('',(-2.5E0,1.E-1,-1.625E0));
#15538=VERTEX_POINT('',#15536);
#15539=VERTEX_POINT('',#15537);
#15540=CARTESIAN_POINT('',(0.E0,0.E0,0.E0));
#15541=DIRECTION('',(0.E0,-1.E0,0.E0));
#15542=DIRECTION('',(-1.E0,0.E0,0.E0));
#15543=AXIS2_PLACEMENT_3D('',#15540,#15541,#15542);
#15544=PLANE('',#15543);
#15546=ORIENTED_EDGE('',*,*,#15545,.F.);
#15548=ORIENTED_EDGE('',*,*,#15547,.F.);
#15550=ORIENTED_EDGE('',*,*,#15549,.F.);
#15552=ORIENTED_EDGE('',*,*,#15551,.F.);
#15553=EDGE_LOOP('',(#15546,#15548,#15550,#15552));
#15554=FACE_OUTER_BOUND('',#15553,.F.);
#15556=FILL_AREA_STYLE_COLOUR('',#26);
#15557=FILL_AREA_STYLE('',(#15556));
#15558=SURFACE_STYLE_FILL_AREA(#15557);
#15559=SURFACE_SIDE_STYLE('',(#15558));
#15560=SURFACE_STYLE_USAGE(.POSITIVE.,#15559);
#15561=PRESENTATION_STYLE_ASSIGNMENT((#15560));
#15562=OVER_RIDING_STYLED_ITEM('',(#15561),#15555,#15387);
#15563=CARTESIAN_POINT('',(-2.45E0,0.E0,2.45E0));
#15564=DIRECTION('',(1.E0,0.E0,0.E0));
#15565=DIRECTION('',(0.E0,0.E0,-1.E0));
#15566=AXIS2_PLACEMENT_3D('',#15563,#15564,#15565);
#15567=PLANE('',#15566);
#15568=ORIENTED_EDGE('',*,*,#15545,.T.);
#15570=ORIENTED_EDGE('',*,*,#15569,.T.);
#15572=ORIENTED_EDGE('',*,*,#15571,.F.);
#15574=ORIENTED_EDGE('',*,*,#15573,.F.);
#15575=EDGE_LOOP('',(#15568,#15570,#15572,#15574));
#15576=FACE_OUTER_BOUND('',#15575,.F.);
#15578=CARTESIAN_POINT('',(-2.5E0,0.E0,-1.875E0));
#15579=DIRECTION('',(0.E0,0.E0,1.E0));
#15580=DIRECTION('',(1.E0,0.E0,0.E0));
#15581=AXIS2_PLACEMENT_3D('',#15578,#15579,#15580);
#15582=PLANE('',#15581);
#15584=ORIENTED_EDGE('',*,*,#15583,.T.);
#15585=ORIENTED_EDGE('',*,*,#15569,.F.);
#15586=ORIENTED_EDGE('',*,*,#15551,.T.);
#15588=ORIENTED_EDGE('',*,*,#15587,.T.);
#15590=ORIENTED_EDGE('',*,*,#15589,.F.);
#15592=ORIENTED_EDGE('',*,*,#15591,.F.);
#15593=EDGE_LOOP('',(#15584,#15585,#15586,#15588,#15590,#15592));
#15594=FACE_OUTER_BOUND('',#15593,.F.);
#15596=CARTESIAN_POINT('',(0.E0,1.E-1,0.E0));
#15597=DIRECTION('',(0.E0,1.E0,0.E0));
#15598=DIRECTION('',(1.E0,0.E0,0.E0));
#15599=AXIS2_PLACEMENT_3D('',#15596,#15597,#15598);
#15600=PLANE('',#15599);
#15601=ORIENTED_EDGE('',*,*,#15583,.F.);
#15603=ORIENTED_EDGE('',*,*,#15602,.F.);
#15605=ORIENTED_EDGE('',*,*,#15604,.F.);
#15606=ORIENTED_EDGE('',*,*,#15571,.T.);
#15607=EDGE_LOOP('',(#15601,#15603,#15605,#15606));
#15608=FACE_OUTER_BOUND('',#15607,.F.);
#15610=CARTESIAN_POINT('',(-2.5E0,0.E0,-1.625E0));
#15611=DIRECTION('',(1.E0,0.E0,0.E0));
#15612=DIRECTION('',(0.E0,0.E0,-1.E0));
#15613=AXIS2_PLACEMENT_3D('',#15610,#15611,#15612);
#15614=PLANE('',#15613);
#15615=ORIENTED_EDGE('',*,*,#15602,.T.);
#15616=ORIENTED_EDGE('',*,*,#15591,.T.);
#15618=ORIENTED_EDGE('',*,*,#15617,.F.);
#15620=ORIENTED_EDGE('',*,*,#15619,.F.);
#15621=EDGE_LOOP('',(#15615,#15616,#15618,#15620));
#15622=FACE_OUTER_BOUND('',#15621,.F.);
#15624=CARTESIAN_POINT('',(0.E0,2.E-1,0.E0));
#15625=DIRECTION('',(0.E0,-1.E0,0.E0));
#15626=DIRECTION('',(-1.E0,0.E0,0.E0));
#15627=AXIS2_PLACEMENT_3D('',#15624,#15625,#15626);
#15628=PLANE('',#15627);
#15629=ORIENTED_EDGE('',*,*,#15589,.T.);
#15631=ORIENTED_EDGE('',*,*,#15630,.T.);
#15633=ORIENTED_EDGE('',*,*,#15632,.T.);
#15634=ORIENTED_EDGE('',*,*,#15617,.T.);
#15635=EDGE_LOOP('',(#15629,#15631,#15633,#15634));
#15636=FACE_OUTER_BOUND('',#15635,.F.);
#15638=CARTESIAN_POINT('',(-2.225E0,0.E0,-1.75E0));
#15639=DIRECTION('',(0.E0,-1.E0,0.E0));
#15640=DIRECTION('',(-1.E0,0.E0,0.E0));
#15641=AXIS2_PLACEMENT_3D('',#15638,#15639,#15640);
#15642=CYLINDRICAL_SURFACE('',#15641,1.25E-1);
#15643=ORIENTED_EDGE('',*,*,#15549,.T.);
#15645=ORIENTED_EDGE('',*,*,#15644,.T.);
#15646=ORIENTED_EDGE('',*,*,#15630,.F.);
#15647=ORIENTED_EDGE('',*,*,#15587,.F.);
#15648=EDGE_LOOP('',(#15643,#15645,#15646,#15647));
#15649=FACE_OUTER_BOUND('',#15648,.F.);
#15651=CARTESIAN_POINT('',(-2.225E0,0.E0,-1.625E0));
#15652=DIRECTION('',(0.E0,0.E0,-1.E0));
#15653=DIRECTION('',(-1.E0,0.E0,0.E0));
#15654=AXIS2_PLACEMENT_3D('',#15651,#15652,#15653);
#15655=PLANE('',#15654);
#15656=ORIENTED_EDGE('',*,*,#15604,.T.);
#15657=ORIENTED_EDGE('',*,*,#15619,.T.);
#15658=ORIENTED_EDGE('',*,*,#15632,.F.);
#15659=ORIENTED_EDGE('',*,*,#15644,.F.);
#15660=ORIENTED_EDGE('',*,*,#15547,.T.);
#15661=ORIENTED_EDGE('',*,*,#15573,.T.);
#15662=EDGE_LOOP('',(#15656,#15657,#15658,#15659,#15660,#15661));
#15663=FACE_OUTER_BOUND('',#15662,.F.);
#15665=CLOSED_SHELL('',(#15555,#15577,#15595,#15609,#15623,#15637,#15650,
#15664));
#15666=MANIFOLD_SOLID_BREP('',#15665);
#15667=FILL_AREA_STYLE_COLOUR('',#18);
#15668=FILL_AREA_STYLE('',(#15667));
#15669=SURFACE_STYLE_FILL_AREA(#15668);
#15670=SURFACE_SIDE_STYLE('',(#15669));
#15671=SURFACE_STYLE_USAGE(.POSITIVE.,#15670);
#15672=PRESENTATION_STYLE_ASSIGNMENT((#15671));
#15387=STYLED_ITEM('',(#15672),#15666);
#15674=DIRECTION('',(1.E0,0.E0,0.E0));
#15675=VECTOR('',#15674,2.5E-1);
#15676=CARTESIAN_POINT('',(-1.875E0,0.E0,-2.45E0));
#15677=LINE('',#15676,#15675);
#15678=CURVE_STYLE('',#32,POSITIVE_LENGTH_MEASURE(2.E-2),#18);
#15679=PRESENTATION_STYLE_ASSIGNMENT((#15678));
#15680=STYLED_ITEM('',(#15679),#15677);
#15681=DIRECTION('',(0.E0,0.E0,1.E0));
#15682=VECTOR('',#15681,2.25E-1);
#15683=CARTESIAN_POINT('',(-1.875E0,0.E0,-2.45E0));
#15684=LINE('',#15683,#15682);
#15685=CURVE_STYLE('',#32,POSITIVE_LENGTH_MEASURE(2.E-2),#18);
#15686=PRESENTATION_STYLE_ASSIGNMENT((#15685));
#15687=STYLED_ITEM('',(#15686),#15684);
#15688=CARTESIAN_POINT('',(-1.75E0,0.E0,-2.225E0));
#15689=DIRECTION('',(0.E0,1.E0,0.E0));
#15690=DIRECTION('',(-1.E0,0.E0,0.E0));
#15691=AXIS2_PLACEMENT_3D('',#15688,#15689,#15690);
#15693=CURVE_STYLE('',#32,POSITIVE_LENGTH_MEASURE(2.E-2),#18);
#15694=PRESENTATION_STYLE_ASSIGNMENT((#15693));
#15695=STYLED_ITEM('',(#15694),#15692);
#15696=DIRECTION('',(0.E0,0.E0,-1.E0));
#15697=VECTOR('',#15696,2.25E-1);
#15698=CARTESIAN_POINT('',(-1.625E0,0.E0,-2.225E0));
#15699=LINE('',#15698,#15697);
#15700=CURVE_STYLE('',#32,POSITIVE_LENGTH_MEASURE(2.E-2),#18);
#15701=PRESENTATION_STYLE_ASSIGNMENT((#15700));
#15702=STYLED_ITEM('',(#15701),#15699);
#15703=DIRECTION('',(0.E0,0.E0,-1.E0));
#15704=VECTOR('',#15703,5.E-2);
#15705=CARTESIAN_POINT('',(-1.625E0,1.E-1,-2.45E0));
#15706=LINE('',#15705,#15704);
#15707=CURVE_STYLE('',#32,POSITIVE_LENGTH_MEASURE(2.E-2),#18);
#15708=PRESENTATION_STYLE_ASSIGNMENT((#15707));
#15709=STYLED_ITEM('',(#15708),#15706);
#15710=DIRECTION('',(0.E0,1.E0,0.E0));
#15711=VECTOR('',#15710,1.E-1);
#15712=CARTESIAN_POINT('',(-1.625E0,0.E0,-2.45E0));
#15713=LINE('',#15712,#15711);
#15714=CURVE_STYLE('',#32,POSITIVE_LENGTH_MEASURE(2.E-2),#18);
#15715=PRESENTATION_STYLE_ASSIGNMENT((#15714));
#15716=STYLED_ITEM('',(#15715),#15713);
#15717=DIRECTION('',(0.E0,1.E0,0.E0));
#15718=VECTOR('',#15717,2.E-1);
#15719=CARTESIAN_POINT('',(-1.625E0,0.E0,-2.225E0));
#15720=LINE('',#15719,#15718);
#15721=CURVE_STYLE('',#32,POSITIVE_LENGTH_MEASURE(2.E-2),#18);
#15722=PRESENTATION_STYLE_ASSIGNMENT((#15721));
#15723=STYLED_ITEM('',(#15722),#15720);
#15724=DIRECTION('',(1.E0,0.E0,0.E0));
#15725=VECTOR('',#15724,2.5E-1);
#15726=CARTESIAN_POINT('',(-1.875E0,1.E-1,-2.45E0));
#15727=LINE('',#15726,#15725);
#15728=CURVE_STYLE('',#32,POSITIVE_LENGTH_MEASURE(2.E-2),#18);
#15729=PRESENTATION_STYLE_ASSIGNMENT((#15728));
#15730=STYLED_ITEM('',(#15729),#15727);
#15731=DIRECTION('',(0.E0,0.E0,1.E0));
#15732=VECTOR('',#15731,5.E-2);
#15733=CARTESIAN_POINT('',(-1.875E0,1.E-1,-2.5E0));
#15734=LINE('',#15733,#15732);
#15735=CURVE_STYLE('',#32,POSITIVE_LENGTH_MEASURE(2.E-2),#18);
#15736=PRESENTATION_STYLE_ASSIGNMENT((#15735));
#15737=STYLED_ITEM('',(#15736),#15734);
#15738=DIRECTION('',(0.E0,1.E0,0.E0));
#15739=VECTOR('',#15738,1.E-1);
#15740=CARTESIAN_POINT('',(-1.875E0,1.E-1,-2.5E0));
#15741=LINE('',#15740,#15739);
#15742=CURVE_STYLE('',#32,POSITIVE_LENGTH_MEASURE(2.E-2),#18);
#15743=PRESENTATION_STYLE_ASSIGNMENT((#15742));
#15744=STYLED_ITEM('',(#15743),#15741);
#15745=DIRECTION('',(0.E0,1.E0,0.E0));
#15746=VECTOR('',#15745,1.E-1);
#15747=CARTESIAN_POINT('',(-1.875E0,0.E0,-2.45E0));
#15748=LINE('',#15747,#15746);
#15749=CURVE_STYLE('',#32,POSITIVE_LENGTH_MEASURE(2.E-2),#18);
#15750=PRESENTATION_STYLE_ASSIGNMENT((#15749));
#15751=STYLED_ITEM('',(#15750),#15748);
#15752=DIRECTION('',(-1.E0,0.E0,0.E0));
#15753=VECTOR('',#15752,2.5E-1);
#15754=CARTESIAN_POINT('',(-1.625E0,1.E-1,-2.5E0));
#15755=LINE('',#15754,#15753);
#15756=CURVE_STYLE('',#32,POSITIVE_LENGTH_MEASURE(2.E-2),#18);
#15757=PRESENTATION_STYLE_ASSIGNMENT((#15756));
#15758=STYLED_ITEM('',(#15757),#15755);
#15759=DIRECTION('',(0.E0,1.E0,0.E0));
#15760=VECTOR('',#15759,1.E-1);
#15761=CARTESIAN_POINT('',(-1.625E0,1.E-1,-2.5E0));
#15762=LINE('',#15761,#15760);
#15763=CURVE_STYLE('',#32,POSITIVE_LENGTH_MEASURE(2.E-2),#18);
#15764=PRESENTATION_STYLE_ASSIGNMENT((#15763));
#15765=STYLED_ITEM('',(#15764),#15762);
#15766=DIRECTION('',(0.E0,0.E0,1.E0));
#15767=VECTOR('',#15766,2.75E-1);
#15768=CARTESIAN_POINT('',(-1.875E0,2.E-1,-2.5E0));
#15769=LINE('',#15768,#15767);
#15770=CURVE_STYLE('',#32,POSITIVE_LENGTH_MEASURE(2.E-2),#18);
#15771=PRESENTATION_STYLE_ASSIGNMENT((#15770));
#15772=STYLED_ITEM('',(#15771),#15769);
#15773=DIRECTION('',(-1.E0,0.E0,0.E0));
#15774=VECTOR('',#15773,2.5E-1);
#15775=CARTESIAN_POINT('',(-1.625E0,2.E-1,-2.5E0));
#15776=LINE('',#15775,#15774);
#15777=CURVE_STYLE('',#32,POSITIVE_LENGTH_MEASURE(2.E-2),#18);
#15778=PRESENTATION_STYLE_ASSIGNMENT((#15777));
#15779=STYLED_ITEM('',(#15778),#15776);
#15780=DIRECTION('',(0.E0,0.E0,-1.E0));
#15781=VECTOR('',#15780,2.75E-1);
#15782=CARTESIAN_POINT('',(-1.625E0,2.E-1,-2.225E0));
#15783=LINE('',#15782,#15781);
#15784=CURVE_STYLE('',#32,POSITIVE_LENGTH_MEASURE(2.E-2),#18);
#15785=PRESENTATION_STYLE_ASSIGNMENT((#15784));
#15786=STYLED_ITEM('',(#15785),#15783);
#15787=CARTESIAN_POINT('',(-1.75E0,2.E-1,-2.225E0));
#15788=DIRECTION('',(0.E0,1.E0,0.E0));
#15789=DIRECTION('',(-1.E0,0.E0,0.E0));
#15790=AXIS2_PLACEMENT_3D('',#15787,#15788,#15789);
#15792=CURVE_STYLE('',#32,POSITIVE_LENGTH_MEASURE(2.E-2),#18);
#15793=PRESENTATION_STYLE_ASSIGNMENT((#15792));
#15794=STYLED_ITEM('',(#15793),#15791);
#15795=DIRECTION('',(0.E0,1.E0,0.E0));
#15796=VECTOR('',#15795,2.E-1);
#15797=CARTESIAN_POINT('',(-1.875E0,0.E0,-2.225E0));
#15798=LINE('',#15797,#15796);
#15799=CURVE_STYLE('',#32,POSITIVE_LENGTH_MEASURE(2.E-2),#18);
#15800=PRESENTATION_STYLE_ASSIGNMENT((#15799));
#15801=STYLED_ITEM('',(#15800),#15798);
#15802=CARTESIAN_POINT('',(-1.875E0,0.E0,-2.225E0));
#15803=CARTESIAN_POINT('',(-1.625E0,0.E0,-2.225E0));
#15804=VERTEX_POINT('',#15802);
#15805=VERTEX_POINT('',#15803);
#15806=CARTESIAN_POINT('',(-1.875E0,2.E-1,-2.5E0));
#15807=CARTESIAN_POINT('',(-1.875E0,2.E-1,-2.225E0));
#15808=VERTEX_POINT('',#15806);
#15809=VERTEX_POINT('',#15807);
#15810=CARTESIAN_POINT('',(-1.625E0,2.E-1,-2.225E0));
#15811=VERTEX_POINT('',#15810);
#15812=CARTESIAN_POINT('',(-1.625E0,2.E-1,-2.5E0));
#15813=VERTEX_POINT('',#15812);
#15814=CARTESIAN_POINT('',(-1.875E0,0.E0,-2.45E0));
#15815=CARTESIAN_POINT('',(-1.625E0,0.E0,-2.45E0));
#15816=VERTEX_POINT('',#15814);
#15817=VERTEX_POINT('',#15815);
#15818=CARTESIAN_POINT('',(-1.875E0,1.E-1,-2.5E0));
#15819=CARTESIAN_POINT('',(-1.875E0,1.E-1,-2.45E0));
#15820=VERTEX_POINT('',#15818);
#15821=VERTEX_POINT('',#15819);
#15822=CARTESIAN_POINT('',(-1.625E0,1.E-1,-2.45E0));
#15823=CARTESIAN_POINT('',(-1.625E0,1.E-1,-2.5E0));
#15824=VERTEX_POINT('',#15822);
#15825=VERTEX_POINT('',#15823);
#15826=CARTESIAN_POINT('',(0.E0,0.E0,0.E0));
#15827=DIRECTION('',(0.E0,1.E0,0.E0));
#15828=DIRECTION('',(1.E0,0.E0,0.E0));
#15829=AXIS2_PLACEMENT_3D('',#15826,#15827,#15828);
#15830=PLANE('',#15829);
#15832=ORIENTED_EDGE('',*,*,#15831,.F.);
#15834=ORIENTED_EDGE('',*,*,#15833,.T.);
#15836=ORIENTED_EDGE('',*,*,#15835,.T.);
#15838=ORIENTED_EDGE('',*,*,#15837,.T.);
#15839=EDGE_LOOP('',(#15832,#15834,#15836,#15838));
#15840=FACE_OUTER_BOUND('',#15839,.F.);
#15842=FILL_AREA_STYLE_COLOUR('',#22);
#15843=FILL_AREA_STYLE('',(#15842));
#15844=SURFACE_STYLE_FILL_AREA(#15843);
#15845=SURFACE_SIDE_STYLE('',(#15844));
#15846=SURFACE_STYLE_USAGE(.POSITIVE.,#15845);
#15847=PRESENTATION_STYLE_ASSIGNMENT((#15846));
#15848=OVER_RIDING_STYLED_ITEM('',(#15847),#15841,#15673);
#15849=CARTESIAN_POINT('',(-2.45E0,0.E0,-2.45E0));
#15850=DIRECTION('',(0.E0,0.E0,1.E0));
#15851=DIRECTION('',(1.E0,0.E0,0.E0));
#15852=AXIS2_PLACEMENT_3D('',#15849,#15850,#15851);
#15853=PLANE('',#15852);
#15854=ORIENTED_EDGE('',*,*,#15831,.T.);
#15856=ORIENTED_EDGE('',*,*,#15855,.T.);
#15858=ORIENTED_EDGE('',*,*,#15857,.F.);
#15860=ORIENTED_EDGE('',*,*,#15859,.F.);
#15861=EDGE_LOOP('',(#15854,#15856,#15858,#15860));
#15862=FACE_OUTER_BOUND('',#15861,.F.);
#15864=CARTESIAN_POINT('',(-1.625E0,0.E0,-2.225E0));
#15865=DIRECTION('',(1.E0,0.E0,0.E0));
#15866=DIRECTION('',(0.E0,0.E0,-1.E0));
#15867=AXIS2_PLACEMENT_3D('',#15864,#15865,#15866);
#15868=PLANE('',#15867);
#15870=ORIENTED_EDGE('',*,*,#15869,.F.);
#15871=ORIENTED_EDGE('',*,*,#15855,.F.);
#15872=ORIENTED_EDGE('',*,*,#15837,.F.);
#15874=ORIENTED_EDGE('',*,*,#15873,.T.);
#15876=ORIENTED_EDGE('',*,*,#15875,.T.);
#15878=ORIENTED_EDGE('',*,*,#15877,.F.);
#15879=EDGE_LOOP('',(#15870,#15871,#15872,#15874,#15876,#15878));
#15880=FACE_OUTER_BOUND('',#15879,.F.);
#15882=CARTESIAN_POINT('',(0.E0,1.E-1,0.E0));
#15883=DIRECTION('',(0.E0,1.E0,0.E0));
#15884=DIRECTION('',(1.E0,0.E0,0.E0));
#15885=AXIS2_PLACEMENT_3D('',#15882,#15883,#15884);
#15886=PLANE('',#15885);
#15888=ORIENTED_EDGE('',*,*,#15887,.T.);
#15889=ORIENTED_EDGE('',*,*,#15857,.T.);
#15890=ORIENTED_EDGE('',*,*,#15869,.T.);
#15892=ORIENTED_EDGE('',*,*,#15891,.T.);
#15893=EDGE_LOOP('',(#15888,#15889,#15890,#15892));
#15894=FACE_OUTER_BOUND('',#15893,.F.);
#15896=CARTESIAN_POINT('',(-1.875E0,0.E0,-2.5E0));
#15897=DIRECTION('',(-1.E0,0.E0,0.E0));
#15898=DIRECTION('',(0.E0,0.E0,1.E0));
#15899=AXIS2_PLACEMENT_3D('',#15896,#15897,#15898);
#15900=PLANE('',#15899);
#15901=ORIENTED_EDGE('',*,*,#15887,.F.);
#15903=ORIENTED_EDGE('',*,*,#15902,.T.);
#15905=ORIENTED_EDGE('',*,*,#15904,.T.);
#15907=ORIENTED_EDGE('',*,*,#15906,.F.);
#15908=ORIENTED_EDGE('',*,*,#15833,.F.);
#15909=ORIENTED_EDGE('',*,*,#15859,.T.);
#15910=EDGE_LOOP('',(#15901,#15903,#15905,#15907,#15908,#15909));
#15911=FACE_OUTER_BOUND('',#15910,.F.);
#15913=CARTESIAN_POINT('',(-1.625E0,0.E0,-2.5E0));
#15914=DIRECTION('',(0.E0,0.E0,-1.E0));
#15915=DIRECTION('',(-1.E0,0.E0,0.E0));
#15916=AXIS2_PLACEMENT_3D('',#15913,#15914,#15915);
#15917=PLANE('',#15916);
#15918=ORIENTED_EDGE('',*,*,#15891,.F.);
#15919=ORIENTED_EDGE('',*,*,#15877,.T.);
#15921=ORIENTED_EDGE('',*,*,#15920,.T.);
#15922=ORIENTED_EDGE('',*,*,#15902,.F.);
#15923=EDGE_LOOP('',(#15918,#15919,#15921,#15922));
#15924=FACE_OUTER_BOUND('',#15923,.F.);
#15926=CARTESIAN_POINT('',(0.E0,2.E-1,0.E0));
#15927=DIRECTION('',(0.E0,1.E0,0.E0));
#15928=DIRECTION('',(1.E0,0.E0,0.E0));
#15929=AXIS2_PLACEMENT_3D('',#15926,#15927,#15928);
#15930=PLANE('',#15929);
#15931=ORIENTED_EDGE('',*,*,#15904,.F.);
#15932=ORIENTED_EDGE('',*,*,#15920,.F.);
#15933=ORIENTED_EDGE('',*,*,#15875,.F.);
#15935=ORIENTED_EDGE('',*,*,#15934,.F.);
#15936=EDGE_LOOP('',(#15931,#15932,#15933,#15935));
#15937=FACE_OUTER_BOUND('',#15936,.F.);
#15939=CARTESIAN_POINT('',(-1.75E0,0.E0,-2.225E0));
#15940=DIRECTION('',(0.E0,1.E0,0.E0));
#15941=DIRECTION('',(1.E0,0.E0,0.E0));
#15942=AXIS2_PLACEMENT_3D('',#15939,#15940,#15941);
#15943=CYLINDRICAL_SURFACE('',#15942,1.25E-1);
#15944=ORIENTED_EDGE('',*,*,#15835,.F.);
#15945=ORIENTED_EDGE('',*,*,#15906,.T.);
#15946=ORIENTED_EDGE('',*,*,#15934,.T.);
#15947=ORIENTED_EDGE('',*,*,#15873,.F.);
#15948=EDGE_LOOP('',(#15944,#15945,#15946,#15947));
#15949=FACE_OUTER_BOUND('',#15948,.F.);
#15951=CLOSED_SHELL('',(#15841,#15863,#15881,#15895,#15912,#15925,#15938,
#15950));
#15952=MANIFOLD_SOLID_BREP('',#15951);
#15953=FILL_AREA_STYLE_COLOUR('',#18);
#15954=FILL_AREA_STYLE('',(#15953));
#15955=SURFACE_STYLE_FILL_AREA(#15954);
#15956=SURFACE_SIDE_STYLE('',(#15955));
#15957=SURFACE_STYLE_USAGE(.POSITIVE.,#15956);
#15958=PRESENTATION_STYLE_ASSIGNMENT((#15957));
#15673=STYLED_ITEM('',(#15958),#15952);
#15960=DIRECTION('',(1.E0,0.E0,0.E0));
#15961=VECTOR('',#15960,2.5E-1);
#15962=CARTESIAN_POINT('',(-1.375E0,0.E0,-2.45E0));
#15963=LINE('',#15962,#15961);
#15964=CURVE_STYLE('',#32,POSITIVE_LENGTH_MEASURE(2.E-2),#18);
#15965=PRESENTATION_STYLE_ASSIGNMENT((#15964));
#15966=STYLED_ITEM('',(#15965),#15963);
#15967=DIRECTION('',(0.E0,0.E0,1.E0));
#15968=VECTOR('',#15967,2.25E-1);
#15969=CARTESIAN_POINT('',(-1.375E0,0.E0,-2.45E0));
#15970=LINE('',#15969,#15968);
#15971=CURVE_STYLE('',#32,POSITIVE_LENGTH_MEASURE(2.E-2),#18);
#15972=PRESENTATION_STYLE_ASSIGNMENT((#15971));
#15973=STYLED_ITEM('',(#15972),#15970);
#15974=CARTESIAN_POINT('',(-1.25E0,0.E0,-2.225E0));
#15975=DIRECTION('',(0.E0,1.E0,0.E0));
#15976=DIRECTION('',(-1.E0,0.E0,0.E0));
#15977=AXIS2_PLACEMENT_3D('',#15974,#15975,#15976);
#15979=CURVE_STYLE('',#32,POSITIVE_LENGTH_MEASURE(2.E-2),#18);
#15980=PRESENTATION_STYLE_ASSIGNMENT((#15979));
#15981=STYLED_ITEM('',(#15980),#15978);
#15982=DIRECTION('',(0.E0,0.E0,-1.E0));
#15983=VECTOR('',#15982,2.25E-1);
#15984=CARTESIAN_POINT('',(-1.125E0,0.E0,-2.225E0));
#15985=LINE('',#15984,#15983);
#15986=CURVE_STYLE('',#32,POSITIVE_LENGTH_MEASURE(2.E-2),#18);
#15987=PRESENTATION_STYLE_ASSIGNMENT((#15986));
#15988=STYLED_ITEM('',(#15987),#15985);
#15989=DIRECTION('',(0.E0,0.E0,-1.E0));
#15990=VECTOR('',#15989,5.E-2);
#15991=CARTESIAN_POINT('',(-1.125E0,1.E-1,-2.45E0));
#15992=LINE('',#15991,#15990);
#15993=CURVE_STYLE('',#32,POSITIVE_LENGTH_MEASURE(2.E-2),#18);
#15994=PRESENTATION_STYLE_ASSIGNMENT((#15993));
#15995=STYLED_ITEM('',(#15994),#15992);
#15996=DIRECTION('',(0.E0,1.E0,0.E0));
#15997=VECTOR('',#15996,1.E-1);
#15998=CARTESIAN_POINT('',(-1.125E0,0.E0,-2.45E0));
#15999=LINE('',#15998,#15997);
#16000=CURVE_STYLE('',#32,POSITIVE_LENGTH_MEASURE(2.E-2),#18);
#16001=PRESENTATION_STYLE_ASSIGNMENT((#16000));
#16002=STYLED_ITEM('',(#16001),#15999);
#16003=DIRECTION('',(0.E0,1.E0,0.E0));
#16004=VECTOR('',#16003,2.E-1);
#16005=CARTESIAN_POINT('',(-1.125E0,0.E0,-2.225E0));
#16006=LINE('',#16005,#16004);
#16007=CURVE_STYLE('',#32,POSITIVE_LENGTH_MEASURE(2.E-2),#18);
#16008=PRESENTATION_STYLE_ASSIGNMENT((#16007));
#16009=STYLED_ITEM('',(#16008),#16006);
#16010=DIRECTION('',(1.E0,0.E0,0.E0));
#16011=VECTOR('',#16010,2.5E-1);
#16012=CARTESIAN_POINT('',(-1.375E0,1.E-1,-2.45E0));
#16013=LINE('',#16012,#16011);
#16014=CURVE_STYLE('',#32,POSITIVE_LENGTH_MEASURE(2.E-2),#18);
#16015=PRESENTATION_STYLE_ASSIGNMENT((#16014));
#16016=STYLED_ITEM('',(#16015),#16013);
#16017=DIRECTION('',(0.E0,0.E0,1.E0));
#16018=VECTOR('',#16017,5.E-2);
#16019=CARTESIAN_POINT('',(-1.375E0,1.E-1,-2.5E0));
#16020=LINE('',#16019,#16018);
#16021=CURVE_STYLE('',#32,POSITIVE_LENGTH_MEASURE(2.E-2),#18);
#16022=PRESENTATION_STYLE_ASSIGNMENT((#16021));
#16023=STYLED_ITEM('',(#16022),#16020);
#16024=DIRECTION('',(0.E0,1.E0,0.E0));
#16025=VECTOR('',#16024,1.E-1);
#16026=CARTESIAN_POINT('',(-1.375E0,1.E-1,-2.5E0));
#16027=LINE('',#16026,#16025);
#16028=CURVE_STYLE('',#32,POSITIVE_LENGTH_MEASURE(2.E-2),#18);
#16029=PRESENTATION_STYLE_ASSIGNMENT((#16028));
#16030=STYLED_ITEM('',(#16029),#16027);
#16031=DIRECTION('',(0.E0,1.E0,0.E0));
#16032=VECTOR('',#16031,1.E-1);
#16033=CARTESIAN_POINT('',(-1.375E0,0.E0,-2.45E0));
#16034=LINE('',#16033,#16032);
#16035=CURVE_STYLE('',#32,POSITIVE_LENGTH_MEASURE(2.E-2),#18);
#16036=PRESENTATION_STYLE_ASSIGNMENT((#16035));
#16037=STYLED_ITEM('',(#16036),#16034);
#16038=DIRECTION('',(-1.E0,0.E0,0.E0));
#16039=VECTOR('',#16038,2.5E-1);
#16040=CARTESIAN_POINT('',(-1.125E0,1.E-1,-2.5E0));
#16041=LINE('',#16040,#16039);
#16042=CURVE_STYLE('',#32,POSITIVE_LENGTH_MEASURE(2.E-2),#18);
#16043=PRESENTATION_STYLE_ASSIGNMENT((#16042));
#16044=STYLED_ITEM('',(#16043),#16041);
#16045=DIRECTION('',(0.E0,1.E0,0.E0));
#16046=VECTOR('',#16045,1.E-1);
#16047=CARTESIAN_POINT('',(-1.125E0,1.E-1,-2.5E0));
#16048=LINE('',#16047,#16046);
#16049=CURVE_STYLE('',#32,POSITIVE_LENGTH_MEASURE(2.E-2),#18);
#16050=PRESENTATION_STYLE_ASSIGNMENT((#16049));
#16051=STYLED_ITEM('',(#16050),#16048);
#16052=DIRECTION('',(0.E0,0.E0,1.E0));
#16053=VECTOR('',#16052,2.75E-1);
#16054=CARTESIAN_POINT('',(-1.375E0,2.E-1,-2.5E0));
#16055=LINE('',#16054,#16053);
#16056=CURVE_STYLE('',#32,POSITIVE_LENGTH_MEASURE(2.E-2),#18);
#16057=PRESENTATION_STYLE_ASSIGNMENT((#16056));
#16058=STYLED_ITEM('',(#16057),#16055);
#16059=DIRECTION('',(-1.E0,0.E0,0.E0));
#16060=VECTOR('',#16059,2.5E-1);
#16061=CARTESIAN_POINT('',(-1.125E0,2.E-1,-2.5E0));
#16062=LINE('',#16061,#16060);
#16063=CURVE_STYLE('',#32,POSITIVE_LENGTH_MEASURE(2.E-2),#18);
#16064=PRESENTATION_STYLE_ASSIGNMENT((#16063));
#16065=STYLED_ITEM('',(#16064),#16062);
#16066=DIRECTION('',(0.E0,0.E0,-1.E0));
#16067=VECTOR('',#16066,2.75E-1);
#16068=CARTESIAN_POINT('',(-1.125E0,2.E-1,-2.225E0));
#16069=LINE('',#16068,#16067);
#16070=CURVE_STYLE('',#32,POSITIVE_LENGTH_MEASURE(2.E-2),#18);
#16071=PRESENTATION_STYLE_ASSIGNMENT((#16070));
#16072=STYLED_ITEM('',(#16071),#16069);
#16073=CARTESIAN_POINT('',(-1.25E0,2.E-1,-2.225E0));
#16074=DIRECTION('',(0.E0,1.E0,0.E0));
#16075=DIRECTION('',(-1.E0,0.E0,0.E0));
#16076=AXIS2_PLACEMENT_3D('',#16073,#16074,#16075);
#16078=CURVE_STYLE('',#32,POSITIVE_LENGTH_MEASURE(2.E-2),#18);
#16079=PRESENTATION_STYLE_ASSIGNMENT((#16078));
#16080=STYLED_ITEM('',(#16079),#16077);
#16081=DIRECTION('',(0.E0,1.E0,0.E0));
#16082=VECTOR('',#16081,2.E-1);
#16083=CARTESIAN_POINT('',(-1.375E0,0.E0,-2.225E0));
#16084=LINE('',#16083,#16082);
#16085=CURVE_STYLE('',#32,POSITIVE_LENGTH_MEASURE(2.E-2),#18);
#16086=PRESENTATION_STYLE_ASSIGNMENT((#16085));
#16087=STYLED_ITEM('',(#16086),#16084);
#16088=CARTESIAN_POINT('',(-1.375E0,0.E0,-2.225E0));
#16089=CARTESIAN_POINT('',(-1.125E0,0.E0,-2.225E0));
#16090=VERTEX_POINT('',#16088);
#16091=VERTEX_POINT('',#16089);
#16092=CARTESIAN_POINT('',(-1.375E0,2.E-1,-2.5E0));
#16093=CARTESIAN_POINT('',(-1.375E0,2.E-1,-2.225E0));
#16094=VERTEX_POINT('',#16092);
#16095=VERTEX_POINT('',#16093);
#16096=CARTESIAN_POINT('',(-1.125E0,2.E-1,-2.225E0));
#16097=VERTEX_POINT('',#16096);
#16098=CARTESIAN_POINT('',(-1.125E0,2.E-1,-2.5E0));
#16099=VERTEX_POINT('',#16098);
#16100=CARTESIAN_POINT('',(-1.375E0,0.E0,-2.45E0));
#16101=CARTESIAN_POINT('',(-1.125E0,0.E0,-2.45E0));
#16102=VERTEX_POINT('',#16100);
#16103=VERTEX_POINT('',#16101);
#16104=CARTESIAN_POINT('',(-1.375E0,1.E-1,-2.5E0));
#16105=CARTESIAN_POINT('',(-1.375E0,1.E-1,-2.45E0));
#16106=VERTEX_POINT('',#16104);
#16107=VERTEX_POINT('',#16105);
#16108=CARTESIAN_POINT('',(-1.125E0,1.E-1,-2.45E0));
#16109=CARTESIAN_POINT('',(-1.125E0,1.E-1,-2.5E0));
#16110=VERTEX_POINT('',#16108);
#16111=VERTEX_POINT('',#16109);
#16112=CARTESIAN_POINT('',(0.E0,0.E0,0.E0));
#16113=DIRECTION('',(0.E0,1.E0,0.E0));
#16114=DIRECTION('',(1.E0,0.E0,0.E0));
#16115=AXIS2_PLACEMENT_3D('',#16112,#16113,#16114);
#16116=PLANE('',#16115);
#16118=ORIENTED_EDGE('',*,*,#16117,.F.);
#16120=ORIENTED_EDGE('',*,*,#16119,.T.);
#16122=ORIENTED_EDGE('',*,*,#16121,.T.);
#16124=ORIENTED_EDGE('',*,*,#16123,.T.);
#16125=EDGE_LOOP('',(#16118,#16120,#16122,#16124));
#16126=FACE_OUTER_BOUND('',#16125,.F.);
#16128=FILL_AREA_STYLE_COLOUR('',#22);
#16129=FILL_AREA_STYLE('',(#16128));
#16130=SURFACE_STYLE_FILL_AREA(#16129);
#16131=SURFACE_SIDE_STYLE('',(#16130));
#16132=SURFACE_STYLE_USAGE(.POSITIVE.,#16131);
#16133=PRESENTATION_STYLE_ASSIGNMENT((#16132));
#16134=OVER_RIDING_STYLED_ITEM('',(#16133),#16127,#15959);
#16135=CARTESIAN_POINT('',(-2.45E0,0.E0,-2.45E0));
#16136=DIRECTION('',(0.E0,0.E0,1.E0));
#16137=DIRECTION('',(1.E0,0.E0,0.E0));
#16138=AXIS2_PLACEMENT_3D('',#16135,#16136,#16137);
#16139=PLANE('',#16138);
#16140=ORIENTED_EDGE('',*,*,#16117,.T.);
#16142=ORIENTED_EDGE('',*,*,#16141,.T.);
#16144=ORIENTED_EDGE('',*,*,#16143,.F.);
#16146=ORIENTED_EDGE('',*,*,#16145,.F.);
#16147=EDGE_LOOP('',(#16140,#16142,#16144,#16146));
#16148=FACE_OUTER_BOUND('',#16147,.F.);
#16150=CARTESIAN_POINT('',(-1.125E0,0.E0,-2.225E0));
#16151=DIRECTION('',(1.E0,0.E0,0.E0));
#16152=DIRECTION('',(0.E0,0.E0,-1.E0));
#16153=AXIS2_PLACEMENT_3D('',#16150,#16151,#16152);
#16154=PLANE('',#16153);
#16156=ORIENTED_EDGE('',*,*,#16155,.F.);
#16157=ORIENTED_EDGE('',*,*,#16141,.F.);
#16158=ORIENTED_EDGE('',*,*,#16123,.F.);
#16160=ORIENTED_EDGE('',*,*,#16159,.T.);
#16162=ORIENTED_EDGE('',*,*,#16161,.T.);
#16164=ORIENTED_EDGE('',*,*,#16163,.F.);
#16165=EDGE_LOOP('',(#16156,#16157,#16158,#16160,#16162,#16164));
#16166=FACE_OUTER_BOUND('',#16165,.F.);
#16168=CARTESIAN_POINT('',(0.E0,1.E-1,0.E0));
#16169=DIRECTION('',(0.E0,1.E0,0.E0));
#16170=DIRECTION('',(1.E0,0.E0,0.E0));
#16171=AXIS2_PLACEMENT_3D('',#16168,#16169,#16170);
#16172=PLANE('',#16171);
#16174=ORIENTED_EDGE('',*,*,#16173,.T.);
#16175=ORIENTED_EDGE('',*,*,#16143,.T.);
#16176=ORIENTED_EDGE('',*,*,#16155,.T.);
#16178=ORIENTED_EDGE('',*,*,#16177,.T.);
#16179=EDGE_LOOP('',(#16174,#16175,#16176,#16178));
#16180=FACE_OUTER_BOUND('',#16179,.F.);
#16182=CARTESIAN_POINT('',(-1.375E0,0.E0,-2.5E0));
#16183=DIRECTION('',(-1.E0,0.E0,0.E0));
#16184=DIRECTION('',(0.E0,0.E0,1.E0));
#16185=AXIS2_PLACEMENT_3D('',#16182,#16183,#16184);
#16186=PLANE('',#16185);
#16187=ORIENTED_EDGE('',*,*,#16173,.F.);
#16189=ORIENTED_EDGE('',*,*,#16188,.T.);
#16191=ORIENTED_EDGE('',*,*,#16190,.T.);
#16193=ORIENTED_EDGE('',*,*,#16192,.F.);
#16194=ORIENTED_EDGE('',*,*,#16119,.F.);
#16195=ORIENTED_EDGE('',*,*,#16145,.T.);
#16196=EDGE_LOOP('',(#16187,#16189,#16191,#16193,#16194,#16195));
#16197=FACE_OUTER_BOUND('',#16196,.F.);
#16199=CARTESIAN_POINT('',(-1.125E0,0.E0,-2.5E0));
#16200=DIRECTION('',(0.E0,0.E0,-1.E0));
#16201=DIRECTION('',(-1.E0,0.E0,0.E0));
#16202=AXIS2_PLACEMENT_3D('',#16199,#16200,#16201);
#16203=PLANE('',#16202);
#16204=ORIENTED_EDGE('',*,*,#16177,.F.);
#16205=ORIENTED_EDGE('',*,*,#16163,.T.);
#16207=ORIENTED_EDGE('',*,*,#16206,.T.);
#16208=ORIENTED_EDGE('',*,*,#16188,.F.);
#16209=EDGE_LOOP('',(#16204,#16205,#16207,#16208));
#16210=FACE_OUTER_BOUND('',#16209,.F.);
#16212=CARTESIAN_POINT('',(0.E0,2.E-1,0.E0));
#16213=DIRECTION('',(0.E0,1.E0,0.E0));
#16214=DIRECTION('',(1.E0,0.E0,0.E0));
#16215=AXIS2_PLACEMENT_3D('',#16212,#16213,#16214);
#16216=PLANE('',#16215);
#16217=ORIENTED_EDGE('',*,*,#16190,.F.);
#16218=ORIENTED_EDGE('',*,*,#16206,.F.);
#16219=ORIENTED_EDGE('',*,*,#16161,.F.);
#16221=ORIENTED_EDGE('',*,*,#16220,.F.);
#16222=EDGE_LOOP('',(#16217,#16218,#16219,#16221));
#16223=FACE_OUTER_BOUND('',#16222,.F.);
#16225=CARTESIAN_POINT('',(-1.25E0,0.E0,-2.225E0));
#16226=DIRECTION('',(0.E0,1.E0,0.E0));
#16227=DIRECTION('',(1.E0,0.E0,0.E0));
#16228=AXIS2_PLACEMENT_3D('',#16225,#16226,#16227);
#16229=CYLINDRICAL_SURFACE('',#16228,1.25E-1);
#16230=ORIENTED_EDGE('',*,*,#16121,.F.);
#16231=ORIENTED_EDGE('',*,*,#16192,.T.);
#16232=ORIENTED_EDGE('',*,*,#16220,.T.);
#16233=ORIENTED_EDGE('',*,*,#16159,.F.);
#16234=EDGE_LOOP('',(#16230,#16231,#16232,#16233));
#16235=FACE_OUTER_BOUND('',#16234,.F.);
#16237=CLOSED_SHELL('',(#16127,#16149,#16167,#16181,#16198,#16211,#16224,
#16236));
#16238=MANIFOLD_SOLID_BREP('',#16237);
#16239=FILL_AREA_STYLE_COLOUR('',#18);
#16240=FILL_AREA_STYLE('',(#16239));
#16241=SURFACE_STYLE_FILL_AREA(#16240);
#16242=SURFACE_SIDE_STYLE('',(#16241));
#16243=SURFACE_STYLE_USAGE(.POSITIVE.,#16242);
#16244=PRESENTATION_STYLE_ASSIGNMENT((#16243));
#15959=STYLED_ITEM('',(#16244),#16238);
#16246=DIRECTION('',(1.E0,0.E0,0.E0));
#16247=VECTOR('',#16246,2.5E-1);
#16248=CARTESIAN_POINT('',(-8.75E-1,0.E0,-2.45E0));
#16249=LINE('',#16248,#16247);
#16250=CURVE_STYLE('',#32,POSITIVE_LENGTH_MEASURE(2.E-2),#18);
#16251=PRESENTATION_STYLE_ASSIGNMENT((#16250));
#16252=STYLED_ITEM('',(#16251),#16249);
#16253=DIRECTION('',(0.E0,0.E0,1.E0));
#16254=VECTOR('',#16253,2.25E-1);
#16255=CARTESIAN_POINT('',(-8.75E-1,0.E0,-2.45E0));
#16256=LINE('',#16255,#16254);
#16257=CURVE_STYLE('',#32,POSITIVE_LENGTH_MEASURE(2.E-2),#18);
#16258=PRESENTATION_STYLE_ASSIGNMENT((#16257));
#16259=STYLED_ITEM('',(#16258),#16256);
#16260=CARTESIAN_POINT('',(-7.5E-1,0.E0,-2.225E0));
#16261=DIRECTION('',(0.E0,1.E0,0.E0));
#16262=DIRECTION('',(-1.E0,0.E0,0.E0));
#16263=AXIS2_PLACEMENT_3D('',#16260,#16261,#16262);
#16265=CURVE_STYLE('',#32,POSITIVE_LENGTH_MEASURE(2.E-2),#18);
#16266=PRESENTATION_STYLE_ASSIGNMENT((#16265));
#16267=STYLED_ITEM('',(#16266),#16264);
#16268=DIRECTION('',(0.E0,0.E0,-1.E0));
#16269=VECTOR('',#16268,2.25E-1);
#16270=CARTESIAN_POINT('',(-6.25E-1,0.E0,-2.225E0));
#16271=LINE('',#16270,#16269);
#16272=CURVE_STYLE('',#32,POSITIVE_LENGTH_MEASURE(2.E-2),#18);
#16273=PRESENTATION_STYLE_ASSIGNMENT((#16272));
#16274=STYLED_ITEM('',(#16273),#16271);
#16275=DIRECTION('',(0.E0,0.E0,-1.E0));
#16276=VECTOR('',#16275,5.E-2);
#16277=CARTESIAN_POINT('',(-6.25E-1,1.E-1,-2.45E0));
#16278=LINE('',#16277,#16276);
#16279=CURVE_STYLE('',#32,POSITIVE_LENGTH_MEASURE(2.E-2),#18);
#16280=PRESENTATION_STYLE_ASSIGNMENT((#16279));
#16281=STYLED_ITEM('',(#16280),#16278);
#16282=DIRECTION('',(0.E0,1.E0,0.E0));
#16283=VECTOR('',#16282,1.E-1);
#16284=CARTESIAN_POINT('',(-6.25E-1,0.E0,-2.45E0));
#16285=LINE('',#16284,#16283);
#16286=CURVE_STYLE('',#32,POSITIVE_LENGTH_MEASURE(2.E-2),#18);
#16287=PRESENTATION_STYLE_ASSIGNMENT((#16286));
#16288=STYLED_ITEM('',(#16287),#16285);
#16289=DIRECTION('',(0.E0,1.E0,0.E0));
#16290=VECTOR('',#16289,2.E-1);
#16291=CARTESIAN_POINT('',(-6.25E-1,0.E0,-2.225E0));
#16292=LINE('',#16291,#16290);
#16293=CURVE_STYLE('',#32,POSITIVE_LENGTH_MEASURE(2.E-2),#18);
#16294=PRESENTATION_STYLE_ASSIGNMENT((#16293));
#16295=STYLED_ITEM('',(#16294),#16292);
#16296=DIRECTION('',(1.E0,0.E0,0.E0));
#16297=VECTOR('',#16296,2.5E-1);
#16298=CARTESIAN_POINT('',(-8.75E-1,1.E-1,-2.45E0));
#16299=LINE('',#16298,#16297);
#16300=CURVE_STYLE('',#32,POSITIVE_LENGTH_MEASURE(2.E-2),#18);
#16301=PRESENTATION_STYLE_ASSIGNMENT((#16300));
#16302=STYLED_ITEM('',(#16301),#16299);
#16303=DIRECTION('',(0.E0,0.E0,1.E0));
#16304=VECTOR('',#16303,5.E-2);
#16305=CARTESIAN_POINT('',(-8.75E-1,1.E-1,-2.5E0));
#16306=LINE('',#16305,#16304);
#16307=CURVE_STYLE('',#32,POSITIVE_LENGTH_MEASURE(2.E-2),#18);
#16308=PRESENTATION_STYLE_ASSIGNMENT((#16307));
#16309=STYLED_ITEM('',(#16308),#16306);
#16310=DIRECTION('',(0.E0,1.E0,0.E0));
#16311=VECTOR('',#16310,1.E-1);
#16312=CARTESIAN_POINT('',(-8.75E-1,1.E-1,-2.5E0));
#16313=LINE('',#16312,#16311);
#16314=CURVE_STYLE('',#32,POSITIVE_LENGTH_MEASURE(2.E-2),#18);
#16315=PRESENTATION_STYLE_ASSIGNMENT((#16314));
#16316=STYLED_ITEM('',(#16315),#16313);
#16317=DIRECTION('',(0.E0,1.E0,0.E0));
#16318=VECTOR('',#16317,1.E-1);
#16319=CARTESIAN_POINT('',(-8.75E-1,0.E0,-2.45E0));
#16320=LINE('',#16319,#16318);
#16321=CURVE_STYLE('',#32,POSITIVE_LENGTH_MEASURE(2.E-2),#18);
#16322=PRESENTATION_STYLE_ASSIGNMENT((#16321));
#16323=STYLED_ITEM('',(#16322),#16320);
#16324=DIRECTION('',(-1.E0,0.E0,0.E0));
#16325=VECTOR('',#16324,2.5E-1);
#16326=CARTESIAN_POINT('',(-6.25E-1,1.E-1,-2.5E0));
#16327=LINE('',#16326,#16325);
#16328=CURVE_STYLE('',#32,POSITIVE_LENGTH_MEASURE(2.E-2),#18);
#16329=PRESENTATION_STYLE_ASSIGNMENT((#16328));
#16330=STYLED_ITEM('',(#16329),#16327);
#16331=DIRECTION('',(0.E0,1.E0,0.E0));
#16332=VECTOR('',#16331,1.E-1);
#16333=CARTESIAN_POINT('',(-6.25E-1,1.E-1,-2.5E0));
#16334=LINE('',#16333,#16332);
#16335=CURVE_STYLE('',#32,POSITIVE_LENGTH_MEASURE(2.E-2),#18);
#16336=PRESENTATION_STYLE_ASSIGNMENT((#16335));
#16337=STYLED_ITEM('',(#16336),#16334);
#16338=DIRECTION('',(0.E0,0.E0,1.E0));
#16339=VECTOR('',#16338,2.75E-1);
#16340=CARTESIAN_POINT('',(-8.75E-1,2.E-1,-2.5E0));
#16341=LINE('',#16340,#16339);
#16342=CURVE_STYLE('',#32,POSITIVE_LENGTH_MEASURE(2.E-2),#18);
#16343=PRESENTATION_STYLE_ASSIGNMENT((#16342));
#16344=STYLED_ITEM('',(#16343),#16341);
#16345=DIRECTION('',(-1.E0,0.E0,0.E0));
#16346=VECTOR('',#16345,2.5E-1);
#16347=CARTESIAN_POINT('',(-6.25E-1,2.E-1,-2.5E0));
#16348=LINE('',#16347,#16346);
#16349=CURVE_STYLE('',#32,POSITIVE_LENGTH_MEASURE(2.E-2),#18);
#16350=PRESENTATION_STYLE_ASSIGNMENT((#16349));
#16351=STYLED_ITEM('',(#16350),#16348);
#16352=DIRECTION('',(0.E0,0.E0,-1.E0));
#16353=VECTOR('',#16352,2.75E-1);
#16354=CARTESIAN_POINT('',(-6.25E-1,2.E-1,-2.225E0));
#16355=LINE('',#16354,#16353);
#16356=CURVE_STYLE('',#32,POSITIVE_LENGTH_MEASURE(2.E-2),#18);
#16357=PRESENTATION_STYLE_ASSIGNMENT((#16356));
#16358=STYLED_ITEM('',(#16357),#16355);
#16359=CARTESIAN_POINT('',(-7.5E-1,2.E-1,-2.225E0));
#16360=DIRECTION('',(0.E0,1.E0,0.E0));
#16361=DIRECTION('',(-1.E0,0.E0,0.E0));
#16362=AXIS2_PLACEMENT_3D('',#16359,#16360,#16361);
#16364=CURVE_STYLE('',#32,POSITIVE_LENGTH_MEASURE(2.E-2),#18);
#16365=PRESENTATION_STYLE_ASSIGNMENT((#16364));
#16366=STYLED_ITEM('',(#16365),#16363);
#16367=DIRECTION('',(0.E0,1.E0,0.E0));
#16368=VECTOR('',#16367,2.E-1);
#16369=CARTESIAN_POINT('',(-8.75E-1,0.E0,-2.225E0));
#16370=LINE('',#16369,#16368);
#16371=CURVE_STYLE('',#32,POSITIVE_LENGTH_MEASURE(2.E-2),#18);
#16372=PRESENTATION_STYLE_ASSIGNMENT((#16371));
#16373=STYLED_ITEM('',(#16372),#16370);
#16374=CARTESIAN_POINT('',(-8.75E-1,0.E0,-2.225E0));
#16375=CARTESIAN_POINT('',(-6.25E-1,0.E0,-2.225E0));
#16376=VERTEX_POINT('',#16374);
#16377=VERTEX_POINT('',#16375);
#16378=CARTESIAN_POINT('',(-8.75E-1,2.E-1,-2.5E0));
#16379=CARTESIAN_POINT('',(-8.75E-1,2.E-1,-2.225E0));
#16380=VERTEX_POINT('',#16378);
#16381=VERTEX_POINT('',#16379);
#16382=CARTESIAN_POINT('',(-6.25E-1,2.E-1,-2.225E0));
#16383=VERTEX_POINT('',#16382);
#16384=CARTESIAN_POINT('',(-6.25E-1,2.E-1,-2.5E0));
#16385=VERTEX_POINT('',#16384);
#16386=CARTESIAN_POINT('',(-8.75E-1,0.E0,-2.45E0));
#16387=CARTESIAN_POINT('',(-6.25E-1,0.E0,-2.45E0));
#16388=VERTEX_POINT('',#16386);
#16389=VERTEX_POINT('',#16387);
#16390=CARTESIAN_POINT('',(-8.75E-1,1.E-1,-2.5E0));
#16391=CARTESIAN_POINT('',(-8.75E-1,1.E-1,-2.45E0));
#16392=VERTEX_POINT('',#16390);
#16393=VERTEX_POINT('',#16391);
#16394=CARTESIAN_POINT('',(-6.25E-1,1.E-1,-2.45E0));
#16395=CARTESIAN_POINT('',(-6.25E-1,1.E-1,-2.5E0));
#16396=VERTEX_POINT('',#16394);
#16397=VERTEX_POINT('',#16395);
#16398=CARTESIAN_POINT('',(0.E0,0.E0,0.E0));
#16399=DIRECTION('',(0.E0,1.E0,0.E0));
#16400=DIRECTION('',(1.E0,0.E0,0.E0));
#16401=AXIS2_PLACEMENT_3D('',#16398,#16399,#16400);
#16402=PLANE('',#16401);
#16404=ORIENTED_EDGE('',*,*,#16403,.F.);
#16406=ORIENTED_EDGE('',*,*,#16405,.T.);
#16408=ORIENTED_EDGE('',*,*,#16407,.T.);
#16410=ORIENTED_EDGE('',*,*,#16409,.T.);
#16411=EDGE_LOOP('',(#16404,#16406,#16408,#16410));
#16412=FACE_OUTER_BOUND('',#16411,.F.);
#16414=FILL_AREA_STYLE_COLOUR('',#22);
#16415=FILL_AREA_STYLE('',(#16414));
#16416=SURFACE_STYLE_FILL_AREA(#16415);
#16417=SURFACE_SIDE_STYLE('',(#16416));
#16418=SURFACE_STYLE_USAGE(.POSITIVE.,#16417);
#16419=PRESENTATION_STYLE_ASSIGNMENT((#16418));
#16420=OVER_RIDING_STYLED_ITEM('',(#16419),#16413,#16245);
#16421=CARTESIAN_POINT('',(-2.45E0,0.E0,-2.45E0));
#16422=DIRECTION('',(0.E0,0.E0,1.E0));
#16423=DIRECTION('',(1.E0,0.E0,0.E0));
#16424=AXIS2_PLACEMENT_3D('',#16421,#16422,#16423);
#16425=PLANE('',#16424);
#16426=ORIENTED_EDGE('',*,*,#16403,.T.);
#16428=ORIENTED_EDGE('',*,*,#16427,.T.);
#16430=ORIENTED_EDGE('',*,*,#16429,.F.);
#16432=ORIENTED_EDGE('',*,*,#16431,.F.);
#16433=EDGE_LOOP('',(#16426,#16428,#16430,#16432));
#16434=FACE_OUTER_BOUND('',#16433,.F.);
#16436=CARTESIAN_POINT('',(-6.25E-1,0.E0,-2.225E0));
#16437=DIRECTION('',(1.E0,0.E0,0.E0));
#16438=DIRECTION('',(0.E0,0.E0,-1.E0));
#16439=AXIS2_PLACEMENT_3D('',#16436,#16437,#16438);
#16440=PLANE('',#16439);
#16442=ORIENTED_EDGE('',*,*,#16441,.F.);
#16443=ORIENTED_EDGE('',*,*,#16427,.F.);
#16444=ORIENTED_EDGE('',*,*,#16409,.F.);
#16446=ORIENTED_EDGE('',*,*,#16445,.T.);
#16448=ORIENTED_EDGE('',*,*,#16447,.T.);
#16450=ORIENTED_EDGE('',*,*,#16449,.F.);
#16451=EDGE_LOOP('',(#16442,#16443,#16444,#16446,#16448,#16450));
#16452=FACE_OUTER_BOUND('',#16451,.F.);
#16454=CARTESIAN_POINT('',(0.E0,1.E-1,0.E0));
#16455=DIRECTION('',(0.E0,1.E0,0.E0));
#16456=DIRECTION('',(1.E0,0.E0,0.E0));
#16457=AXIS2_PLACEMENT_3D('',#16454,#16455,#16456);
#16458=PLANE('',#16457);
#16460=ORIENTED_EDGE('',*,*,#16459,.T.);
#16461=ORIENTED_EDGE('',*,*,#16429,.T.);
#16462=ORIENTED_EDGE('',*,*,#16441,.T.);
#16464=ORIENTED_EDGE('',*,*,#16463,.T.);
#16465=EDGE_LOOP('',(#16460,#16461,#16462,#16464));
#16466=FACE_OUTER_BOUND('',#16465,.F.);
#16468=CARTESIAN_POINT('',(-8.75E-1,0.E0,-2.5E0));
#16469=DIRECTION('',(-1.E0,0.E0,0.E0));
#16470=DIRECTION('',(0.E0,0.E0,1.E0));
#16471=AXIS2_PLACEMENT_3D('',#16468,#16469,#16470);
#16472=PLANE('',#16471);
#16473=ORIENTED_EDGE('',*,*,#16459,.F.);
#16475=ORIENTED_EDGE('',*,*,#16474,.T.);
#16477=ORIENTED_EDGE('',*,*,#16476,.T.);
#16479=ORIENTED_EDGE('',*,*,#16478,.F.);
#16480=ORIENTED_EDGE('',*,*,#16405,.F.);
#16481=ORIENTED_EDGE('',*,*,#16431,.T.);
#16482=EDGE_LOOP('',(#16473,#16475,#16477,#16479,#16480,#16481));
#16483=FACE_OUTER_BOUND('',#16482,.F.);
#16485=CARTESIAN_POINT('',(-6.25E-1,0.E0,-2.5E0));
#16486=DIRECTION('',(0.E0,0.E0,-1.E0));
#16487=DIRECTION('',(-1.E0,0.E0,0.E0));
#16488=AXIS2_PLACEMENT_3D('',#16485,#16486,#16487);
#16489=PLANE('',#16488);
#16490=ORIENTED_EDGE('',*,*,#16463,.F.);
#16491=ORIENTED_EDGE('',*,*,#16449,.T.);
#16493=ORIENTED_EDGE('',*,*,#16492,.T.);
#16494=ORIENTED_EDGE('',*,*,#16474,.F.);
#16495=EDGE_LOOP('',(#16490,#16491,#16493,#16494));
#16496=FACE_OUTER_BOUND('',#16495,.F.);
#16498=CARTESIAN_POINT('',(0.E0,2.E-1,0.E0));
#16499=DIRECTION('',(0.E0,1.E0,0.E0));
#16500=DIRECTION('',(1.E0,0.E0,0.E0));
#16501=AXIS2_PLACEMENT_3D('',#16498,#16499,#16500);
#16502=PLANE('',#16501);
#16503=ORIENTED_EDGE('',*,*,#16476,.F.);
#16504=ORIENTED_EDGE('',*,*,#16492,.F.);
#16505=ORIENTED_EDGE('',*,*,#16447,.F.);
#16507=ORIENTED_EDGE('',*,*,#16506,.F.);
#16508=EDGE_LOOP('',(#16503,#16504,#16505,#16507));
#16509=FACE_OUTER_BOUND('',#16508,.F.);
#16511=CARTESIAN_POINT('',(-7.5E-1,0.E0,-2.225E0));
#16512=DIRECTION('',(0.E0,1.E0,0.E0));
#16513=DIRECTION('',(1.E0,0.E0,0.E0));
#16514=AXIS2_PLACEMENT_3D('',#16511,#16512,#16513);
#16515=CYLINDRICAL_SURFACE('',#16514,1.25E-1);
#16516=ORIENTED_EDGE('',*,*,#16407,.F.);
#16517=ORIENTED_EDGE('',*,*,#16478,.T.);
#16518=ORIENTED_EDGE('',*,*,#16506,.T.);
#16519=ORIENTED_EDGE('',*,*,#16445,.F.);
#16520=EDGE_LOOP('',(#16516,#16517,#16518,#16519));
#16521=FACE_OUTER_BOUND('',#16520,.F.);
#16523=CLOSED_SHELL('',(#16413,#16435,#16453,#16467,#16484,#16497,#16510,
#16522));
#16524=MANIFOLD_SOLID_BREP('',#16523);
#16525=FILL_AREA_STYLE_COLOUR('',#18);
#16526=FILL_AREA_STYLE('',(#16525));
#16527=SURFACE_STYLE_FILL_AREA(#16526);
#16528=SURFACE_SIDE_STYLE('',(#16527));
#16529=SURFACE_STYLE_USAGE(.POSITIVE.,#16528);
#16530=PRESENTATION_STYLE_ASSIGNMENT((#16529));
#16245=STYLED_ITEM('',(#16530),#16524);
#16532=DIRECTION('',(1.E0,0.E0,0.E0));
#16533=VECTOR('',#16532,2.5E-1);
#16534=CARTESIAN_POINT('',(-3.75E-1,0.E0,-2.45E0));
#16535=LINE('',#16534,#16533);
#16536=CURVE_STYLE('',#32,POSITIVE_LENGTH_MEASURE(2.E-2),#18);
#16537=PRESENTATION_STYLE_ASSIGNMENT((#16536));
#16538=STYLED_ITEM('',(#16537),#16535);
#16539=DIRECTION('',(0.E0,0.E0,1.E0));
#16540=VECTOR('',#16539,2.25E-1);
#16541=CARTESIAN_POINT('',(-3.75E-1,0.E0,-2.45E0));
#16542=LINE('',#16541,#16540);
#16543=CURVE_STYLE('',#32,POSITIVE_LENGTH_MEASURE(2.E-2),#18);
#16544=PRESENTATION_STYLE_ASSIGNMENT((#16543));
#16545=STYLED_ITEM('',(#16544),#16542);
#16546=CARTESIAN_POINT('',(-2.5E-1,0.E0,-2.225E0));
#16547=DIRECTION('',(0.E0,1.E0,0.E0));
#16548=DIRECTION('',(-1.E0,0.E0,0.E0));
#16549=AXIS2_PLACEMENT_3D('',#16546,#16547,#16548);
#16551=CURVE_STYLE('',#32,POSITIVE_LENGTH_MEASURE(2.E-2),#18);
#16552=PRESENTATION_STYLE_ASSIGNMENT((#16551));
#16553=STYLED_ITEM('',(#16552),#16550);
#16554=DIRECTION('',(0.E0,0.E0,-1.E0));
#16555=VECTOR('',#16554,2.25E-1);
#16556=CARTESIAN_POINT('',(-1.25E-1,0.E0,-2.225E0));
#16557=LINE('',#16556,#16555);
#16558=CURVE_STYLE('',#32,POSITIVE_LENGTH_MEASURE(2.E-2),#18);
#16559=PRESENTATION_STYLE_ASSIGNMENT((#16558));
#16560=STYLED_ITEM('',(#16559),#16557);
#16561=DIRECTION('',(0.E0,0.E0,-1.E0));
#16562=VECTOR('',#16561,5.E-2);
#16563=CARTESIAN_POINT('',(-1.25E-1,1.E-1,-2.45E0));
#16564=LINE('',#16563,#16562);
#16565=CURVE_STYLE('',#32,POSITIVE_LENGTH_MEASURE(2.E-2),#18);
#16566=PRESENTATION_STYLE_ASSIGNMENT((#16565));
#16567=STYLED_ITEM('',(#16566),#16564);
#16568=DIRECTION('',(0.E0,1.E0,0.E0));
#16569=VECTOR('',#16568,1.E-1);
#16570=CARTESIAN_POINT('',(-1.25E-1,0.E0,-2.45E0));
#16571=LINE('',#16570,#16569);
#16572=CURVE_STYLE('',#32,POSITIVE_LENGTH_MEASURE(2.E-2),#18);
#16573=PRESENTATION_STYLE_ASSIGNMENT((#16572));
#16574=STYLED_ITEM('',(#16573),#16571);
#16575=DIRECTION('',(0.E0,1.E0,0.E0));
#16576=VECTOR('',#16575,2.E-1);
#16577=CARTESIAN_POINT('',(-1.25E-1,0.E0,-2.225E0));
#16578=LINE('',#16577,#16576);
#16579=CURVE_STYLE('',#32,POSITIVE_LENGTH_MEASURE(2.E-2),#18);
#16580=PRESENTATION_STYLE_ASSIGNMENT((#16579));
#16581=STYLED_ITEM('',(#16580),#16578);
#16582=DIRECTION('',(1.E0,0.E0,0.E0));
#16583=VECTOR('',#16582,2.5E-1);
#16584=CARTESIAN_POINT('',(-3.75E-1,1.E-1,-2.45E0));
#16585=LINE('',#16584,#16583);
#16586=CURVE_STYLE('',#32,POSITIVE_LENGTH_MEASURE(2.E-2),#18);
#16587=PRESENTATION_STYLE_ASSIGNMENT((#16586));
#16588=STYLED_ITEM('',(#16587),#16585);
#16589=DIRECTION('',(0.E0,0.E0,1.E0));
#16590=VECTOR('',#16589,5.E-2);
#16591=CARTESIAN_POINT('',(-3.75E-1,1.E-1,-2.5E0));
#16592=LINE('',#16591,#16590);
#16593=CURVE_STYLE('',#32,POSITIVE_LENGTH_MEASURE(2.E-2),#18);
#16594=PRESENTATION_STYLE_ASSIGNMENT((#16593));
#16595=STYLED_ITEM('',(#16594),#16592);
#16596=DIRECTION('',(0.E0,1.E0,0.E0));
#16597=VECTOR('',#16596,1.E-1);
#16598=CARTESIAN_POINT('',(-3.75E-1,1.E-1,-2.5E0));
#16599=LINE('',#16598,#16597);
#16600=CURVE_STYLE('',#32,POSITIVE_LENGTH_MEASURE(2.E-2),#18);
#16601=PRESENTATION_STYLE_ASSIGNMENT((#16600));
#16602=STYLED_ITEM('',(#16601),#16599);
#16603=DIRECTION('',(0.E0,1.E0,0.E0));
#16604=VECTOR('',#16603,1.E-1);
#16605=CARTESIAN_POINT('',(-3.75E-1,0.E0,-2.45E0));
#16606=LINE('',#16605,#16604);
#16607=CURVE_STYLE('',#32,POSITIVE_LENGTH_MEASURE(2.E-2),#18);
#16608=PRESENTATION_STYLE_ASSIGNMENT((#16607));
#16609=STYLED_ITEM('',(#16608),#16606);
#16610=DIRECTION('',(-1.E0,0.E0,0.E0));
#16611=VECTOR('',#16610,2.5E-1);
#16612=CARTESIAN_POINT('',(-1.25E-1,1.E-1,-2.5E0));
#16613=LINE('',#16612,#16611);
#16614=CURVE_STYLE('',#32,POSITIVE_LENGTH_MEASURE(2.E-2),#18);
#16615=PRESENTATION_STYLE_ASSIGNMENT((#16614));
#16616=STYLED_ITEM('',(#16615),#16613);
#16617=DIRECTION('',(0.E0,1.E0,0.E0));
#16618=VECTOR('',#16617,1.E-1);
#16619=CARTESIAN_POINT('',(-1.25E-1,1.E-1,-2.5E0));
#16620=LINE('',#16619,#16618);
#16621=CURVE_STYLE('',#32,POSITIVE_LENGTH_MEASURE(2.E-2),#18);
#16622=PRESENTATION_STYLE_ASSIGNMENT((#16621));
#16623=STYLED_ITEM('',(#16622),#16620);
#16624=DIRECTION('',(0.E0,0.E0,1.E0));
#16625=VECTOR('',#16624,2.75E-1);
#16626=CARTESIAN_POINT('',(-3.75E-1,2.E-1,-2.5E0));
#16627=LINE('',#16626,#16625);
#16628=CURVE_STYLE('',#32,POSITIVE_LENGTH_MEASURE(2.E-2),#18);
#16629=PRESENTATION_STYLE_ASSIGNMENT((#16628));
#16630=STYLED_ITEM('',(#16629),#16627);
#16631=DIRECTION('',(-1.E0,0.E0,0.E0));
#16632=VECTOR('',#16631,2.5E-1);
#16633=CARTESIAN_POINT('',(-1.25E-1,2.E-1,-2.5E0));
#16634=LINE('',#16633,#16632);
#16635=CURVE_STYLE('',#32,POSITIVE_LENGTH_MEASURE(2.E-2),#18);
#16636=PRESENTATION_STYLE_ASSIGNMENT((#16635));
#16637=STYLED_ITEM('',(#16636),#16634);
#16638=DIRECTION('',(0.E0,0.E0,-1.E0));
#16639=VECTOR('',#16638,2.75E-1);
#16640=CARTESIAN_POINT('',(-1.25E-1,2.E-1,-2.225E0));
#16641=LINE('',#16640,#16639);
#16642=CURVE_STYLE('',#32,POSITIVE_LENGTH_MEASURE(2.E-2),#18);
#16643=PRESENTATION_STYLE_ASSIGNMENT((#16642));
#16644=STYLED_ITEM('',(#16643),#16641);
#16645=CARTESIAN_POINT('',(-2.5E-1,2.E-1,-2.225E0));
#16646=DIRECTION('',(0.E0,1.E0,0.E0));
#16647=DIRECTION('',(-1.E0,0.E0,0.E0));
#16648=AXIS2_PLACEMENT_3D('',#16645,#16646,#16647);
#16650=CURVE_STYLE('',#32,POSITIVE_LENGTH_MEASURE(2.E-2),#18);
#16651=PRESENTATION_STYLE_ASSIGNMENT((#16650));
#16652=STYLED_ITEM('',(#16651),#16649);
#16653=DIRECTION('',(0.E0,1.E0,0.E0));
#16654=VECTOR('',#16653,2.E-1);
#16655=CARTESIAN_POINT('',(-3.75E-1,0.E0,-2.225E0));
#16656=LINE('',#16655,#16654);
#16657=CURVE_STYLE('',#32,POSITIVE_LENGTH_MEASURE(2.E-2),#18);
#16658=PRESENTATION_STYLE_ASSIGNMENT((#16657));
#16659=STYLED_ITEM('',(#16658),#16656);
#16660=CARTESIAN_POINT('',(-3.75E-1,0.E0,-2.225E0));
#16661=CARTESIAN_POINT('',(-1.25E-1,0.E0,-2.225E0));
#16662=VERTEX_POINT('',#16660);
#16663=VERTEX_POINT('',#16661);
#16664=CARTESIAN_POINT('',(-3.75E-1,2.E-1,-2.5E0));
#16665=CARTESIAN_POINT('',(-3.75E-1,2.E-1,-2.225E0));
#16666=VERTEX_POINT('',#16664);
#16667=VERTEX_POINT('',#16665);
#16668=CARTESIAN_POINT('',(-1.25E-1,2.E-1,-2.225E0));
#16669=VERTEX_POINT('',#16668);
#16670=CARTESIAN_POINT('',(-1.25E-1,2.E-1,-2.5E0));
#16671=VERTEX_POINT('',#16670);
#16672=CARTESIAN_POINT('',(-3.75E-1,0.E0,-2.45E0));
#16673=CARTESIAN_POINT('',(-1.25E-1,0.E0,-2.45E0));
#16674=VERTEX_POINT('',#16672);
#16675=VERTEX_POINT('',#16673);
#16676=CARTESIAN_POINT('',(-3.75E-1,1.E-1,-2.5E0));
#16677=CARTESIAN_POINT('',(-3.75E-1,1.E-1,-2.45E0));
#16678=VERTEX_POINT('',#16676);
#16679=VERTEX_POINT('',#16677);
#16680=CARTESIAN_POINT('',(-1.25E-1,1.E-1,-2.45E0));
#16681=CARTESIAN_POINT('',(-1.25E-1,1.E-1,-2.5E0));
#16682=VERTEX_POINT('',#16680);
#16683=VERTEX_POINT('',#16681);
#16684=CARTESIAN_POINT('',(0.E0,0.E0,0.E0));
#16685=DIRECTION('',(0.E0,1.E0,0.E0));
#16686=DIRECTION('',(1.E0,0.E0,0.E0));
#16687=AXIS2_PLACEMENT_3D('',#16684,#16685,#16686);
#16688=PLANE('',#16687);
#16690=ORIENTED_EDGE('',*,*,#16689,.F.);
#16692=ORIENTED_EDGE('',*,*,#16691,.T.);
#16694=ORIENTED_EDGE('',*,*,#16693,.T.);
#16696=ORIENTED_EDGE('',*,*,#16695,.T.);
#16697=EDGE_LOOP('',(#16690,#16692,#16694,#16696));
#16698=FACE_OUTER_BOUND('',#16697,.F.);
#16700=FILL_AREA_STYLE_COLOUR('',#22);
#16701=FILL_AREA_STYLE('',(#16700));
#16702=SURFACE_STYLE_FILL_AREA(#16701);
#16703=SURFACE_SIDE_STYLE('',(#16702));
#16704=SURFACE_STYLE_USAGE(.POSITIVE.,#16703);
#16705=PRESENTATION_STYLE_ASSIGNMENT((#16704));
#16706=OVER_RIDING_STYLED_ITEM('',(#16705),#16699,#16531);
#16707=CARTESIAN_POINT('',(-2.45E0,0.E0,-2.45E0));
#16708=DIRECTION('',(0.E0,0.E0,1.E0));
#16709=DIRECTION('',(1.E0,0.E0,0.E0));
#16710=AXIS2_PLACEMENT_3D('',#16707,#16708,#16709);
#16711=PLANE('',#16710);
#16712=ORIENTED_EDGE('',*,*,#16689,.T.);
#16714=ORIENTED_EDGE('',*,*,#16713,.T.);
#16716=ORIENTED_EDGE('',*,*,#16715,.F.);
#16718=ORIENTED_EDGE('',*,*,#16717,.F.);
#16719=EDGE_LOOP('',(#16712,#16714,#16716,#16718));
#16720=FACE_OUTER_BOUND('',#16719,.F.);
#16722=CARTESIAN_POINT('',(-1.25E-1,0.E0,-2.225E0));
#16723=DIRECTION('',(1.E0,0.E0,0.E0));
#16724=DIRECTION('',(0.E0,0.E0,-1.E0));
#16725=AXIS2_PLACEMENT_3D('',#16722,#16723,#16724);
#16726=PLANE('',#16725);
#16728=ORIENTED_EDGE('',*,*,#16727,.F.);
#16729=ORIENTED_EDGE('',*,*,#16713,.F.);
#16730=ORIENTED_EDGE('',*,*,#16695,.F.);
#16732=ORIENTED_EDGE('',*,*,#16731,.T.);
#16734=ORIENTED_EDGE('',*,*,#16733,.T.);
#16736=ORIENTED_EDGE('',*,*,#16735,.F.);
#16737=EDGE_LOOP('',(#16728,#16729,#16730,#16732,#16734,#16736));
#16738=FACE_OUTER_BOUND('',#16737,.F.);
#16740=CARTESIAN_POINT('',(0.E0,1.E-1,0.E0));
#16741=DIRECTION('',(0.E0,1.E0,0.E0));
#16742=DIRECTION('',(1.E0,0.E0,0.E0));
#16743=AXIS2_PLACEMENT_3D('',#16740,#16741,#16742);
#16744=PLANE('',#16743);
#16746=ORIENTED_EDGE('',*,*,#16745,.T.);
#16747=ORIENTED_EDGE('',*,*,#16715,.T.);
#16748=ORIENTED_EDGE('',*,*,#16727,.T.);
#16750=ORIENTED_EDGE('',*,*,#16749,.T.);
#16751=EDGE_LOOP('',(#16746,#16747,#16748,#16750));
#16752=FACE_OUTER_BOUND('',#16751,.F.);
#16754=CARTESIAN_POINT('',(-3.75E-1,0.E0,-2.5E0));
#16755=DIRECTION('',(-1.E0,0.E0,0.E0));
#16756=DIRECTION('',(0.E0,0.E0,1.E0));
#16757=AXIS2_PLACEMENT_3D('',#16754,#16755,#16756);
#16758=PLANE('',#16757);
#16759=ORIENTED_EDGE('',*,*,#16745,.F.);
#16761=ORIENTED_EDGE('',*,*,#16760,.T.);
#16763=ORIENTED_EDGE('',*,*,#16762,.T.);
#16765=ORIENTED_EDGE('',*,*,#16764,.F.);
#16766=ORIENTED_EDGE('',*,*,#16691,.F.);
#16767=ORIENTED_EDGE('',*,*,#16717,.T.);
#16768=EDGE_LOOP('',(#16759,#16761,#16763,#16765,#16766,#16767));
#16769=FACE_OUTER_BOUND('',#16768,.F.);
#16771=CARTESIAN_POINT('',(-1.25E-1,0.E0,-2.5E0));
#16772=DIRECTION('',(0.E0,0.E0,-1.E0));
#16773=DIRECTION('',(-1.E0,0.E0,0.E0));
#16774=AXIS2_PLACEMENT_3D('',#16771,#16772,#16773);
#16775=PLANE('',#16774);
#16776=ORIENTED_EDGE('',*,*,#16749,.F.);
#16777=ORIENTED_EDGE('',*,*,#16735,.T.);
#16779=ORIENTED_EDGE('',*,*,#16778,.T.);
#16780=ORIENTED_EDGE('',*,*,#16760,.F.);
#16781=EDGE_LOOP('',(#16776,#16777,#16779,#16780));
#16782=FACE_OUTER_BOUND('',#16781,.F.);
#16784=CARTESIAN_POINT('',(0.E0,2.E-1,0.E0));
#16785=DIRECTION('',(0.E0,1.E0,0.E0));
#16786=DIRECTION('',(1.E0,0.E0,0.E0));
#16787=AXIS2_PLACEMENT_3D('',#16784,#16785,#16786);
#16788=PLANE('',#16787);
#16789=ORIENTED_EDGE('',*,*,#16762,.F.);
#16790=ORIENTED_EDGE('',*,*,#16778,.F.);
#16791=ORIENTED_EDGE('',*,*,#16733,.F.);
#16793=ORIENTED_EDGE('',*,*,#16792,.F.);
#16794=EDGE_LOOP('',(#16789,#16790,#16791,#16793));
#16795=FACE_OUTER_BOUND('',#16794,.F.);
#16797=CARTESIAN_POINT('',(-2.5E-1,0.E0,-2.225E0));
#16798=DIRECTION('',(0.E0,1.E0,0.E0));
#16799=DIRECTION('',(1.E0,0.E0,0.E0));
#16800=AXIS2_PLACEMENT_3D('',#16797,#16798,#16799);
#16801=CYLINDRICAL_SURFACE('',#16800,1.25E-1);
#16802=ORIENTED_EDGE('',*,*,#16693,.F.);
#16803=ORIENTED_EDGE('',*,*,#16764,.T.);
#16804=ORIENTED_EDGE('',*,*,#16792,.T.);
#16805=ORIENTED_EDGE('',*,*,#16731,.F.);
#16806=EDGE_LOOP('',(#16802,#16803,#16804,#16805));
#16807=FACE_OUTER_BOUND('',#16806,.F.);
#16809=CLOSED_SHELL('',(#16699,#16721,#16739,#16753,#16770,#16783,#16796,
#16808));
#16810=MANIFOLD_SOLID_BREP('',#16809);
#16811=FILL_AREA_STYLE_COLOUR('',#18);
#16812=FILL_AREA_STYLE('',(#16811));
#16813=SURFACE_STYLE_FILL_AREA(#16812);
#16814=SURFACE_SIDE_STYLE('',(#16813));
#16815=SURFACE_STYLE_USAGE(.POSITIVE.,#16814);
#16816=PRESENTATION_STYLE_ASSIGNMENT((#16815));
#16531=STYLED_ITEM('',(#16816),#16810);
#16818=DIRECTION('',(1.E0,0.E0,0.E0));
#16819=VECTOR('',#16818,2.5E-1);
#16820=CARTESIAN_POINT('',(1.25E-1,0.E0,-2.45E0));
#16821=LINE('',#16820,#16819);
#16822=CURVE_STYLE('',#32,POSITIVE_LENGTH_MEASURE(2.E-2),#18);
#16823=PRESENTATION_STYLE_ASSIGNMENT((#16822));
#16824=STYLED_ITEM('',(#16823),#16821);
#16825=DIRECTION('',(0.E0,0.E0,1.E0));
#16826=VECTOR('',#16825,2.25E-1);
#16827=CARTESIAN_POINT('',(1.25E-1,0.E0,-2.45E0));
#16828=LINE('',#16827,#16826);
#16829=CURVE_STYLE('',#32,POSITIVE_LENGTH_MEASURE(2.E-2),#18);
#16830=PRESENTATION_STYLE_ASSIGNMENT((#16829));
#16831=STYLED_ITEM('',(#16830),#16828);
#16832=CARTESIAN_POINT('',(2.5E-1,0.E0,-2.225E0));
#16833=DIRECTION('',(0.E0,1.E0,0.E0));
#16834=DIRECTION('',(-1.E0,0.E0,0.E0));
#16835=AXIS2_PLACEMENT_3D('',#16832,#16833,#16834);
#16837=CURVE_STYLE('',#32,POSITIVE_LENGTH_MEASURE(2.E-2),#18);
#16838=PRESENTATION_STYLE_ASSIGNMENT((#16837));
#16839=STYLED_ITEM('',(#16838),#16836);
#16840=DIRECTION('',(0.E0,0.E0,-1.E0));
#16841=VECTOR('',#16840,2.25E-1);
#16842=CARTESIAN_POINT('',(3.75E-1,0.E0,-2.225E0));
#16843=LINE('',#16842,#16841);
#16844=CURVE_STYLE('',#32,POSITIVE_LENGTH_MEASURE(2.E-2),#18);
#16845=PRESENTATION_STYLE_ASSIGNMENT((#16844));
#16846=STYLED_ITEM('',(#16845),#16843);
#16847=DIRECTION('',(0.E0,0.E0,-1.E0));
#16848=VECTOR('',#16847,5.E-2);
#16849=CARTESIAN_POINT('',(3.75E-1,1.E-1,-2.45E0));
#16850=LINE('',#16849,#16848);
#16851=CURVE_STYLE('',#32,POSITIVE_LENGTH_MEASURE(2.E-2),#18);
#16852=PRESENTATION_STYLE_ASSIGNMENT((#16851));
#16853=STYLED_ITEM('',(#16852),#16850);
#16854=DIRECTION('',(0.E0,1.E0,0.E0));
#16855=VECTOR('',#16854,1.E-1);
#16856=CARTESIAN_POINT('',(3.75E-1,0.E0,-2.45E0));
#16857=LINE('',#16856,#16855);
#16858=CURVE_STYLE('',#32,POSITIVE_LENGTH_MEASURE(2.E-2),#18);
#16859=PRESENTATION_STYLE_ASSIGNMENT((#16858));
#16860=STYLED_ITEM('',(#16859),#16857);
#16861=DIRECTION('',(0.E0,1.E0,0.E0));
#16862=VECTOR('',#16861,2.E-1);
#16863=CARTESIAN_POINT('',(3.75E-1,0.E0,-2.225E0));
#16864=LINE('',#16863,#16862);
#16865=CURVE_STYLE('',#32,POSITIVE_LENGTH_MEASURE(2.E-2),#18);
#16866=PRESENTATION_STYLE_ASSIGNMENT((#16865));
#16867=STYLED_ITEM('',(#16866),#16864);
#16868=DIRECTION('',(1.E0,0.E0,0.E0));
#16869=VECTOR('',#16868,2.5E-1);
#16870=CARTESIAN_POINT('',(1.25E-1,1.E-1,-2.45E0));
#16871=LINE('',#16870,#16869);
#16872=CURVE_STYLE('',#32,POSITIVE_LENGTH_MEASURE(2.E-2),#18);
#16873=PRESENTATION_STYLE_ASSIGNMENT((#16872));
#16874=STYLED_ITEM('',(#16873),#16871);
#16875=DIRECTION('',(0.E0,0.E0,1.E0));
#16876=VECTOR('',#16875,5.E-2);
#16877=CARTESIAN_POINT('',(1.25E-1,1.E-1,-2.5E0));
#16878=LINE('',#16877,#16876);
#16879=CURVE_STYLE('',#32,POSITIVE_LENGTH_MEASURE(2.E-2),#18);
#16880=PRESENTATION_STYLE_ASSIGNMENT((#16879));
#16881=STYLED_ITEM('',(#16880),#16878);
#16882=DIRECTION('',(0.E0,1.E0,0.E0));
#16883=VECTOR('',#16882,1.E-1);
#16884=CARTESIAN_POINT('',(1.25E-1,1.E-1,-2.5E0));
#16885=LINE('',#16884,#16883);
#16886=CURVE_STYLE('',#32,POSITIVE_LENGTH_MEASURE(2.E-2),#18);
#16887=PRESENTATION_STYLE_ASSIGNMENT((#16886));
#16888=STYLED_ITEM('',(#16887),#16885);
#16889=DIRECTION('',(0.E0,1.E0,0.E0));
#16890=VECTOR('',#16889,1.E-1);
#16891=CARTESIAN_POINT('',(1.25E-1,0.E0,-2.45E0));
#16892=LINE('',#16891,#16890);
#16893=CURVE_STYLE('',#32,POSITIVE_LENGTH_MEASURE(2.E-2),#18);
#16894=PRESENTATION_STYLE_ASSIGNMENT((#16893));
#16895=STYLED_ITEM('',(#16894),#16892);
#16896=DIRECTION('',(-1.E0,0.E0,0.E0));
#16897=VECTOR('',#16896,2.5E-1);
#16898=CARTESIAN_POINT('',(3.75E-1,1.E-1,-2.5E0));
#16899=LINE('',#16898,#16897);
#16900=CURVE_STYLE('',#32,POSITIVE_LENGTH_MEASURE(2.E-2),#18);
#16901=PRESENTATION_STYLE_ASSIGNMENT((#16900));
#16902=STYLED_ITEM('',(#16901),#16899);
#16903=DIRECTION('',(0.E0,1.E0,0.E0));
#16904=VECTOR('',#16903,1.E-1);
#16905=CARTESIAN_POINT('',(3.75E-1,1.E-1,-2.5E0));
#16906=LINE('',#16905,#16904);
#16907=CURVE_STYLE('',#32,POSITIVE_LENGTH_MEASURE(2.E-2),#18);
#16908=PRESENTATION_STYLE_ASSIGNMENT((#16907));
#16909=STYLED_ITEM('',(#16908),#16906);
#16910=DIRECTION('',(0.E0,0.E0,1.E0));
#16911=VECTOR('',#16910,2.75E-1);
#16912=CARTESIAN_POINT('',(1.25E-1,2.E-1,-2.5E0));
#16913=LINE('',#16912,#16911);
#16914=CURVE_STYLE('',#32,POSITIVE_LENGTH_MEASURE(2.E-2),#18);
#16915=PRESENTATION_STYLE_ASSIGNMENT((#16914));
#16916=STYLED_ITEM('',(#16915),#16913);
#16917=DIRECTION('',(-1.E0,0.E0,0.E0));
#16918=VECTOR('',#16917,2.5E-1);
#16919=CARTESIAN_POINT('',(3.75E-1,2.E-1,-2.5E0));
#16920=LINE('',#16919,#16918);
#16921=CURVE_STYLE('',#32,POSITIVE_LENGTH_MEASURE(2.E-2),#18);
#16922=PRESENTATION_STYLE_ASSIGNMENT((#16921));
#16923=STYLED_ITEM('',(#16922),#16920);
#16924=DIRECTION('',(0.E0,0.E0,-1.E0));
#16925=VECTOR('',#16924,2.75E-1);
#16926=CARTESIAN_POINT('',(3.75E-1,2.E-1,-2.225E0));
#16927=LINE('',#16926,#16925);
#16928=CURVE_STYLE('',#32,POSITIVE_LENGTH_MEASURE(2.E-2),#18);
#16929=PRESENTATION_STYLE_ASSIGNMENT((#16928));
#16930=STYLED_ITEM('',(#16929),#16927);
#16931=CARTESIAN_POINT('',(2.5E-1,2.E-1,-2.225E0));
#16932=DIRECTION('',(0.E0,1.E0,0.E0));
#16933=DIRECTION('',(-1.E0,0.E0,0.E0));
#16934=AXIS2_PLACEMENT_3D('',#16931,#16932,#16933);
#16936=CURVE_STYLE('',#32,POSITIVE_LENGTH_MEASURE(2.E-2),#18);
#16937=PRESENTATION_STYLE_ASSIGNMENT((#16936));
#16938=STYLED_ITEM('',(#16937),#16935);
#16939=DIRECTION('',(0.E0,1.E0,0.E0));
#16940=VECTOR('',#16939,2.E-1);
#16941=CARTESIAN_POINT('',(1.25E-1,0.E0,-2.225E0));
#16942=LINE('',#16941,#16940);
#16943=CURVE_STYLE('',#32,POSITIVE_LENGTH_MEASURE(2.E-2),#18);
#16944=PRESENTATION_STYLE_ASSIGNMENT((#16943));
#16945=STYLED_ITEM('',(#16944),#16942);
#16946=CARTESIAN_POINT('',(1.25E-1,0.E0,-2.225E0));
#16947=CARTESIAN_POINT('',(3.75E-1,0.E0,-2.225E0));
#16948=VERTEX_POINT('',#16946);
#16949=VERTEX_POINT('',#16947);
#16950=CARTESIAN_POINT('',(1.25E-1,2.E-1,-2.5E0));
#16951=CARTESIAN_POINT('',(1.25E-1,2.E-1,-2.225E0));
#16952=VERTEX_POINT('',#16950);
#16953=VERTEX_POINT('',#16951);
#16954=CARTESIAN_POINT('',(3.75E-1,2.E-1,-2.225E0));
#16955=VERTEX_POINT('',#16954);
#16956=CARTESIAN_POINT('',(3.75E-1,2.E-1,-2.5E0));
#16957=VERTEX_POINT('',#16956);
#16958=CARTESIAN_POINT('',(1.25E-1,0.E0,-2.45E0));
#16959=CARTESIAN_POINT('',(3.75E-1,0.E0,-2.45E0));
#16960=VERTEX_POINT('',#16958);
#16961=VERTEX_POINT('',#16959);
#16962=CARTESIAN_POINT('',(1.25E-1,1.E-1,-2.5E0));
#16963=CARTESIAN_POINT('',(1.25E-1,1.E-1,-2.45E0));
#16964=VERTEX_POINT('',#16962);
#16965=VERTEX_POINT('',#16963);
#16966=CARTESIAN_POINT('',(3.75E-1,1.E-1,-2.45E0));
#16967=CARTESIAN_POINT('',(3.75E-1,1.E-1,-2.5E0));
#16968=VERTEX_POINT('',#16966);
#16969=VERTEX_POINT('',#16967);
#16970=CARTESIAN_POINT('',(0.E0,0.E0,0.E0));
#16971=DIRECTION('',(0.E0,1.E0,0.E0));
#16972=DIRECTION('',(1.E0,0.E0,0.E0));
#16973=AXIS2_PLACEMENT_3D('',#16970,#16971,#16972);
#16974=PLANE('',#16973);
#16976=ORIENTED_EDGE('',*,*,#16975,.F.);
#16978=ORIENTED_EDGE('',*,*,#16977,.T.);
#16980=ORIENTED_EDGE('',*,*,#16979,.T.);
#16982=ORIENTED_EDGE('',*,*,#16981,.T.);
#16983=EDGE_LOOP('',(#16976,#16978,#16980,#16982));
#16984=FACE_OUTER_BOUND('',#16983,.F.);
#16986=FILL_AREA_STYLE_COLOUR('',#22);
#16987=FILL_AREA_STYLE('',(#16986));
#16988=SURFACE_STYLE_FILL_AREA(#16987);
#16989=SURFACE_SIDE_STYLE('',(#16988));
#16990=SURFACE_STYLE_USAGE(.POSITIVE.,#16989);
#16991=PRESENTATION_STYLE_ASSIGNMENT((#16990));
#16992=OVER_RIDING_STYLED_ITEM('',(#16991),#16985,#16817);
#16993=CARTESIAN_POINT('',(-2.45E0,0.E0,-2.45E0));
#16994=DIRECTION('',(0.E0,0.E0,1.E0));
#16995=DIRECTION('',(1.E0,0.E0,0.E0));
#16996=AXIS2_PLACEMENT_3D('',#16993,#16994,#16995);
#16997=PLANE('',#16996);
#16998=ORIENTED_EDGE('',*,*,#16975,.T.);
#17000=ORIENTED_EDGE('',*,*,#16999,.T.);
#17002=ORIENTED_EDGE('',*,*,#17001,.F.);
#17004=ORIENTED_EDGE('',*,*,#17003,.F.);
#17005=EDGE_LOOP('',(#16998,#17000,#17002,#17004));
#17006=FACE_OUTER_BOUND('',#17005,.F.);
#17008=CARTESIAN_POINT('',(3.75E-1,0.E0,-2.225E0));
#17009=DIRECTION('',(1.E0,0.E0,0.E0));
#17010=DIRECTION('',(0.E0,0.E0,-1.E0));
#17011=AXIS2_PLACEMENT_3D('',#17008,#17009,#17010);
#17012=PLANE('',#17011);
#17014=ORIENTED_EDGE('',*,*,#17013,.F.);
#17015=ORIENTED_EDGE('',*,*,#16999,.F.);
#17016=ORIENTED_EDGE('',*,*,#16981,.F.);
#17018=ORIENTED_EDGE('',*,*,#17017,.T.);
#17020=ORIENTED_EDGE('',*,*,#17019,.T.);
#17022=ORIENTED_EDGE('',*,*,#17021,.F.);
#17023=EDGE_LOOP('',(#17014,#17015,#17016,#17018,#17020,#17022));
#17024=FACE_OUTER_BOUND('',#17023,.F.);
#17026=CARTESIAN_POINT('',(0.E0,1.E-1,0.E0));
#17027=DIRECTION('',(0.E0,1.E0,0.E0));
#17028=DIRECTION('',(1.E0,0.E0,0.E0));
#17029=AXIS2_PLACEMENT_3D('',#17026,#17027,#17028);
#17030=PLANE('',#17029);
#17032=ORIENTED_EDGE('',*,*,#17031,.T.);
#17033=ORIENTED_EDGE('',*,*,#17001,.T.);
#17034=ORIENTED_EDGE('',*,*,#17013,.T.);
#17036=ORIENTED_EDGE('',*,*,#17035,.T.);
#17037=EDGE_LOOP('',(#17032,#17033,#17034,#17036));
#17038=FACE_OUTER_BOUND('',#17037,.F.);
#17040=CARTESIAN_POINT('',(1.25E-1,0.E0,-2.5E0));
#17041=DIRECTION('',(-1.E0,0.E0,0.E0));
#17042=DIRECTION('',(0.E0,0.E0,1.E0));
#17043=AXIS2_PLACEMENT_3D('',#17040,#17041,#17042);
#17044=PLANE('',#17043);
#17045=ORIENTED_EDGE('',*,*,#17031,.F.);
#17047=ORIENTED_EDGE('',*,*,#17046,.T.);
#17049=ORIENTED_EDGE('',*,*,#17048,.T.);
#17051=ORIENTED_EDGE('',*,*,#17050,.F.);
#17052=ORIENTED_EDGE('',*,*,#16977,.F.);
#17053=ORIENTED_EDGE('',*,*,#17003,.T.);
#17054=EDGE_LOOP('',(#17045,#17047,#17049,#17051,#17052,#17053));
#17055=FACE_OUTER_BOUND('',#17054,.F.);
#17057=CARTESIAN_POINT('',(3.75E-1,0.E0,-2.5E0));
#17058=DIRECTION('',(0.E0,0.E0,-1.E0));
#17059=DIRECTION('',(-1.E0,0.E0,0.E0));
#17060=AXIS2_PLACEMENT_3D('',#17057,#17058,#17059);
#17061=PLANE('',#17060);
#17062=ORIENTED_EDGE('',*,*,#17035,.F.);
#17063=ORIENTED_EDGE('',*,*,#17021,.T.);
#17065=ORIENTED_EDGE('',*,*,#17064,.T.);
#17066=ORIENTED_EDGE('',*,*,#17046,.F.);
#17067=EDGE_LOOP('',(#17062,#17063,#17065,#17066));
#17068=FACE_OUTER_BOUND('',#17067,.F.);
#17070=CARTESIAN_POINT('',(0.E0,2.E-1,0.E0));
#17071=DIRECTION('',(0.E0,1.E0,0.E0));
#17072=DIRECTION('',(1.E0,0.E0,0.E0));
#17073=AXIS2_PLACEMENT_3D('',#17070,#17071,#17072);
#17074=PLANE('',#17073);
#17075=ORIENTED_EDGE('',*,*,#17048,.F.);
#17076=ORIENTED_EDGE('',*,*,#17064,.F.);
#17077=ORIENTED_EDGE('',*,*,#17019,.F.);
#17079=ORIENTED_EDGE('',*,*,#17078,.F.);
#17080=EDGE_LOOP('',(#17075,#17076,#17077,#17079));
#17081=FACE_OUTER_BOUND('',#17080,.F.);
#17083=CARTESIAN_POINT('',(2.5E-1,0.E0,-2.225E0));
#17084=DIRECTION('',(0.E0,1.E0,0.E0));
#17085=DIRECTION('',(1.E0,0.E0,0.E0));
#17086=AXIS2_PLACEMENT_3D('',#17083,#17084,#17085);
#17087=CYLINDRICAL_SURFACE('',#17086,1.25E-1);
#17088=ORIENTED_EDGE('',*,*,#16979,.F.);
#17089=ORIENTED_EDGE('',*,*,#17050,.T.);
#17090=ORIENTED_EDGE('',*,*,#17078,.T.);
#17091=ORIENTED_EDGE('',*,*,#17017,.F.);
#17092=EDGE_LOOP('',(#17088,#17089,#17090,#17091));
#17093=FACE_OUTER_BOUND('',#17092,.F.);
#17095=CLOSED_SHELL('',(#16985,#17007,#17025,#17039,#17056,#17069,#17082,
#17094));
#17096=MANIFOLD_SOLID_BREP('',#17095);
#17097=FILL_AREA_STYLE_COLOUR('',#18);
#17098=FILL_AREA_STYLE('',(#17097));
#17099=SURFACE_STYLE_FILL_AREA(#17098);
#17100=SURFACE_SIDE_STYLE('',(#17099));
#17101=SURFACE_STYLE_USAGE(.POSITIVE.,#17100);
#17102=PRESENTATION_STYLE_ASSIGNMENT((#17101));
#16817=STYLED_ITEM('',(#17102),#17096);
#17104=DIRECTION('',(1.E0,0.E0,0.E0));
#17105=VECTOR('',#17104,2.5E-1);
#17106=CARTESIAN_POINT('',(6.25E-1,0.E0,-2.45E0));
#17107=LINE('',#17106,#17105);
#17108=CURVE_STYLE('',#32,POSITIVE_LENGTH_MEASURE(2.E-2),#18);
#17109=PRESENTATION_STYLE_ASSIGNMENT((#17108));
#17110=STYLED_ITEM('',(#17109),#17107);
#17111=DIRECTION('',(0.E0,0.E0,1.E0));
#17112=VECTOR('',#17111,2.25E-1);
#17113=CARTESIAN_POINT('',(6.25E-1,0.E0,-2.45E0));
#17114=LINE('',#17113,#17112);
#17115=CURVE_STYLE('',#32,POSITIVE_LENGTH_MEASURE(2.E-2),#18);
#17116=PRESENTATION_STYLE_ASSIGNMENT((#17115));
#17117=STYLED_ITEM('',(#17116),#17114);
#17118=CARTESIAN_POINT('',(7.5E-1,0.E0,-2.225E0));
#17119=DIRECTION('',(0.E0,1.E0,0.E0));
#17120=DIRECTION('',(-1.E0,0.E0,0.E0));
#17121=AXIS2_PLACEMENT_3D('',#17118,#17119,#17120);
#17123=CURVE_STYLE('',#32,POSITIVE_LENGTH_MEASURE(2.E-2),#18);
#17124=PRESENTATION_STYLE_ASSIGNMENT((#17123));
#17125=STYLED_ITEM('',(#17124),#17122);
#17126=DIRECTION('',(0.E0,0.E0,-1.E0));
#17127=VECTOR('',#17126,2.25E-1);
#17128=CARTESIAN_POINT('',(8.75E-1,0.E0,-2.225E0));
#17129=LINE('',#17128,#17127);
#17130=CURVE_STYLE('',#32,POSITIVE_LENGTH_MEASURE(2.E-2),#18);
#17131=PRESENTATION_STYLE_ASSIGNMENT((#17130));
#17132=STYLED_ITEM('',(#17131),#17129);
#17133=DIRECTION('',(0.E0,0.E0,-1.E0));
#17134=VECTOR('',#17133,5.E-2);
#17135=CARTESIAN_POINT('',(8.75E-1,1.E-1,-2.45E0));
#17136=LINE('',#17135,#17134);
#17137=CURVE_STYLE('',#32,POSITIVE_LENGTH_MEASURE(2.E-2),#18);
#17138=PRESENTATION_STYLE_ASSIGNMENT((#17137));
#17139=STYLED_ITEM('',(#17138),#17136);
#17140=DIRECTION('',(0.E0,1.E0,0.E0));
#17141=VECTOR('',#17140,1.E-1);
#17142=CARTESIAN_POINT('',(8.75E-1,0.E0,-2.45E0));
#17143=LINE('',#17142,#17141);
#17144=CURVE_STYLE('',#32,POSITIVE_LENGTH_MEASURE(2.E-2),#18);
#17145=PRESENTATION_STYLE_ASSIGNMENT((#17144));
#17146=STYLED_ITEM('',(#17145),#17143);
#17147=DIRECTION('',(0.E0,1.E0,0.E0));
#17148=VECTOR('',#17147,2.E-1);
#17149=CARTESIAN_POINT('',(8.75E-1,0.E0,-2.225E0));
#17150=LINE('',#17149,#17148);
#17151=CURVE_STYLE('',#32,POSITIVE_LENGTH_MEASURE(2.E-2),#18);
#17152=PRESENTATION_STYLE_ASSIGNMENT((#17151));
#17153=STYLED_ITEM('',(#17152),#17150);
#17154=DIRECTION('',(1.E0,0.E0,0.E0));
#17155=VECTOR('',#17154,2.5E-1);
#17156=CARTESIAN_POINT('',(6.25E-1,1.E-1,-2.45E0));
#17157=LINE('',#17156,#17155);
#17158=CURVE_STYLE('',#32,POSITIVE_LENGTH_MEASURE(2.E-2),#18);
#17159=PRESENTATION_STYLE_ASSIGNMENT((#17158));
#17160=STYLED_ITEM('',(#17159),#17157);
#17161=DIRECTION('',(0.E0,0.E0,1.E0));
#17162=VECTOR('',#17161,5.E-2);
#17163=CARTESIAN_POINT('',(6.25E-1,1.E-1,-2.5E0));
#17164=LINE('',#17163,#17162);
#17165=CURVE_STYLE('',#32,POSITIVE_LENGTH_MEASURE(2.E-2),#18);
#17166=PRESENTATION_STYLE_ASSIGNMENT((#17165));
#17167=STYLED_ITEM('',(#17166),#17164);
#17168=DIRECTION('',(0.E0,1.E0,0.E0));
#17169=VECTOR('',#17168,1.E-1);
#17170=CARTESIAN_POINT('',(6.25E-1,1.E-1,-2.5E0));
#17171=LINE('',#17170,#17169);
#17172=CURVE_STYLE('',#32,POSITIVE_LENGTH_MEASURE(2.E-2),#18);
#17173=PRESENTATION_STYLE_ASSIGNMENT((#17172));
#17174=STYLED_ITEM('',(#17173),#17171);
#17175=DIRECTION('',(0.E0,1.E0,0.E0));
#17176=VECTOR('',#17175,1.E-1);
#17177=CARTESIAN_POINT('',(6.25E-1,0.E0,-2.45E0));
#17178=LINE('',#17177,#17176);
#17179=CURVE_STYLE('',#32,POSITIVE_LENGTH_MEASURE(2.E-2),#18);
#17180=PRESENTATION_STYLE_ASSIGNMENT((#17179));
#17181=STYLED_ITEM('',(#17180),#17178);
#17182=DIRECTION('',(-1.E0,0.E0,0.E0));
#17183=VECTOR('',#17182,2.5E-1);
#17184=CARTESIAN_POINT('',(8.75E-1,1.E-1,-2.5E0));
#17185=LINE('',#17184,#17183);
#17186=CURVE_STYLE('',#32,POSITIVE_LENGTH_MEASURE(2.E-2),#18);
#17187=PRESENTATION_STYLE_ASSIGNMENT((#17186));
#17188=STYLED_ITEM('',(#17187),#17185);
#17189=DIRECTION('',(0.E0,1.E0,0.E0));
#17190=VECTOR('',#17189,1.E-1);
#17191=CARTESIAN_POINT('',(8.75E-1,1.E-1,-2.5E0));
#17192=LINE('',#17191,#17190);
#17193=CURVE_STYLE('',#32,POSITIVE_LENGTH_MEASURE(2.E-2),#18);
#17194=PRESENTATION_STYLE_ASSIGNMENT((#17193));
#17195=STYLED_ITEM('',(#17194),#17192);
#17196=DIRECTION('',(0.E0,0.E0,1.E0));
#17197=VECTOR('',#17196,2.75E-1);
#17198=CARTESIAN_POINT('',(6.25E-1,2.E-1,-2.5E0));
#17199=LINE('',#17198,#17197);
#17200=CURVE_STYLE('',#32,POSITIVE_LENGTH_MEASURE(2.E-2),#18);
#17201=PRESENTATION_STYLE_ASSIGNMENT((#17200));
#17202=STYLED_ITEM('',(#17201),#17199);
#17203=DIRECTION('',(-1.E0,0.E0,0.E0));
#17204=VECTOR('',#17203,2.5E-1);
#17205=CARTESIAN_POINT('',(8.75E-1,2.E-1,-2.5E0));
#17206=LINE('',#17205,#17204);
#17207=CURVE_STYLE('',#32,POSITIVE_LENGTH_MEASURE(2.E-2),#18);
#17208=PRESENTATION_STYLE_ASSIGNMENT((#17207));
#17209=STYLED_ITEM('',(#17208),#17206);
#17210=DIRECTION('',(0.E0,0.E0,-1.E0));
#17211=VECTOR('',#17210,2.75E-1);
#17212=CARTESIAN_POINT('',(8.75E-1,2.E-1,-2.225E0));
#17213=LINE('',#17212,#17211);
#17214=CURVE_STYLE('',#32,POSITIVE_LENGTH_MEASURE(2.E-2),#18);
#17215=PRESENTATION_STYLE_ASSIGNMENT((#17214));
#17216=STYLED_ITEM('',(#17215),#17213);
#17217=CARTESIAN_POINT('',(7.5E-1,2.E-1,-2.225E0));
#17218=DIRECTION('',(0.E0,1.E0,0.E0));
#17219=DIRECTION('',(-1.E0,0.E0,0.E0));
#17220=AXIS2_PLACEMENT_3D('',#17217,#17218,#17219);
#17222=CURVE_STYLE('',#32,POSITIVE_LENGTH_MEASURE(2.E-2),#18);
#17223=PRESENTATION_STYLE_ASSIGNMENT((#17222));
#17224=STYLED_ITEM('',(#17223),#17221);
#17225=DIRECTION('',(0.E0,1.E0,0.E0));
#17226=VECTOR('',#17225,2.E-1);
#17227=CARTESIAN_POINT('',(6.25E-1,0.E0,-2.225E0));
#17228=LINE('',#17227,#17226);
#17229=CURVE_STYLE('',#32,POSITIVE_LENGTH_MEASURE(2.E-2),#18);
#17230=PRESENTATION_STYLE_ASSIGNMENT((#17229));
#17231=STYLED_ITEM('',(#17230),#17228);
#17232=CARTESIAN_POINT('',(6.25E-1,0.E0,-2.225E0));
#17233=CARTESIAN_POINT('',(8.75E-1,0.E0,-2.225E0));
#17234=VERTEX_POINT('',#17232);
#17235=VERTEX_POINT('',#17233);
#17236=CARTESIAN_POINT('',(6.25E-1,2.E-1,-2.5E0));
#17237=CARTESIAN_POINT('',(6.25E-1,2.E-1,-2.225E0));
#17238=VERTEX_POINT('',#17236);
#17239=VERTEX_POINT('',#17237);
#17240=CARTESIAN_POINT('',(8.75E-1,2.E-1,-2.225E0));
#17241=VERTEX_POINT('',#17240);
#17242=CARTESIAN_POINT('',(8.75E-1,2.E-1,-2.5E0));
#17243=VERTEX_POINT('',#17242);
#17244=CARTESIAN_POINT('',(6.25E-1,0.E0,-2.45E0));
#17245=CARTESIAN_POINT('',(8.75E-1,0.E0,-2.45E0));
#17246=VERTEX_POINT('',#17244);
#17247=VERTEX_POINT('',#17245);
#17248=CARTESIAN_POINT('',(6.25E-1,1.E-1,-2.5E0));
#17249=CARTESIAN_POINT('',(6.25E-1,1.E-1,-2.45E0));
#17250=VERTEX_POINT('',#17248);
#17251=VERTEX_POINT('',#17249);
#17252=CARTESIAN_POINT('',(8.75E-1,1.E-1,-2.45E0));
#17253=CARTESIAN_POINT('',(8.75E-1,1.E-1,-2.5E0));
#17254=VERTEX_POINT('',#17252);
#17255=VERTEX_POINT('',#17253);
#17256=CARTESIAN_POINT('',(0.E0,0.E0,0.E0));
#17257=DIRECTION('',(0.E0,1.E0,0.E0));
#17258=DIRECTION('',(1.E0,0.E0,0.E0));
#17259=AXIS2_PLACEMENT_3D('',#17256,#17257,#17258);
#17260=PLANE('',#17259);
#17262=ORIENTED_EDGE('',*,*,#17261,.F.);
#17264=ORIENTED_EDGE('',*,*,#17263,.T.);
#17266=ORIENTED_EDGE('',*,*,#17265,.T.);
#17268=ORIENTED_EDGE('',*,*,#17267,.T.);
#17269=EDGE_LOOP('',(#17262,#17264,#17266,#17268));
#17270=FACE_OUTER_BOUND('',#17269,.F.);
#17272=FILL_AREA_STYLE_COLOUR('',#22);
#17273=FILL_AREA_STYLE('',(#17272));
#17274=SURFACE_STYLE_FILL_AREA(#17273);
#17275=SURFACE_SIDE_STYLE('',(#17274));
#17276=SURFACE_STYLE_USAGE(.POSITIVE.,#17275);
#17277=PRESENTATION_STYLE_ASSIGNMENT((#17276));
#17278=OVER_RIDING_STYLED_ITEM('',(#17277),#17271,#17103);
#17279=CARTESIAN_POINT('',(-2.45E0,0.E0,-2.45E0));
#17280=DIRECTION('',(0.E0,0.E0,1.E0));
#17281=DIRECTION('',(1.E0,0.E0,0.E0));
#17282=AXIS2_PLACEMENT_3D('',#17279,#17280,#17281);
#17283=PLANE('',#17282);
#17284=ORIENTED_EDGE('',*,*,#17261,.T.);
#17286=ORIENTED_EDGE('',*,*,#17285,.T.);
#17288=ORIENTED_EDGE('',*,*,#17287,.F.);
#17290=ORIENTED_EDGE('',*,*,#17289,.F.);
#17291=EDGE_LOOP('',(#17284,#17286,#17288,#17290));
#17292=FACE_OUTER_BOUND('',#17291,.F.);
#17294=CARTESIAN_POINT('',(8.75E-1,0.E0,-2.225E0));
#17295=DIRECTION('',(1.E0,0.E0,0.E0));
#17296=DIRECTION('',(0.E0,0.E0,-1.E0));
#17297=AXIS2_PLACEMENT_3D('',#17294,#17295,#17296);
#17298=PLANE('',#17297);
#17300=ORIENTED_EDGE('',*,*,#17299,.F.);
#17301=ORIENTED_EDGE('',*,*,#17285,.F.);
#17302=ORIENTED_EDGE('',*,*,#17267,.F.);
#17304=ORIENTED_EDGE('',*,*,#17303,.T.);
#17306=ORIENTED_EDGE('',*,*,#17305,.T.);
#17308=ORIENTED_EDGE('',*,*,#17307,.F.);
#17309=EDGE_LOOP('',(#17300,#17301,#17302,#17304,#17306,#17308));
#17310=FACE_OUTER_BOUND('',#17309,.F.);
#17312=CARTESIAN_POINT('',(0.E0,1.E-1,0.E0));
#17313=DIRECTION('',(0.E0,1.E0,0.E0));
#17314=DIRECTION('',(1.E0,0.E0,0.E0));
#17315=AXIS2_PLACEMENT_3D('',#17312,#17313,#17314);
#17316=PLANE('',#17315);
#17318=ORIENTED_EDGE('',*,*,#17317,.T.);
#17319=ORIENTED_EDGE('',*,*,#17287,.T.);
#17320=ORIENTED_EDGE('',*,*,#17299,.T.);
#17322=ORIENTED_EDGE('',*,*,#17321,.T.);
#17323=EDGE_LOOP('',(#17318,#17319,#17320,#17322));
#17324=FACE_OUTER_BOUND('',#17323,.F.);
#17326=CARTESIAN_POINT('',(6.25E-1,0.E0,-2.5E0));
#17327=DIRECTION('',(-1.E0,0.E0,0.E0));
#17328=DIRECTION('',(0.E0,0.E0,1.E0));
#17329=AXIS2_PLACEMENT_3D('',#17326,#17327,#17328);
#17330=PLANE('',#17329);
#17331=ORIENTED_EDGE('',*,*,#17317,.F.);
#17333=ORIENTED_EDGE('',*,*,#17332,.T.);
#17335=ORIENTED_EDGE('',*,*,#17334,.T.);
#17337=ORIENTED_EDGE('',*,*,#17336,.F.);
#17338=ORIENTED_EDGE('',*,*,#17263,.F.);
#17339=ORIENTED_EDGE('',*,*,#17289,.T.);
#17340=EDGE_LOOP('',(#17331,#17333,#17335,#17337,#17338,#17339));
#17341=FACE_OUTER_BOUND('',#17340,.F.);
#17343=CARTESIAN_POINT('',(8.75E-1,0.E0,-2.5E0));
#17344=DIRECTION('',(0.E0,0.E0,-1.E0));
#17345=DIRECTION('',(-1.E0,0.E0,0.E0));
#17346=AXIS2_PLACEMENT_3D('',#17343,#17344,#17345);
#17347=PLANE('',#17346);
#17348=ORIENTED_EDGE('',*,*,#17321,.F.);
#17349=ORIENTED_EDGE('',*,*,#17307,.T.);
#17351=ORIENTED_EDGE('',*,*,#17350,.T.);
#17352=ORIENTED_EDGE('',*,*,#17332,.F.);
#17353=EDGE_LOOP('',(#17348,#17349,#17351,#17352));
#17354=FACE_OUTER_BOUND('',#17353,.F.);
#17356=CARTESIAN_POINT('',(0.E0,2.E-1,0.E0));
#17357=DIRECTION('',(0.E0,1.E0,0.E0));
#17358=DIRECTION('',(1.E0,0.E0,0.E0));
#17359=AXIS2_PLACEMENT_3D('',#17356,#17357,#17358);
#17360=PLANE('',#17359);
#17361=ORIENTED_EDGE('',*,*,#17334,.F.);
#17362=ORIENTED_EDGE('',*,*,#17350,.F.);
#17363=ORIENTED_EDGE('',*,*,#17305,.F.);
#17365=ORIENTED_EDGE('',*,*,#17364,.F.);
#17366=EDGE_LOOP('',(#17361,#17362,#17363,#17365));
#17367=FACE_OUTER_BOUND('',#17366,.F.);
#17369=CARTESIAN_POINT('',(7.5E-1,0.E0,-2.225E0));
#17370=DIRECTION('',(0.E0,1.E0,0.E0));
#17371=DIRECTION('',(1.E0,0.E0,0.E0));
#17372=AXIS2_PLACEMENT_3D('',#17369,#17370,#17371);
#17373=CYLINDRICAL_SURFACE('',#17372,1.25E-1);
#17374=ORIENTED_EDGE('',*,*,#17265,.F.);
#17375=ORIENTED_EDGE('',*,*,#17336,.T.);
#17376=ORIENTED_EDGE('',*,*,#17364,.T.);
#17377=ORIENTED_EDGE('',*,*,#17303,.F.);
#17378=EDGE_LOOP('',(#17374,#17375,#17376,#17377));
#17379=FACE_OUTER_BOUND('',#17378,.F.);
#17381=CLOSED_SHELL('',(#17271,#17293,#17311,#17325,#17342,#17355,#17368,
#17380));
#17382=MANIFOLD_SOLID_BREP('',#17381);
#17383=FILL_AREA_STYLE_COLOUR('',#18);
#17384=FILL_AREA_STYLE('',(#17383));
#17385=SURFACE_STYLE_FILL_AREA(#17384);
#17386=SURFACE_SIDE_STYLE('',(#17385));
#17387=SURFACE_STYLE_USAGE(.POSITIVE.,#17386);
#17388=PRESENTATION_STYLE_ASSIGNMENT((#17387));
#17103=STYLED_ITEM('',(#17388),#17382);
#17390=DIRECTION('',(1.E0,0.E0,0.E0));
#17391=VECTOR('',#17390,2.5E-1);
#17392=CARTESIAN_POINT('',(1.125E0,0.E0,-2.45E0));
#17393=LINE('',#17392,#17391);
#17394=CURVE_STYLE('',#32,POSITIVE_LENGTH_MEASURE(2.E-2),#18);
#17395=PRESENTATION_STYLE_ASSIGNMENT((#17394));
#17396=STYLED_ITEM('',(#17395),#17393);
#17397=DIRECTION('',(0.E0,0.E0,1.E0));
#17398=VECTOR('',#17397,2.25E-1);
#17399=CARTESIAN_POINT('',(1.125E0,0.E0,-2.45E0));
#17400=LINE('',#17399,#17398);
#17401=CURVE_STYLE('',#32,POSITIVE_LENGTH_MEASURE(2.E-2),#18);
#17402=PRESENTATION_STYLE_ASSIGNMENT((#17401));
#17403=STYLED_ITEM('',(#17402),#17400);
#17404=CARTESIAN_POINT('',(1.25E0,0.E0,-2.225E0));
#17405=DIRECTION('',(0.E0,1.E0,0.E0));
#17406=DIRECTION('',(-1.E0,0.E0,0.E0));
#17407=AXIS2_PLACEMENT_3D('',#17404,#17405,#17406);
#17409=CURVE_STYLE('',#32,POSITIVE_LENGTH_MEASURE(2.E-2),#18);
#17410=PRESENTATION_STYLE_ASSIGNMENT((#17409));
#17411=STYLED_ITEM('',(#17410),#17408);
#17412=DIRECTION('',(0.E0,0.E0,-1.E0));
#17413=VECTOR('',#17412,2.25E-1);
#17414=CARTESIAN_POINT('',(1.375E0,0.E0,-2.225E0));
#17415=LINE('',#17414,#17413);
#17416=CURVE_STYLE('',#32,POSITIVE_LENGTH_MEASURE(2.E-2),#18);
#17417=PRESENTATION_STYLE_ASSIGNMENT((#17416));
#17418=STYLED_ITEM('',(#17417),#17415);
#17419=DIRECTION('',(0.E0,0.E0,-1.E0));
#17420=VECTOR('',#17419,5.E-2);
#17421=CARTESIAN_POINT('',(1.375E0,1.E-1,-2.45E0));
#17422=LINE('',#17421,#17420);
#17423=CURVE_STYLE('',#32,POSITIVE_LENGTH_MEASURE(2.E-2),#18);
#17424=PRESENTATION_STYLE_ASSIGNMENT((#17423));
#17425=STYLED_ITEM('',(#17424),#17422);
#17426=DIRECTION('',(0.E0,1.E0,0.E0));
#17427=VECTOR('',#17426,1.E-1);
#17428=CARTESIAN_POINT('',(1.375E0,0.E0,-2.45E0));
#17429=LINE('',#17428,#17427);
#17430=CURVE_STYLE('',#32,POSITIVE_LENGTH_MEASURE(2.E-2),#18);
#17431=PRESENTATION_STYLE_ASSIGNMENT((#17430));
#17432=STYLED_ITEM('',(#17431),#17429);
#17433=DIRECTION('',(0.E0,1.E0,0.E0));
#17434=VECTOR('',#17433,2.E-1);
#17435=CARTESIAN_POINT('',(1.375E0,0.E0,-2.225E0));
#17436=LINE('',#17435,#17434);
#17437=CURVE_STYLE('',#32,POSITIVE_LENGTH_MEASURE(2.E-2),#18);
#17438=PRESENTATION_STYLE_ASSIGNMENT((#17437));
#17439=STYLED_ITEM('',(#17438),#17436);
#17440=DIRECTION('',(1.E0,0.E0,0.E0));
#17441=VECTOR('',#17440,2.5E-1);
#17442=CARTESIAN_POINT('',(1.125E0,1.E-1,-2.45E0));
#17443=LINE('',#17442,#17441);
#17444=CURVE_STYLE('',#32,POSITIVE_LENGTH_MEASURE(2.E-2),#18);
#17445=PRESENTATION_STYLE_ASSIGNMENT((#17444));
#17446=STYLED_ITEM('',(#17445),#17443);
#17447=DIRECTION('',(0.E0,0.E0,1.E0));
#17448=VECTOR('',#17447,5.E-2);
#17449=CARTESIAN_POINT('',(1.125E0,1.E-1,-2.5E0));
#17450=LINE('',#17449,#17448);
#17451=CURVE_STYLE('',#32,POSITIVE_LENGTH_MEASURE(2.E-2),#18);
#17452=PRESENTATION_STYLE_ASSIGNMENT((#17451));
#17453=STYLED_ITEM('',(#17452),#17450);
#17454=DIRECTION('',(0.E0,1.E0,0.E0));
#17455=VECTOR('',#17454,1.E-1);
#17456=CARTESIAN_POINT('',(1.125E0,1.E-1,-2.5E0));
#17457=LINE('',#17456,#17455);
#17458=CURVE_STYLE('',#32,POSITIVE_LENGTH_MEASURE(2.E-2),#18);
#17459=PRESENTATION_STYLE_ASSIGNMENT((#17458));
#17460=STYLED_ITEM('',(#17459),#17457);
#17461=DIRECTION('',(0.E0,1.E0,0.E0));
#17462=VECTOR('',#17461,1.E-1);
#17463=CARTESIAN_POINT('',(1.125E0,0.E0,-2.45E0));
#17464=LINE('',#17463,#17462);
#17465=CURVE_STYLE('',#32,POSITIVE_LENGTH_MEASURE(2.E-2),#18);
#17466=PRESENTATION_STYLE_ASSIGNMENT((#17465));
#17467=STYLED_ITEM('',(#17466),#17464);
#17468=DIRECTION('',(-1.E0,0.E0,0.E0));
#17469=VECTOR('',#17468,2.5E-1);
#17470=CARTESIAN_POINT('',(1.375E0,1.E-1,-2.5E0));
#17471=LINE('',#17470,#17469);
#17472=CURVE_STYLE('',#32,POSITIVE_LENGTH_MEASURE(2.E-2),#18);
#17473=PRESENTATION_STYLE_ASSIGNMENT((#17472));
#17474=STYLED_ITEM('',(#17473),#17471);
#17475=DIRECTION('',(0.E0,1.E0,0.E0));
#17476=VECTOR('',#17475,1.E-1);
#17477=CARTESIAN_POINT('',(1.375E0,1.E-1,-2.5E0));
#17478=LINE('',#17477,#17476);
#17479=CURVE_STYLE('',#32,POSITIVE_LENGTH_MEASURE(2.E-2),#18);
#17480=PRESENTATION_STYLE_ASSIGNMENT((#17479));
#17481=STYLED_ITEM('',(#17480),#17478);
#17482=DIRECTION('',(0.E0,0.E0,1.E0));
#17483=VECTOR('',#17482,2.75E-1);
#17484=CARTESIAN_POINT('',(1.125E0,2.E-1,-2.5E0));
#17485=LINE('',#17484,#17483);
#17486=CURVE_STYLE('',#32,POSITIVE_LENGTH_MEASURE(2.E-2),#18);
#17487=PRESENTATION_STYLE_ASSIGNMENT((#17486));
#17488=STYLED_ITEM('',(#17487),#17485);
#17489=DIRECTION('',(-1.E0,0.E0,0.E0));
#17490=VECTOR('',#17489,2.5E-1);
#17491=CARTESIAN_POINT('',(1.375E0,2.E-1,-2.5E0));
#17492=LINE('',#17491,#17490);
#17493=CURVE_STYLE('',#32,POSITIVE_LENGTH_MEASURE(2.E-2),#18);
#17494=PRESENTATION_STYLE_ASSIGNMENT((#17493));
#17495=STYLED_ITEM('',(#17494),#17492);
#17496=DIRECTION('',(0.E0,0.E0,-1.E0));
#17497=VECTOR('',#17496,2.75E-1);
#17498=CARTESIAN_POINT('',(1.375E0,2.E-1,-2.225E0));
#17499=LINE('',#17498,#17497);
#17500=CURVE_STYLE('',#32,POSITIVE_LENGTH_MEASURE(2.E-2),#18);
#17501=PRESENTATION_STYLE_ASSIGNMENT((#17500));
#17502=STYLED_ITEM('',(#17501),#17499);
#17503=CARTESIAN_POINT('',(1.25E0,2.E-1,-2.225E0));
#17504=DIRECTION('',(0.E0,1.E0,0.E0));
#17505=DIRECTION('',(-1.E0,0.E0,0.E0));
#17506=AXIS2_PLACEMENT_3D('',#17503,#17504,#17505);
#17508=CURVE_STYLE('',#32,POSITIVE_LENGTH_MEASURE(2.E-2),#18);
#17509=PRESENTATION_STYLE_ASSIGNMENT((#17508));
#17510=STYLED_ITEM('',(#17509),#17507);
#17511=DIRECTION('',(0.E0,1.E0,0.E0));
#17512=VECTOR('',#17511,2.E-1);
#17513=CARTESIAN_POINT('',(1.125E0,0.E0,-2.225E0));
#17514=LINE('',#17513,#17512);
#17515=CURVE_STYLE('',#32,POSITIVE_LENGTH_MEASURE(2.E-2),#18);
#17516=PRESENTATION_STYLE_ASSIGNMENT((#17515));
#17517=STYLED_ITEM('',(#17516),#17514);
#17518=CARTESIAN_POINT('',(1.125E0,0.E0,-2.225E0));
#17519=CARTESIAN_POINT('',(1.375E0,0.E0,-2.225E0));
#17520=VERTEX_POINT('',#17518);
#17521=VERTEX_POINT('',#17519);
#17522=CARTESIAN_POINT('',(1.125E0,2.E-1,-2.5E0));
#17523=CARTESIAN_POINT('',(1.125E0,2.E-1,-2.225E0));
#17524=VERTEX_POINT('',#17522);
#17525=VERTEX_POINT('',#17523);
#17526=CARTESIAN_POINT('',(1.375E0,2.E-1,-2.225E0));
#17527=VERTEX_POINT('',#17526);
#17528=CARTESIAN_POINT('',(1.375E0,2.E-1,-2.5E0));
#17529=VERTEX_POINT('',#17528);
#17530=CARTESIAN_POINT('',(1.125E0,0.E0,-2.45E0));
#17531=CARTESIAN_POINT('',(1.375E0,0.E0,-2.45E0));
#17532=VERTEX_POINT('',#17530);
#17533=VERTEX_POINT('',#17531);
#17534=CARTESIAN_POINT('',(1.125E0,1.E-1,-2.5E0));
#17535=CARTESIAN_POINT('',(1.125E0,1.E-1,-2.45E0));
#17536=VERTEX_POINT('',#17534);
#17537=VERTEX_POINT('',#17535);
#17538=CARTESIAN_POINT('',(1.375E0,1.E-1,-2.45E0));
#17539=CARTESIAN_POINT('',(1.375E0,1.E-1,-2.5E0));
#17540=VERTEX_POINT('',#17538);
#17541=VERTEX_POINT('',#17539);
#17542=CARTESIAN_POINT('',(0.E0,0.E0,0.E0));
#17543=DIRECTION('',(0.E0,1.E0,0.E0));
#17544=DIRECTION('',(1.E0,0.E0,0.E0));
#17545=AXIS2_PLACEMENT_3D('',#17542,#17543,#17544);
#17546=PLANE('',#17545);
#17548=ORIENTED_EDGE('',*,*,#17547,.F.);
#17550=ORIENTED_EDGE('',*,*,#17549,.T.);
#17552=ORIENTED_EDGE('',*,*,#17551,.T.);
#17554=ORIENTED_EDGE('',*,*,#17553,.T.);
#17555=EDGE_LOOP('',(#17548,#17550,#17552,#17554));
#17556=FACE_OUTER_BOUND('',#17555,.F.);
#17558=FILL_AREA_STYLE_COLOUR('',#26);
#17559=FILL_AREA_STYLE('',(#17558));
#17560=SURFACE_STYLE_FILL_AREA(#17559);
#17561=SURFACE_SIDE_STYLE('',(#17560));
#17562=SURFACE_STYLE_USAGE(.POSITIVE.,#17561);
#17563=PRESENTATION_STYLE_ASSIGNMENT((#17562));
#17564=OVER_RIDING_STYLED_ITEM('',(#17563),#17557,#17389);
#17565=CARTESIAN_POINT('',(-2.45E0,0.E0,-2.45E0));
#17566=DIRECTION('',(0.E0,0.E0,1.E0));
#17567=DIRECTION('',(1.E0,0.E0,0.E0));
#17568=AXIS2_PLACEMENT_3D('',#17565,#17566,#17567);
#17569=PLANE('',#17568);
#17570=ORIENTED_EDGE('',*,*,#17547,.T.);
#17572=ORIENTED_EDGE('',*,*,#17571,.T.);
#17574=ORIENTED_EDGE('',*,*,#17573,.F.);
#17576=ORIENTED_EDGE('',*,*,#17575,.F.);
#17577=EDGE_LOOP('',(#17570,#17572,#17574,#17576));
#17578=FACE_OUTER_BOUND('',#17577,.F.);
#17580=CARTESIAN_POINT('',(1.375E0,0.E0,-2.225E0));
#17581=DIRECTION('',(1.E0,0.E0,0.E0));
#17582=DIRECTION('',(0.E0,0.E0,-1.E0));
#17583=AXIS2_PLACEMENT_3D('',#17580,#17581,#17582);
#17584=PLANE('',#17583);
#17586=ORIENTED_EDGE('',*,*,#17585,.F.);
#17587=ORIENTED_EDGE('',*,*,#17571,.F.);
#17588=ORIENTED_EDGE('',*,*,#17553,.F.);
#17590=ORIENTED_EDGE('',*,*,#17589,.T.);
#17592=ORIENTED_EDGE('',*,*,#17591,.T.);
#17594=ORIENTED_EDGE('',*,*,#17593,.F.);
#17595=EDGE_LOOP('',(#17586,#17587,#17588,#17590,#17592,#17594));
#17596=FACE_OUTER_BOUND('',#17595,.F.);
#17598=CARTESIAN_POINT('',(0.E0,1.E-1,0.E0));
#17599=DIRECTION('',(0.E0,1.E0,0.E0));
#17600=DIRECTION('',(1.E0,0.E0,0.E0));
#17601=AXIS2_PLACEMENT_3D('',#17598,#17599,#17600);
#17602=PLANE('',#17601);
#17604=ORIENTED_EDGE('',*,*,#17603,.T.);
#17605=ORIENTED_EDGE('',*,*,#17573,.T.);
#17606=ORIENTED_EDGE('',*,*,#17585,.T.);
#17608=ORIENTED_EDGE('',*,*,#17607,.T.);
#17609=EDGE_LOOP('',(#17604,#17605,#17606,#17608));
#17610=FACE_OUTER_BOUND('',#17609,.F.);
#17612=CARTESIAN_POINT('',(1.125E0,0.E0,-2.5E0));
#17613=DIRECTION('',(-1.E0,0.E0,0.E0));
#17614=DIRECTION('',(0.E0,0.E0,1.E0));
#17615=AXIS2_PLACEMENT_3D('',#17612,#17613,#17614);
#17616=PLANE('',#17615);
#17617=ORIENTED_EDGE('',*,*,#17603,.F.);
#17619=ORIENTED_EDGE('',*,*,#17618,.T.);
#17621=ORIENTED_EDGE('',*,*,#17620,.T.);
#17623=ORIENTED_EDGE('',*,*,#17622,.F.);
#17624=ORIENTED_EDGE('',*,*,#17549,.F.);
#17625=ORIENTED_EDGE('',*,*,#17575,.T.);
#17626=EDGE_LOOP('',(#17617,#17619,#17621,#17623,#17624,#17625));
#17627=FACE_OUTER_BOUND('',#17626,.F.);
#17629=CARTESIAN_POINT('',(1.375E0,0.E0,-2.5E0));
#17630=DIRECTION('',(0.E0,0.E0,-1.E0));
#17631=DIRECTION('',(-1.E0,0.E0,0.E0));
#17632=AXIS2_PLACEMENT_3D('',#17629,#17630,#17631);
#17633=PLANE('',#17632);
#17634=ORIENTED_EDGE('',*,*,#17607,.F.);
#17635=ORIENTED_EDGE('',*,*,#17593,.T.);
#17637=ORIENTED_EDGE('',*,*,#17636,.T.);
#17638=ORIENTED_EDGE('',*,*,#17618,.F.);
#17639=EDGE_LOOP('',(#17634,#17635,#17637,#17638));
#17640=FACE_OUTER_BOUND('',#17639,.F.);
#17642=CARTESIAN_POINT('',(0.E0,2.E-1,0.E0));
#17643=DIRECTION('',(0.E0,1.E0,0.E0));
#17644=DIRECTION('',(1.E0,0.E0,0.E0));
#17645=AXIS2_PLACEMENT_3D('',#17642,#17643,#17644);
#17646=PLANE('',#17645);
#17647=ORIENTED_EDGE('',*,*,#17620,.F.);
#17648=ORIENTED_EDGE('',*,*,#17636,.F.);
#17649=ORIENTED_EDGE('',*,*,#17591,.F.);
#17651=ORIENTED_EDGE('',*,*,#17650,.F.);
#17652=EDGE_LOOP('',(#17647,#17648,#17649,#17651));
#17653=FACE_OUTER_BOUND('',#17652,.F.);
#17655=CARTESIAN_POINT('',(1.25E0,0.E0,-2.225E0));
#17656=DIRECTION('',(0.E0,1.E0,0.E0));
#17657=DIRECTION('',(1.E0,0.E0,0.E0));
#17658=AXIS2_PLACEMENT_3D('',#17655,#17656,#17657);
#17659=CYLINDRICAL_SURFACE('',#17658,1.25E-1);
#17660=ORIENTED_EDGE('',*,*,#17551,.F.);
#17661=ORIENTED_EDGE('',*,*,#17622,.T.);
#17662=ORIENTED_EDGE('',*,*,#17650,.T.);
#17663=ORIENTED_EDGE('',*,*,#17589,.F.);
#17664=EDGE_LOOP('',(#17660,#17661,#17662,#17663));
#17665=FACE_OUTER_BOUND('',#17664,.F.);
#17667=CLOSED_SHELL('',(#17557,#17579,#17597,#17611,#17628,#17641,#17654,
#17666));
#17668=MANIFOLD_SOLID_BREP('',#17667);
#17669=FILL_AREA_STYLE_COLOUR('',#18);
#17670=FILL_AREA_STYLE('',(#17669));
#17671=SURFACE_STYLE_FILL_AREA(#17670);
#17672=SURFACE_SIDE_STYLE('',(#17671));
#17673=SURFACE_STYLE_USAGE(.POSITIVE.,#17672);
#17674=PRESENTATION_STYLE_ASSIGNMENT((#17673));
#17389=STYLED_ITEM('',(#17674),#17668);
#17676=DIRECTION('',(1.E0,0.E0,0.E0));
#17677=VECTOR('',#17676,2.5E-1);
#17678=CARTESIAN_POINT('',(1.625E0,0.E0,-2.45E0));
#17679=LINE('',#17678,#17677);
#17680=CURVE_STYLE('',#32,POSITIVE_LENGTH_MEASURE(2.E-2),#18);
#17681=PRESENTATION_STYLE_ASSIGNMENT((#17680));
#17682=STYLED_ITEM('',(#17681),#17679);
#17683=DIRECTION('',(0.E0,0.E0,1.E0));
#17684=VECTOR('',#17683,2.25E-1);
#17685=CARTESIAN_POINT('',(1.625E0,0.E0,-2.45E0));
#17686=LINE('',#17685,#17684);
#17687=CURVE_STYLE('',#32,POSITIVE_LENGTH_MEASURE(2.E-2),#18);
#17688=PRESENTATION_STYLE_ASSIGNMENT((#17687));
#17689=STYLED_ITEM('',(#17688),#17686);
#17690=CARTESIAN_POINT('',(1.75E0,0.E0,-2.225E0));
#17691=DIRECTION('',(0.E0,1.E0,0.E0));
#17692=DIRECTION('',(-1.E0,0.E0,0.E0));
#17693=AXIS2_PLACEMENT_3D('',#17690,#17691,#17692);
#17695=CURVE_STYLE('',#32,POSITIVE_LENGTH_MEASURE(2.E-2),#18);
#17696=PRESENTATION_STYLE_ASSIGNMENT((#17695));
#17697=STYLED_ITEM('',(#17696),#17694);
#17698=DIRECTION('',(0.E0,0.E0,-1.E0));
#17699=VECTOR('',#17698,2.25E-1);
#17700=CARTESIAN_POINT('',(1.875E0,0.E0,-2.225E0));
#17701=LINE('',#17700,#17699);
#17702=CURVE_STYLE('',#32,POSITIVE_LENGTH_MEASURE(2.E-2),#18);
#17703=PRESENTATION_STYLE_ASSIGNMENT((#17702));
#17704=STYLED_ITEM('',(#17703),#17701);
#17705=DIRECTION('',(0.E0,0.E0,-1.E0));
#17706=VECTOR('',#17705,5.E-2);
#17707=CARTESIAN_POINT('',(1.875E0,1.E-1,-2.45E0));
#17708=LINE('',#17707,#17706);
#17709=CURVE_STYLE('',#32,POSITIVE_LENGTH_MEASURE(2.E-2),#18);
#17710=PRESENTATION_STYLE_ASSIGNMENT((#17709));
#17711=STYLED_ITEM('',(#17710),#17708);
#17712=DIRECTION('',(0.E0,1.E0,0.E0));
#17713=VECTOR('',#17712,1.E-1);
#17714=CARTESIAN_POINT('',(1.875E0,0.E0,-2.45E0));
#17715=LINE('',#17714,#17713);
#17716=CURVE_STYLE('',#32,POSITIVE_LENGTH_MEASURE(2.E-2),#18);
#17717=PRESENTATION_STYLE_ASSIGNMENT((#17716));
#17718=STYLED_ITEM('',(#17717),#17715);
#17719=DIRECTION('',(0.E0,1.E0,0.E0));
#17720=VECTOR('',#17719,2.E-1);
#17721=CARTESIAN_POINT('',(1.875E0,0.E0,-2.225E0));
#17722=LINE('',#17721,#17720);
#17723=CURVE_STYLE('',#32,POSITIVE_LENGTH_MEASURE(2.E-2),#18);
#17724=PRESENTATION_STYLE_ASSIGNMENT((#17723));
#17725=STYLED_ITEM('',(#17724),#17722);
#17726=DIRECTION('',(1.E0,0.E0,0.E0));
#17727=VECTOR('',#17726,2.5E-1);
#17728=CARTESIAN_POINT('',(1.625E0,1.E-1,-2.45E0));
#17729=LINE('',#17728,#17727);
#17730=CURVE_STYLE('',#32,POSITIVE_LENGTH_MEASURE(2.E-2),#18);
#17731=PRESENTATION_STYLE_ASSIGNMENT((#17730));
#17732=STYLED_ITEM('',(#17731),#17729);
#17733=DIRECTION('',(0.E0,0.E0,1.E0));
#17734=VECTOR('',#17733,5.E-2);
#17735=CARTESIAN_POINT('',(1.625E0,1.E-1,-2.5E0));
#17736=LINE('',#17735,#17734);
#17737=CURVE_STYLE('',#32,POSITIVE_LENGTH_MEASURE(2.E-2),#18);
#17738=PRESENTATION_STYLE_ASSIGNMENT((#17737));
#17739=STYLED_ITEM('',(#17738),#17736);
#17740=DIRECTION('',(0.E0,1.E0,0.E0));
#17741=VECTOR('',#17740,1.E-1);
#17742=CARTESIAN_POINT('',(1.625E0,1.E-1,-2.5E0));
#17743=LINE('',#17742,#17741);
#17744=CURVE_STYLE('',#32,POSITIVE_LENGTH_MEASURE(2.E-2),#18);
#17745=PRESENTATION_STYLE_ASSIGNMENT((#17744));
#17746=STYLED_ITEM('',(#17745),#17743);
#17747=DIRECTION('',(0.E0,1.E0,0.E0));
#17748=VECTOR('',#17747,1.E-1);
#17749=CARTESIAN_POINT('',(1.625E0,0.E0,-2.45E0));
#17750=LINE('',#17749,#17748);
#17751=CURVE_STYLE('',#32,POSITIVE_LENGTH_MEASURE(2.E-2),#18);
#17752=PRESENTATION_STYLE_ASSIGNMENT((#17751));
#17753=STYLED_ITEM('',(#17752),#17750);
#17754=DIRECTION('',(-1.E0,0.E0,0.E0));
#17755=VECTOR('',#17754,2.5E-1);
#17756=CARTESIAN_POINT('',(1.875E0,1.E-1,-2.5E0));
#17757=LINE('',#17756,#17755);
#17758=CURVE_STYLE('',#32,POSITIVE_LENGTH_MEASURE(2.E-2),#18);
#17759=PRESENTATION_STYLE_ASSIGNMENT((#17758));
#17760=STYLED_ITEM('',(#17759),#17757);
#17761=DIRECTION('',(0.E0,1.E0,0.E0));
#17762=VECTOR('',#17761,1.E-1);
#17763=CARTESIAN_POINT('',(1.875E0,1.E-1,-2.5E0));
#17764=LINE('',#17763,#17762);
#17765=CURVE_STYLE('',#32,POSITIVE_LENGTH_MEASURE(2.E-2),#18);
#17766=PRESENTATION_STYLE_ASSIGNMENT((#17765));
#17767=STYLED_ITEM('',(#17766),#17764);
#17768=DIRECTION('',(0.E0,0.E0,1.E0));
#17769=VECTOR('',#17768,2.75E-1);
#17770=CARTESIAN_POINT('',(1.625E0,2.E-1,-2.5E0));
#17771=LINE('',#17770,#17769);
#17772=CURVE_STYLE('',#32,POSITIVE_LENGTH_MEASURE(2.E-2),#18);
#17773=PRESENTATION_STYLE_ASSIGNMENT((#17772));
#17774=STYLED_ITEM('',(#17773),#17771);
#17775=DIRECTION('',(-1.E0,0.E0,0.E0));
#17776=VECTOR('',#17775,2.5E-1);
#17777=CARTESIAN_POINT('',(1.875E0,2.E-1,-2.5E0));
#17778=LINE('',#17777,#17776);
#17779=CURVE_STYLE('',#32,POSITIVE_LENGTH_MEASURE(2.E-2),#18);
#17780=PRESENTATION_STYLE_ASSIGNMENT((#17779));
#17781=STYLED_ITEM('',(#17780),#17778);
#17782=DIRECTION('',(0.E0,0.E0,-1.E0));
#17783=VECTOR('',#17782,2.75E-1);
#17784=CARTESIAN_POINT('',(1.875E0,2.E-1,-2.225E0));
#17785=LINE('',#17784,#17783);
#17786=CURVE_STYLE('',#32,POSITIVE_LENGTH_MEASURE(2.E-2),#18);
#17787=PRESENTATION_STYLE_ASSIGNMENT((#17786));
#17788=STYLED_ITEM('',(#17787),#17785);
#17789=CARTESIAN_POINT('',(1.75E0,2.E-1,-2.225E0));
#17790=DIRECTION('',(0.E0,1.E0,0.E0));
#17791=DIRECTION('',(-1.E0,0.E0,0.E0));
#17792=AXIS2_PLACEMENT_3D('',#17789,#17790,#17791);
#17794=CURVE_STYLE('',#32,POSITIVE_LENGTH_MEASURE(2.E-2),#18);
#17795=PRESENTATION_STYLE_ASSIGNMENT((#17794));
#17796=STYLED_ITEM('',(#17795),#17793);
#17797=DIRECTION('',(0.E0,1.E0,0.E0));
#17798=VECTOR('',#17797,2.E-1);
#17799=CARTESIAN_POINT('',(1.625E0,0.E0,-2.225E0));
#17800=LINE('',#17799,#17798);
#17801=CURVE_STYLE('',#32,POSITIVE_LENGTH_MEASURE(2.E-2),#18);
#17802=PRESENTATION_STYLE_ASSIGNMENT((#17801));
#17803=STYLED_ITEM('',(#17802),#17800);
#17804=CARTESIAN_POINT('',(1.625E0,0.E0,-2.225E0));
#17805=CARTESIAN_POINT('',(1.875E0,0.E0,-2.225E0));
#17806=VERTEX_POINT('',#17804);
#17807=VERTEX_POINT('',#17805);
#17808=CARTESIAN_POINT('',(1.625E0,2.E-1,-2.5E0));
#17809=CARTESIAN_POINT('',(1.625E0,2.E-1,-2.225E0));
#17810=VERTEX_POINT('',#17808);
#17811=VERTEX_POINT('',#17809);
#17812=CARTESIAN_POINT('',(1.875E0,2.E-1,-2.225E0));
#17813=VERTEX_POINT('',#17812);
#17814=CARTESIAN_POINT('',(1.875E0,2.E-1,-2.5E0));
#17815=VERTEX_POINT('',#17814);
#17816=CARTESIAN_POINT('',(1.625E0,0.E0,-2.45E0));
#17817=CARTESIAN_POINT('',(1.875E0,0.E0,-2.45E0));
#17818=VERTEX_POINT('',#17816);
#17819=VERTEX_POINT('',#17817);
#17820=CARTESIAN_POINT('',(1.625E0,1.E-1,-2.5E0));
#17821=CARTESIAN_POINT('',(1.625E0,1.E-1,-2.45E0));
#17822=VERTEX_POINT('',#17820);
#17823=VERTEX_POINT('',#17821);
#17824=CARTESIAN_POINT('',(1.875E0,1.E-1,-2.45E0));
#17825=CARTESIAN_POINT('',(1.875E0,1.E-1,-2.5E0));
#17826=VERTEX_POINT('',#17824);
#17827=VERTEX_POINT('',#17825);
#17828=CARTESIAN_POINT('',(0.E0,0.E0,0.E0));
#17829=DIRECTION('',(0.E0,1.E0,0.E0));
#17830=DIRECTION('',(1.E0,0.E0,0.E0));
#17831=AXIS2_PLACEMENT_3D('',#17828,#17829,#17830);
#17832=PLANE('',#17831);
#17834=ORIENTED_EDGE('',*,*,#17833,.F.);
#17836=ORIENTED_EDGE('',*,*,#17835,.T.);
#17838=ORIENTED_EDGE('',*,*,#17837,.T.);
#17840=ORIENTED_EDGE('',*,*,#17839,.T.);
#17841=EDGE_LOOP('',(#17834,#17836,#17838,#17840));
#17842=FACE_OUTER_BOUND('',#17841,.F.);
#17844=FILL_AREA_STYLE_COLOUR('',#26);
#17845=FILL_AREA_STYLE('',(#17844));
#17846=SURFACE_STYLE_FILL_AREA(#17845);
#17847=SURFACE_SIDE_STYLE('',(#17846));
#17848=SURFACE_STYLE_USAGE(.POSITIVE.,#17847);
#17849=PRESENTATION_STYLE_ASSIGNMENT((#17848));
#17850=OVER_RIDING_STYLED_ITEM('',(#17849),#17843,#17675);
#17851=CARTESIAN_POINT('',(-2.45E0,0.E0,-2.45E0));
#17852=DIRECTION('',(0.E0,0.E0,1.E0));
#17853=DIRECTION('',(1.E0,0.E0,0.E0));
#17854=AXIS2_PLACEMENT_3D('',#17851,#17852,#17853);
#17855=PLANE('',#17854);
#17856=ORIENTED_EDGE('',*,*,#17833,.T.);
#17858=ORIENTED_EDGE('',*,*,#17857,.T.);
#17860=ORIENTED_EDGE('',*,*,#17859,.F.);
#17862=ORIENTED_EDGE('',*,*,#17861,.F.);
#17863=EDGE_LOOP('',(#17856,#17858,#17860,#17862));
#17864=FACE_OUTER_BOUND('',#17863,.F.);
#17866=CARTESIAN_POINT('',(1.875E0,0.E0,-2.225E0));
#17867=DIRECTION('',(1.E0,0.E0,0.E0));
#17868=DIRECTION('',(0.E0,0.E0,-1.E0));
#17869=AXIS2_PLACEMENT_3D('',#17866,#17867,#17868);
#17870=PLANE('',#17869);
#17872=ORIENTED_EDGE('',*,*,#17871,.F.);
#17873=ORIENTED_EDGE('',*,*,#17857,.F.);
#17874=ORIENTED_EDGE('',*,*,#17839,.F.);
#17876=ORIENTED_EDGE('',*,*,#17875,.T.);
#17878=ORIENTED_EDGE('',*,*,#17877,.T.);
#17880=ORIENTED_EDGE('',*,*,#17879,.F.);
#17881=EDGE_LOOP('',(#17872,#17873,#17874,#17876,#17878,#17880));
#17882=FACE_OUTER_BOUND('',#17881,.F.);
#17884=CARTESIAN_POINT('',(0.E0,1.E-1,0.E0));
#17885=DIRECTION('',(0.E0,1.E0,0.E0));
#17886=DIRECTION('',(1.E0,0.E0,0.E0));
#17887=AXIS2_PLACEMENT_3D('',#17884,#17885,#17886);
#17888=PLANE('',#17887);
#17890=ORIENTED_EDGE('',*,*,#17889,.T.);
#17891=ORIENTED_EDGE('',*,*,#17859,.T.);
#17892=ORIENTED_EDGE('',*,*,#17871,.T.);
#17894=ORIENTED_EDGE('',*,*,#17893,.T.);
#17895=EDGE_LOOP('',(#17890,#17891,#17892,#17894));
#17896=FACE_OUTER_BOUND('',#17895,.F.);
#17898=CARTESIAN_POINT('',(1.625E0,0.E0,-2.5E0));
#17899=DIRECTION('',(-1.E0,0.E0,0.E0));
#17900=DIRECTION('',(0.E0,0.E0,1.E0));
#17901=AXIS2_PLACEMENT_3D('',#17898,#17899,#17900);
#17902=PLANE('',#17901);
#17903=ORIENTED_EDGE('',*,*,#17889,.F.);
#17905=ORIENTED_EDGE('',*,*,#17904,.T.);
#17907=ORIENTED_EDGE('',*,*,#17906,.T.);
#17909=ORIENTED_EDGE('',*,*,#17908,.F.);
#17910=ORIENTED_EDGE('',*,*,#17835,.F.);
#17911=ORIENTED_EDGE('',*,*,#17861,.T.);
#17912=EDGE_LOOP('',(#17903,#17905,#17907,#17909,#17910,#17911));
#17913=FACE_OUTER_BOUND('',#17912,.F.);
#17915=CARTESIAN_POINT('',(1.875E0,0.E0,-2.5E0));
#17916=DIRECTION('',(0.E0,0.E0,-1.E0));
#17917=DIRECTION('',(-1.E0,0.E0,0.E0));
#17918=AXIS2_PLACEMENT_3D('',#17915,#17916,#17917);
#17919=PLANE('',#17918);
#17920=ORIENTED_EDGE('',*,*,#17893,.F.);
#17921=ORIENTED_EDGE('',*,*,#17879,.T.);
#17923=ORIENTED_EDGE('',*,*,#17922,.T.);
#17924=ORIENTED_EDGE('',*,*,#17904,.F.);
#17925=EDGE_LOOP('',(#17920,#17921,#17923,#17924));
#17926=FACE_OUTER_BOUND('',#17925,.F.);
#17928=CARTESIAN_POINT('',(0.E0,2.E-1,0.E0));
#17929=DIRECTION('',(0.E0,1.E0,0.E0));
#17930=DIRECTION('',(1.E0,0.E0,0.E0));
#17931=AXIS2_PLACEMENT_3D('',#17928,#17929,#17930);
#17932=PLANE('',#17931);
#17933=ORIENTED_EDGE('',*,*,#17906,.F.);
#17934=ORIENTED_EDGE('',*,*,#17922,.F.);
#17935=ORIENTED_EDGE('',*,*,#17877,.F.);
#17937=ORIENTED_EDGE('',*,*,#17936,.F.);
#17938=EDGE_LOOP('',(#17933,#17934,#17935,#17937));
#17939=FACE_OUTER_BOUND('',#17938,.F.);
#17941=CARTESIAN_POINT('',(1.75E0,0.E0,-2.225E0));
#17942=DIRECTION('',(0.E0,1.E0,0.E0));
#17943=DIRECTION('',(1.E0,0.E0,0.E0));
#17944=AXIS2_PLACEMENT_3D('',#17941,#17942,#17943);
#17945=CYLINDRICAL_SURFACE('',#17944,1.25E-1);
#17946=ORIENTED_EDGE('',*,*,#17837,.F.);
#17947=ORIENTED_EDGE('',*,*,#17908,.T.);
#17948=ORIENTED_EDGE('',*,*,#17936,.T.);
#17949=ORIENTED_EDGE('',*,*,#17875,.F.);
#17950=EDGE_LOOP('',(#17946,#17947,#17948,#17949));
#17951=FACE_OUTER_BOUND('',#17950,.F.);
#17953=CLOSED_SHELL('',(#17843,#17865,#17883,#17897,#17914,#17927,#17940,
#17952));
#17954=MANIFOLD_SOLID_BREP('',#17953);
#17955=FILL_AREA_STYLE_COLOUR('',#18);
#17956=FILL_AREA_STYLE('',(#17955));
#17957=SURFACE_STYLE_FILL_AREA(#17956);
#17958=SURFACE_SIDE_STYLE('',(#17957));
#17959=SURFACE_STYLE_USAGE(.POSITIVE.,#17958);
#17960=PRESENTATION_STYLE_ASSIGNMENT((#17959));
#17675=STYLED_ITEM('',(#17960),#17954);
#17962=DIRECTION('',(1.E0,0.E0,0.E0));
#17963=VECTOR('',#17962,2.5E-1);
#17964=CARTESIAN_POINT('',(-1.875E0,0.E0,2.45E0));
#17965=LINE('',#17964,#17963);
#17966=CURVE_STYLE('',#32,POSITIVE_LENGTH_MEASURE(2.E-2),#18);
#17967=PRESENTATION_STYLE_ASSIGNMENT((#17966));
#17968=STYLED_ITEM('',(#17967),#17965);
#17969=DIRECTION('',(0.E0,0.E0,1.E0));
#17970=VECTOR('',#17969,2.25E-1);
#17971=CARTESIAN_POINT('',(-1.625E0,0.E0,2.225E0));
#17972=LINE('',#17971,#17970);
#17973=CURVE_STYLE('',#32,POSITIVE_LENGTH_MEASURE(2.E-2),#18);
#17974=PRESENTATION_STYLE_ASSIGNMENT((#17973));
#17975=STYLED_ITEM('',(#17974),#17972);
#17976=CARTESIAN_POINT('',(-1.75E0,0.E0,2.225E0));
#17977=DIRECTION('',(0.E0,-1.E0,0.E0));
#17978=DIRECTION('',(-1.E0,0.E0,0.E0));
#17979=AXIS2_PLACEMENT_3D('',#17976,#17977,#17978);
#17981=CURVE_STYLE('',#32,POSITIVE_LENGTH_MEASURE(2.E-2),#18);
#17982=PRESENTATION_STYLE_ASSIGNMENT((#17981));
#17983=STYLED_ITEM('',(#17982),#17980);
#17984=DIRECTION('',(0.E0,0.E0,-1.E0));
#17985=VECTOR('',#17984,2.25E-1);
#17986=CARTESIAN_POINT('',(-1.875E0,0.E0,2.45E0));
#17987=LINE('',#17986,#17985);
#17988=CURVE_STYLE('',#32,POSITIVE_LENGTH_MEASURE(2.E-2),#18);
#17989=PRESENTATION_STYLE_ASSIGNMENT((#17988));
#17990=STYLED_ITEM('',(#17989),#17987);
#17991=DIRECTION('',(0.E0,0.E0,-1.E0));
#17992=VECTOR('',#17991,5.E-2);
#17993=CARTESIAN_POINT('',(-1.875E0,1.E-1,2.5E0));
#17994=LINE('',#17993,#17992);
#17995=CURVE_STYLE('',#32,POSITIVE_LENGTH_MEASURE(2.E-2),#18);
#17996=PRESENTATION_STYLE_ASSIGNMENT((#17995));
#17997=STYLED_ITEM('',(#17996),#17994);
#17998=DIRECTION('',(0.E0,1.E0,0.E0));
#17999=VECTOR('',#17998,1.E-1);
#18000=CARTESIAN_POINT('',(-1.875E0,0.E0,2.45E0));
#18001=LINE('',#18000,#17999);
#18002=CURVE_STYLE('',#32,POSITIVE_LENGTH_MEASURE(2.E-2),#18);
#18003=PRESENTATION_STYLE_ASSIGNMENT((#18002));
#18004=STYLED_ITEM('',(#18003),#18001);
#18005=DIRECTION('',(0.E0,1.E0,0.E0));
#18006=VECTOR('',#18005,1.E-1);
#18007=CARTESIAN_POINT('',(-1.875E0,1.E-1,2.5E0));
#18008=LINE('',#18007,#18006);
#18009=CURVE_STYLE('',#32,POSITIVE_LENGTH_MEASURE(2.E-2),#18);
#18010=PRESENTATION_STYLE_ASSIGNMENT((#18009));
#18011=STYLED_ITEM('',(#18010),#18008);
#18012=DIRECTION('',(-1.E0,0.E0,0.E0));
#18013=VECTOR('',#18012,2.5E-1);
#18014=CARTESIAN_POINT('',(-1.625E0,1.E-1,2.45E0));
#18015=LINE('',#18014,#18013);
#18016=CURVE_STYLE('',#32,POSITIVE_LENGTH_MEASURE(2.E-2),#18);
#18017=PRESENTATION_STYLE_ASSIGNMENT((#18016));
#18018=STYLED_ITEM('',(#18017),#18015);
#18019=DIRECTION('',(-1.E0,0.E0,0.E0));
#18020=VECTOR('',#18019,2.5E-1);
#18021=CARTESIAN_POINT('',(-1.625E0,1.E-1,2.5E0));
#18022=LINE('',#18021,#18020);
#18023=CURVE_STYLE('',#32,POSITIVE_LENGTH_MEASURE(2.E-2),#18);
#18024=PRESENTATION_STYLE_ASSIGNMENT((#18023));
#18025=STYLED_ITEM('',(#18024),#18022);
#18026=DIRECTION('',(0.E0,1.E0,0.E0));
#18027=VECTOR('',#18026,1.E-1);
#18028=CARTESIAN_POINT('',(-1.625E0,1.E-1,2.5E0));
#18029=LINE('',#18028,#18027);
#18030=CURVE_STYLE('',#32,POSITIVE_LENGTH_MEASURE(2.E-2),#18);
#18031=PRESENTATION_STYLE_ASSIGNMENT((#18030));
#18032=STYLED_ITEM('',(#18031),#18029);
#18033=DIRECTION('',(0.E0,0.E0,-1.E0));
#18034=VECTOR('',#18033,2.75E-1);
#18035=CARTESIAN_POINT('',(-1.875E0,2.E-1,2.5E0));
#18036=LINE('',#18035,#18034);
#18037=CURVE_STYLE('',#32,POSITIVE_LENGTH_MEASURE(2.E-2),#18);
#18038=PRESENTATION_STYLE_ASSIGNMENT((#18037));
#18039=STYLED_ITEM('',(#18038),#18036);
#18040=CARTESIAN_POINT('',(-1.75E0,2.E-1,2.225E0));
#18041=DIRECTION('',(0.E0,-1.E0,0.E0));
#18042=DIRECTION('',(-1.E0,0.E0,0.E0));
#18043=AXIS2_PLACEMENT_3D('',#18040,#18041,#18042);
#18045=CURVE_STYLE('',#32,POSITIVE_LENGTH_MEASURE(2.E-2),#18);
#18046=PRESENTATION_STYLE_ASSIGNMENT((#18045));
#18047=STYLED_ITEM('',(#18046),#18044);
#18048=DIRECTION('',(0.E0,0.E0,1.E0));
#18049=VECTOR('',#18048,2.75E-1);
#18050=CARTESIAN_POINT('',(-1.625E0,2.E-1,2.225E0));
#18051=LINE('',#18050,#18049);
#18052=CURVE_STYLE('',#32,POSITIVE_LENGTH_MEASURE(2.E-2),#18);
#18053=PRESENTATION_STYLE_ASSIGNMENT((#18052));
#18054=STYLED_ITEM('',(#18053),#18051);
#18055=DIRECTION('',(-1.E0,0.E0,0.E0));
#18056=VECTOR('',#18055,2.5E-1);
#18057=CARTESIAN_POINT('',(-1.625E0,2.E-1,2.5E0));
#18058=LINE('',#18057,#18056);
#18059=CURVE_STYLE('',#32,POSITIVE_LENGTH_MEASURE(2.E-2),#18);
#18060=PRESENTATION_STYLE_ASSIGNMENT((#18059));
#18061=STYLED_ITEM('',(#18060),#18058);
#18062=DIRECTION('',(0.E0,1.E0,0.E0));
#18063=VECTOR('',#18062,2.E-1);
#18064=CARTESIAN_POINT('',(-1.875E0,0.E0,2.225E0));
#18065=LINE('',#18064,#18063);
#18066=CURVE_STYLE('',#32,POSITIVE_LENGTH_MEASURE(2.E-2),#18);
#18067=PRESENTATION_STYLE_ASSIGNMENT((#18066));
#18068=STYLED_ITEM('',(#18067),#18065);
#18069=DIRECTION('',(0.E0,0.E0,1.E0));
#18070=VECTOR('',#18069,5.E-2);
#18071=CARTESIAN_POINT('',(-1.625E0,1.E-1,2.45E0));
#18072=LINE('',#18071,#18070);
#18073=CURVE_STYLE('',#32,POSITIVE_LENGTH_MEASURE(2.E-2),#18);
#18074=PRESENTATION_STYLE_ASSIGNMENT((#18073));
#18075=STYLED_ITEM('',(#18074),#18072);
#18076=DIRECTION('',(0.E0,1.E0,0.E0));
#18077=VECTOR('',#18076,2.E-1);
#18078=CARTESIAN_POINT('',(-1.625E0,0.E0,2.225E0));
#18079=LINE('',#18078,#18077);
#18080=CURVE_STYLE('',#32,POSITIVE_LENGTH_MEASURE(2.E-2),#18);
#18081=PRESENTATION_STYLE_ASSIGNMENT((#18080));
#18082=STYLED_ITEM('',(#18081),#18079);
#18083=DIRECTION('',(0.E0,1.E0,0.E0));
#18084=VECTOR('',#18083,1.E-1);
#18085=CARTESIAN_POINT('',(-1.625E0,0.E0,2.45E0));
#18086=LINE('',#18085,#18084);
#18087=CURVE_STYLE('',#32,POSITIVE_LENGTH_MEASURE(2.E-2),#18);
#18088=PRESENTATION_STYLE_ASSIGNMENT((#18087));
#18089=STYLED_ITEM('',(#18088),#18086);
#18090=CARTESIAN_POINT('',(-1.875E0,0.E0,2.225E0));
#18091=CARTESIAN_POINT('',(-1.625E0,0.E0,2.225E0));
#18092=VERTEX_POINT('',#18090);
#18093=VERTEX_POINT('',#18091);
#18094=CARTESIAN_POINT('',(-1.875E0,2.E-1,2.5E0));
#18095=CARTESIAN_POINT('',(-1.875E0,2.E-1,2.225E0));
#18096=VERTEX_POINT('',#18094);
#18097=VERTEX_POINT('',#18095);
#18098=CARTESIAN_POINT('',(-1.625E0,2.E-1,2.225E0));
#18099=VERTEX_POINT('',#18098);
#18100=CARTESIAN_POINT('',(-1.625E0,2.E-1,2.5E0));
#18101=VERTEX_POINT('',#18100);
#18102=CARTESIAN_POINT('',(-1.875E0,0.E0,2.45E0));
#18103=CARTESIAN_POINT('',(-1.625E0,0.E0,2.45E0));
#18104=VERTEX_POINT('',#18102);
#18105=VERTEX_POINT('',#18103);
#18106=CARTESIAN_POINT('',(-1.875E0,1.E-1,2.5E0));
#18107=CARTESIAN_POINT('',(-1.875E0,1.E-1,2.45E0));
#18108=VERTEX_POINT('',#18106);
#18109=VERTEX_POINT('',#18107);
#18110=CARTESIAN_POINT('',(-1.625E0,1.E-1,2.45E0));
#18111=CARTESIAN_POINT('',(-1.625E0,1.E-1,2.5E0));
#18112=VERTEX_POINT('',#18110);
#18113=VERTEX_POINT('',#18111);
#18114=CARTESIAN_POINT('',(0.E0,0.E0,0.E0));
#18115=DIRECTION('',(0.E0,-1.E0,0.E0));
#18116=DIRECTION('',(1.E0,0.E0,0.E0));
#18117=AXIS2_PLACEMENT_3D('',#18114,#18115,#18116);
#18118=PLANE('',#18117);
#18120=ORIENTED_EDGE('',*,*,#18119,.T.);
#18122=ORIENTED_EDGE('',*,*,#18121,.F.);
#18124=ORIENTED_EDGE('',*,*,#18123,.F.);
#18126=ORIENTED_EDGE('',*,*,#18125,.F.);
#18127=EDGE_LOOP('',(#18120,#18122,#18124,#18126));
#18128=FACE_OUTER_BOUND('',#18127,.F.);
#18130=FILL_AREA_STYLE_COLOUR('',#22);
#18131=FILL_AREA_STYLE('',(#18130));
#18132=SURFACE_STYLE_FILL_AREA(#18131);
#18133=SURFACE_SIDE_STYLE('',(#18132));
#18134=SURFACE_STYLE_USAGE(.POSITIVE.,#18133);
#18135=PRESENTATION_STYLE_ASSIGNMENT((#18134));
#18136=OVER_RIDING_STYLED_ITEM('',(#18135),#18129,#17961);
#18137=CARTESIAN_POINT('',(2.45E0,0.E0,2.45E0));
#18138=DIRECTION('',(0.E0,0.E0,-1.E0));
#18139=DIRECTION('',(-1.E0,0.E0,0.E0));
#18140=AXIS2_PLACEMENT_3D('',#18137,#18138,#18139);
#18141=PLANE('',#18140);
#18142=ORIENTED_EDGE('',*,*,#18119,.F.);
#18144=ORIENTED_EDGE('',*,*,#18143,.T.);
#18146=ORIENTED_EDGE('',*,*,#18145,.F.);
#18148=ORIENTED_EDGE('',*,*,#18147,.F.);
#18149=EDGE_LOOP('',(#18142,#18144,#18146,#18148));
#18150=FACE_OUTER_BOUND('',#18149,.F.);
#18152=CARTESIAN_POINT('',(-1.875E0,0.E0,2.5E0));
#18153=DIRECTION('',(1.E0,0.E0,0.E0));
#18154=DIRECTION('',(0.E0,0.E0,-1.E0));
#18155=AXIS2_PLACEMENT_3D('',#18152,#18153,#18154);
#18156=PLANE('',#18155);
#18158=ORIENTED_EDGE('',*,*,#18157,.T.);
#18159=ORIENTED_EDGE('',*,*,#18143,.F.);
#18160=ORIENTED_EDGE('',*,*,#18125,.T.);
#18162=ORIENTED_EDGE('',*,*,#18161,.T.);
#18164=ORIENTED_EDGE('',*,*,#18163,.F.);
#18166=ORIENTED_EDGE('',*,*,#18165,.F.);
#18167=EDGE_LOOP('',(#18158,#18159,#18160,#18162,#18164,#18166));
#18168=FACE_OUTER_BOUND('',#18167,.F.);
#18170=CARTESIAN_POINT('',(0.E0,1.E-1,0.E0));
#18171=DIRECTION('',(0.E0,1.E0,0.E0));
#18172=DIRECTION('',(1.E0,0.E0,0.E0));
#18173=AXIS2_PLACEMENT_3D('',#18170,#18171,#18172);
#18174=PLANE('',#18173);
#18175=ORIENTED_EDGE('',*,*,#18157,.F.);
#18177=ORIENTED_EDGE('',*,*,#18176,.F.);
#18179=ORIENTED_EDGE('',*,*,#18178,.F.);
#18180=ORIENTED_EDGE('',*,*,#18145,.T.);
#18181=EDGE_LOOP('',(#18175,#18177,#18179,#18180));
#18182=FACE_OUTER_BOUND('',#18181,.F.);
#18184=CARTESIAN_POINT('',(-1.625E0,0.E0,2.5E0));
#18185=DIRECTION('',(0.E0,0.E0,-1.E0));
#18186=DIRECTION('',(-1.E0,0.E0,0.E0));
#18187=AXIS2_PLACEMENT_3D('',#18184,#18185,#18186);
#18188=PLANE('',#18187);
#18189=ORIENTED_EDGE('',*,*,#18176,.T.);
#18190=ORIENTED_EDGE('',*,*,#18165,.T.);
#18192=ORIENTED_EDGE('',*,*,#18191,.F.);
#18194=ORIENTED_EDGE('',*,*,#18193,.F.);
#18195=EDGE_LOOP('',(#18189,#18190,#18192,#18194));
#18196=FACE_OUTER_BOUND('',#18195,.F.);
#18198=CARTESIAN_POINT('',(0.E0,2.E-1,0.E0));
#18199=DIRECTION('',(0.E0,-1.E0,0.E0));
#18200=DIRECTION('',(1.E0,0.E0,0.E0));
#18201=AXIS2_PLACEMENT_3D('',#18198,#18199,#18200);
#18202=PLANE('',#18201);
#18203=ORIENTED_EDGE('',*,*,#18163,.T.);
#18205=ORIENTED_EDGE('',*,*,#18204,.T.);
#18207=ORIENTED_EDGE('',*,*,#18206,.T.);
#18208=ORIENTED_EDGE('',*,*,#18191,.T.);
#18209=EDGE_LOOP('',(#18203,#18205,#18207,#18208));
#18210=FACE_OUTER_BOUND('',#18209,.F.);
#18212=CARTESIAN_POINT('',(-1.75E0,0.E0,2.225E0));
#18213=DIRECTION('',(0.E0,-1.E0,0.E0));
#18214=DIRECTION('',(1.E0,0.E0,0.E0));
#18215=AXIS2_PLACEMENT_3D('',#18212,#18213,#18214);
#18216=CYLINDRICAL_SURFACE('',#18215,1.25E-1);
#18217=ORIENTED_EDGE('',*,*,#18123,.T.);
#18219=ORIENTED_EDGE('',*,*,#18218,.T.);
#18220=ORIENTED_EDGE('',*,*,#18204,.F.);
#18221=ORIENTED_EDGE('',*,*,#18161,.F.);
#18222=EDGE_LOOP('',(#18217,#18219,#18220,#18221));
#18223=FACE_OUTER_BOUND('',#18222,.F.);
#18225=CARTESIAN_POINT('',(-1.625E0,0.E0,2.225E0));
#18226=DIRECTION('',(-1.E0,0.E0,0.E0));
#18227=DIRECTION('',(0.E0,0.E0,1.E0));
#18228=AXIS2_PLACEMENT_3D('',#18225,#18226,#18227);
#18229=PLANE('',#18228);
#18230=ORIENTED_EDGE('',*,*,#18178,.T.);
#18231=ORIENTED_EDGE('',*,*,#18193,.T.);
#18232=ORIENTED_EDGE('',*,*,#18206,.F.);
#18233=ORIENTED_EDGE('',*,*,#18218,.F.);
#18234=ORIENTED_EDGE('',*,*,#18121,.T.);
#18235=ORIENTED_EDGE('',*,*,#18147,.T.);
#18236=EDGE_LOOP('',(#18230,#18231,#18232,#18233,#18234,#18235));
#18237=FACE_OUTER_BOUND('',#18236,.F.);
#18239=CLOSED_SHELL('',(#18129,#18151,#18169,#18183,#18197,#18211,#18224,
#18238));
#18240=MANIFOLD_SOLID_BREP('',#18239);
#18241=FILL_AREA_STYLE_COLOUR('',#18);
#18242=FILL_AREA_STYLE('',(#18241));
#18243=SURFACE_STYLE_FILL_AREA(#18242);
#18244=SURFACE_SIDE_STYLE('',(#18243));
#18245=SURFACE_STYLE_USAGE(.POSITIVE.,#18244);
#18246=PRESENTATION_STYLE_ASSIGNMENT((#18245));
#17961=STYLED_ITEM('',(#18246),#18240);
#18248=DIRECTION('',(1.E0,0.E0,0.E0));
#18249=VECTOR('',#18248,2.5E-1);
#18250=CARTESIAN_POINT('',(-1.375E0,0.E0,2.45E0));
#18251=LINE('',#18250,#18249);
#18252=CURVE_STYLE('',#32,POSITIVE_LENGTH_MEASURE(2.E-2),#18);
#18253=PRESENTATION_STYLE_ASSIGNMENT((#18252));
#18254=STYLED_ITEM('',(#18253),#18251);
#18255=DIRECTION('',(0.E0,0.E0,1.E0));
#18256=VECTOR('',#18255,2.25E-1);
#18257=CARTESIAN_POINT('',(-1.125E0,0.E0,2.225E0));
#18258=LINE('',#18257,#18256);
#18259=CURVE_STYLE('',#32,POSITIVE_LENGTH_MEASURE(2.E-2),#18);
#18260=PRESENTATION_STYLE_ASSIGNMENT((#18259));
#18261=STYLED_ITEM('',(#18260),#18258);
#18262=CARTESIAN_POINT('',(-1.25E0,0.E0,2.225E0));
#18263=DIRECTION('',(0.E0,-1.E0,0.E0));
#18264=DIRECTION('',(-1.E0,0.E0,0.E0));
#18265=AXIS2_PLACEMENT_3D('',#18262,#18263,#18264);
#18267=CURVE_STYLE('',#32,POSITIVE_LENGTH_MEASURE(2.E-2),#18);
#18268=PRESENTATION_STYLE_ASSIGNMENT((#18267));
#18269=STYLED_ITEM('',(#18268),#18266);
#18270=DIRECTION('',(0.E0,0.E0,-1.E0));
#18271=VECTOR('',#18270,2.25E-1);
#18272=CARTESIAN_POINT('',(-1.375E0,0.E0,2.45E0));
#18273=LINE('',#18272,#18271);
#18274=CURVE_STYLE('',#32,POSITIVE_LENGTH_MEASURE(2.E-2),#18);
#18275=PRESENTATION_STYLE_ASSIGNMENT((#18274));
#18276=STYLED_ITEM('',(#18275),#18273);
#18277=DIRECTION('',(0.E0,0.E0,-1.E0));
#18278=VECTOR('',#18277,5.E-2);
#18279=CARTESIAN_POINT('',(-1.375E0,1.E-1,2.5E0));
#18280=LINE('',#18279,#18278);
#18281=CURVE_STYLE('',#32,POSITIVE_LENGTH_MEASURE(2.E-2),#18);
#18282=PRESENTATION_STYLE_ASSIGNMENT((#18281));
#18283=STYLED_ITEM('',(#18282),#18280);
#18284=DIRECTION('',(0.E0,1.E0,0.E0));
#18285=VECTOR('',#18284,1.E-1);
#18286=CARTESIAN_POINT('',(-1.375E0,0.E0,2.45E0));
#18287=LINE('',#18286,#18285);
#18288=CURVE_STYLE('',#32,POSITIVE_LENGTH_MEASURE(2.E-2),#18);
#18289=PRESENTATION_STYLE_ASSIGNMENT((#18288));
#18290=STYLED_ITEM('',(#18289),#18287);
#18291=DIRECTION('',(0.E0,1.E0,0.E0));
#18292=VECTOR('',#18291,1.E-1);
#18293=CARTESIAN_POINT('',(-1.375E0,1.E-1,2.5E0));
#18294=LINE('',#18293,#18292);
#18295=CURVE_STYLE('',#32,POSITIVE_LENGTH_MEASURE(2.E-2),#18);
#18296=PRESENTATION_STYLE_ASSIGNMENT((#18295));
#18297=STYLED_ITEM('',(#18296),#18294);
#18298=DIRECTION('',(-1.E0,0.E0,0.E0));
#18299=VECTOR('',#18298,2.5E-1);
#18300=CARTESIAN_POINT('',(-1.125E0,1.E-1,2.45E0));
#18301=LINE('',#18300,#18299);
#18302=CURVE_STYLE('',#32,POSITIVE_LENGTH_MEASURE(2.E-2),#18);
#18303=PRESENTATION_STYLE_ASSIGNMENT((#18302));
#18304=STYLED_ITEM('',(#18303),#18301);
#18305=DIRECTION('',(-1.E0,0.E0,0.E0));
#18306=VECTOR('',#18305,2.5E-1);
#18307=CARTESIAN_POINT('',(-1.125E0,1.E-1,2.5E0));
#18308=LINE('',#18307,#18306);
#18309=CURVE_STYLE('',#32,POSITIVE_LENGTH_MEASURE(2.E-2),#18);
#18310=PRESENTATION_STYLE_ASSIGNMENT((#18309));
#18311=STYLED_ITEM('',(#18310),#18308);
#18312=DIRECTION('',(0.E0,1.E0,0.E0));
#18313=VECTOR('',#18312,1.E-1);
#18314=CARTESIAN_POINT('',(-1.125E0,1.E-1,2.5E0));
#18315=LINE('',#18314,#18313);
#18316=CURVE_STYLE('',#32,POSITIVE_LENGTH_MEASURE(2.E-2),#18);
#18317=PRESENTATION_STYLE_ASSIGNMENT((#18316));
#18318=STYLED_ITEM('',(#18317),#18315);
#18319=DIRECTION('',(0.E0,0.E0,-1.E0));
#18320=VECTOR('',#18319,2.75E-1);
#18321=CARTESIAN_POINT('',(-1.375E0,2.E-1,2.5E0));
#18322=LINE('',#18321,#18320);
#18323=CURVE_STYLE('',#32,POSITIVE_LENGTH_MEASURE(2.E-2),#18);
#18324=PRESENTATION_STYLE_ASSIGNMENT((#18323));
#18325=STYLED_ITEM('',(#18324),#18322);
#18326=CARTESIAN_POINT('',(-1.25E0,2.E-1,2.225E0));
#18327=DIRECTION('',(0.E0,-1.E0,0.E0));
#18328=DIRECTION('',(-1.E0,0.E0,0.E0));
#18329=AXIS2_PLACEMENT_3D('',#18326,#18327,#18328);
#18331=CURVE_STYLE('',#32,POSITIVE_LENGTH_MEASURE(2.E-2),#18);
#18332=PRESENTATION_STYLE_ASSIGNMENT((#18331));
#18333=STYLED_ITEM('',(#18332),#18330);
#18334=DIRECTION('',(0.E0,0.E0,1.E0));
#18335=VECTOR('',#18334,2.75E-1);
#18336=CARTESIAN_POINT('',(-1.125E0,2.E-1,2.225E0));
#18337=LINE('',#18336,#18335);
#18338=CURVE_STYLE('',#32,POSITIVE_LENGTH_MEASURE(2.E-2),#18);
#18339=PRESENTATION_STYLE_ASSIGNMENT((#18338));
#18340=STYLED_ITEM('',(#18339),#18337);
#18341=DIRECTION('',(-1.E0,0.E0,0.E0));
#18342=VECTOR('',#18341,2.5E-1);
#18343=CARTESIAN_POINT('',(-1.125E0,2.E-1,2.5E0));
#18344=LINE('',#18343,#18342);
#18345=CURVE_STYLE('',#32,POSITIVE_LENGTH_MEASURE(2.E-2),#18);
#18346=PRESENTATION_STYLE_ASSIGNMENT((#18345));
#18347=STYLED_ITEM('',(#18346),#18344);
#18348=DIRECTION('',(0.E0,1.E0,0.E0));
#18349=VECTOR('',#18348,2.E-1);
#18350=CARTESIAN_POINT('',(-1.375E0,0.E0,2.225E0));
#18351=LINE('',#18350,#18349);
#18352=CURVE_STYLE('',#32,POSITIVE_LENGTH_MEASURE(2.E-2),#18);
#18353=PRESENTATION_STYLE_ASSIGNMENT((#18352));
#18354=STYLED_ITEM('',(#18353),#18351);
#18355=DIRECTION('',(0.E0,0.E0,1.E0));
#18356=VECTOR('',#18355,5.E-2);
#18357=CARTESIAN_POINT('',(-1.125E0,1.E-1,2.45E0));
#18358=LINE('',#18357,#18356);
#18359=CURVE_STYLE('',#32,POSITIVE_LENGTH_MEASURE(2.E-2),#18);
#18360=PRESENTATION_STYLE_ASSIGNMENT((#18359));
#18361=STYLED_ITEM('',(#18360),#18358);
#18362=DIRECTION('',(0.E0,1.E0,0.E0));
#18363=VECTOR('',#18362,2.E-1);
#18364=CARTESIAN_POINT('',(-1.125E0,0.E0,2.225E0));
#18365=LINE('',#18364,#18363);
#18366=CURVE_STYLE('',#32,POSITIVE_LENGTH_MEASURE(2.E-2),#18);
#18367=PRESENTATION_STYLE_ASSIGNMENT((#18366));
#18368=STYLED_ITEM('',(#18367),#18365);
#18369=DIRECTION('',(0.E0,1.E0,0.E0));
#18370=VECTOR('',#18369,1.E-1);
#18371=CARTESIAN_POINT('',(-1.125E0,0.E0,2.45E0));
#18372=LINE('',#18371,#18370);
#18373=CURVE_STYLE('',#32,POSITIVE_LENGTH_MEASURE(2.E-2),#18);
#18374=PRESENTATION_STYLE_ASSIGNMENT((#18373));
#18375=STYLED_ITEM('',(#18374),#18372);
#18376=CARTESIAN_POINT('',(-1.375E0,0.E0,2.225E0));
#18377=CARTESIAN_POINT('',(-1.125E0,0.E0,2.225E0));
#18378=VERTEX_POINT('',#18376);
#18379=VERTEX_POINT('',#18377);
#18380=CARTESIAN_POINT('',(-1.375E0,2.E-1,2.5E0));
#18381=CARTESIAN_POINT('',(-1.375E0,2.E-1,2.225E0));
#18382=VERTEX_POINT('',#18380);
#18383=VERTEX_POINT('',#18381);
#18384=CARTESIAN_POINT('',(-1.125E0,2.E-1,2.225E0));
#18385=VERTEX_POINT('',#18384);
#18386=CARTESIAN_POINT('',(-1.125E0,2.E-1,2.5E0));
#18387=VERTEX_POINT('',#18386);
#18388=CARTESIAN_POINT('',(-1.375E0,0.E0,2.45E0));
#18389=CARTESIAN_POINT('',(-1.125E0,0.E0,2.45E0));
#18390=VERTEX_POINT('',#18388);
#18391=VERTEX_POINT('',#18389);
#18392=CARTESIAN_POINT('',(-1.375E0,1.E-1,2.5E0));
#18393=CARTESIAN_POINT('',(-1.375E0,1.E-1,2.45E0));
#18394=VERTEX_POINT('',#18392);
#18395=VERTEX_POINT('',#18393);
#18396=CARTESIAN_POINT('',(-1.125E0,1.E-1,2.45E0));
#18397=CARTESIAN_POINT('',(-1.125E0,1.E-1,2.5E0));
#18398=VERTEX_POINT('',#18396);
#18399=VERTEX_POINT('',#18397);
#18400=CARTESIAN_POINT('',(0.E0,0.E0,0.E0));
#18401=DIRECTION('',(0.E0,-1.E0,0.E0));
#18402=DIRECTION('',(1.E0,0.E0,0.E0));
#18403=AXIS2_PLACEMENT_3D('',#18400,#18401,#18402);
#18404=PLANE('',#18403);
#18406=ORIENTED_EDGE('',*,*,#18405,.T.);
#18408=ORIENTED_EDGE('',*,*,#18407,.F.);
#18410=ORIENTED_EDGE('',*,*,#18409,.F.);
#18412=ORIENTED_EDGE('',*,*,#18411,.F.);
#18413=EDGE_LOOP('',(#18406,#18408,#18410,#18412));
#18414=FACE_OUTER_BOUND('',#18413,.F.);
#18416=FILL_AREA_STYLE_COLOUR('',#22);
#18417=FILL_AREA_STYLE('',(#18416));
#18418=SURFACE_STYLE_FILL_AREA(#18417);
#18419=SURFACE_SIDE_STYLE('',(#18418));
#18420=SURFACE_STYLE_USAGE(.POSITIVE.,#18419);
#18421=PRESENTATION_STYLE_ASSIGNMENT((#18420));
#18422=OVER_RIDING_STYLED_ITEM('',(#18421),#18415,#18247);
#18423=CARTESIAN_POINT('',(2.45E0,0.E0,2.45E0));
#18424=DIRECTION('',(0.E0,0.E0,-1.E0));
#18425=DIRECTION('',(-1.E0,0.E0,0.E0));
#18426=AXIS2_PLACEMENT_3D('',#18423,#18424,#18425);
#18427=PLANE('',#18426);
#18428=ORIENTED_EDGE('',*,*,#18405,.F.);
#18430=ORIENTED_EDGE('',*,*,#18429,.T.);
#18432=ORIENTED_EDGE('',*,*,#18431,.F.);
#18434=ORIENTED_EDGE('',*,*,#18433,.F.);
#18435=EDGE_LOOP('',(#18428,#18430,#18432,#18434));
#18436=FACE_OUTER_BOUND('',#18435,.F.);
#18438=CARTESIAN_POINT('',(-1.375E0,0.E0,2.5E0));
#18439=DIRECTION('',(1.E0,0.E0,0.E0));
#18440=DIRECTION('',(0.E0,0.E0,-1.E0));
#18441=AXIS2_PLACEMENT_3D('',#18438,#18439,#18440);
#18442=PLANE('',#18441);
#18444=ORIENTED_EDGE('',*,*,#18443,.T.);
#18445=ORIENTED_EDGE('',*,*,#18429,.F.);
#18446=ORIENTED_EDGE('',*,*,#18411,.T.);
#18448=ORIENTED_EDGE('',*,*,#18447,.T.);
#18450=ORIENTED_EDGE('',*,*,#18449,.F.);
#18452=ORIENTED_EDGE('',*,*,#18451,.F.);
#18453=EDGE_LOOP('',(#18444,#18445,#18446,#18448,#18450,#18452));
#18454=FACE_OUTER_BOUND('',#18453,.F.);
#18456=CARTESIAN_POINT('',(0.E0,1.E-1,0.E0));
#18457=DIRECTION('',(0.E0,1.E0,0.E0));
#18458=DIRECTION('',(1.E0,0.E0,0.E0));
#18459=AXIS2_PLACEMENT_3D('',#18456,#18457,#18458);
#18460=PLANE('',#18459);
#18461=ORIENTED_EDGE('',*,*,#18443,.F.);
#18463=ORIENTED_EDGE('',*,*,#18462,.F.);
#18465=ORIENTED_EDGE('',*,*,#18464,.F.);
#18466=ORIENTED_EDGE('',*,*,#18431,.T.);
#18467=EDGE_LOOP('',(#18461,#18463,#18465,#18466));
#18468=FACE_OUTER_BOUND('',#18467,.F.);
#18470=CARTESIAN_POINT('',(-1.125E0,0.E0,2.5E0));
#18471=DIRECTION('',(0.E0,0.E0,-1.E0));
#18472=DIRECTION('',(-1.E0,0.E0,0.E0));
#18473=AXIS2_PLACEMENT_3D('',#18470,#18471,#18472);
#18474=PLANE('',#18473);
#18475=ORIENTED_EDGE('',*,*,#18462,.T.);
#18476=ORIENTED_EDGE('',*,*,#18451,.T.);
#18478=ORIENTED_EDGE('',*,*,#18477,.F.);
#18480=ORIENTED_EDGE('',*,*,#18479,.F.);
#18481=EDGE_LOOP('',(#18475,#18476,#18478,#18480));
#18482=FACE_OUTER_BOUND('',#18481,.F.);
#18484=CARTESIAN_POINT('',(0.E0,2.E-1,0.E0));
#18485=DIRECTION('',(0.E0,-1.E0,0.E0));
#18486=DIRECTION('',(1.E0,0.E0,0.E0));
#18487=AXIS2_PLACEMENT_3D('',#18484,#18485,#18486);
#18488=PLANE('',#18487);
#18489=ORIENTED_EDGE('',*,*,#18449,.T.);
#18491=ORIENTED_EDGE('',*,*,#18490,.T.);
#18493=ORIENTED_EDGE('',*,*,#18492,.T.);
#18494=ORIENTED_EDGE('',*,*,#18477,.T.);
#18495=EDGE_LOOP('',(#18489,#18491,#18493,#18494));
#18496=FACE_OUTER_BOUND('',#18495,.F.);
#18498=CARTESIAN_POINT('',(-1.25E0,0.E0,2.225E0));
#18499=DIRECTION('',(0.E0,-1.E0,0.E0));
#18500=DIRECTION('',(1.E0,0.E0,0.E0));
#18501=AXIS2_PLACEMENT_3D('',#18498,#18499,#18500);
#18502=CYLINDRICAL_SURFACE('',#18501,1.25E-1);
#18503=ORIENTED_EDGE('',*,*,#18409,.T.);
#18505=ORIENTED_EDGE('',*,*,#18504,.T.);
#18506=ORIENTED_EDGE('',*,*,#18490,.F.);
#18507=ORIENTED_EDGE('',*,*,#18447,.F.);
#18508=EDGE_LOOP('',(#18503,#18505,#18506,#18507));
#18509=FACE_OUTER_BOUND('',#18508,.F.);
#18511=CARTESIAN_POINT('',(-1.125E0,0.E0,2.225E0));
#18512=DIRECTION('',(-1.E0,0.E0,0.E0));
#18513=DIRECTION('',(0.E0,0.E0,1.E0));
#18514=AXIS2_PLACEMENT_3D('',#18511,#18512,#18513);
#18515=PLANE('',#18514);
#18516=ORIENTED_EDGE('',*,*,#18464,.T.);
#18517=ORIENTED_EDGE('',*,*,#18479,.T.);
#18518=ORIENTED_EDGE('',*,*,#18492,.F.);
#18519=ORIENTED_EDGE('',*,*,#18504,.F.);
#18520=ORIENTED_EDGE('',*,*,#18407,.T.);
#18521=ORIENTED_EDGE('',*,*,#18433,.T.);
#18522=EDGE_LOOP('',(#18516,#18517,#18518,#18519,#18520,#18521));
#18523=FACE_OUTER_BOUND('',#18522,.F.);
#18525=CLOSED_SHELL('',(#18415,#18437,#18455,#18469,#18483,#18497,#18510,
#18524));
#18526=MANIFOLD_SOLID_BREP('',#18525);
#18527=FILL_AREA_STYLE_COLOUR('',#18);
#18528=FILL_AREA_STYLE('',(#18527));
#18529=SURFACE_STYLE_FILL_AREA(#18528);
#18530=SURFACE_SIDE_STYLE('',(#18529));
#18531=SURFACE_STYLE_USAGE(.POSITIVE.,#18530);
#18532=PRESENTATION_STYLE_ASSIGNMENT((#18531));
#18247=STYLED_ITEM('',(#18532),#18526);
#18534=DIRECTION('',(1.E0,0.E0,0.E0));
#18535=VECTOR('',#18534,2.5E-1);
#18536=CARTESIAN_POINT('',(-8.75E-1,0.E0,2.45E0));
#18537=LINE('',#18536,#18535);
#18538=CURVE_STYLE('',#32,POSITIVE_LENGTH_MEASURE(2.E-2),#18);
#18539=PRESENTATION_STYLE_ASSIGNMENT((#18538));
#18540=STYLED_ITEM('',(#18539),#18537);
#18541=DIRECTION('',(0.E0,0.E0,1.E0));
#18542=VECTOR('',#18541,2.25E-1);
#18543=CARTESIAN_POINT('',(-6.25E-1,0.E0,2.225E0));
#18544=LINE('',#18543,#18542);
#18545=CURVE_STYLE('',#32,POSITIVE_LENGTH_MEASURE(2.E-2),#18);
#18546=PRESENTATION_STYLE_ASSIGNMENT((#18545));
#18547=STYLED_ITEM('',(#18546),#18544);
#18548=CARTESIAN_POINT('',(-7.5E-1,0.E0,2.225E0));
#18549=DIRECTION('',(0.E0,-1.E0,0.E0));
#18550=DIRECTION('',(-1.E0,0.E0,0.E0));
#18551=AXIS2_PLACEMENT_3D('',#18548,#18549,#18550);
#18553=CURVE_STYLE('',#32,POSITIVE_LENGTH_MEASURE(2.E-2),#18);
#18554=PRESENTATION_STYLE_ASSIGNMENT((#18553));
#18555=STYLED_ITEM('',(#18554),#18552);
#18556=DIRECTION('',(0.E0,0.E0,-1.E0));
#18557=VECTOR('',#18556,2.25E-1);
#18558=CARTESIAN_POINT('',(-8.75E-1,0.E0,2.45E0));
#18559=LINE('',#18558,#18557);
#18560=CURVE_STYLE('',#32,POSITIVE_LENGTH_MEASURE(2.E-2),#18);
#18561=PRESENTATION_STYLE_ASSIGNMENT((#18560));
#18562=STYLED_ITEM('',(#18561),#18559);
#18563=DIRECTION('',(0.E0,0.E0,-1.E0));
#18564=VECTOR('',#18563,5.E-2);
#18565=CARTESIAN_POINT('',(-8.75E-1,1.E-1,2.5E0));
#18566=LINE('',#18565,#18564);
#18567=CURVE_STYLE('',#32,POSITIVE_LENGTH_MEASURE(2.E-2),#18);
#18568=PRESENTATION_STYLE_ASSIGNMENT((#18567));
#18569=STYLED_ITEM('',(#18568),#18566);
#18570=DIRECTION('',(0.E0,1.E0,0.E0));
#18571=VECTOR('',#18570,1.E-1);
#18572=CARTESIAN_POINT('',(-8.75E-1,0.E0,2.45E0));
#18573=LINE('',#18572,#18571);
#18574=CURVE_STYLE('',#32,POSITIVE_LENGTH_MEASURE(2.E-2),#18);
#18575=PRESENTATION_STYLE_ASSIGNMENT((#18574));
#18576=STYLED_ITEM('',(#18575),#18573);
#18577=DIRECTION('',(0.E0,1.E0,0.E0));
#18578=VECTOR('',#18577,1.E-1);
#18579=CARTESIAN_POINT('',(-8.75E-1,1.E-1,2.5E0));
#18580=LINE('',#18579,#18578);
#18581=CURVE_STYLE('',#32,POSITIVE_LENGTH_MEASURE(2.E-2),#18);
#18582=PRESENTATION_STYLE_ASSIGNMENT((#18581));
#18583=STYLED_ITEM('',(#18582),#18580);
#18584=DIRECTION('',(-1.E0,0.E0,0.E0));
#18585=VECTOR('',#18584,2.5E-1);
#18586=CARTESIAN_POINT('',(-6.25E-1,1.E-1,2.45E0));
#18587=LINE('',#18586,#18585);
#18588=CURVE_STYLE('',#32,POSITIVE_LENGTH_MEASURE(2.E-2),#18);
#18589=PRESENTATION_STYLE_ASSIGNMENT((#18588));
#18590=STYLED_ITEM('',(#18589),#18587);
#18591=DIRECTION('',(-1.E0,0.E0,0.E0));
#18592=VECTOR('',#18591,2.5E-1);
#18593=CARTESIAN_POINT('',(-6.25E-1,1.E-1,2.5E0));
#18594=LINE('',#18593,#18592);
#18595=CURVE_STYLE('',#32,POSITIVE_LENGTH_MEASURE(2.E-2),#18);
#18596=PRESENTATION_STYLE_ASSIGNMENT((#18595));
#18597=STYLED_ITEM('',(#18596),#18594);
#18598=DIRECTION('',(0.E0,1.E0,0.E0));
#18599=VECTOR('',#18598,1.E-1);
#18600=CARTESIAN_POINT('',(-6.25E-1,1.E-1,2.5E0));
#18601=LINE('',#18600,#18599);
#18602=CURVE_STYLE('',#32,POSITIVE_LENGTH_MEASURE(2.E-2),#18);
#18603=PRESENTATION_STYLE_ASSIGNMENT((#18602));
#18604=STYLED_ITEM('',(#18603),#18601);
#18605=DIRECTION('',(0.E0,0.E0,-1.E0));
#18606=VECTOR('',#18605,2.75E-1);
#18607=CARTESIAN_POINT('',(-8.75E-1,2.E-1,2.5E0));
#18608=LINE('',#18607,#18606);
#18609=CURVE_STYLE('',#32,POSITIVE_LENGTH_MEASURE(2.E-2),#18);
#18610=PRESENTATION_STYLE_ASSIGNMENT((#18609));
#18611=STYLED_ITEM('',(#18610),#18608);
#18612=CARTESIAN_POINT('',(-7.5E-1,2.E-1,2.225E0));
#18613=DIRECTION('',(0.E0,-1.E0,0.E0));
#18614=DIRECTION('',(-1.E0,0.E0,0.E0));
#18615=AXIS2_PLACEMENT_3D('',#18612,#18613,#18614);
#18617=CURVE_STYLE('',#32,POSITIVE_LENGTH_MEASURE(2.E-2),#18);
#18618=PRESENTATION_STYLE_ASSIGNMENT((#18617));
#18619=STYLED_ITEM('',(#18618),#18616);
#18620=DIRECTION('',(0.E0,0.E0,1.E0));
#18621=VECTOR('',#18620,2.75E-1);
#18622=CARTESIAN_POINT('',(-6.25E-1,2.E-1,2.225E0));
#18623=LINE('',#18622,#18621);
#18624=CURVE_STYLE('',#32,POSITIVE_LENGTH_MEASURE(2.E-2),#18);
#18625=PRESENTATION_STYLE_ASSIGNMENT((#18624));
#18626=STYLED_ITEM('',(#18625),#18623);
#18627=DIRECTION('',(-1.E0,0.E0,0.E0));
#18628=VECTOR('',#18627,2.5E-1);
#18629=CARTESIAN_POINT('',(-6.25E-1,2.E-1,2.5E0));
#18630=LINE('',#18629,#18628);
#18631=CURVE_STYLE('',#32,POSITIVE_LENGTH_MEASURE(2.E-2),#18);
#18632=PRESENTATION_STYLE_ASSIGNMENT((#18631));
#18633=STYLED_ITEM('',(#18632),#18630);
#18634=DIRECTION('',(0.E0,1.E0,0.E0));
#18635=VECTOR('',#18634,2.E-1);
#18636=CARTESIAN_POINT('',(-8.75E-1,0.E0,2.225E0));
#18637=LINE('',#18636,#18635);
#18638=CURVE_STYLE('',#32,POSITIVE_LENGTH_MEASURE(2.E-2),#18);
#18639=PRESENTATION_STYLE_ASSIGNMENT((#18638));
#18640=STYLED_ITEM('',(#18639),#18637);
#18641=DIRECTION('',(0.E0,0.E0,1.E0));
#18642=VECTOR('',#18641,5.E-2);
#18643=CARTESIAN_POINT('',(-6.25E-1,1.E-1,2.45E0));
#18644=LINE('',#18643,#18642);
#18645=CURVE_STYLE('',#32,POSITIVE_LENGTH_MEASURE(2.E-2),#18);
#18646=PRESENTATION_STYLE_ASSIGNMENT((#18645));
#18647=STYLED_ITEM('',(#18646),#18644);
#18648=DIRECTION('',(0.E0,1.E0,0.E0));
#18649=VECTOR('',#18648,2.E-1);
#18650=CARTESIAN_POINT('',(-6.25E-1,0.E0,2.225E0));
#18651=LINE('',#18650,#18649);
#18652=CURVE_STYLE('',#32,POSITIVE_LENGTH_MEASURE(2.E-2),#18);
#18653=PRESENTATION_STYLE_ASSIGNMENT((#18652));
#18654=STYLED_ITEM('',(#18653),#18651);
#18655=DIRECTION('',(0.E0,1.E0,0.E0));
#18656=VECTOR('',#18655,1.E-1);
#18657=CARTESIAN_POINT('',(-6.25E-1,0.E0,2.45E0));
#18658=LINE('',#18657,#18656);
#18659=CURVE_STYLE('',#32,POSITIVE_LENGTH_MEASURE(2.E-2),#18);
#18660=PRESENTATION_STYLE_ASSIGNMENT((#18659));
#18661=STYLED_ITEM('',(#18660),#18658);
#18662=CARTESIAN_POINT('',(-8.75E-1,0.E0,2.225E0));
#18663=CARTESIAN_POINT('',(-6.25E-1,0.E0,2.225E0));
#18664=VERTEX_POINT('',#18662);
#18665=VERTEX_POINT('',#18663);
#18666=CARTESIAN_POINT('',(-8.75E-1,2.E-1,2.5E0));
#18667=CARTESIAN_POINT('',(-8.75E-1,2.E-1,2.225E0));
#18668=VERTEX_POINT('',#18666);
#18669=VERTEX_POINT('',#18667);
#18670=CARTESIAN_POINT('',(-6.25E-1,2.E-1,2.225E0));
#18671=VERTEX_POINT('',#18670);
#18672=CARTESIAN_POINT('',(-6.25E-1,2.E-1,2.5E0));
#18673=VERTEX_POINT('',#18672);
#18674=CARTESIAN_POINT('',(-8.75E-1,0.E0,2.45E0));
#18675=CARTESIAN_POINT('',(-6.25E-1,0.E0,2.45E0));
#18676=VERTEX_POINT('',#18674);
#18677=VERTEX_POINT('',#18675);
#18678=CARTESIAN_POINT('',(-8.75E-1,1.E-1,2.5E0));
#18679=CARTESIAN_POINT('',(-8.75E-1,1.E-1,2.45E0));
#18680=VERTEX_POINT('',#18678);
#18681=VERTEX_POINT('',#18679);
#18682=CARTESIAN_POINT('',(-6.25E-1,1.E-1,2.45E0));
#18683=CARTESIAN_POINT('',(-6.25E-1,1.E-1,2.5E0));
#18684=VERTEX_POINT('',#18682);
#18685=VERTEX_POINT('',#18683);
#18686=CARTESIAN_POINT('',(0.E0,0.E0,0.E0));
#18687=DIRECTION('',(0.E0,-1.E0,0.E0));
#18688=DIRECTION('',(1.E0,0.E0,0.E0));
#18689=AXIS2_PLACEMENT_3D('',#18686,#18687,#18688);
#18690=PLANE('',#18689);
#18692=ORIENTED_EDGE('',*,*,#18691,.T.);
#18694=ORIENTED_EDGE('',*,*,#18693,.F.);
#18696=ORIENTED_EDGE('',*,*,#18695,.F.);
#18698=ORIENTED_EDGE('',*,*,#18697,.F.);
#18699=EDGE_LOOP('',(#18692,#18694,#18696,#18698));
#18700=FACE_OUTER_BOUND('',#18699,.F.);
#18702=FILL_AREA_STYLE_COLOUR('',#22);
#18703=FILL_AREA_STYLE('',(#18702));
#18704=SURFACE_STYLE_FILL_AREA(#18703);
#18705=SURFACE_SIDE_STYLE('',(#18704));
#18706=SURFACE_STYLE_USAGE(.POSITIVE.,#18705);
#18707=PRESENTATION_STYLE_ASSIGNMENT((#18706));
#18708=OVER_RIDING_STYLED_ITEM('',(#18707),#18701,#18533);
#18709=CARTESIAN_POINT('',(2.45E0,0.E0,2.45E0));
#18710=DIRECTION('',(0.E0,0.E0,-1.E0));
#18711=DIRECTION('',(-1.E0,0.E0,0.E0));
#18712=AXIS2_PLACEMENT_3D('',#18709,#18710,#18711);
#18713=PLANE('',#18712);
#18714=ORIENTED_EDGE('',*,*,#18691,.F.);
#18716=ORIENTED_EDGE('',*,*,#18715,.T.);
#18718=ORIENTED_EDGE('',*,*,#18717,.F.);
#18720=ORIENTED_EDGE('',*,*,#18719,.F.);
#18721=EDGE_LOOP('',(#18714,#18716,#18718,#18720));
#18722=FACE_OUTER_BOUND('',#18721,.F.);
#18724=CARTESIAN_POINT('',(-8.75E-1,0.E0,2.5E0));
#18725=DIRECTION('',(1.E0,0.E0,0.E0));
#18726=DIRECTION('',(0.E0,0.E0,-1.E0));
#18727=AXIS2_PLACEMENT_3D('',#18724,#18725,#18726);
#18728=PLANE('',#18727);
#18730=ORIENTED_EDGE('',*,*,#18729,.T.);
#18731=ORIENTED_EDGE('',*,*,#18715,.F.);
#18732=ORIENTED_EDGE('',*,*,#18697,.T.);
#18734=ORIENTED_EDGE('',*,*,#18733,.T.);
#18736=ORIENTED_EDGE('',*,*,#18735,.F.);
#18738=ORIENTED_EDGE('',*,*,#18737,.F.);
#18739=EDGE_LOOP('',(#18730,#18731,#18732,#18734,#18736,#18738));
#18740=FACE_OUTER_BOUND('',#18739,.F.);
#18742=CARTESIAN_POINT('',(0.E0,1.E-1,0.E0));
#18743=DIRECTION('',(0.E0,1.E0,0.E0));
#18744=DIRECTION('',(1.E0,0.E0,0.E0));
#18745=AXIS2_PLACEMENT_3D('',#18742,#18743,#18744);
#18746=PLANE('',#18745);
#18747=ORIENTED_EDGE('',*,*,#18729,.F.);
#18749=ORIENTED_EDGE('',*,*,#18748,.F.);
#18751=ORIENTED_EDGE('',*,*,#18750,.F.);
#18752=ORIENTED_EDGE('',*,*,#18717,.T.);
#18753=EDGE_LOOP('',(#18747,#18749,#18751,#18752));
#18754=FACE_OUTER_BOUND('',#18753,.F.);
#18756=CARTESIAN_POINT('',(-6.25E-1,0.E0,2.5E0));
#18757=DIRECTION('',(0.E0,0.E0,-1.E0));
#18758=DIRECTION('',(-1.E0,0.E0,0.E0));
#18759=AXIS2_PLACEMENT_3D('',#18756,#18757,#18758);
#18760=PLANE('',#18759);
#18761=ORIENTED_EDGE('',*,*,#18748,.T.);
#18762=ORIENTED_EDGE('',*,*,#18737,.T.);
#18764=ORIENTED_EDGE('',*,*,#18763,.F.);
#18766=ORIENTED_EDGE('',*,*,#18765,.F.);
#18767=EDGE_LOOP('',(#18761,#18762,#18764,#18766));
#18768=FACE_OUTER_BOUND('',#18767,.F.);
#18770=CARTESIAN_POINT('',(0.E0,2.E-1,0.E0));
#18771=DIRECTION('',(0.E0,-1.E0,0.E0));
#18772=DIRECTION('',(1.E0,0.E0,0.E0));
#18773=AXIS2_PLACEMENT_3D('',#18770,#18771,#18772);
#18774=PLANE('',#18773);
#18775=ORIENTED_EDGE('',*,*,#18735,.T.);
#18777=ORIENTED_EDGE('',*,*,#18776,.T.);
#18779=ORIENTED_EDGE('',*,*,#18778,.T.);
#18780=ORIENTED_EDGE('',*,*,#18763,.T.);
#18781=EDGE_LOOP('',(#18775,#18777,#18779,#18780));
#18782=FACE_OUTER_BOUND('',#18781,.F.);
#18784=CARTESIAN_POINT('',(-7.5E-1,0.E0,2.225E0));
#18785=DIRECTION('',(0.E0,-1.E0,0.E0));
#18786=DIRECTION('',(1.E0,0.E0,0.E0));
#18787=AXIS2_PLACEMENT_3D('',#18784,#18785,#18786);
#18788=CYLINDRICAL_SURFACE('',#18787,1.25E-1);
#18789=ORIENTED_EDGE('',*,*,#18695,.T.);
#18791=ORIENTED_EDGE('',*,*,#18790,.T.);
#18792=ORIENTED_EDGE('',*,*,#18776,.F.);
#18793=ORIENTED_EDGE('',*,*,#18733,.F.);
#18794=EDGE_LOOP('',(#18789,#18791,#18792,#18793));
#18795=FACE_OUTER_BOUND('',#18794,.F.);
#18797=CARTESIAN_POINT('',(-6.25E-1,0.E0,2.225E0));
#18798=DIRECTION('',(-1.E0,0.E0,0.E0));
#18799=DIRECTION('',(0.E0,0.E0,1.E0));
#18800=AXIS2_PLACEMENT_3D('',#18797,#18798,#18799);
#18801=PLANE('',#18800);
#18802=ORIENTED_EDGE('',*,*,#18750,.T.);
#18803=ORIENTED_EDGE('',*,*,#18765,.T.);
#18804=ORIENTED_EDGE('',*,*,#18778,.F.);
#18805=ORIENTED_EDGE('',*,*,#18790,.F.);
#18806=ORIENTED_EDGE('',*,*,#18693,.T.);
#18807=ORIENTED_EDGE('',*,*,#18719,.T.);
#18808=EDGE_LOOP('',(#18802,#18803,#18804,#18805,#18806,#18807));
#18809=FACE_OUTER_BOUND('',#18808,.F.);
#18811=CLOSED_SHELL('',(#18701,#18723,#18741,#18755,#18769,#18783,#18796,
#18810));
#18812=MANIFOLD_SOLID_BREP('',#18811);
#18813=FILL_AREA_STYLE_COLOUR('',#18);
#18814=FILL_AREA_STYLE('',(#18813));
#18815=SURFACE_STYLE_FILL_AREA(#18814);
#18816=SURFACE_SIDE_STYLE('',(#18815));
#18817=SURFACE_STYLE_USAGE(.POSITIVE.,#18816);
#18818=PRESENTATION_STYLE_ASSIGNMENT((#18817));
#18533=STYLED_ITEM('',(#18818),#18812);
#18820=DIRECTION('',(1.E0,0.E0,0.E0));
#18821=VECTOR('',#18820,2.5E-1);
#18822=CARTESIAN_POINT('',(-3.75E-1,0.E0,2.45E0));
#18823=LINE('',#18822,#18821);
#18824=CURVE_STYLE('',#32,POSITIVE_LENGTH_MEASURE(2.E-2),#18);
#18825=PRESENTATION_STYLE_ASSIGNMENT((#18824));
#18826=STYLED_ITEM('',(#18825),#18823);
#18827=DIRECTION('',(0.E0,0.E0,1.E0));
#18828=VECTOR('',#18827,2.25E-1);
#18829=CARTESIAN_POINT('',(-1.25E-1,0.E0,2.225E0));
#18830=LINE('',#18829,#18828);
#18831=CURVE_STYLE('',#32,POSITIVE_LENGTH_MEASURE(2.E-2),#18);
#18832=PRESENTATION_STYLE_ASSIGNMENT((#18831));
#18833=STYLED_ITEM('',(#18832),#18830);
#18834=CARTESIAN_POINT('',(-2.5E-1,0.E0,2.225E0));
#18835=DIRECTION('',(0.E0,-1.E0,0.E0));
#18836=DIRECTION('',(-1.E0,0.E0,0.E0));
#18837=AXIS2_PLACEMENT_3D('',#18834,#18835,#18836);
#18839=CURVE_STYLE('',#32,POSITIVE_LENGTH_MEASURE(2.E-2),#18);
#18840=PRESENTATION_STYLE_ASSIGNMENT((#18839));
#18841=STYLED_ITEM('',(#18840),#18838);
#18842=DIRECTION('',(0.E0,0.E0,-1.E0));
#18843=VECTOR('',#18842,2.25E-1);
#18844=CARTESIAN_POINT('',(-3.75E-1,0.E0,2.45E0));
#18845=LINE('',#18844,#18843);
#18846=CURVE_STYLE('',#32,POSITIVE_LENGTH_MEASURE(2.E-2),#18);
#18847=PRESENTATION_STYLE_ASSIGNMENT((#18846));
#18848=STYLED_ITEM('',(#18847),#18845);
#18849=DIRECTION('',(0.E0,0.E0,-1.E0));
#18850=VECTOR('',#18849,5.E-2);
#18851=CARTESIAN_POINT('',(-3.75E-1,1.E-1,2.5E0));
#18852=LINE('',#18851,#18850);
#18853=CURVE_STYLE('',#32,POSITIVE_LENGTH_MEASURE(2.E-2),#18);
#18854=PRESENTATION_STYLE_ASSIGNMENT((#18853));
#18855=STYLED_ITEM('',(#18854),#18852);
#18856=DIRECTION('',(0.E0,1.E0,0.E0));
#18857=VECTOR('',#18856,1.E-1);
#18858=CARTESIAN_POINT('',(-3.75E-1,0.E0,2.45E0));
#18859=LINE('',#18858,#18857);
#18860=CURVE_STYLE('',#32,POSITIVE_LENGTH_MEASURE(2.E-2),#18);
#18861=PRESENTATION_STYLE_ASSIGNMENT((#18860));
#18862=STYLED_ITEM('',(#18861),#18859);
#18863=DIRECTION('',(0.E0,1.E0,0.E0));
#18864=VECTOR('',#18863,1.E-1);
#18865=CARTESIAN_POINT('',(-3.75E-1,1.E-1,2.5E0));
#18866=LINE('',#18865,#18864);
#18867=CURVE_STYLE('',#32,POSITIVE_LENGTH_MEASURE(2.E-2),#18);
#18868=PRESENTATION_STYLE_ASSIGNMENT((#18867));
#18869=STYLED_ITEM('',(#18868),#18866);
#18870=DIRECTION('',(-1.E0,0.E0,0.E0));
#18871=VECTOR('',#18870,2.5E-1);
#18872=CARTESIAN_POINT('',(-1.25E-1,1.E-1,2.45E0));
#18873=LINE('',#18872,#18871);
#18874=CURVE_STYLE('',#32,POSITIVE_LENGTH_MEASURE(2.E-2),#18);
#18875=PRESENTATION_STYLE_ASSIGNMENT((#18874));
#18876=STYLED_ITEM('',(#18875),#18873);
#18877=DIRECTION('',(-1.E0,0.E0,0.E0));
#18878=VECTOR('',#18877,2.5E-1);
#18879=CARTESIAN_POINT('',(-1.25E-1,1.E-1,2.5E0));
#18880=LINE('',#18879,#18878);
#18881=CURVE_STYLE('',#32,POSITIVE_LENGTH_MEASURE(2.E-2),#18);
#18882=PRESENTATION_STYLE_ASSIGNMENT((#18881));
#18883=STYLED_ITEM('',(#18882),#18880);
#18884=DIRECTION('',(0.E0,1.E0,0.E0));
#18885=VECTOR('',#18884,1.E-1);
#18886=CARTESIAN_POINT('',(-1.25E-1,1.E-1,2.5E0));
#18887=LINE('',#18886,#18885);
#18888=CURVE_STYLE('',#32,POSITIVE_LENGTH_MEASURE(2.E-2),#18);
#18889=PRESENTATION_STYLE_ASSIGNMENT((#18888));
#18890=STYLED_ITEM('',(#18889),#18887);
#18891=DIRECTION('',(0.E0,0.E0,-1.E0));
#18892=VECTOR('',#18891,2.75E-1);
#18893=CARTESIAN_POINT('',(-3.75E-1,2.E-1,2.5E0));
#18894=LINE('',#18893,#18892);
#18895=CURVE_STYLE('',#32,POSITIVE_LENGTH_MEASURE(2.E-2),#18);
#18896=PRESENTATION_STYLE_ASSIGNMENT((#18895));
#18897=STYLED_ITEM('',(#18896),#18894);
#18898=CARTESIAN_POINT('',(-2.5E-1,2.E-1,2.225E0));
#18899=DIRECTION('',(0.E0,-1.E0,0.E0));
#18900=DIRECTION('',(-1.E0,0.E0,0.E0));
#18901=AXIS2_PLACEMENT_3D('',#18898,#18899,#18900);
#18903=CURVE_STYLE('',#32,POSITIVE_LENGTH_MEASURE(2.E-2),#18);
#18904=PRESENTATION_STYLE_ASSIGNMENT((#18903));
#18905=STYLED_ITEM('',(#18904),#18902);
#18906=DIRECTION('',(0.E0,0.E0,1.E0));
#18907=VECTOR('',#18906,2.75E-1);
#18908=CARTESIAN_POINT('',(-1.25E-1,2.E-1,2.225E0));
#18909=LINE('',#18908,#18907);
#18910=CURVE_STYLE('',#32,POSITIVE_LENGTH_MEASURE(2.E-2),#18);
#18911=PRESENTATION_STYLE_ASSIGNMENT((#18910));
#18912=STYLED_ITEM('',(#18911),#18909);
#18913=DIRECTION('',(-1.E0,0.E0,0.E0));
#18914=VECTOR('',#18913,2.5E-1);
#18915=CARTESIAN_POINT('',(-1.25E-1,2.E-1,2.5E0));
#18916=LINE('',#18915,#18914);
#18917=CURVE_STYLE('',#32,POSITIVE_LENGTH_MEASURE(2.E-2),#18);
#18918=PRESENTATION_STYLE_ASSIGNMENT((#18917));
#18919=STYLED_ITEM('',(#18918),#18916);
#18920=DIRECTION('',(0.E0,1.E0,0.E0));
#18921=VECTOR('',#18920,2.E-1);
#18922=CARTESIAN_POINT('',(-3.75E-1,0.E0,2.225E0));
#18923=LINE('',#18922,#18921);
#18924=CURVE_STYLE('',#32,POSITIVE_LENGTH_MEASURE(2.E-2),#18);
#18925=PRESENTATION_STYLE_ASSIGNMENT((#18924));
#18926=STYLED_ITEM('',(#18925),#18923);
#18927=DIRECTION('',(0.E0,0.E0,1.E0));
#18928=VECTOR('',#18927,5.E-2);
#18929=CARTESIAN_POINT('',(-1.25E-1,1.E-1,2.45E0));
#18930=LINE('',#18929,#18928);
#18931=CURVE_STYLE('',#32,POSITIVE_LENGTH_MEASURE(2.E-2),#18);
#18932=PRESENTATION_STYLE_ASSIGNMENT((#18931));
#18933=STYLED_ITEM('',(#18932),#18930);
#18934=DIRECTION('',(0.E0,1.E0,0.E0));
#18935=VECTOR('',#18934,2.E-1);
#18936=CARTESIAN_POINT('',(-1.25E-1,0.E0,2.225E0));
#18937=LINE('',#18936,#18935);
#18938=CURVE_STYLE('',#32,POSITIVE_LENGTH_MEASURE(2.E-2),#18);
#18939=PRESENTATION_STYLE_ASSIGNMENT((#18938));
#18940=STYLED_ITEM('',(#18939),#18937);
#18941=DIRECTION('',(0.E0,1.E0,0.E0));
#18942=VECTOR('',#18941,1.E-1);
#18943=CARTESIAN_POINT('',(-1.25E-1,0.E0,2.45E0));
#18944=LINE('',#18943,#18942);
#18945=CURVE_STYLE('',#32,POSITIVE_LENGTH_MEASURE(2.E-2),#18);
#18946=PRESENTATION_STYLE_ASSIGNMENT((#18945));
#18947=STYLED_ITEM('',(#18946),#18944);
#18948=CARTESIAN_POINT('',(-3.75E-1,0.E0,2.225E0));
#18949=CARTESIAN_POINT('',(-1.25E-1,0.E0,2.225E0));
#18950=VERTEX_POINT('',#18948);
#18951=VERTEX_POINT('',#18949);
#18952=CARTESIAN_POINT('',(-3.75E-1,2.E-1,2.5E0));
#18953=CARTESIAN_POINT('',(-3.75E-1,2.E-1,2.225E0));
#18954=VERTEX_POINT('',#18952);
#18955=VERTEX_POINT('',#18953);
#18956=CARTESIAN_POINT('',(-1.25E-1,2.E-1,2.225E0));
#18957=VERTEX_POINT('',#18956);
#18958=CARTESIAN_POINT('',(-1.25E-1,2.E-1,2.5E0));
#18959=VERTEX_POINT('',#18958);
#18960=CARTESIAN_POINT('',(-3.75E-1,0.E0,2.45E0));
#18961=CARTESIAN_POINT('',(-1.25E-1,0.E0,2.45E0));
#18962=VERTEX_POINT('',#18960);
#18963=VERTEX_POINT('',#18961);
#18964=CARTESIAN_POINT('',(-3.75E-1,1.E-1,2.5E0));
#18965=CARTESIAN_POINT('',(-3.75E-1,1.E-1,2.45E0));
#18966=VERTEX_POINT('',#18964);
#18967=VERTEX_POINT('',#18965);
#18968=CARTESIAN_POINT('',(-1.25E-1,1.E-1,2.45E0));
#18969=CARTESIAN_POINT('',(-1.25E-1,1.E-1,2.5E0));
#18970=VERTEX_POINT('',#18968);
#18971=VERTEX_POINT('',#18969);
#18972=CARTESIAN_POINT('',(0.E0,0.E0,0.E0));
#18973=DIRECTION('',(0.E0,-1.E0,0.E0));
#18974=DIRECTION('',(1.E0,0.E0,0.E0));
#18975=AXIS2_PLACEMENT_3D('',#18972,#18973,#18974);
#18976=PLANE('',#18975);
#18978=ORIENTED_EDGE('',*,*,#18977,.T.);
#18980=ORIENTED_EDGE('',*,*,#18979,.F.);
#18982=ORIENTED_EDGE('',*,*,#18981,.F.);
#18984=ORIENTED_EDGE('',*,*,#18983,.F.);
#18985=EDGE_LOOP('',(#18978,#18980,#18982,#18984));
#18986=FACE_OUTER_BOUND('',#18985,.F.);
#18988=FILL_AREA_STYLE_COLOUR('',#22);
#18989=FILL_AREA_STYLE('',(#18988));
#18990=SURFACE_STYLE_FILL_AREA(#18989);
#18991=SURFACE_SIDE_STYLE('',(#18990));
#18992=SURFACE_STYLE_USAGE(.POSITIVE.,#18991);
#18993=PRESENTATION_STYLE_ASSIGNMENT((#18992));
#18994=OVER_RIDING_STYLED_ITEM('',(#18993),#18987,#18819);
#18995=CARTESIAN_POINT('',(2.45E0,0.E0,2.45E0));
#18996=DIRECTION('',(0.E0,0.E0,-1.E0));
#18997=DIRECTION('',(-1.E0,0.E0,0.E0));
#18998=AXIS2_PLACEMENT_3D('',#18995,#18996,#18997);
#18999=PLANE('',#18998);
#19000=ORIENTED_EDGE('',*,*,#18977,.F.);
#19002=ORIENTED_EDGE('',*,*,#19001,.T.);
#19004=ORIENTED_EDGE('',*,*,#19003,.F.);
#19006=ORIENTED_EDGE('',*,*,#19005,.F.);
#19007=EDGE_LOOP('',(#19000,#19002,#19004,#19006));
#19008=FACE_OUTER_BOUND('',#19007,.F.);
#19010=CARTESIAN_POINT('',(-3.75E-1,0.E0,2.5E0));
#19011=DIRECTION('',(1.E0,0.E0,0.E0));
#19012=DIRECTION('',(0.E0,0.E0,-1.E0));
#19013=AXIS2_PLACEMENT_3D('',#19010,#19011,#19012);
#19014=PLANE('',#19013);
#19016=ORIENTED_EDGE('',*,*,#19015,.T.);
#19017=ORIENTED_EDGE('',*,*,#19001,.F.);
#19018=ORIENTED_EDGE('',*,*,#18983,.T.);
#19020=ORIENTED_EDGE('',*,*,#19019,.T.);
#19022=ORIENTED_EDGE('',*,*,#19021,.F.);
#19024=ORIENTED_EDGE('',*,*,#19023,.F.);
#19025=EDGE_LOOP('',(#19016,#19017,#19018,#19020,#19022,#19024));
#19026=FACE_OUTER_BOUND('',#19025,.F.);
#19028=CARTESIAN_POINT('',(0.E0,1.E-1,0.E0));
#19029=DIRECTION('',(0.E0,1.E0,0.E0));
#19030=DIRECTION('',(1.E0,0.E0,0.E0));
#19031=AXIS2_PLACEMENT_3D('',#19028,#19029,#19030);
#19032=PLANE('',#19031);
#19033=ORIENTED_EDGE('',*,*,#19015,.F.);
#19035=ORIENTED_EDGE('',*,*,#19034,.F.);
#19037=ORIENTED_EDGE('',*,*,#19036,.F.);
#19038=ORIENTED_EDGE('',*,*,#19003,.T.);
#19039=EDGE_LOOP('',(#19033,#19035,#19037,#19038));
#19040=FACE_OUTER_BOUND('',#19039,.F.);
#19042=CARTESIAN_POINT('',(-1.25E-1,0.E0,2.5E0));
#19043=DIRECTION('',(0.E0,0.E0,-1.E0));
#19044=DIRECTION('',(-1.E0,0.E0,0.E0));
#19045=AXIS2_PLACEMENT_3D('',#19042,#19043,#19044);
#19046=PLANE('',#19045);
#19047=ORIENTED_EDGE('',*,*,#19034,.T.);
#19048=ORIENTED_EDGE('',*,*,#19023,.T.);
#19050=ORIENTED_EDGE('',*,*,#19049,.F.);
#19052=ORIENTED_EDGE('',*,*,#19051,.F.);
#19053=EDGE_LOOP('',(#19047,#19048,#19050,#19052));
#19054=FACE_OUTER_BOUND('',#19053,.F.);
#19056=CARTESIAN_POINT('',(0.E0,2.E-1,0.E0));
#19057=DIRECTION('',(0.E0,-1.E0,0.E0));
#19058=DIRECTION('',(1.E0,0.E0,0.E0));
#19059=AXIS2_PLACEMENT_3D('',#19056,#19057,#19058);
#19060=PLANE('',#19059);
#19061=ORIENTED_EDGE('',*,*,#19021,.T.);
#19063=ORIENTED_EDGE('',*,*,#19062,.T.);
#19065=ORIENTED_EDGE('',*,*,#19064,.T.);
#19066=ORIENTED_EDGE('',*,*,#19049,.T.);
#19067=EDGE_LOOP('',(#19061,#19063,#19065,#19066));
#19068=FACE_OUTER_BOUND('',#19067,.F.);
#19070=CARTESIAN_POINT('',(-2.5E-1,0.E0,2.225E0));
#19071=DIRECTION('',(0.E0,-1.E0,0.E0));
#19072=DIRECTION('',(1.E0,0.E0,0.E0));
#19073=AXIS2_PLACEMENT_3D('',#19070,#19071,#19072);
#19074=CYLINDRICAL_SURFACE('',#19073,1.25E-1);
#19075=ORIENTED_EDGE('',*,*,#18981,.T.);
#19077=ORIENTED_EDGE('',*,*,#19076,.T.);
#19078=ORIENTED_EDGE('',*,*,#19062,.F.);
#19079=ORIENTED_EDGE('',*,*,#19019,.F.);
#19080=EDGE_LOOP('',(#19075,#19077,#19078,#19079));
#19081=FACE_OUTER_BOUND('',#19080,.F.);
#19083=CARTESIAN_POINT('',(-1.25E-1,0.E0,2.225E0));
#19084=DIRECTION('',(-1.E0,0.E0,0.E0));
#19085=DIRECTION('',(0.E0,0.E0,1.E0));
#19086=AXIS2_PLACEMENT_3D('',#19083,#19084,#19085);
#19087=PLANE('',#19086);
#19088=ORIENTED_EDGE('',*,*,#19036,.T.);
#19089=ORIENTED_EDGE('',*,*,#19051,.T.);
#19090=ORIENTED_EDGE('',*,*,#19064,.F.);
#19091=ORIENTED_EDGE('',*,*,#19076,.F.);
#19092=ORIENTED_EDGE('',*,*,#18979,.T.);
#19093=ORIENTED_EDGE('',*,*,#19005,.T.);
#19094=EDGE_LOOP('',(#19088,#19089,#19090,#19091,#19092,#19093));
#19095=FACE_OUTER_BOUND('',#19094,.F.);
#19097=CLOSED_SHELL('',(#18987,#19009,#19027,#19041,#19055,#19069,#19082,
#19096));
#19098=MANIFOLD_SOLID_BREP('',#19097);
#19099=FILL_AREA_STYLE_COLOUR('',#18);
#19100=FILL_AREA_STYLE('',(#19099));
#19101=SURFACE_STYLE_FILL_AREA(#19100);
#19102=SURFACE_SIDE_STYLE('',(#19101));
#19103=SURFACE_STYLE_USAGE(.POSITIVE.,#19102);
#19104=PRESENTATION_STYLE_ASSIGNMENT((#19103));
#18819=STYLED_ITEM('',(#19104),#19098);
#19106=DIRECTION('',(1.E0,0.E0,0.E0));
#19107=VECTOR('',#19106,2.5E-1);
#19108=CARTESIAN_POINT('',(1.25E-1,0.E0,2.45E0));
#19109=LINE('',#19108,#19107);
#19110=CURVE_STYLE('',#32,POSITIVE_LENGTH_MEASURE(2.E-2),#18);
#19111=PRESENTATION_STYLE_ASSIGNMENT((#19110));
#19112=STYLED_ITEM('',(#19111),#19109);
#19113=DIRECTION('',(0.E0,0.E0,1.E0));
#19114=VECTOR('',#19113,2.25E-1);
#19115=CARTESIAN_POINT('',(3.75E-1,0.E0,2.225E0));
#19116=LINE('',#19115,#19114);
#19117=CURVE_STYLE('',#32,POSITIVE_LENGTH_MEASURE(2.E-2),#18);
#19118=PRESENTATION_STYLE_ASSIGNMENT((#19117));
#19119=STYLED_ITEM('',(#19118),#19116);
#19120=CARTESIAN_POINT('',(2.5E-1,0.E0,2.225E0));
#19121=DIRECTION('',(0.E0,-1.E0,0.E0));
#19122=DIRECTION('',(-1.E0,0.E0,0.E0));
#19123=AXIS2_PLACEMENT_3D('',#19120,#19121,#19122);
#19125=CURVE_STYLE('',#32,POSITIVE_LENGTH_MEASURE(2.E-2),#18);
#19126=PRESENTATION_STYLE_ASSIGNMENT((#19125));
#19127=STYLED_ITEM('',(#19126),#19124);
#19128=DIRECTION('',(0.E0,0.E0,-1.E0));
#19129=VECTOR('',#19128,2.25E-1);
#19130=CARTESIAN_POINT('',(1.25E-1,0.E0,2.45E0));
#19131=LINE('',#19130,#19129);
#19132=CURVE_STYLE('',#32,POSITIVE_LENGTH_MEASURE(2.E-2),#18);
#19133=PRESENTATION_STYLE_ASSIGNMENT((#19132));
#19134=STYLED_ITEM('',(#19133),#19131);
#19135=DIRECTION('',(0.E0,0.E0,-1.E0));
#19136=VECTOR('',#19135,5.E-2);
#19137=CARTESIAN_POINT('',(1.25E-1,1.E-1,2.5E0));
#19138=LINE('',#19137,#19136);
#19139=CURVE_STYLE('',#32,POSITIVE_LENGTH_MEASURE(2.E-2),#18);
#19140=PRESENTATION_STYLE_ASSIGNMENT((#19139));
#19141=STYLED_ITEM('',(#19140),#19138);
#19142=DIRECTION('',(0.E0,1.E0,0.E0));
#19143=VECTOR('',#19142,1.E-1);
#19144=CARTESIAN_POINT('',(1.25E-1,0.E0,2.45E0));
#19145=LINE('',#19144,#19143);
#19146=CURVE_STYLE('',#32,POSITIVE_LENGTH_MEASURE(2.E-2),#18);
#19147=PRESENTATION_STYLE_ASSIGNMENT((#19146));
#19148=STYLED_ITEM('',(#19147),#19145);
#19149=DIRECTION('',(0.E0,1.E0,0.E0));
#19150=VECTOR('',#19149,1.E-1);
#19151=CARTESIAN_POINT('',(1.25E-1,1.E-1,2.5E0));
#19152=LINE('',#19151,#19150);
#19153=CURVE_STYLE('',#32,POSITIVE_LENGTH_MEASURE(2.E-2),#18);
#19154=PRESENTATION_STYLE_ASSIGNMENT((#19153));
#19155=STYLED_ITEM('',(#19154),#19152);
#19156=DIRECTION('',(-1.E0,0.E0,0.E0));
#19157=VECTOR('',#19156,2.5E-1);
#19158=CARTESIAN_POINT('',(3.75E-1,1.E-1,2.45E0));
#19159=LINE('',#19158,#19157);
#19160=CURVE_STYLE('',#32,POSITIVE_LENGTH_MEASURE(2.E-2),#18);
#19161=PRESENTATION_STYLE_ASSIGNMENT((#19160));
#19162=STYLED_ITEM('',(#19161),#19159);
#19163=DIRECTION('',(-1.E0,0.E0,0.E0));
#19164=VECTOR('',#19163,2.5E-1);
#19165=CARTESIAN_POINT('',(3.75E-1,1.E-1,2.5E0));
#19166=LINE('',#19165,#19164);
#19167=CURVE_STYLE('',#32,POSITIVE_LENGTH_MEASURE(2.E-2),#18);
#19168=PRESENTATION_STYLE_ASSIGNMENT((#19167));
#19169=STYLED_ITEM('',(#19168),#19166);
#19170=DIRECTION('',(0.E0,1.E0,0.E0));
#19171=VECTOR('',#19170,1.E-1);
#19172=CARTESIAN_POINT('',(3.75E-1,1.E-1,2.5E0));
#19173=LINE('',#19172,#19171);
#19174=CURVE_STYLE('',#32,POSITIVE_LENGTH_MEASURE(2.E-2),#18);
#19175=PRESENTATION_STYLE_ASSIGNMENT((#19174));
#19176=STYLED_ITEM('',(#19175),#19173);
#19177=DIRECTION('',(0.E0,0.E0,-1.E0));
#19178=VECTOR('',#19177,2.75E-1);
#19179=CARTESIAN_POINT('',(1.25E-1,2.E-1,2.5E0));
#19180=LINE('',#19179,#19178);
#19181=CURVE_STYLE('',#32,POSITIVE_LENGTH_MEASURE(2.E-2),#18);
#19182=PRESENTATION_STYLE_ASSIGNMENT((#19181));
#19183=STYLED_ITEM('',(#19182),#19180);
#19184=CARTESIAN_POINT('',(2.5E-1,2.E-1,2.225E0));
#19185=DIRECTION('',(0.E0,-1.E0,0.E0));
#19186=DIRECTION('',(-1.E0,0.E0,0.E0));
#19187=AXIS2_PLACEMENT_3D('',#19184,#19185,#19186);
#19189=CURVE_STYLE('',#32,POSITIVE_LENGTH_MEASURE(2.E-2),#18);
#19190=PRESENTATION_STYLE_ASSIGNMENT((#19189));
#19191=STYLED_ITEM('',(#19190),#19188);
#19192=DIRECTION('',(0.E0,0.E0,1.E0));
#19193=VECTOR('',#19192,2.75E-1);
#19194=CARTESIAN_POINT('',(3.75E-1,2.E-1,2.225E0));
#19195=LINE('',#19194,#19193);
#19196=CURVE_STYLE('',#32,POSITIVE_LENGTH_MEASURE(2.E-2),#18);
#19197=PRESENTATION_STYLE_ASSIGNMENT((#19196));
#19198=STYLED_ITEM('',(#19197),#19195);
#19199=DIRECTION('',(-1.E0,0.E0,0.E0));
#19200=VECTOR('',#19199,2.5E-1);
#19201=CARTESIAN_POINT('',(3.75E-1,2.E-1,2.5E0));
#19202=LINE('',#19201,#19200);
#19203=CURVE_STYLE('',#32,POSITIVE_LENGTH_MEASURE(2.E-2),#18);
#19204=PRESENTATION_STYLE_ASSIGNMENT((#19203));
#19205=STYLED_ITEM('',(#19204),#19202);
#19206=DIRECTION('',(0.E0,1.E0,0.E0));
#19207=VECTOR('',#19206,2.E-1);
#19208=CARTESIAN_POINT('',(1.25E-1,0.E0,2.225E0));
#19209=LINE('',#19208,#19207);
#19210=CURVE_STYLE('',#32,POSITIVE_LENGTH_MEASURE(2.E-2),#18);
#19211=PRESENTATION_STYLE_ASSIGNMENT((#19210));
#19212=STYLED_ITEM('',(#19211),#19209);
#19213=DIRECTION('',(0.E0,0.E0,1.E0));
#19214=VECTOR('',#19213,5.E-2);
#19215=CARTESIAN_POINT('',(3.75E-1,1.E-1,2.45E0));
#19216=LINE('',#19215,#19214);
#19217=CURVE_STYLE('',#32,POSITIVE_LENGTH_MEASURE(2.E-2),#18);
#19218=PRESENTATION_STYLE_ASSIGNMENT((#19217));
#19219=STYLED_ITEM('',(#19218),#19216);
#19220=DIRECTION('',(0.E0,1.E0,0.E0));
#19221=VECTOR('',#19220,2.E-1);
#19222=CARTESIAN_POINT('',(3.75E-1,0.E0,2.225E0));
#19223=LINE('',#19222,#19221);
#19224=CURVE_STYLE('',#32,POSITIVE_LENGTH_MEASURE(2.E-2),#18);
#19225=PRESENTATION_STYLE_ASSIGNMENT((#19224));
#19226=STYLED_ITEM('',(#19225),#19223);
#19227=DIRECTION('',(0.E0,1.E0,0.E0));
#19228=VECTOR('',#19227,1.E-1);
#19229=CARTESIAN_POINT('',(3.75E-1,0.E0,2.45E0));
#19230=LINE('',#19229,#19228);
#19231=CURVE_STYLE('',#32,POSITIVE_LENGTH_MEASURE(2.E-2),#18);
#19232=PRESENTATION_STYLE_ASSIGNMENT((#19231));
#19233=STYLED_ITEM('',(#19232),#19230);
#19234=CARTESIAN_POINT('',(1.25E-1,0.E0,2.225E0));
#19235=CARTESIAN_POINT('',(3.75E-1,0.E0,2.225E0));
#19236=VERTEX_POINT('',#19234);
#19237=VERTEX_POINT('',#19235);
#19238=CARTESIAN_POINT('',(1.25E-1,2.E-1,2.5E0));
#19239=CARTESIAN_POINT('',(1.25E-1,2.E-1,2.225E0));
#19240=VERTEX_POINT('',#19238);
#19241=VERTEX_POINT('',#19239);
#19242=CARTESIAN_POINT('',(3.75E-1,2.E-1,2.225E0));
#19243=VERTEX_POINT('',#19242);
#19244=CARTESIAN_POINT('',(3.75E-1,2.E-1,2.5E0));
#19245=VERTEX_POINT('',#19244);
#19246=CARTESIAN_POINT('',(1.25E-1,0.E0,2.45E0));
#19247=CARTESIAN_POINT('',(3.75E-1,0.E0,2.45E0));
#19248=VERTEX_POINT('',#19246);
#19249=VERTEX_POINT('',#19247);
#19250=CARTESIAN_POINT('',(1.25E-1,1.E-1,2.5E0));
#19251=CARTESIAN_POINT('',(1.25E-1,1.E-1,2.45E0));
#19252=VERTEX_POINT('',#19250);
#19253=VERTEX_POINT('',#19251);
#19254=CARTESIAN_POINT('',(3.75E-1,1.E-1,2.45E0));
#19255=CARTESIAN_POINT('',(3.75E-1,1.E-1,2.5E0));
#19256=VERTEX_POINT('',#19254);
#19257=VERTEX_POINT('',#19255);
#19258=CARTESIAN_POINT('',(0.E0,0.E0,0.E0));
#19259=DIRECTION('',(0.E0,-1.E0,0.E0));
#19260=DIRECTION('',(1.E0,0.E0,0.E0));
#19261=AXIS2_PLACEMENT_3D('',#19258,#19259,#19260);
#19262=PLANE('',#19261);
#19264=ORIENTED_EDGE('',*,*,#19263,.T.);
#19266=ORIENTED_EDGE('',*,*,#19265,.F.);
#19268=ORIENTED_EDGE('',*,*,#19267,.F.);
#19270=ORIENTED_EDGE('',*,*,#19269,.F.);
#19271=EDGE_LOOP('',(#19264,#19266,#19268,#19270));
#19272=FACE_OUTER_BOUND('',#19271,.F.);
#19274=FILL_AREA_STYLE_COLOUR('',#22);
#19275=FILL_AREA_STYLE('',(#19274));
#19276=SURFACE_STYLE_FILL_AREA(#19275);
#19277=SURFACE_SIDE_STYLE('',(#19276));
#19278=SURFACE_STYLE_USAGE(.POSITIVE.,#19277);
#19279=PRESENTATION_STYLE_ASSIGNMENT((#19278));
#19280=OVER_RIDING_STYLED_ITEM('',(#19279),#19273,#19105);
#19281=CARTESIAN_POINT('',(2.45E0,0.E0,2.45E0));
#19282=DIRECTION('',(0.E0,0.E0,-1.E0));
#19283=DIRECTION('',(-1.E0,0.E0,0.E0));
#19284=AXIS2_PLACEMENT_3D('',#19281,#19282,#19283);
#19285=PLANE('',#19284);
#19286=ORIENTED_EDGE('',*,*,#19263,.F.);
#19288=ORIENTED_EDGE('',*,*,#19287,.T.);
#19290=ORIENTED_EDGE('',*,*,#19289,.F.);
#19292=ORIENTED_EDGE('',*,*,#19291,.F.);
#19293=EDGE_LOOP('',(#19286,#19288,#19290,#19292));
#19294=FACE_OUTER_BOUND('',#19293,.F.);
#19296=CARTESIAN_POINT('',(1.25E-1,0.E0,2.5E0));
#19297=DIRECTION('',(1.E0,0.E0,0.E0));
#19298=DIRECTION('',(0.E0,0.E0,-1.E0));
#19299=AXIS2_PLACEMENT_3D('',#19296,#19297,#19298);
#19300=PLANE('',#19299);
#19302=ORIENTED_EDGE('',*,*,#19301,.T.);
#19303=ORIENTED_EDGE('',*,*,#19287,.F.);
#19304=ORIENTED_EDGE('',*,*,#19269,.T.);
#19306=ORIENTED_EDGE('',*,*,#19305,.T.);
#19308=ORIENTED_EDGE('',*,*,#19307,.F.);
#19310=ORIENTED_EDGE('',*,*,#19309,.F.);
#19311=EDGE_LOOP('',(#19302,#19303,#19304,#19306,#19308,#19310));
#19312=FACE_OUTER_BOUND('',#19311,.F.);
#19314=CARTESIAN_POINT('',(0.E0,1.E-1,0.E0));
#19315=DIRECTION('',(0.E0,1.E0,0.E0));
#19316=DIRECTION('',(1.E0,0.E0,0.E0));
#19317=AXIS2_PLACEMENT_3D('',#19314,#19315,#19316);
#19318=PLANE('',#19317);
#19319=ORIENTED_EDGE('',*,*,#19301,.F.);
#19321=ORIENTED_EDGE('',*,*,#19320,.F.);
#19323=ORIENTED_EDGE('',*,*,#19322,.F.);
#19324=ORIENTED_EDGE('',*,*,#19289,.T.);
#19325=EDGE_LOOP('',(#19319,#19321,#19323,#19324));
#19326=FACE_OUTER_BOUND('',#19325,.F.);
#19328=CARTESIAN_POINT('',(3.75E-1,0.E0,2.5E0));
#19329=DIRECTION('',(0.E0,0.E0,-1.E0));
#19330=DIRECTION('',(-1.E0,0.E0,0.E0));
#19331=AXIS2_PLACEMENT_3D('',#19328,#19329,#19330);
#19332=PLANE('',#19331);
#19333=ORIENTED_EDGE('',*,*,#19320,.T.);
#19334=ORIENTED_EDGE('',*,*,#19309,.T.);
#19336=ORIENTED_EDGE('',*,*,#19335,.F.);
#19338=ORIENTED_EDGE('',*,*,#19337,.F.);
#19339=EDGE_LOOP('',(#19333,#19334,#19336,#19338));
#19340=FACE_OUTER_BOUND('',#19339,.F.);
#19342=CARTESIAN_POINT('',(0.E0,2.E-1,0.E0));
#19343=DIRECTION('',(0.E0,-1.E0,0.E0));
#19344=DIRECTION('',(1.E0,0.E0,0.E0));
#19345=AXIS2_PLACEMENT_3D('',#19342,#19343,#19344);
#19346=PLANE('',#19345);
#19347=ORIENTED_EDGE('',*,*,#19307,.T.);
#19349=ORIENTED_EDGE('',*,*,#19348,.T.);
#19351=ORIENTED_EDGE('',*,*,#19350,.T.);
#19352=ORIENTED_EDGE('',*,*,#19335,.T.);
#19353=EDGE_LOOP('',(#19347,#19349,#19351,#19352));
#19354=FACE_OUTER_BOUND('',#19353,.F.);
#19356=CARTESIAN_POINT('',(2.5E-1,0.E0,2.225E0));
#19357=DIRECTION('',(0.E0,-1.E0,0.E0));
#19358=DIRECTION('',(1.E0,0.E0,0.E0));
#19359=AXIS2_PLACEMENT_3D('',#19356,#19357,#19358);
#19360=CYLINDRICAL_SURFACE('',#19359,1.25E-1);
#19361=ORIENTED_EDGE('',*,*,#19267,.T.);
#19363=ORIENTED_EDGE('',*,*,#19362,.T.);
#19364=ORIENTED_EDGE('',*,*,#19348,.F.);
#19365=ORIENTED_EDGE('',*,*,#19305,.F.);
#19366=EDGE_LOOP('',(#19361,#19363,#19364,#19365));
#19367=FACE_OUTER_BOUND('',#19366,.F.);
#19369=CARTESIAN_POINT('',(3.75E-1,0.E0,2.225E0));
#19370=DIRECTION('',(-1.E0,0.E0,0.E0));
#19371=DIRECTION('',(0.E0,0.E0,1.E0));
#19372=AXIS2_PLACEMENT_3D('',#19369,#19370,#19371);
#19373=PLANE('',#19372);
#19374=ORIENTED_EDGE('',*,*,#19322,.T.);
#19375=ORIENTED_EDGE('',*,*,#19337,.T.);
#19376=ORIENTED_EDGE('',*,*,#19350,.F.);
#19377=ORIENTED_EDGE('',*,*,#19362,.F.);
#19378=ORIENTED_EDGE('',*,*,#19265,.T.);
#19379=ORIENTED_EDGE('',*,*,#19291,.T.);
#19380=EDGE_LOOP('',(#19374,#19375,#19376,#19377,#19378,#19379));
#19381=FACE_OUTER_BOUND('',#19380,.F.);
#19383=CLOSED_SHELL('',(#19273,#19295,#19313,#19327,#19341,#19355,#19368,
#19382));
#19384=MANIFOLD_SOLID_BREP('',#19383);
#19385=FILL_AREA_STYLE_COLOUR('',#18);
#19386=FILL_AREA_STYLE('',(#19385));
#19387=SURFACE_STYLE_FILL_AREA(#19386);
#19388=SURFACE_SIDE_STYLE('',(#19387));
#19389=SURFACE_STYLE_USAGE(.POSITIVE.,#19388);
#19390=PRESENTATION_STYLE_ASSIGNMENT((#19389));
#19105=STYLED_ITEM('',(#19390),#19384);
#19392=DIRECTION('',(1.E0,0.E0,0.E0));
#19393=VECTOR('',#19392,2.5E-1);
#19394=CARTESIAN_POINT('',(6.25E-1,0.E0,2.45E0));
#19395=LINE('',#19394,#19393);
#19396=CURVE_STYLE('',#32,POSITIVE_LENGTH_MEASURE(2.E-2),#18);
#19397=PRESENTATION_STYLE_ASSIGNMENT((#19396));
#19398=STYLED_ITEM('',(#19397),#19395);
#19399=DIRECTION('',(0.E0,0.E0,1.E0));
#19400=VECTOR('',#19399,2.25E-1);
#19401=CARTESIAN_POINT('',(8.75E-1,0.E0,2.225E0));
#19402=LINE('',#19401,#19400);
#19403=CURVE_STYLE('',#32,POSITIVE_LENGTH_MEASURE(2.E-2),#18);
#19404=PRESENTATION_STYLE_ASSIGNMENT((#19403));
#19405=STYLED_ITEM('',(#19404),#19402);
#19406=CARTESIAN_POINT('',(7.5E-1,0.E0,2.225E0));
#19407=DIRECTION('',(0.E0,-1.E0,0.E0));
#19408=DIRECTION('',(-1.E0,0.E0,0.E0));
#19409=AXIS2_PLACEMENT_3D('',#19406,#19407,#19408);
#19411=CURVE_STYLE('',#32,POSITIVE_LENGTH_MEASURE(2.E-2),#18);
#19412=PRESENTATION_STYLE_ASSIGNMENT((#19411));
#19413=STYLED_ITEM('',(#19412),#19410);
#19414=DIRECTION('',(0.E0,0.E0,-1.E0));
#19415=VECTOR('',#19414,2.25E-1);
#19416=CARTESIAN_POINT('',(6.25E-1,0.E0,2.45E0));
#19417=LINE('',#19416,#19415);
#19418=CURVE_STYLE('',#32,POSITIVE_LENGTH_MEASURE(2.E-2),#18);
#19419=PRESENTATION_STYLE_ASSIGNMENT((#19418));
#19420=STYLED_ITEM('',(#19419),#19417);
#19421=DIRECTION('',(0.E0,0.E0,-1.E0));
#19422=VECTOR('',#19421,5.E-2);
#19423=CARTESIAN_POINT('',(6.25E-1,1.E-1,2.5E0));
#19424=LINE('',#19423,#19422);
#19425=CURVE_STYLE('',#32,POSITIVE_LENGTH_MEASURE(2.E-2),#18);
#19426=PRESENTATION_STYLE_ASSIGNMENT((#19425));
#19427=STYLED_ITEM('',(#19426),#19424);
#19428=DIRECTION('',(0.E0,1.E0,0.E0));
#19429=VECTOR('',#19428,1.E-1);
#19430=CARTESIAN_POINT('',(6.25E-1,0.E0,2.45E0));
#19431=LINE('',#19430,#19429);
#19432=CURVE_STYLE('',#32,POSITIVE_LENGTH_MEASURE(2.E-2),#18);
#19433=PRESENTATION_STYLE_ASSIGNMENT((#19432));
#19434=STYLED_ITEM('',(#19433),#19431);
#19435=DIRECTION('',(0.E0,1.E0,0.E0));
#19436=VECTOR('',#19435,1.E-1);
#19437=CARTESIAN_POINT('',(6.25E-1,1.E-1,2.5E0));
#19438=LINE('',#19437,#19436);
#19439=CURVE_STYLE('',#32,POSITIVE_LENGTH_MEASURE(2.E-2),#18);
#19440=PRESENTATION_STYLE_ASSIGNMENT((#19439));
#19441=STYLED_ITEM('',(#19440),#19438);
#19442=DIRECTION('',(-1.E0,0.E0,0.E0));
#19443=VECTOR('',#19442,2.5E-1);
#19444=CARTESIAN_POINT('',(8.75E-1,1.E-1,2.45E0));
#19445=LINE('',#19444,#19443);
#19446=CURVE_STYLE('',#32,POSITIVE_LENGTH_MEASURE(2.E-2),#18);
#19447=PRESENTATION_STYLE_ASSIGNMENT((#19446));
#19448=STYLED_ITEM('',(#19447),#19445);
#19449=DIRECTION('',(-1.E0,0.E0,0.E0));
#19450=VECTOR('',#19449,2.5E-1);
#19451=CARTESIAN_POINT('',(8.75E-1,1.E-1,2.5E0));
#19452=LINE('',#19451,#19450);
#19453=CURVE_STYLE('',#32,POSITIVE_LENGTH_MEASURE(2.E-2),#18);
#19454=PRESENTATION_STYLE_ASSIGNMENT((#19453));
#19455=STYLED_ITEM('',(#19454),#19452);
#19456=DIRECTION('',(0.E0,1.E0,0.E0));
#19457=VECTOR('',#19456,1.E-1);
#19458=CARTESIAN_POINT('',(8.75E-1,1.E-1,2.5E0));
#19459=LINE('',#19458,#19457);
#19460=CURVE_STYLE('',#32,POSITIVE_LENGTH_MEASURE(2.E-2),#18);
#19461=PRESENTATION_STYLE_ASSIGNMENT((#19460));
#19462=STYLED_ITEM('',(#19461),#19459);
#19463=DIRECTION('',(0.E0,0.E0,-1.E0));
#19464=VECTOR('',#19463,2.75E-1);
#19465=CARTESIAN_POINT('',(6.25E-1,2.E-1,2.5E0));
#19466=LINE('',#19465,#19464);
#19467=CURVE_STYLE('',#32,POSITIVE_LENGTH_MEASURE(2.E-2),#18);
#19468=PRESENTATION_STYLE_ASSIGNMENT((#19467));
#19469=STYLED_ITEM('',(#19468),#19466);
#19470=CARTESIAN_POINT('',(7.5E-1,2.E-1,2.225E0));
#19471=DIRECTION('',(0.E0,-1.E0,0.E0));
#19472=DIRECTION('',(-1.E0,0.E0,0.E0));
#19473=AXIS2_PLACEMENT_3D('',#19470,#19471,#19472);
#19475=CURVE_STYLE('',#32,POSITIVE_LENGTH_MEASURE(2.E-2),#18);
#19476=PRESENTATION_STYLE_ASSIGNMENT((#19475));
#19477=STYLED_ITEM('',(#19476),#19474);
#19478=DIRECTION('',(0.E0,0.E0,1.E0));
#19479=VECTOR('',#19478,2.75E-1);
#19480=CARTESIAN_POINT('',(8.75E-1,2.E-1,2.225E0));
#19481=LINE('',#19480,#19479);
#19482=CURVE_STYLE('',#32,POSITIVE_LENGTH_MEASURE(2.E-2),#18);
#19483=PRESENTATION_STYLE_ASSIGNMENT((#19482));
#19484=STYLED_ITEM('',(#19483),#19481);
#19485=DIRECTION('',(-1.E0,0.E0,0.E0));
#19486=VECTOR('',#19485,2.5E-1);
#19487=CARTESIAN_POINT('',(8.75E-1,2.E-1,2.5E0));
#19488=LINE('',#19487,#19486);
#19489=CURVE_STYLE('',#32,POSITIVE_LENGTH_MEASURE(2.E-2),#18);
#19490=PRESENTATION_STYLE_ASSIGNMENT((#19489));
#19491=STYLED_ITEM('',(#19490),#19488);
#19492=DIRECTION('',(0.E0,1.E0,0.E0));
#19493=VECTOR('',#19492,2.E-1);
#19494=CARTESIAN_POINT('',(6.25E-1,0.E0,2.225E0));
#19495=LINE('',#19494,#19493);
#19496=CURVE_STYLE('',#32,POSITIVE_LENGTH_MEASURE(2.E-2),#18);
#19497=PRESENTATION_STYLE_ASSIGNMENT((#19496));
#19498=STYLED_ITEM('',(#19497),#19495);
#19499=DIRECTION('',(0.E0,0.E0,1.E0));
#19500=VECTOR('',#19499,5.E-2);
#19501=CARTESIAN_POINT('',(8.75E-1,1.E-1,2.45E0));
#19502=LINE('',#19501,#19500);
#19503=CURVE_STYLE('',#32,POSITIVE_LENGTH_MEASURE(2.E-2),#18);
#19504=PRESENTATION_STYLE_ASSIGNMENT((#19503));
#19505=STYLED_ITEM('',(#19504),#19502);
#19506=DIRECTION('',(0.E0,1.E0,0.E0));
#19507=VECTOR('',#19506,2.E-1);
#19508=CARTESIAN_POINT('',(8.75E-1,0.E0,2.225E0));
#19509=LINE('',#19508,#19507);
#19510=CURVE_STYLE('',#32,POSITIVE_LENGTH_MEASURE(2.E-2),#18);
#19511=PRESENTATION_STYLE_ASSIGNMENT((#19510));
#19512=STYLED_ITEM('',(#19511),#19509);
#19513=DIRECTION('',(0.E0,1.E0,0.E0));
#19514=VECTOR('',#19513,1.E-1);
#19515=CARTESIAN_POINT('',(8.75E-1,0.E0,2.45E0));
#19516=LINE('',#19515,#19514);
#19517=CURVE_STYLE('',#32,POSITIVE_LENGTH_MEASURE(2.E-2),#18);
#19518=PRESENTATION_STYLE_ASSIGNMENT((#19517));
#19519=STYLED_ITEM('',(#19518),#19516);
#19520=CARTESIAN_POINT('',(6.25E-1,0.E0,2.225E0));
#19521=CARTESIAN_POINT('',(8.75E-1,0.E0,2.225E0));
#19522=VERTEX_POINT('',#19520);
#19523=VERTEX_POINT('',#19521);
#19524=CARTESIAN_POINT('',(6.25E-1,2.E-1,2.5E0));
#19525=CARTESIAN_POINT('',(6.25E-1,2.E-1,2.225E0));
#19526=VERTEX_POINT('',#19524);
#19527=VERTEX_POINT('',#19525);
#19528=CARTESIAN_POINT('',(8.75E-1,2.E-1,2.225E0));
#19529=VERTEX_POINT('',#19528);
#19530=CARTESIAN_POINT('',(8.75E-1,2.E-1,2.5E0));
#19531=VERTEX_POINT('',#19530);
#19532=CARTESIAN_POINT('',(6.25E-1,0.E0,2.45E0));
#19533=CARTESIAN_POINT('',(8.75E-1,0.E0,2.45E0));
#19534=VERTEX_POINT('',#19532);
#19535=VERTEX_POINT('',#19533);
#19536=CARTESIAN_POINT('',(6.25E-1,1.E-1,2.5E0));
#19537=CARTESIAN_POINT('',(6.25E-1,1.E-1,2.45E0));
#19538=VERTEX_POINT('',#19536);
#19539=VERTEX_POINT('',#19537);
#19540=CARTESIAN_POINT('',(8.75E-1,1.E-1,2.45E0));
#19541=CARTESIAN_POINT('',(8.75E-1,1.E-1,2.5E0));
#19542=VERTEX_POINT('',#19540);
#19543=VERTEX_POINT('',#19541);
#19544=CARTESIAN_POINT('',(0.E0,0.E0,0.E0));
#19545=DIRECTION('',(0.E0,-1.E0,0.E0));
#19546=DIRECTION('',(1.E0,0.E0,0.E0));
#19547=AXIS2_PLACEMENT_3D('',#19544,#19545,#19546);
#19548=PLANE('',#19547);
#19550=ORIENTED_EDGE('',*,*,#19549,.T.);
#19552=ORIENTED_EDGE('',*,*,#19551,.F.);
#19554=ORIENTED_EDGE('',*,*,#19553,.F.);
#19556=ORIENTED_EDGE('',*,*,#19555,.F.);
#19557=EDGE_LOOP('',(#19550,#19552,#19554,#19556));
#19558=FACE_OUTER_BOUND('',#19557,.F.);
#19560=FILL_AREA_STYLE_COLOUR('',#22);
#19561=FILL_AREA_STYLE('',(#19560));
#19562=SURFACE_STYLE_FILL_AREA(#19561);
#19563=SURFACE_SIDE_STYLE('',(#19562));
#19564=SURFACE_STYLE_USAGE(.POSITIVE.,#19563);
#19565=PRESENTATION_STYLE_ASSIGNMENT((#19564));
#19566=OVER_RIDING_STYLED_ITEM('',(#19565),#19559,#19391);
#19567=CARTESIAN_POINT('',(2.45E0,0.E0,2.45E0));
#19568=DIRECTION('',(0.E0,0.E0,-1.E0));
#19569=DIRECTION('',(-1.E0,0.E0,0.E0));
#19570=AXIS2_PLACEMENT_3D('',#19567,#19568,#19569);
#19571=PLANE('',#19570);
#19572=ORIENTED_EDGE('',*,*,#19549,.F.);
#19574=ORIENTED_EDGE('',*,*,#19573,.T.);
#19576=ORIENTED_EDGE('',*,*,#19575,.F.);
#19578=ORIENTED_EDGE('',*,*,#19577,.F.);
#19579=EDGE_LOOP('',(#19572,#19574,#19576,#19578));
#19580=FACE_OUTER_BOUND('',#19579,.F.);
#19582=CARTESIAN_POINT('',(6.25E-1,0.E0,2.5E0));
#19583=DIRECTION('',(1.E0,0.E0,0.E0));
#19584=DIRECTION('',(0.E0,0.E0,-1.E0));
#19585=AXIS2_PLACEMENT_3D('',#19582,#19583,#19584);
#19586=PLANE('',#19585);
#19588=ORIENTED_EDGE('',*,*,#19587,.T.);
#19589=ORIENTED_EDGE('',*,*,#19573,.F.);
#19590=ORIENTED_EDGE('',*,*,#19555,.T.);
#19592=ORIENTED_EDGE('',*,*,#19591,.T.);
#19594=ORIENTED_EDGE('',*,*,#19593,.F.);
#19596=ORIENTED_EDGE('',*,*,#19595,.F.);
#19597=EDGE_LOOP('',(#19588,#19589,#19590,#19592,#19594,#19596));
#19598=FACE_OUTER_BOUND('',#19597,.F.);
#19600=CARTESIAN_POINT('',(0.E0,1.E-1,0.E0));
#19601=DIRECTION('',(0.E0,1.E0,0.E0));
#19602=DIRECTION('',(1.E0,0.E0,0.E0));
#19603=AXIS2_PLACEMENT_3D('',#19600,#19601,#19602);
#19604=PLANE('',#19603);
#19605=ORIENTED_EDGE('',*,*,#19587,.F.);
#19607=ORIENTED_EDGE('',*,*,#19606,.F.);
#19609=ORIENTED_EDGE('',*,*,#19608,.F.);
#19610=ORIENTED_EDGE('',*,*,#19575,.T.);
#19611=EDGE_LOOP('',(#19605,#19607,#19609,#19610));
#19612=FACE_OUTER_BOUND('',#19611,.F.);
#19614=CARTESIAN_POINT('',(8.75E-1,0.E0,2.5E0));
#19615=DIRECTION('',(0.E0,0.E0,-1.E0));
#19616=DIRECTION('',(-1.E0,0.E0,0.E0));
#19617=AXIS2_PLACEMENT_3D('',#19614,#19615,#19616);
#19618=PLANE('',#19617);
#19619=ORIENTED_EDGE('',*,*,#19606,.T.);
#19620=ORIENTED_EDGE('',*,*,#19595,.T.);
#19622=ORIENTED_EDGE('',*,*,#19621,.F.);
#19624=ORIENTED_EDGE('',*,*,#19623,.F.);
#19625=EDGE_LOOP('',(#19619,#19620,#19622,#19624));
#19626=FACE_OUTER_BOUND('',#19625,.F.);
#19628=CARTESIAN_POINT('',(0.E0,2.E-1,0.E0));
#19629=DIRECTION('',(0.E0,-1.E0,0.E0));
#19630=DIRECTION('',(1.E0,0.E0,0.E0));
#19631=AXIS2_PLACEMENT_3D('',#19628,#19629,#19630);
#19632=PLANE('',#19631);
#19633=ORIENTED_EDGE('',*,*,#19593,.T.);
#19635=ORIENTED_EDGE('',*,*,#19634,.T.);
#19637=ORIENTED_EDGE('',*,*,#19636,.T.);
#19638=ORIENTED_EDGE('',*,*,#19621,.T.);
#19639=EDGE_LOOP('',(#19633,#19635,#19637,#19638));
#19640=FACE_OUTER_BOUND('',#19639,.F.);
#19642=CARTESIAN_POINT('',(7.5E-1,0.E0,2.225E0));
#19643=DIRECTION('',(0.E0,-1.E0,0.E0));
#19644=DIRECTION('',(1.E0,0.E0,0.E0));
#19645=AXIS2_PLACEMENT_3D('',#19642,#19643,#19644);
#19646=CYLINDRICAL_SURFACE('',#19645,1.25E-1);
#19647=ORIENTED_EDGE('',*,*,#19553,.T.);
#19649=ORIENTED_EDGE('',*,*,#19648,.T.);
#19650=ORIENTED_EDGE('',*,*,#19634,.F.);
#19651=ORIENTED_EDGE('',*,*,#19591,.F.);
#19652=EDGE_LOOP('',(#19647,#19649,#19650,#19651));
#19653=FACE_OUTER_BOUND('',#19652,.F.);
#19655=CARTESIAN_POINT('',(8.75E-1,0.E0,2.225E0));
#19656=DIRECTION('',(-1.E0,0.E0,0.E0));
#19657=DIRECTION('',(0.E0,0.E0,1.E0));
#19658=AXIS2_PLACEMENT_3D('',#19655,#19656,#19657);
#19659=PLANE('',#19658);
#19660=ORIENTED_EDGE('',*,*,#19608,.T.);
#19661=ORIENTED_EDGE('',*,*,#19623,.T.);
#19662=ORIENTED_EDGE('',*,*,#19636,.F.);
#19663=ORIENTED_EDGE('',*,*,#19648,.F.);
#19664=ORIENTED_EDGE('',*,*,#19551,.T.);
#19665=ORIENTED_EDGE('',*,*,#19577,.T.);
#19666=EDGE_LOOP('',(#19660,#19661,#19662,#19663,#19664,#19665));
#19667=FACE_OUTER_BOUND('',#19666,.F.);
#19669=CLOSED_SHELL('',(#19559,#19581,#19599,#19613,#19627,#19641,#19654,
#19668));
#19670=MANIFOLD_SOLID_BREP('',#19669);
#19671=FILL_AREA_STYLE_COLOUR('',#18);
#19672=FILL_AREA_STYLE('',(#19671));
#19673=SURFACE_STYLE_FILL_AREA(#19672);
#19674=SURFACE_SIDE_STYLE('',(#19673));
#19675=SURFACE_STYLE_USAGE(.POSITIVE.,#19674);
#19676=PRESENTATION_STYLE_ASSIGNMENT((#19675));
#19391=STYLED_ITEM('',(#19676),#19670);
#19678=DIRECTION('',(1.E0,0.E0,0.E0));
#19679=VECTOR('',#19678,2.5E-1);
#19680=CARTESIAN_POINT('',(1.125E0,0.E0,2.45E0));
#19681=LINE('',#19680,#19679);
#19682=CURVE_STYLE('',#32,POSITIVE_LENGTH_MEASURE(2.E-2),#18);
#19683=PRESENTATION_STYLE_ASSIGNMENT((#19682));
#19684=STYLED_ITEM('',(#19683),#19681);
#19685=DIRECTION('',(0.E0,0.E0,1.E0));
#19686=VECTOR('',#19685,2.25E-1);
#19687=CARTESIAN_POINT('',(1.375E0,0.E0,2.225E0));
#19688=LINE('',#19687,#19686);
#19689=CURVE_STYLE('',#32,POSITIVE_LENGTH_MEASURE(2.E-2),#18);
#19690=PRESENTATION_STYLE_ASSIGNMENT((#19689));
#19691=STYLED_ITEM('',(#19690),#19688);
#19692=CARTESIAN_POINT('',(1.25E0,0.E0,2.225E0));
#19693=DIRECTION('',(0.E0,-1.E0,0.E0));
#19694=DIRECTION('',(-1.E0,0.E0,0.E0));
#19695=AXIS2_PLACEMENT_3D('',#19692,#19693,#19694);
#19697=CURVE_STYLE('',#32,POSITIVE_LENGTH_MEASURE(2.E-2),#18);
#19698=PRESENTATION_STYLE_ASSIGNMENT((#19697));
#19699=STYLED_ITEM('',(#19698),#19696);
#19700=DIRECTION('',(0.E0,0.E0,-1.E0));
#19701=VECTOR('',#19700,2.25E-1);
#19702=CARTESIAN_POINT('',(1.125E0,0.E0,2.45E0));
#19703=LINE('',#19702,#19701);
#19704=CURVE_STYLE('',#32,POSITIVE_LENGTH_MEASURE(2.E-2),#18);
#19705=PRESENTATION_STYLE_ASSIGNMENT((#19704));
#19706=STYLED_ITEM('',(#19705),#19703);
#19707=DIRECTION('',(0.E0,0.E0,-1.E0));
#19708=VECTOR('',#19707,5.E-2);
#19709=CARTESIAN_POINT('',(1.125E0,1.E-1,2.5E0));
#19710=LINE('',#19709,#19708);
#19711=CURVE_STYLE('',#32,POSITIVE_LENGTH_MEASURE(2.E-2),#18);
#19712=PRESENTATION_STYLE_ASSIGNMENT((#19711));
#19713=STYLED_ITEM('',(#19712),#19710);
#19714=DIRECTION('',(0.E0,1.E0,0.E0));
#19715=VECTOR('',#19714,1.E-1);
#19716=CARTESIAN_POINT('',(1.125E0,0.E0,2.45E0));
#19717=LINE('',#19716,#19715);
#19718=CURVE_STYLE('',#32,POSITIVE_LENGTH_MEASURE(2.E-2),#18);
#19719=PRESENTATION_STYLE_ASSIGNMENT((#19718));
#19720=STYLED_ITEM('',(#19719),#19717);
#19721=DIRECTION('',(0.E0,1.E0,0.E0));
#19722=VECTOR('',#19721,1.E-1);
#19723=CARTESIAN_POINT('',(1.125E0,1.E-1,2.5E0));
#19724=LINE('',#19723,#19722);
#19725=CURVE_STYLE('',#32,POSITIVE_LENGTH_MEASURE(2.E-2),#18);
#19726=PRESENTATION_STYLE_ASSIGNMENT((#19725));
#19727=STYLED_ITEM('',(#19726),#19724);
#19728=DIRECTION('',(-1.E0,0.E0,0.E0));
#19729=VECTOR('',#19728,2.5E-1);
#19730=CARTESIAN_POINT('',(1.375E0,1.E-1,2.45E0));
#19731=LINE('',#19730,#19729);
#19732=CURVE_STYLE('',#32,POSITIVE_LENGTH_MEASURE(2.E-2),#18);
#19733=PRESENTATION_STYLE_ASSIGNMENT((#19732));
#19734=STYLED_ITEM('',(#19733),#19731);
#19735=DIRECTION('',(-1.E0,0.E0,0.E0));
#19736=VECTOR('',#19735,2.5E-1);
#19737=CARTESIAN_POINT('',(1.375E0,1.E-1,2.5E0));
#19738=LINE('',#19737,#19736);
#19739=CURVE_STYLE('',#32,POSITIVE_LENGTH_MEASURE(2.E-2),#18);
#19740=PRESENTATION_STYLE_ASSIGNMENT((#19739));
#19741=STYLED_ITEM('',(#19740),#19738);
#19742=DIRECTION('',(0.E0,1.E0,0.E0));
#19743=VECTOR('',#19742,1.E-1);
#19744=CARTESIAN_POINT('',(1.375E0,1.E-1,2.5E0));
#19745=LINE('',#19744,#19743);
#19746=CURVE_STYLE('',#32,POSITIVE_LENGTH_MEASURE(2.E-2),#18);
#19747=PRESENTATION_STYLE_ASSIGNMENT((#19746));
#19748=STYLED_ITEM('',(#19747),#19745);
#19749=DIRECTION('',(0.E0,0.E0,-1.E0));
#19750=VECTOR('',#19749,2.75E-1);
#19751=CARTESIAN_POINT('',(1.125E0,2.E-1,2.5E0));
#19752=LINE('',#19751,#19750);
#19753=CURVE_STYLE('',#32,POSITIVE_LENGTH_MEASURE(2.E-2),#18);
#19754=PRESENTATION_STYLE_ASSIGNMENT((#19753));
#19755=STYLED_ITEM('',(#19754),#19752);
#19756=CARTESIAN_POINT('',(1.25E0,2.E-1,2.225E0));
#19757=DIRECTION('',(0.E0,-1.E0,0.E0));
#19758=DIRECTION('',(-1.E0,0.E0,0.E0));
#19759=AXIS2_PLACEMENT_3D('',#19756,#19757,#19758);
#19761=CURVE_STYLE('',#32,POSITIVE_LENGTH_MEASURE(2.E-2),#18);
#19762=PRESENTATION_STYLE_ASSIGNMENT((#19761));
#19763=STYLED_ITEM('',(#19762),#19760);
#19764=DIRECTION('',(0.E0,0.E0,1.E0));
#19765=VECTOR('',#19764,2.75E-1);
#19766=CARTESIAN_POINT('',(1.375E0,2.E-1,2.225E0));
#19767=LINE('',#19766,#19765);
#19768=CURVE_STYLE('',#32,POSITIVE_LENGTH_MEASURE(2.E-2),#18);
#19769=PRESENTATION_STYLE_ASSIGNMENT((#19768));
#19770=STYLED_ITEM('',(#19769),#19767);
#19771=DIRECTION('',(-1.E0,0.E0,0.E0));
#19772=VECTOR('',#19771,2.5E-1);
#19773=CARTESIAN_POINT('',(1.375E0,2.E-1,2.5E0));
#19774=LINE('',#19773,#19772);
#19775=CURVE_STYLE('',#32,POSITIVE_LENGTH_MEASURE(2.E-2),#18);
#19776=PRESENTATION_STYLE_ASSIGNMENT((#19775));
#19777=STYLED_ITEM('',(#19776),#19774);
#19778=DIRECTION('',(0.E0,1.E0,0.E0));
#19779=VECTOR('',#19778,2.E-1);
#19780=CARTESIAN_POINT('',(1.125E0,0.E0,2.225E0));
#19781=LINE('',#19780,#19779);
#19782=CURVE_STYLE('',#32,POSITIVE_LENGTH_MEASURE(2.E-2),#18);
#19783=PRESENTATION_STYLE_ASSIGNMENT((#19782));
#19784=STYLED_ITEM('',(#19783),#19781);
#19785=DIRECTION('',(0.E0,0.E0,1.E0));
#19786=VECTOR('',#19785,5.E-2);
#19787=CARTESIAN_POINT('',(1.375E0,1.E-1,2.45E0));
#19788=LINE('',#19787,#19786);
#19789=CURVE_STYLE('',#32,POSITIVE_LENGTH_MEASURE(2.E-2),#18);
#19790=PRESENTATION_STYLE_ASSIGNMENT((#19789));
#19791=STYLED_ITEM('',(#19790),#19788);
#19792=DIRECTION('',(0.E0,1.E0,0.E0));
#19793=VECTOR('',#19792,2.E-1);
#19794=CARTESIAN_POINT('',(1.375E0,0.E0,2.225E0));
#19795=LINE('',#19794,#19793);
#19796=CURVE_STYLE('',#32,POSITIVE_LENGTH_MEASURE(2.E-2),#18);
#19797=PRESENTATION_STYLE_ASSIGNMENT((#19796));
#19798=STYLED_ITEM('',(#19797),#19795);
#19799=DIRECTION('',(0.E0,1.E0,0.E0));
#19800=VECTOR('',#19799,1.E-1);
#19801=CARTESIAN_POINT('',(1.375E0,0.E0,2.45E0));
#19802=LINE('',#19801,#19800);
#19803=CURVE_STYLE('',#32,POSITIVE_LENGTH_MEASURE(2.E-2),#18);
#19804=PRESENTATION_STYLE_ASSIGNMENT((#19803));
#19805=STYLED_ITEM('',(#19804),#19802);
#19806=CARTESIAN_POINT('',(1.125E0,0.E0,2.225E0));
#19807=CARTESIAN_POINT('',(1.375E0,0.E0,2.225E0));
#19808=VERTEX_POINT('',#19806);
#19809=VERTEX_POINT('',#19807);
#19810=CARTESIAN_POINT('',(1.125E0,2.E-1,2.5E0));
#19811=CARTESIAN_POINT('',(1.125E0,2.E-1,2.225E0));
#19812=VERTEX_POINT('',#19810);
#19813=VERTEX_POINT('',#19811);
#19814=CARTESIAN_POINT('',(1.375E0,2.E-1,2.225E0));
#19815=VERTEX_POINT('',#19814);
#19816=CARTESIAN_POINT('',(1.375E0,2.E-1,2.5E0));
#19817=VERTEX_POINT('',#19816);
#19818=CARTESIAN_POINT('',(1.125E0,0.E0,2.45E0));
#19819=CARTESIAN_POINT('',(1.375E0,0.E0,2.45E0));
#19820=VERTEX_POINT('',#19818);
#19821=VERTEX_POINT('',#19819);
#19822=CARTESIAN_POINT('',(1.125E0,1.E-1,2.5E0));
#19823=CARTESIAN_POINT('',(1.125E0,1.E-1,2.45E0));
#19824=VERTEX_POINT('',#19822);
#19825=VERTEX_POINT('',#19823);
#19826=CARTESIAN_POINT('',(1.375E0,1.E-1,2.45E0));
#19827=CARTESIAN_POINT('',(1.375E0,1.E-1,2.5E0));
#19828=VERTEX_POINT('',#19826);
#19829=VERTEX_POINT('',#19827);
#19830=CARTESIAN_POINT('',(0.E0,0.E0,0.E0));
#19831=DIRECTION('',(0.E0,-1.E0,0.E0));
#19832=DIRECTION('',(1.E0,0.E0,0.E0));
#19833=AXIS2_PLACEMENT_3D('',#19830,#19831,#19832);
#19834=PLANE('',#19833);
#19836=ORIENTED_EDGE('',*,*,#19835,.T.);
#19838=ORIENTED_EDGE('',*,*,#19837,.F.);
#19840=ORIENTED_EDGE('',*,*,#19839,.F.);
#19842=ORIENTED_EDGE('',*,*,#19841,.F.);
#19843=EDGE_LOOP('',(#19836,#19838,#19840,#19842));
#19844=FACE_OUTER_BOUND('',#19843,.F.);
#19846=FILL_AREA_STYLE_COLOUR('',#26);
#19847=FILL_AREA_STYLE('',(#19846));
#19848=SURFACE_STYLE_FILL_AREA(#19847);
#19849=SURFACE_SIDE_STYLE('',(#19848));
#19850=SURFACE_STYLE_USAGE(.POSITIVE.,#19849);
#19851=PRESENTATION_STYLE_ASSIGNMENT((#19850));
#19852=OVER_RIDING_STYLED_ITEM('',(#19851),#19845,#19677);
#19853=CARTESIAN_POINT('',(2.45E0,0.E0,2.45E0));
#19854=DIRECTION('',(0.E0,0.E0,-1.E0));
#19855=DIRECTION('',(-1.E0,0.E0,0.E0));
#19856=AXIS2_PLACEMENT_3D('',#19853,#19854,#19855);
#19857=PLANE('',#19856);
#19858=ORIENTED_EDGE('',*,*,#19835,.F.);
#19860=ORIENTED_EDGE('',*,*,#19859,.T.);
#19862=ORIENTED_EDGE('',*,*,#19861,.F.);
#19864=ORIENTED_EDGE('',*,*,#19863,.F.);
#19865=EDGE_LOOP('',(#19858,#19860,#19862,#19864));
#19866=FACE_OUTER_BOUND('',#19865,.F.);
#19868=CARTESIAN_POINT('',(1.125E0,0.E0,2.5E0));
#19869=DIRECTION('',(1.E0,0.E0,0.E0));
#19870=DIRECTION('',(0.E0,0.E0,-1.E0));
#19871=AXIS2_PLACEMENT_3D('',#19868,#19869,#19870);
#19872=PLANE('',#19871);
#19874=ORIENTED_EDGE('',*,*,#19873,.T.);
#19875=ORIENTED_EDGE('',*,*,#19859,.F.);
#19876=ORIENTED_EDGE('',*,*,#19841,.T.);
#19878=ORIENTED_EDGE('',*,*,#19877,.T.);
#19880=ORIENTED_EDGE('',*,*,#19879,.F.);
#19882=ORIENTED_EDGE('',*,*,#19881,.F.);
#19883=EDGE_LOOP('',(#19874,#19875,#19876,#19878,#19880,#19882));
#19884=FACE_OUTER_BOUND('',#19883,.F.);
#19886=CARTESIAN_POINT('',(0.E0,1.E-1,0.E0));
#19887=DIRECTION('',(0.E0,1.E0,0.E0));
#19888=DIRECTION('',(1.E0,0.E0,0.E0));
#19889=AXIS2_PLACEMENT_3D('',#19886,#19887,#19888);
#19890=PLANE('',#19889);
#19891=ORIENTED_EDGE('',*,*,#19873,.F.);
#19893=ORIENTED_EDGE('',*,*,#19892,.F.);
#19895=ORIENTED_EDGE('',*,*,#19894,.F.);
#19896=ORIENTED_EDGE('',*,*,#19861,.T.);
#19897=EDGE_LOOP('',(#19891,#19893,#19895,#19896));
#19898=FACE_OUTER_BOUND('',#19897,.F.);
#19900=CARTESIAN_POINT('',(1.375E0,0.E0,2.5E0));
#19901=DIRECTION('',(0.E0,0.E0,-1.E0));
#19902=DIRECTION('',(-1.E0,0.E0,0.E0));
#19903=AXIS2_PLACEMENT_3D('',#19900,#19901,#19902);
#19904=PLANE('',#19903);
#19905=ORIENTED_EDGE('',*,*,#19892,.T.);
#19906=ORIENTED_EDGE('',*,*,#19881,.T.);
#19908=ORIENTED_EDGE('',*,*,#19907,.F.);
#19910=ORIENTED_EDGE('',*,*,#19909,.F.);
#19911=EDGE_LOOP('',(#19905,#19906,#19908,#19910));
#19912=FACE_OUTER_BOUND('',#19911,.F.);
#19914=CARTESIAN_POINT('',(0.E0,2.E-1,0.E0));
#19915=DIRECTION('',(0.E0,-1.E0,0.E0));
#19916=DIRECTION('',(1.E0,0.E0,0.E0));
#19917=AXIS2_PLACEMENT_3D('',#19914,#19915,#19916);
#19918=PLANE('',#19917);
#19919=ORIENTED_EDGE('',*,*,#19879,.T.);
#19921=ORIENTED_EDGE('',*,*,#19920,.T.);
#19923=ORIENTED_EDGE('',*,*,#19922,.T.);
#19924=ORIENTED_EDGE('',*,*,#19907,.T.);
#19925=EDGE_LOOP('',(#19919,#19921,#19923,#19924));
#19926=FACE_OUTER_BOUND('',#19925,.F.);
#19928=CARTESIAN_POINT('',(1.25E0,0.E0,2.225E0));
#19929=DIRECTION('',(0.E0,-1.E0,0.E0));
#19930=DIRECTION('',(1.E0,0.E0,0.E0));
#19931=AXIS2_PLACEMENT_3D('',#19928,#19929,#19930);
#19932=CYLINDRICAL_SURFACE('',#19931,1.25E-1);
#19933=ORIENTED_EDGE('',*,*,#19839,.T.);
#19935=ORIENTED_EDGE('',*,*,#19934,.T.);
#19936=ORIENTED_EDGE('',*,*,#19920,.F.);
#19937=ORIENTED_EDGE('',*,*,#19877,.F.);
#19938=EDGE_LOOP('',(#19933,#19935,#19936,#19937));
#19939=FACE_OUTER_BOUND('',#19938,.F.);
#19941=CARTESIAN_POINT('',(1.375E0,0.E0,2.225E0));
#19942=DIRECTION('',(-1.E0,0.E0,0.E0));
#19943=DIRECTION('',(0.E0,0.E0,1.E0));
#19944=AXIS2_PLACEMENT_3D('',#19941,#19942,#19943);
#19945=PLANE('',#19944);
#19946=ORIENTED_EDGE('',*,*,#19894,.T.);
#19947=ORIENTED_EDGE('',*,*,#19909,.T.);
#19948=ORIENTED_EDGE('',*,*,#19922,.F.);
#19949=ORIENTED_EDGE('',*,*,#19934,.F.);
#19950=ORIENTED_EDGE('',*,*,#19837,.T.);
#19951=ORIENTED_EDGE('',*,*,#19863,.T.);
#19952=EDGE_LOOP('',(#19946,#19947,#19948,#19949,#19950,#19951));
#19953=FACE_OUTER_BOUND('',#19952,.F.);
#19955=CLOSED_SHELL('',(#19845,#19867,#19885,#19899,#19913,#19927,#19940,
#19954));
#19956=MANIFOLD_SOLID_BREP('',#19955);
#19957=FILL_AREA_STYLE_COLOUR('',#18);
#19958=FILL_AREA_STYLE('',(#19957));
#19959=SURFACE_STYLE_FILL_AREA(#19958);
#19960=SURFACE_SIDE_STYLE('',(#19959));
#19961=SURFACE_STYLE_USAGE(.POSITIVE.,#19960);
#19962=PRESENTATION_STYLE_ASSIGNMENT((#19961));
#19677=STYLED_ITEM('',(#19962),#19956);
#19964=DIRECTION('',(1.E0,0.E0,0.E0));
#19965=VECTOR('',#19964,2.5E-1);
#19966=CARTESIAN_POINT('',(1.625E0,0.E0,2.45E0));
#19967=LINE('',#19966,#19965);
#19968=CURVE_STYLE('',#32,POSITIVE_LENGTH_MEASURE(2.E-2),#18);
#19969=PRESENTATION_STYLE_ASSIGNMENT((#19968));
#19970=STYLED_ITEM('',(#19969),#19967);
#19971=DIRECTION('',(0.E0,0.E0,1.E0));
#19972=VECTOR('',#19971,2.25E-1);
#19973=CARTESIAN_POINT('',(1.875E0,0.E0,2.225E0));
#19974=LINE('',#19973,#19972);
#19975=CURVE_STYLE('',#32,POSITIVE_LENGTH_MEASURE(2.E-2),#18);
#19976=PRESENTATION_STYLE_ASSIGNMENT((#19975));
#19977=STYLED_ITEM('',(#19976),#19974);
#19978=CARTESIAN_POINT('',(1.75E0,0.E0,2.225E0));
#19979=DIRECTION('',(0.E0,-1.E0,0.E0));
#19980=DIRECTION('',(-1.E0,0.E0,0.E0));
#19981=AXIS2_PLACEMENT_3D('',#19978,#19979,#19980);
#19983=CURVE_STYLE('',#32,POSITIVE_LENGTH_MEASURE(2.E-2),#18);
#19984=PRESENTATION_STYLE_ASSIGNMENT((#19983));
#19985=STYLED_ITEM('',(#19984),#19982);
#19986=DIRECTION('',(0.E0,0.E0,-1.E0));
#19987=VECTOR('',#19986,2.25E-1);
#19988=CARTESIAN_POINT('',(1.625E0,0.E0,2.45E0));
#19989=LINE('',#19988,#19987);
#19990=CURVE_STYLE('',#32,POSITIVE_LENGTH_MEASURE(2.E-2),#18);
#19991=PRESENTATION_STYLE_ASSIGNMENT((#19990));
#19992=STYLED_ITEM('',(#19991),#19989);
#19993=DIRECTION('',(0.E0,0.E0,-1.E0));
#19994=VECTOR('',#19993,5.E-2);
#19995=CARTESIAN_POINT('',(1.625E0,1.E-1,2.5E0));
#19996=LINE('',#19995,#19994);
#19997=CURVE_STYLE('',#32,POSITIVE_LENGTH_MEASURE(2.E-2),#18);
#19998=PRESENTATION_STYLE_ASSIGNMENT((#19997));
#19999=STYLED_ITEM('',(#19998),#19996);
#20000=DIRECTION('',(0.E0,1.E0,0.E0));
#20001=VECTOR('',#20000,1.E-1);
#20002=CARTESIAN_POINT('',(1.625E0,0.E0,2.45E0));
#20003=LINE('',#20002,#20001);
#20004=CURVE_STYLE('',#32,POSITIVE_LENGTH_MEASURE(2.E-2),#18);
#20005=PRESENTATION_STYLE_ASSIGNMENT((#20004));
#20006=STYLED_ITEM('',(#20005),#20003);
#20007=DIRECTION('',(0.E0,1.E0,0.E0));
#20008=VECTOR('',#20007,1.E-1);
#20009=CARTESIAN_POINT('',(1.625E0,1.E-1,2.5E0));
#20010=LINE('',#20009,#20008);
#20011=CURVE_STYLE('',#32,POSITIVE_LENGTH_MEASURE(2.E-2),#18);
#20012=PRESENTATION_STYLE_ASSIGNMENT((#20011));
#20013=STYLED_ITEM('',(#20012),#20010);
#20014=DIRECTION('',(-1.E0,0.E0,0.E0));
#20015=VECTOR('',#20014,2.5E-1);
#20016=CARTESIAN_POINT('',(1.875E0,1.E-1,2.45E0));
#20017=LINE('',#20016,#20015);
#20018=CURVE_STYLE('',#32,POSITIVE_LENGTH_MEASURE(2.E-2),#18);
#20019=PRESENTATION_STYLE_ASSIGNMENT((#20018));
#20020=STYLED_ITEM('',(#20019),#20017);
#20021=DIRECTION('',(-1.E0,0.E0,0.E0));
#20022=VECTOR('',#20021,2.5E-1);
#20023=CARTESIAN_POINT('',(1.875E0,1.E-1,2.5E0));
#20024=LINE('',#20023,#20022);
#20025=CURVE_STYLE('',#32,POSITIVE_LENGTH_MEASURE(2.E-2),#18);
#20026=PRESENTATION_STYLE_ASSIGNMENT((#20025));
#20027=STYLED_ITEM('',(#20026),#20024);
#20028=DIRECTION('',(0.E0,1.E0,0.E0));
#20029=VECTOR('',#20028,1.E-1);
#20030=CARTESIAN_POINT('',(1.875E0,1.E-1,2.5E0));
#20031=LINE('',#20030,#20029);
#20032=CURVE_STYLE('',#32,POSITIVE_LENGTH_MEASURE(2.E-2),#18);
#20033=PRESENTATION_STYLE_ASSIGNMENT((#20032));
#20034=STYLED_ITEM('',(#20033),#20031);
#20035=DIRECTION('',(0.E0,0.E0,-1.E0));
#20036=VECTOR('',#20035,2.75E-1);
#20037=CARTESIAN_POINT('',(1.625E0,2.E-1,2.5E0));
#20038=LINE('',#20037,#20036);
#20039=CURVE_STYLE('',#32,POSITIVE_LENGTH_MEASURE(2.E-2),#18);
#20040=PRESENTATION_STYLE_ASSIGNMENT((#20039));
#20041=STYLED_ITEM('',(#20040),#20038);
#20042=CARTESIAN_POINT('',(1.75E0,2.E-1,2.225E0));
#20043=DIRECTION('',(0.E0,-1.E0,0.E0));
#20044=DIRECTION('',(-1.E0,0.E0,0.E0));
#20045=AXIS2_PLACEMENT_3D('',#20042,#20043,#20044);
#20047=CURVE_STYLE('',#32,POSITIVE_LENGTH_MEASURE(2.E-2),#18);
#20048=PRESENTATION_STYLE_ASSIGNMENT((#20047));
#20049=STYLED_ITEM('',(#20048),#20046);
#20050=DIRECTION('',(0.E0,0.E0,1.E0));
#20051=VECTOR('',#20050,2.75E-1);
#20052=CARTESIAN_POINT('',(1.875E0,2.E-1,2.225E0));
#20053=LINE('',#20052,#20051);
#20054=CURVE_STYLE('',#32,POSITIVE_LENGTH_MEASURE(2.E-2),#18);
#20055=PRESENTATION_STYLE_ASSIGNMENT((#20054));
#20056=STYLED_ITEM('',(#20055),#20053);
#20057=DIRECTION('',(-1.E0,0.E0,0.E0));
#20058=VECTOR('',#20057,2.5E-1);
#20059=CARTESIAN_POINT('',(1.875E0,2.E-1,2.5E0));
#20060=LINE('',#20059,#20058);
#20061=CURVE_STYLE('',#32,POSITIVE_LENGTH_MEASURE(2.E-2),#18);
#20062=PRESENTATION_STYLE_ASSIGNMENT((#20061));
#20063=STYLED_ITEM('',(#20062),#20060);
#20064=DIRECTION('',(0.E0,1.E0,0.E0));
#20065=VECTOR('',#20064,2.E-1);
#20066=CARTESIAN_POINT('',(1.625E0,0.E0,2.225E0));
#20067=LINE('',#20066,#20065);
#20068=CURVE_STYLE('',#32,POSITIVE_LENGTH_MEASURE(2.E-2),#18);
#20069=PRESENTATION_STYLE_ASSIGNMENT((#20068));
#20070=STYLED_ITEM('',(#20069),#20067);
#20071=DIRECTION('',(0.E0,0.E0,1.E0));
#20072=VECTOR('',#20071,5.E-2);
#20073=CARTESIAN_POINT('',(1.875E0,1.E-1,2.45E0));
#20074=LINE('',#20073,#20072);
#20075=CURVE_STYLE('',#32,POSITIVE_LENGTH_MEASURE(2.E-2),#18);
#20076=PRESENTATION_STYLE_ASSIGNMENT((#20075));
#20077=STYLED_ITEM('',(#20076),#20074);
#20078=DIRECTION('',(0.E0,1.E0,0.E0));
#20079=VECTOR('',#20078,2.E-1);
#20080=CARTESIAN_POINT('',(1.875E0,0.E0,2.225E0));
#20081=LINE('',#20080,#20079);
#20082=CURVE_STYLE('',#32,POSITIVE_LENGTH_MEASURE(2.E-2),#18);
#20083=PRESENTATION_STYLE_ASSIGNMENT((#20082));
#20084=STYLED_ITEM('',(#20083),#20081);
#20085=DIRECTION('',(0.E0,1.E0,0.E0));
#20086=VECTOR('',#20085,1.E-1);
#20087=CARTESIAN_POINT('',(1.875E0,0.E0,2.45E0));
#20088=LINE('',#20087,#20086);
#20089=CURVE_STYLE('',#32,POSITIVE_LENGTH_MEASURE(2.E-2),#18);
#20090=PRESENTATION_STYLE_ASSIGNMENT((#20089));
#20091=STYLED_ITEM('',(#20090),#20088);
#20092=CARTESIAN_POINT('',(1.625E0,0.E0,2.225E0));
#20093=CARTESIAN_POINT('',(1.875E0,0.E0,2.225E0));
#20094=VERTEX_POINT('',#20092);
#20095=VERTEX_POINT('',#20093);
#20096=CARTESIAN_POINT('',(1.625E0,2.E-1,2.5E0));
#20097=CARTESIAN_POINT('',(1.625E0,2.E-1,2.225E0));
#20098=VERTEX_POINT('',#20096);
#20099=VERTEX_POINT('',#20097);
#20100=CARTESIAN_POINT('',(1.875E0,2.E-1,2.225E0));
#20101=VERTEX_POINT('',#20100);
#20102=CARTESIAN_POINT('',(1.875E0,2.E-1,2.5E0));
#20103=VERTEX_POINT('',#20102);
#20104=CARTESIAN_POINT('',(1.625E0,0.E0,2.45E0));
#20105=CARTESIAN_POINT('',(1.875E0,0.E0,2.45E0));
#20106=VERTEX_POINT('',#20104);
#20107=VERTEX_POINT('',#20105);
#20108=CARTESIAN_POINT('',(1.625E0,1.E-1,2.5E0));
#20109=CARTESIAN_POINT('',(1.625E0,1.E-1,2.45E0));
#20110=VERTEX_POINT('',#20108);
#20111=VERTEX_POINT('',#20109);
#20112=CARTESIAN_POINT('',(1.875E0,1.E-1,2.45E0));
#20113=CARTESIAN_POINT('',(1.875E0,1.E-1,2.5E0));
#20114=VERTEX_POINT('',#20112);
#20115=VERTEX_POINT('',#20113);
#20116=CARTESIAN_POINT('',(0.E0,0.E0,0.E0));
#20117=DIRECTION('',(0.E0,-1.E0,0.E0));
#20118=DIRECTION('',(1.E0,0.E0,0.E0));
#20119=AXIS2_PLACEMENT_3D('',#20116,#20117,#20118);
#20120=PLANE('',#20119);
#20122=ORIENTED_EDGE('',*,*,#20121,.T.);
#20124=ORIENTED_EDGE('',*,*,#20123,.F.);
#20126=ORIENTED_EDGE('',*,*,#20125,.F.);
#20128=ORIENTED_EDGE('',*,*,#20127,.F.);
#20129=EDGE_LOOP('',(#20122,#20124,#20126,#20128));
#20130=FACE_OUTER_BOUND('',#20129,.F.);
#20132=FILL_AREA_STYLE_COLOUR('',#26);
#20133=FILL_AREA_STYLE('',(#20132));
#20134=SURFACE_STYLE_FILL_AREA(#20133);
#20135=SURFACE_SIDE_STYLE('',(#20134));
#20136=SURFACE_STYLE_USAGE(.POSITIVE.,#20135);
#20137=PRESENTATION_STYLE_ASSIGNMENT((#20136));
#20138=OVER_RIDING_STYLED_ITEM('',(#20137),#20131,#19963);
#20139=CARTESIAN_POINT('',(2.45E0,0.E0,2.45E0));
#20140=DIRECTION('',(0.E0,0.E0,-1.E0));
#20141=DIRECTION('',(-1.E0,0.E0,0.E0));
#20142=AXIS2_PLACEMENT_3D('',#20139,#20140,#20141);
#20143=PLANE('',#20142);
#20144=ORIENTED_EDGE('',*,*,#20121,.F.);
#20146=ORIENTED_EDGE('',*,*,#20145,.T.);
#20148=ORIENTED_EDGE('',*,*,#20147,.F.);
#20150=ORIENTED_EDGE('',*,*,#20149,.F.);
#20151=EDGE_LOOP('',(#20144,#20146,#20148,#20150));
#20152=FACE_OUTER_BOUND('',#20151,.F.);
#20154=CARTESIAN_POINT('',(1.625E0,0.E0,2.5E0));
#20155=DIRECTION('',(1.E0,0.E0,0.E0));
#20156=DIRECTION('',(0.E0,0.E0,-1.E0));
#20157=AXIS2_PLACEMENT_3D('',#20154,#20155,#20156);
#20158=PLANE('',#20157);
#20160=ORIENTED_EDGE('',*,*,#20159,.T.);
#20161=ORIENTED_EDGE('',*,*,#20145,.F.);
#20162=ORIENTED_EDGE('',*,*,#20127,.T.);
#20164=ORIENTED_EDGE('',*,*,#20163,.T.);
#20166=ORIENTED_EDGE('',*,*,#20165,.F.);
#20168=ORIENTED_EDGE('',*,*,#20167,.F.);
#20169=EDGE_LOOP('',(#20160,#20161,#20162,#20164,#20166,#20168));
#20170=FACE_OUTER_BOUND('',#20169,.F.);
#20172=CARTESIAN_POINT('',(0.E0,1.E-1,0.E0));
#20173=DIRECTION('',(0.E0,1.E0,0.E0));
#20174=DIRECTION('',(1.E0,0.E0,0.E0));
#20175=AXIS2_PLACEMENT_3D('',#20172,#20173,#20174);
#20176=PLANE('',#20175);
#20177=ORIENTED_EDGE('',*,*,#20159,.F.);
#20179=ORIENTED_EDGE('',*,*,#20178,.F.);
#20181=ORIENTED_EDGE('',*,*,#20180,.F.);
#20182=ORIENTED_EDGE('',*,*,#20147,.T.);
#20183=EDGE_LOOP('',(#20177,#20179,#20181,#20182));
#20184=FACE_OUTER_BOUND('',#20183,.F.);
#20186=CARTESIAN_POINT('',(1.875E0,0.E0,2.5E0));
#20187=DIRECTION('',(0.E0,0.E0,-1.E0));
#20188=DIRECTION('',(-1.E0,0.E0,0.E0));
#20189=AXIS2_PLACEMENT_3D('',#20186,#20187,#20188);
#20190=PLANE('',#20189);
#20191=ORIENTED_EDGE('',*,*,#20178,.T.);
#20192=ORIENTED_EDGE('',*,*,#20167,.T.);
#20194=ORIENTED_EDGE('',*,*,#20193,.F.);
#20196=ORIENTED_EDGE('',*,*,#20195,.F.);
#20197=EDGE_LOOP('',(#20191,#20192,#20194,#20196));
#20198=FACE_OUTER_BOUND('',#20197,.F.);
#20200=CARTESIAN_POINT('',(0.E0,2.E-1,0.E0));
#20201=DIRECTION('',(0.E0,-1.E0,0.E0));
#20202=DIRECTION('',(1.E0,0.E0,0.E0));
#20203=AXIS2_PLACEMENT_3D('',#20200,#20201,#20202);
#20204=PLANE('',#20203);
#20205=ORIENTED_EDGE('',*,*,#20165,.T.);
#20207=ORIENTED_EDGE('',*,*,#20206,.T.);
#20209=ORIENTED_EDGE('',*,*,#20208,.T.);
#20210=ORIENTED_EDGE('',*,*,#20193,.T.);
#20211=EDGE_LOOP('',(#20205,#20207,#20209,#20210));
#20212=FACE_OUTER_BOUND('',#20211,.F.);
#20214=CARTESIAN_POINT('',(1.75E0,0.E0,2.225E0));
#20215=DIRECTION('',(0.E0,-1.E0,0.E0));
#20216=DIRECTION('',(1.E0,0.E0,0.E0));
#20217=AXIS2_PLACEMENT_3D('',#20214,#20215,#20216);
#20218=CYLINDRICAL_SURFACE('',#20217,1.25E-1);
#20219=ORIENTED_EDGE('',*,*,#20125,.T.);
#20221=ORIENTED_EDGE('',*,*,#20220,.T.);
#20222=ORIENTED_EDGE('',*,*,#20206,.F.);
#20223=ORIENTED_EDGE('',*,*,#20163,.F.);
#20224=EDGE_LOOP('',(#20219,#20221,#20222,#20223));
#20225=FACE_OUTER_BOUND('',#20224,.F.);
#20227=CARTESIAN_POINT('',(1.875E0,0.E0,2.225E0));
#20228=DIRECTION('',(-1.E0,0.E0,0.E0));
#20229=DIRECTION('',(0.E0,0.E0,1.E0));
#20230=AXIS2_PLACEMENT_3D('',#20227,#20228,#20229);
#20231=PLANE('',#20230);
#20232=ORIENTED_EDGE('',*,*,#20180,.T.);
#20233=ORIENTED_EDGE('',*,*,#20195,.T.);
#20234=ORIENTED_EDGE('',*,*,#20208,.F.);
#20235=ORIENTED_EDGE('',*,*,#20220,.F.);
#20236=ORIENTED_EDGE('',*,*,#20123,.T.);
#20237=ORIENTED_EDGE('',*,*,#20149,.T.);
#20238=EDGE_LOOP('',(#20232,#20233,#20234,#20235,#20236,#20237));
#20239=FACE_OUTER_BOUND('',#20238,.F.);
#20241=CLOSED_SHELL('',(#20131,#20153,#20171,#20185,#20199,#20213,#20226,
#20240));
#20242=MANIFOLD_SOLID_BREP('',#20241);
#20243=FILL_AREA_STYLE_COLOUR('',#18);
#20244=FILL_AREA_STYLE('',(#20243));
#20245=SURFACE_STYLE_FILL_AREA(#20244);
#20246=SURFACE_SIDE_STYLE('',(#20245));
#20247=SURFACE_STYLE_USAGE(.POSITIVE.,#20246);
#20248=PRESENTATION_STYLE_ASSIGNMENT((#20247));
#19963=STYLED_ITEM('',(#20248),#20242);
#20250=DIRECTION('',(-1.E0,0.E0,0.E0));
#20251=VECTOR('',#20250,2.E-1);
#20252=CARTESIAN_POINT('',(-2.125E0,0.E0,-2.45E0));
#20253=LINE('',#20252,#20251);
#20254=CURVE_STYLE('',#32,POSITIVE_LENGTH_MEASURE(2.E-2),#18);
#20255=PRESENTATION_STYLE_ASSIGNMENT((#20254));
#20256=STYLED_ITEM('',(#20255),#20253);
#20257=DIRECTION('',(0.E0,0.E0,1.E0));
#20258=VECTOR('',#20257,1.25E-1);
#20259=CARTESIAN_POINT('',(-2.325E0,0.E0,-2.45E0));
#20260=LINE('',#20259,#20258);
#20261=CURVE_STYLE('',#32,POSITIVE_LENGTH_MEASURE(2.E-2),#18);
#20262=PRESENTATION_STYLE_ASSIGNMENT((#20261));
#20263=STYLED_ITEM('',(#20262),#20260);
#20264=DIRECTION('',(-1.E0,0.E0,0.E0));
#20265=VECTOR('',#20264,1.25E-1);
#20266=CARTESIAN_POINT('',(-2.325E0,0.E0,-2.325E0));
#20267=LINE('',#20266,#20265);
#20268=CURVE_STYLE('',#32,POSITIVE_LENGTH_MEASURE(2.E-2),#18);
#20269=PRESENTATION_STYLE_ASSIGNMENT((#20268));
#20270=STYLED_ITEM('',(#20269),#20267);
#20271=DIRECTION('',(0.E0,0.E0,-1.E0));
#20272=VECTOR('',#20271,2.E-1);
#20273=CARTESIAN_POINT('',(-2.45E0,0.E0,-2.125E0));
#20274=LINE('',#20273,#20272);
#20275=CURVE_STYLE('',#32,POSITIVE_LENGTH_MEASURE(2.E-2),#18);
#20276=PRESENTATION_STYLE_ASSIGNMENT((#20275));
#20277=STYLED_ITEM('',(#20276),#20274);
#20278=DIRECTION('',(1.E0,0.E0,0.E0));
#20279=VECTOR('',#20278,3.25E-1);
#20280=CARTESIAN_POINT('',(-2.45E0,0.E0,-2.125E0));
#20281=LINE('',#20280,#20279);
#20282=CURVE_STYLE('',#32,POSITIVE_LENGTH_MEASURE(2.E-2),#18);
#20283=PRESENTATION_STYLE_ASSIGNMENT((#20282));
#20284=STYLED_ITEM('',(#20283),#20281);
#20285=DIRECTION('',(0.E0,0.E0,-1.E0));
#20286=VECTOR('',#20285,3.25E-1);
#20287=CARTESIAN_POINT('',(-2.125E0,0.E0,-2.125E0));
#20288=LINE('',#20287,#20286);
#20289=CURVE_STYLE('',#32,POSITIVE_LENGTH_MEASURE(2.E-2),#18);
#20290=PRESENTATION_STYLE_ASSIGNMENT((#20289));
#20291=STYLED_ITEM('',(#20290),#20288);
#20292=DIRECTION('',(1.E0,0.E0,0.E0));
#20293=VECTOR('',#20292,2.E-1);
#20294=CARTESIAN_POINT('',(-2.325E0,1.E-1,-2.45E0));
#20295=LINE('',#20294,#20293);
#20296=CURVE_STYLE('',#32,POSITIVE_LENGTH_MEASURE(2.E-2),#18);
#20297=PRESENTATION_STYLE_ASSIGNMENT((#20296));
#20298=STYLED_ITEM('',(#20297),#20295);
#20299=DIRECTION('',(0.E0,0.E0,-1.E0));
#20300=VECTOR('',#20299,2.E-1);
#20301=CARTESIAN_POINT('',(-2.45E0,1.E-1,-2.125E0));
#20302=LINE('',#20301,#20300);
#20303=CURVE_STYLE('',#32,POSITIVE_LENGTH_MEASURE(2.E-2),#18);
#20304=PRESENTATION_STYLE_ASSIGNMENT((#20303));
#20305=STYLED_ITEM('',(#20304),#20302);
#20306=DIRECTION('',(0.E0,0.E0,-1.E0));
#20307=VECTOR('',#20306,5.E-2);
#20308=CARTESIAN_POINT('',(-2.125E0,1.E-1,-2.45E0));
#20309=LINE('',#20308,#20307);
#20310=CURVE_STYLE('',#32,POSITIVE_LENGTH_MEASURE(2.E-2),#18);
#20311=PRESENTATION_STYLE_ASSIGNMENT((#20310));
#20312=STYLED_ITEM('',(#20311),#20309);
#20313=DIRECTION('',(0.E0,1.E0,0.E0));
#20314=VECTOR('',#20313,1.E-1);
#20315=CARTESIAN_POINT('',(-2.125E0,0.E0,-2.45E0));
#20316=LINE('',#20315,#20314);
#20317=CURVE_STYLE('',#32,POSITIVE_LENGTH_MEASURE(2.E-2),#18);
#20318=PRESENTATION_STYLE_ASSIGNMENT((#20317));
#20319=STYLED_ITEM('',(#20318),#20316);
#20320=DIRECTION('',(0.E0,1.E0,0.E0));
#20321=VECTOR('',#20320,2.E-1);
#20322=CARTESIAN_POINT('',(-2.125E0,0.E0,-2.125E0));
#20323=LINE('',#20322,#20321);
#20324=CURVE_STYLE('',#32,POSITIVE_LENGTH_MEASURE(2.E-2),#18);
#20325=PRESENTATION_STYLE_ASSIGNMENT((#20324));
#20326=STYLED_ITEM('',(#20325),#20323);
#20327=DIRECTION('',(1.E0,0.E0,0.E0));
#20328=VECTOR('',#20327,5.E-2);
#20329=CARTESIAN_POINT('',(-2.5E0,1.E-1,-2.125E0));
#20330=LINE('',#20329,#20328);
#20331=CURVE_STYLE('',#32,POSITIVE_LENGTH_MEASURE(2.E-2),#18);
#20332=PRESENTATION_STYLE_ASSIGNMENT((#20331));
#20333=STYLED_ITEM('',(#20332),#20330);
#20334=DIRECTION('',(0.E0,1.E0,0.E0));
#20335=VECTOR('',#20334,1.E-1);
#20336=CARTESIAN_POINT('',(-2.5E0,1.E-1,-2.125E0));
#20337=LINE('',#20336,#20335);
#20338=CURVE_STYLE('',#32,POSITIVE_LENGTH_MEASURE(2.E-2),#18);
#20339=PRESENTATION_STYLE_ASSIGNMENT((#20338));
#20340=STYLED_ITEM('',(#20339),#20337);
#20341=DIRECTION('',(0.E0,1.E0,0.E0));
#20342=VECTOR('',#20341,1.E-1);
#20343=CARTESIAN_POINT('',(-2.45E0,0.E0,-2.125E0));
#20344=LINE('',#20343,#20342);
#20345=CURVE_STYLE('',#32,POSITIVE_LENGTH_MEASURE(2.E-2),#18);
#20346=PRESENTATION_STYLE_ASSIGNMENT((#20345));
#20347=STYLED_ITEM('',(#20346),#20344);
#20348=DIRECTION('',(0.E0,0.E0,1.E0));
#20349=VECTOR('',#20348,2.E-1);
#20350=CARTESIAN_POINT('',(-2.5E0,1.E-1,-2.325E0));
#20351=LINE('',#20350,#20349);
#20352=CURVE_STYLE('',#32,POSITIVE_LENGTH_MEASURE(2.E-2),#18);
#20353=PRESENTATION_STYLE_ASSIGNMENT((#20352));
#20354=STYLED_ITEM('',(#20353),#20351);
#20355=DIRECTION('',(0.E0,1.E0,0.E0));
#20356=VECTOR('',#20355,1.E-1);
#20357=CARTESIAN_POINT('',(-2.5E0,1.E-1,-2.325E0));
#20358=LINE('',#20357,#20356);
#20359=CURVE_STYLE('',#32,POSITIVE_LENGTH_MEASURE(2.E-2),#18);
#20360=PRESENTATION_STYLE_ASSIGNMENT((#20359));
#20361=STYLED_ITEM('',(#20360),#20358);
#20362=DIRECTION('',(-1.E0,0.E0,1.776356839400E-14));
#20363=VECTOR('',#20362,5.E-2);
#20364=CARTESIAN_POINT('',(-2.45E0,1.E-1,-2.325E0));
#20365=LINE('',#20364,#20363);
#20366=CURVE_STYLE('',#32,POSITIVE_LENGTH_MEASURE(2.E-2),#18);
#20367=PRESENTATION_STYLE_ASSIGNMENT((#20366));
#20368=STYLED_ITEM('',(#20367),#20365);
#20369=DIRECTION('',(0.E0,1.E0,0.E0));
#20370=VECTOR('',#20369,1.E-1);
#20371=CARTESIAN_POINT('',(-2.45E0,0.E0,-2.325E0));
#20372=LINE('',#20371,#20370);
#20373=CURVE_STYLE('',#32,POSITIVE_LENGTH_MEASURE(2.E-2),#18);
#20374=PRESENTATION_STYLE_ASSIGNMENT((#20373));
#20375=STYLED_ITEM('',(#20374),#20372);
#20376=DIRECTION('',(0.E0,1.E0,0.E0));
#20377=VECTOR('',#20376,2.E-1);
#20378=CARTESIAN_POINT('',(-2.325E0,0.E0,-2.325E0));
#20379=LINE('',#20378,#20377);
#20380=CURVE_STYLE('',#32,POSITIVE_LENGTH_MEASURE(2.E-2),#18);
#20381=PRESENTATION_STYLE_ASSIGNMENT((#20380));
#20382=STYLED_ITEM('',(#20381),#20379);
#20383=DIRECTION('',(0.E0,0.E0,1.E0));
#20384=VECTOR('',#20383,5.E-2);
#20385=CARTESIAN_POINT('',(-2.325E0,1.E-1,-2.5E0));
#20386=LINE('',#20385,#20384);
#20387=CURVE_STYLE('',#32,POSITIVE_LENGTH_MEASURE(2.E-2),#18);
#20388=PRESENTATION_STYLE_ASSIGNMENT((#20387));
#20389=STYLED_ITEM('',(#20388),#20386);
#20390=DIRECTION('',(0.E0,1.E0,0.E0));
#20391=VECTOR('',#20390,1.E-1);
#20392=CARTESIAN_POINT('',(-2.325E0,1.E-1,-2.5E0));
#20393=LINE('',#20392,#20391);
#20394=CURVE_STYLE('',#32,POSITIVE_LENGTH_MEASURE(2.E-2),#18);
#20395=PRESENTATION_STYLE_ASSIGNMENT((#20394));
#20396=STYLED_ITEM('',(#20395),#20393);
#20397=DIRECTION('',(0.E0,1.E0,0.E0));
#20398=VECTOR('',#20397,1.E-1);
#20399=CARTESIAN_POINT('',(-2.325E0,0.E0,-2.45E0));
#20400=LINE('',#20399,#20398);
#20401=CURVE_STYLE('',#32,POSITIVE_LENGTH_MEASURE(2.E-2),#18);
#20402=PRESENTATION_STYLE_ASSIGNMENT((#20401));
#20403=STYLED_ITEM('',(#20402),#20400);
#20404=DIRECTION('',(-1.E0,0.E0,0.E0));
#20405=VECTOR('',#20404,2.E-1);
#20406=CARTESIAN_POINT('',(-2.125E0,1.E-1,-2.5E0));
#20407=LINE('',#20406,#20405);
#20408=CURVE_STYLE('',#32,POSITIVE_LENGTH_MEASURE(2.E-2),#18);
#20409=PRESENTATION_STYLE_ASSIGNMENT((#20408));
#20410=STYLED_ITEM('',(#20409),#20407);
#20411=DIRECTION('',(0.E0,1.E0,0.E0));
#20412=VECTOR('',#20411,1.E-1);
#20413=CARTESIAN_POINT('',(-2.125E0,1.E-1,-2.5E0));
#20414=LINE('',#20413,#20412);
#20415=CURVE_STYLE('',#32,POSITIVE_LENGTH_MEASURE(2.E-2),#18);
#20416=PRESENTATION_STYLE_ASSIGNMENT((#20415));
#20417=STYLED_ITEM('',(#20416),#20414);
#20418=DIRECTION('',(-1.E0,0.E0,0.E0));
#20419=VECTOR('',#20418,2.E-1);
#20420=CARTESIAN_POINT('',(-2.125E0,2.E-1,-2.5E0));
#20421=LINE('',#20420,#20419);
#20422=CURVE_STYLE('',#32,POSITIVE_LENGTH_MEASURE(2.E-2),#18);
#20423=PRESENTATION_STYLE_ASSIGNMENT((#20422));
#20424=STYLED_ITEM('',(#20423),#20421);
#20425=DIRECTION('',(0.E0,0.E0,-1.E0));
#20426=VECTOR('',#20425,3.75E-1);
#20427=CARTESIAN_POINT('',(-2.125E0,2.E-1,-2.125E0));
#20428=LINE('',#20427,#20426);
#20429=CURVE_STYLE('',#32,POSITIVE_LENGTH_MEASURE(2.E-2),#18);
#20430=PRESENTATION_STYLE_ASSIGNMENT((#20429));
#20431=STYLED_ITEM('',(#20430),#20428);
#20432=DIRECTION('',(1.E0,0.E0,0.E0));
#20433=VECTOR('',#20432,3.75E-1);
#20434=CARTESIAN_POINT('',(-2.5E0,2.E-1,-2.125E0));
#20435=LINE('',#20434,#20433);
#20436=CURVE_STYLE('',#32,POSITIVE_LENGTH_MEASURE(2.E-2),#18);
#20437=PRESENTATION_STYLE_ASSIGNMENT((#20436));
#20438=STYLED_ITEM('',(#20437),#20435);
#20439=DIRECTION('',(0.E0,0.E0,1.E0));
#20440=VECTOR('',#20439,2.E-1);
#20441=CARTESIAN_POINT('',(-2.5E0,2.E-1,-2.325E0));
#20442=LINE('',#20441,#20440);
#20443=CURVE_STYLE('',#32,POSITIVE_LENGTH_MEASURE(2.E-2),#18);
#20444=PRESENTATION_STYLE_ASSIGNMENT((#20443));
#20445=STYLED_ITEM('',(#20444),#20442);
#20446=DIRECTION('',(-1.E0,0.E0,0.E0));
#20447=VECTOR('',#20446,1.75E-1);
#20448=CARTESIAN_POINT('',(-2.325E0,2.E-1,-2.325E0));
#20449=LINE('',#20448,#20447);
#20450=CURVE_STYLE('',#32,POSITIVE_LENGTH_MEASURE(2.E-2),#18);
#20451=PRESENTATION_STYLE_ASSIGNMENT((#20450));
#20452=STYLED_ITEM('',(#20451),#20449);
#20453=DIRECTION('',(0.E0,0.E0,1.E0));
#20454=VECTOR('',#20453,1.75E-1);
#20455=CARTESIAN_POINT('',(-2.325E0,2.E-1,-2.5E0));
#20456=LINE('',#20455,#20454);
#20457=CURVE_STYLE('',#32,POSITIVE_LENGTH_MEASURE(2.E-2),#18);
#20458=PRESENTATION_STYLE_ASSIGNMENT((#20457));
#20459=STYLED_ITEM('',(#20458),#20456);
#20460=CARTESIAN_POINT('',(-2.125E0,2.E-1,-2.5E0));
#20461=CARTESIAN_POINT('',(-2.325E0,2.E-1,-2.5E0));
#20462=VERTEX_POINT('',#20460);
#20463=VERTEX_POINT('',#20461);
#20464=CARTESIAN_POINT('',(-2.325E0,2.E-1,-2.325E0));
#20465=VERTEX_POINT('',#20464);
#20466=CARTESIAN_POINT('',(-2.5E0,2.E-1,-2.325E0));
#20467=VERTEX_POINT('',#20466);
#20468=CARTESIAN_POINT('',(-2.5E0,2.E-1,-2.125E0));
#20469=VERTEX_POINT('',#20468);
#20470=CARTESIAN_POINT('',(-2.125E0,2.E-1,-2.125E0));
#20471=VERTEX_POINT('',#20470);
#20472=CARTESIAN_POINT('',(-2.325E0,0.E0,-2.325E0));
#20473=VERTEX_POINT('',#20472);
#20474=CARTESIAN_POINT('',(-2.125E0,0.E0,-2.125E0));
#20475=VERTEX_POINT('',#20474);
#20476=CARTESIAN_POINT('',(-2.325E0,1.E-1,-2.45E0));
#20477=CARTESIAN_POINT('',(-2.125E0,1.E-1,-2.45E0));
#20478=VERTEX_POINT('',#20476);
#20479=VERTEX_POINT('',#20477);
#20480=CARTESIAN_POINT('',(-2.125E0,0.E0,-2.45E0));
#20481=CARTESIAN_POINT('',(-2.325E0,0.E0,-2.45E0));
#20482=VERTEX_POINT('',#20480);
#20483=VERTEX_POINT('',#20481);
#20484=CARTESIAN_POINT('',(-2.45E0,0.E0,-2.125E0));
#20485=CARTESIAN_POINT('',(-2.45E0,0.E0,-2.325E0));
#20486=VERTEX_POINT('',#20484);
#20487=VERTEX_POINT('',#20485);
#20488=CARTESIAN_POINT('',(-2.125E0,1.E-1,-2.5E0));
#20489=CARTESIAN_POINT('',(-2.325E0,1.E-1,-2.5E0));
#20490=VERTEX_POINT('',#20488);
#20491=VERTEX_POINT('',#20489);
#20492=CARTESIAN_POINT('',(-2.45E0,1.E-1,-2.325E0));
#20493=CARTESIAN_POINT('',(-2.5E0,1.E-1,-2.325E0));
#20494=VERTEX_POINT('',#20492);
#20495=VERTEX_POINT('',#20493);
#20496=CARTESIAN_POINT('',(-2.5E0,1.E-1,-2.125E0));
#20497=VERTEX_POINT('',#20496);
#20498=CARTESIAN_POINT('',(-2.45E0,1.E-1,-2.125E0));
#20499=VERTEX_POINT('',#20498);
#20500=CARTESIAN_POINT('',(-2.45E0,0.E0,2.45E0));
#20501=DIRECTION('',(1.E0,0.E0,0.E0));
#20502=DIRECTION('',(0.E0,0.E0,-1.E0));
#20503=AXIS2_PLACEMENT_3D('',#20500,#20501,#20502);
#20504=PLANE('',#20503);
#20506=ORIENTED_EDGE('',*,*,#20505,.T.);
#20508=ORIENTED_EDGE('',*,*,#20507,.T.);
#20510=ORIENTED_EDGE('',*,*,#20509,.F.);
#20512=ORIENTED_EDGE('',*,*,#20511,.F.);
#20513=EDGE_LOOP('',(#20506,#20508,#20510,#20512));
#20514=FACE_OUTER_BOUND('',#20513,.F.);
#20516=CARTESIAN_POINT('',(0.E0,0.E0,0.E0));
#20517=DIRECTION('',(0.E0,1.E0,0.E0));
#20518=DIRECTION('',(1.E0,0.E0,0.E0));
#20519=AXIS2_PLACEMENT_3D('',#20516,#20517,#20518);
#20520=PLANE('',#20519);
#20522=ORIENTED_EDGE('',*,*,#20521,.T.);
#20524=ORIENTED_EDGE('',*,*,#20523,.T.);
#20526=ORIENTED_EDGE('',*,*,#20525,.T.);
#20527=ORIENTED_EDGE('',*,*,#20505,.F.);
#20529=ORIENTED_EDGE('',*,*,#20528,.T.);
#20531=ORIENTED_EDGE('',*,*,#20530,.T.);
#20532=EDGE_LOOP('',(#20522,#20524,#20526,#20527,#20529,#20531));
#20533=FACE_OUTER_BOUND('',#20532,.F.);
#20535=FILL_AREA_STYLE_COLOUR('',#26);
#20536=FILL_AREA_STYLE('',(#20535));
#20537=SURFACE_STYLE_FILL_AREA(#20536);
#20538=SURFACE_SIDE_STYLE('',(#20537));
#20539=SURFACE_STYLE_USAGE(.POSITIVE.,#20538);
#20540=PRESENTATION_STYLE_ASSIGNMENT((#20539));
#20541=OVER_RIDING_STYLED_ITEM('',(#20540),#20534,#20249);
#20542=CARTESIAN_POINT('',(-2.45E0,0.E0,-2.45E0));
#20543=DIRECTION('',(0.E0,0.E0,1.E0));
#20544=DIRECTION('',(1.E0,0.E0,0.E0));
#20545=AXIS2_PLACEMENT_3D('',#20542,#20543,#20544);
#20546=PLANE('',#20545);
#20548=ORIENTED_EDGE('',*,*,#20547,.F.);
#20550=ORIENTED_EDGE('',*,*,#20549,.F.);
#20551=ORIENTED_EDGE('',*,*,#20521,.F.);
#20553=ORIENTED_EDGE('',*,*,#20552,.T.);
#20554=EDGE_LOOP('',(#20548,#20550,#20551,#20553));
#20555=FACE_OUTER_BOUND('',#20554,.F.);
#20557=CARTESIAN_POINT('',(0.E0,1.E-1,0.E0));
#20558=DIRECTION('',(0.E0,1.E0,0.E0));
#20559=DIRECTION('',(1.E0,0.E0,0.E0));
#20560=AXIS2_PLACEMENT_3D('',#20557,#20558,#20559);
#20561=PLANE('',#20560);
#20562=ORIENTED_EDGE('',*,*,#20547,.T.);
#20564=ORIENTED_EDGE('',*,*,#20563,.T.);
#20566=ORIENTED_EDGE('',*,*,#20565,.T.);
#20568=ORIENTED_EDGE('',*,*,#20567,.T.);
#20569=EDGE_LOOP('',(#20562,#20564,#20566,#20568));
#20570=FACE_OUTER_BOUND('',#20569,.F.);
#20572=CARTESIAN_POINT('',(0.E0,1.E-1,0.E0));
#20573=DIRECTION('',(0.E0,1.E0,0.E0));
#20574=DIRECTION('',(1.E0,0.E0,0.E0));
#20575=AXIS2_PLACEMENT_3D('',#20572,#20573,#20574);
#20576=PLANE('',#20575);
#20578=ORIENTED_EDGE('',*,*,#20577,.T.);
#20580=ORIENTED_EDGE('',*,*,#20579,.T.);
#20582=ORIENTED_EDGE('',*,*,#20581,.T.);
#20583=ORIENTED_EDGE('',*,*,#20509,.T.);
#20584=EDGE_LOOP('',(#20578,#20580,#20582,#20583));
#20585=FACE_OUTER_BOUND('',#20584,.F.);
#20587=CARTESIAN_POINT('',(-2.125E0,0.E0,-2.125E0));
#20588=DIRECTION('',(1.E0,0.E0,0.E0));
#20589=DIRECTION('',(0.E0,0.E0,-1.E0));
#20590=AXIS2_PLACEMENT_3D('',#20587,#20588,#20589);
#20591=PLANE('',#20590);
#20592=ORIENTED_EDGE('',*,*,#20563,.F.);
#20593=ORIENTED_EDGE('',*,*,#20552,.F.);
#20594=ORIENTED_EDGE('',*,*,#20530,.F.);
#20596=ORIENTED_EDGE('',*,*,#20595,.T.);
#20598=ORIENTED_EDGE('',*,*,#20597,.T.);
#20600=ORIENTED_EDGE('',*,*,#20599,.F.);
#20601=EDGE_LOOP('',(#20592,#20593,#20594,#20596,#20598,#20600));
#20602=FACE_OUTER_BOUND('',#20601,.F.);
#20604=CARTESIAN_POINT('',(-2.5E0,0.E0,-2.125E0));
#20605=DIRECTION('',(0.E0,0.E0,1.E0));
#20606=DIRECTION('',(1.E0,0.E0,0.E0));
#20607=AXIS2_PLACEMENT_3D('',#20604,#20605,#20606);
#20608=PLANE('',#20607);
#20609=ORIENTED_EDGE('',*,*,#20581,.F.);
#20611=ORIENTED_EDGE('',*,*,#20610,.T.);
#20613=ORIENTED_EDGE('',*,*,#20612,.T.);
#20614=ORIENTED_EDGE('',*,*,#20595,.F.);
#20615=ORIENTED_EDGE('',*,*,#20528,.F.);
#20616=ORIENTED_EDGE('',*,*,#20511,.T.);
#20617=EDGE_LOOP('',(#20609,#20611,#20613,#20614,#20615,#20616));
#20618=FACE_OUTER_BOUND('',#20617,.F.);
#20620=CARTESIAN_POINT('',(-2.5E0,0.E0,-2.325E0));
#20621=DIRECTION('',(-1.E0,0.E0,0.E0));
#20622=DIRECTION('',(0.E0,0.E0,1.E0));
#20623=AXIS2_PLACEMENT_3D('',#20620,#20621,#20622);
#20624=PLANE('',#20623);
#20625=ORIENTED_EDGE('',*,*,#20579,.F.);
#20627=ORIENTED_EDGE('',*,*,#20626,.T.);
#20629=ORIENTED_EDGE('',*,*,#20628,.T.);
#20630=ORIENTED_EDGE('',*,*,#20610,.F.);
#20631=EDGE_LOOP('',(#20625,#20627,#20629,#20630));
#20632=FACE_OUTER_BOUND('',#20631,.F.);
#20634=CARTESIAN_POINT('',(-2.325E0,0.E0,-2.325E0));
#20635=DIRECTION('',(0.E0,0.E0,-1.E0));
#20636=DIRECTION('',(-1.E0,0.E0,0.E0));
#20637=AXIS2_PLACEMENT_3D('',#20634,#20635,#20636);
#20638=PLANE('',#20637);
#20639=ORIENTED_EDGE('',*,*,#20577,.F.);
#20640=ORIENTED_EDGE('',*,*,#20507,.F.);
#20641=ORIENTED_EDGE('',*,*,#20525,.F.);
#20643=ORIENTED_EDGE('',*,*,#20642,.T.);
#20645=ORIENTED_EDGE('',*,*,#20644,.T.);
#20646=ORIENTED_EDGE('',*,*,#20626,.F.);
#20647=EDGE_LOOP('',(#20639,#20640,#20641,#20643,#20645,#20646));
#20648=FACE_OUTER_BOUND('',#20647,.F.);
#20650=CARTESIAN_POINT('',(-2.325E0,0.E0,-2.5E0));
#20651=DIRECTION('',(-1.E0,0.E0,0.E0));
#20652=DIRECTION('',(0.E0,0.E0,1.E0));
#20653=AXIS2_PLACEMENT_3D('',#20650,#20651,#20652);
#20654=PLANE('',#20653);
#20655=ORIENTED_EDGE('',*,*,#20567,.F.);
#20657=ORIENTED_EDGE('',*,*,#20656,.T.);
#20659=ORIENTED_EDGE('',*,*,#20658,.T.);
#20660=ORIENTED_EDGE('',*,*,#20642,.F.);
#20661=ORIENTED_EDGE('',*,*,#20523,.F.);
#20662=ORIENTED_EDGE('',*,*,#20549,.T.);
#20663=EDGE_LOOP('',(#20655,#20657,#20659,#20660,#20661,#20662));
#20664=FACE_OUTER_BOUND('',#20663,.F.);
#20666=CARTESIAN_POINT('',(-2.125E0,0.E0,-2.5E0));
#20667=DIRECTION('',(0.E0,0.E0,-1.E0));
#20668=DIRECTION('',(-1.E0,0.E0,0.E0));
#20669=AXIS2_PLACEMENT_3D('',#20666,#20667,#20668);
#20670=PLANE('',#20669);
#20671=ORIENTED_EDGE('',*,*,#20565,.F.);
#20672=ORIENTED_EDGE('',*,*,#20599,.T.);
#20674=ORIENTED_EDGE('',*,*,#20673,.T.);
#20675=ORIENTED_EDGE('',*,*,#20656,.F.);
#20676=EDGE_LOOP('',(#20671,#20672,#20674,#20675));
#20677=FACE_OUTER_BOUND('',#20676,.F.);
#20679=CARTESIAN_POINT('',(0.E0,2.E-1,0.E0));
#20680=DIRECTION('',(0.E0,1.E0,0.E0));
#20681=DIRECTION('',(1.E0,0.E0,0.E0));
#20682=AXIS2_PLACEMENT_3D('',#20679,#20680,#20681);
#20683=PLANE('',#20682);
#20684=ORIENTED_EDGE('',*,*,#20673,.F.);
#20685=ORIENTED_EDGE('',*,*,#20597,.F.);
#20686=ORIENTED_EDGE('',*,*,#20612,.F.);
#20687=ORIENTED_EDGE('',*,*,#20628,.F.);
#20688=ORIENTED_EDGE('',*,*,#20644,.F.);
#20689=ORIENTED_EDGE('',*,*,#20658,.F.);
#20690=EDGE_LOOP('',(#20684,#20685,#20686,#20687,#20688,#20689));
#20691=FACE_OUTER_BOUND('',#20690,.F.);
#20693=CLOSED_SHELL('',(#20515,#20534,#20556,#20571,#20586,#20603,#20619,#20633,
#20649,#20665,#20678,#20692));
#20694=MANIFOLD_SOLID_BREP('',#20693);
#20695=FILL_AREA_STYLE_COLOUR('',#18);
#20696=FILL_AREA_STYLE('',(#20695));
#20697=SURFACE_STYLE_FILL_AREA(#20696);
#20698=SURFACE_SIDE_STYLE('',(#20697));
#20699=SURFACE_STYLE_USAGE(.POSITIVE.,#20698);
#20700=PRESENTATION_STYLE_ASSIGNMENT((#20699));
#20249=STYLED_ITEM('',(#20700),#20694);
#20702=DIRECTION('',(0.E0,0.E0,1.E0));
#20703=VECTOR('',#20702,2.E-1);
#20704=CARTESIAN_POINT('',(2.45E0,1.E-1,-2.325E0));
#20705=LINE('',#20704,#20703);
#20706=CURVE_STYLE('',#32,POSITIVE_LENGTH_MEASURE(2.E-2),#18);
#20707=PRESENTATION_STYLE_ASSIGNMENT((#20706));
#20708=STYLED_ITEM('',(#20707),#20705);
#20709=DIRECTION('',(1.E0,0.E0,0.E0));
#20710=VECTOR('',#20709,2.E-1);
#20711=CARTESIAN_POINT('',(2.125E0,1.E-1,-2.45E0));
#20712=LINE('',#20711,#20710);
#20713=CURVE_STYLE('',#32,POSITIVE_LENGTH_MEASURE(2.E-2),#18);
#20714=PRESENTATION_STYLE_ASSIGNMENT((#20713));
#20715=STYLED_ITEM('',(#20714),#20712);
#20716=DIRECTION('',(-1.E0,0.E0,0.E0));
#20717=VECTOR('',#20716,5.E-2);
#20718=CARTESIAN_POINT('',(2.5E0,1.E-1,-2.125E0));
#20719=LINE('',#20718,#20717);
#20720=CURVE_STYLE('',#32,POSITIVE_LENGTH_MEASURE(2.E-2),#18);
#20721=PRESENTATION_STYLE_ASSIGNMENT((#20720));
#20722=STYLED_ITEM('',(#20721),#20719);
#20723=DIRECTION('',(0.E0,1.E0,0.E0));
#20724=VECTOR('',#20723,1.E-1);
#20725=CARTESIAN_POINT('',(2.45E0,0.E0,-2.125E0));
#20726=LINE('',#20725,#20724);
#20727=CURVE_STYLE('',#32,POSITIVE_LENGTH_MEASURE(2.E-2),#18);
#20728=PRESENTATION_STYLE_ASSIGNMENT((#20727));
#20729=STYLED_ITEM('',(#20728),#20726);
#20730=DIRECTION('',(0.E0,1.E0,0.E0));
#20731=VECTOR('',#20730,1.E-1);
#20732=CARTESIAN_POINT('',(2.5E0,1.E-1,-2.125E0));
#20733=LINE('',#20732,#20731);
#20734=CURVE_STYLE('',#32,POSITIVE_LENGTH_MEASURE(2.E-2),#18);
#20735=PRESENTATION_STYLE_ASSIGNMENT((#20734));
#20736=STYLED_ITEM('',(#20735),#20733);
#20737=DIRECTION('',(1.E0,0.E0,0.E0));
#20738=VECTOR('',#20737,2.E-1);
#20739=CARTESIAN_POINT('',(2.125E0,0.E0,-2.45E0));
#20740=LINE('',#20739,#20738);
#20741=CURVE_STYLE('',#32,POSITIVE_LENGTH_MEASURE(2.E-2),#18);
#20742=PRESENTATION_STYLE_ASSIGNMENT((#20741));
#20743=STYLED_ITEM('',(#20742),#20740);
#20744=DIRECTION('',(0.E0,0.E0,-1.E0));
#20745=VECTOR('',#20744,3.25E-1);
#20746=CARTESIAN_POINT('',(2.125E0,0.E0,-2.125E0));
#20747=LINE('',#20746,#20745);
#20748=CURVE_STYLE('',#32,POSITIVE_LENGTH_MEASURE(2.E-2),#18);
#20749=PRESENTATION_STYLE_ASSIGNMENT((#20748));
#20750=STYLED_ITEM('',(#20749),#20747);
#20751=DIRECTION('',(-1.E0,0.E0,0.E0));
#20752=VECTOR('',#20751,3.25E-1);
#20753=CARTESIAN_POINT('',(2.45E0,0.E0,-2.125E0));
#20754=LINE('',#20753,#20752);
#20755=CURVE_STYLE('',#32,POSITIVE_LENGTH_MEASURE(2.E-2),#18);
#20756=PRESENTATION_STYLE_ASSIGNMENT((#20755));
#20757=STYLED_ITEM('',(#20756),#20754);
#20758=DIRECTION('',(0.E0,0.E0,-1.E0));
#20759=VECTOR('',#20758,2.E-1);
#20760=CARTESIAN_POINT('',(2.45E0,0.E0,-2.125E0));
#20761=LINE('',#20760,#20759);
#20762=CURVE_STYLE('',#32,POSITIVE_LENGTH_MEASURE(2.E-2),#18);
#20763=PRESENTATION_STYLE_ASSIGNMENT((#20762));
#20764=STYLED_ITEM('',(#20763),#20761);
#20765=DIRECTION('',(1.E0,0.E0,0.E0));
#20766=VECTOR('',#20765,1.25E-1);
#20767=CARTESIAN_POINT('',(2.325E0,0.E0,-2.325E0));
#20768=LINE('',#20767,#20766);
#20769=CURVE_STYLE('',#32,POSITIVE_LENGTH_MEASURE(2.E-2),#18);
#20770=PRESENTATION_STYLE_ASSIGNMENT((#20769));
#20771=STYLED_ITEM('',(#20770),#20768);
#20772=DIRECTION('',(0.E0,0.E0,1.E0));
#20773=VECTOR('',#20772,1.25E-1);
#20774=CARTESIAN_POINT('',(2.325E0,0.E0,-2.45E0));
#20775=LINE('',#20774,#20773);
#20776=CURVE_STYLE('',#32,POSITIVE_LENGTH_MEASURE(2.E-2),#18);
#20777=PRESENTATION_STYLE_ASSIGNMENT((#20776));
#20778=STYLED_ITEM('',(#20777),#20775);
#20779=DIRECTION('',(0.E0,0.E0,1.E0));
#20780=VECTOR('',#20779,5.E-2);
#20781=CARTESIAN_POINT('',(2.325E0,1.E-1,-2.5E0));
#20782=LINE('',#20781,#20780);
#20783=CURVE_STYLE('',#32,POSITIVE_LENGTH_MEASURE(2.E-2),#18);
#20784=PRESENTATION_STYLE_ASSIGNMENT((#20783));
#20785=STYLED_ITEM('',(#20784),#20782);
#20786=DIRECTION('',(0.E0,1.E0,0.E0));
#20787=VECTOR('',#20786,1.E-1);
#20788=CARTESIAN_POINT('',(2.325E0,0.E0,-2.45E0));
#20789=LINE('',#20788,#20787);
#20790=CURVE_STYLE('',#32,POSITIVE_LENGTH_MEASURE(2.E-2),#18);
#20791=PRESENTATION_STYLE_ASSIGNMENT((#20790));
#20792=STYLED_ITEM('',(#20791),#20789);
#20793=DIRECTION('',(0.E0,1.E0,0.E0));
#20794=VECTOR('',#20793,1.E-1);
#20795=CARTESIAN_POINT('',(2.325E0,1.E-1,-2.5E0));
#20796=LINE('',#20795,#20794);
#20797=CURVE_STYLE('',#32,POSITIVE_LENGTH_MEASURE(2.E-2),#18);
#20798=PRESENTATION_STYLE_ASSIGNMENT((#20797));
#20799=STYLED_ITEM('',(#20798),#20796);
#20800=DIRECTION('',(1.E0,0.E0,0.E0));
#20801=VECTOR('',#20800,5.E-2);
#20802=CARTESIAN_POINT('',(2.45E0,1.E-1,-2.325E0));
#20803=LINE('',#20802,#20801);
#20804=CURVE_STYLE('',#32,POSITIVE_LENGTH_MEASURE(2.E-2),#18);
#20805=PRESENTATION_STYLE_ASSIGNMENT((#20804));
#20806=STYLED_ITEM('',(#20805),#20803);
#20807=DIRECTION('',(0.E0,1.E0,0.E0));
#20808=VECTOR('',#20807,2.E-1);
#20809=CARTESIAN_POINT('',(2.325E0,0.E0,-2.325E0));
#20810=LINE('',#20809,#20808);
#20811=CURVE_STYLE('',#32,POSITIVE_LENGTH_MEASURE(2.E-2),#18);
#20812=PRESENTATION_STYLE_ASSIGNMENT((#20811));
#20813=STYLED_ITEM('',(#20812),#20810);
#20814=DIRECTION('',(0.E0,1.E0,0.E0));
#20815=VECTOR('',#20814,1.E-1);
#20816=CARTESIAN_POINT('',(2.45E0,0.E0,-2.325E0));
#20817=LINE('',#20816,#20815);
#20818=CURVE_STYLE('',#32,POSITIVE_LENGTH_MEASURE(2.E-2),#18);
#20819=PRESENTATION_STYLE_ASSIGNMENT((#20818));
#20820=STYLED_ITEM('',(#20819),#20817);
#20821=DIRECTION('',(0.E0,0.E0,1.E0));
#20822=VECTOR('',#20821,2.E-1);
#20823=CARTESIAN_POINT('',(2.5E0,1.E-1,-2.325E0));
#20824=LINE('',#20823,#20822);
#20825=CURVE_STYLE('',#32,POSITIVE_LENGTH_MEASURE(2.E-2),#18);
#20826=PRESENTATION_STYLE_ASSIGNMENT((#20825));
#20827=STYLED_ITEM('',(#20826),#20824);
#20828=DIRECTION('',(0.E0,1.E0,0.E0));
#20829=VECTOR('',#20828,1.E-1);
#20830=CARTESIAN_POINT('',(2.5E0,1.E-1,-2.325E0));
#20831=LINE('',#20830,#20829);
#20832=CURVE_STYLE('',#32,POSITIVE_LENGTH_MEASURE(2.E-2),#18);
#20833=PRESENTATION_STYLE_ASSIGNMENT((#20832));
#20834=STYLED_ITEM('',(#20833),#20831);
#20835=DIRECTION('',(1.E0,0.E0,0.E0));
#20836=VECTOR('',#20835,2.E-1);
#20837=CARTESIAN_POINT('',(2.125E0,2.E-1,-2.5E0));
#20838=LINE('',#20837,#20836);
#20839=CURVE_STYLE('',#32,POSITIVE_LENGTH_MEASURE(2.E-2),#18);
#20840=PRESENTATION_STYLE_ASSIGNMENT((#20839));
#20841=STYLED_ITEM('',(#20840),#20838);
#20842=DIRECTION('',(0.E0,0.E0,1.E0));
#20843=VECTOR('',#20842,1.75E-1);
#20844=CARTESIAN_POINT('',(2.325E0,2.E-1,-2.5E0));
#20845=LINE('',#20844,#20843);
#20846=CURVE_STYLE('',#32,POSITIVE_LENGTH_MEASURE(2.E-2),#18);
#20847=PRESENTATION_STYLE_ASSIGNMENT((#20846));
#20848=STYLED_ITEM('',(#20847),#20845);
#20849=DIRECTION('',(1.E0,0.E0,0.E0));
#20850=VECTOR('',#20849,1.75E-1);
#20851=CARTESIAN_POINT('',(2.325E0,2.E-1,-2.325E0));
#20852=LINE('',#20851,#20850);
#20853=CURVE_STYLE('',#32,POSITIVE_LENGTH_MEASURE(2.E-2),#18);
#20854=PRESENTATION_STYLE_ASSIGNMENT((#20853));
#20855=STYLED_ITEM('',(#20854),#20852);
#20856=DIRECTION('',(0.E0,0.E0,1.E0));
#20857=VECTOR('',#20856,2.E-1);
#20858=CARTESIAN_POINT('',(2.5E0,2.E-1,-2.325E0));
#20859=LINE('',#20858,#20857);
#20860=CURVE_STYLE('',#32,POSITIVE_LENGTH_MEASURE(2.E-2),#18);
#20861=PRESENTATION_STYLE_ASSIGNMENT((#20860));
#20862=STYLED_ITEM('',(#20861),#20859);
#20863=DIRECTION('',(-1.E0,0.E0,0.E0));
#20864=VECTOR('',#20863,3.75E-1);
#20865=CARTESIAN_POINT('',(2.5E0,2.E-1,-2.125E0));
#20866=LINE('',#20865,#20864);
#20867=CURVE_STYLE('',#32,POSITIVE_LENGTH_MEASURE(2.E-2),#18);
#20868=PRESENTATION_STYLE_ASSIGNMENT((#20867));
#20869=STYLED_ITEM('',(#20868),#20866);
#20870=DIRECTION('',(0.E0,0.E0,-1.E0));
#20871=VECTOR('',#20870,3.75E-1);
#20872=CARTESIAN_POINT('',(2.125E0,2.E-1,-2.125E0));
#20873=LINE('',#20872,#20871);
#20874=CURVE_STYLE('',#32,POSITIVE_LENGTH_MEASURE(2.E-2),#18);
#20875=PRESENTATION_STYLE_ASSIGNMENT((#20874));
#20876=STYLED_ITEM('',(#20875),#20873);
#20877=DIRECTION('',(1.E0,0.E0,0.E0));
#20878=VECTOR('',#20877,2.E-1);
#20879=CARTESIAN_POINT('',(2.125E0,1.E-1,-2.5E0));
#20880=LINE('',#20879,#20878);
#20881=CURVE_STYLE('',#32,POSITIVE_LENGTH_MEASURE(2.E-2),#18);
#20882=PRESENTATION_STYLE_ASSIGNMENT((#20881));
#20883=STYLED_ITEM('',(#20882),#20880);
#20884=DIRECTION('',(0.E0,1.E0,0.E0));
#20885=VECTOR('',#20884,1.E-1);
#20886=CARTESIAN_POINT('',(2.125E0,1.E-1,-2.5E0));
#20887=LINE('',#20886,#20885);
#20888=CURVE_STYLE('',#32,POSITIVE_LENGTH_MEASURE(2.E-2),#18);
#20889=PRESENTATION_STYLE_ASSIGNMENT((#20888));
#20890=STYLED_ITEM('',(#20889),#20887);
#20891=DIRECTION('',(0.E0,0.E0,-1.E0));
#20892=VECTOR('',#20891,5.E-2);
#20893=CARTESIAN_POINT('',(2.125E0,1.E-1,-2.45E0));
#20894=LINE('',#20893,#20892);
#20895=CURVE_STYLE('',#32,POSITIVE_LENGTH_MEASURE(2.E-2),#18);
#20896=PRESENTATION_STYLE_ASSIGNMENT((#20895));
#20897=STYLED_ITEM('',(#20896),#20894);
#20898=DIRECTION('',(0.E0,1.E0,0.E0));
#20899=VECTOR('',#20898,2.E-1);
#20900=CARTESIAN_POINT('',(2.125E0,0.E0,-2.125E0));
#20901=LINE('',#20900,#20899);
#20902=CURVE_STYLE('',#32,POSITIVE_LENGTH_MEASURE(2.E-2),#18);
#20903=PRESENTATION_STYLE_ASSIGNMENT((#20902));
#20904=STYLED_ITEM('',(#20903),#20901);
#20905=DIRECTION('',(0.E0,1.E0,0.E0));
#20906=VECTOR('',#20905,1.E-1);
#20907=CARTESIAN_POINT('',(2.125E0,0.E0,-2.45E0));
#20908=LINE('',#20907,#20906);
#20909=CURVE_STYLE('',#32,POSITIVE_LENGTH_MEASURE(2.E-2),#18);
#20910=PRESENTATION_STYLE_ASSIGNMENT((#20909));
#20911=STYLED_ITEM('',(#20910),#20908);
#20912=CARTESIAN_POINT('',(2.125E0,2.E-1,-2.5E0));
#20913=CARTESIAN_POINT('',(2.325E0,2.E-1,-2.5E0));
#20914=VERTEX_POINT('',#20912);
#20915=VERTEX_POINT('',#20913);
#20916=CARTESIAN_POINT('',(2.325E0,2.E-1,-2.325E0));
#20917=VERTEX_POINT('',#20916);
#20918=CARTESIAN_POINT('',(2.5E0,2.E-1,-2.325E0));
#20919=VERTEX_POINT('',#20918);
#20920=CARTESIAN_POINT('',(2.5E0,2.E-1,-2.125E0));
#20921=VERTEX_POINT('',#20920);
#20922=CARTESIAN_POINT('',(2.125E0,2.E-1,-2.125E0));
#20923=VERTEX_POINT('',#20922);
#20924=CARTESIAN_POINT('',(2.325E0,0.E0,-2.325E0));
#20925=VERTEX_POINT('',#20924);
#20926=CARTESIAN_POINT('',(2.125E0,0.E0,-2.125E0));
#20927=VERTEX_POINT('',#20926);
#20928=CARTESIAN_POINT('',(2.45E0,1.E-1,-2.325E0));
#20929=CARTESIAN_POINT('',(2.45E0,1.E-1,-2.125E0));
#20930=VERTEX_POINT('',#20928);
#20931=VERTEX_POINT('',#20929);
#20932=CARTESIAN_POINT('',(2.125E0,0.E0,-2.45E0));
#20933=CARTESIAN_POINT('',(2.325E0,0.E0,-2.45E0));
#20934=VERTEX_POINT('',#20932);
#20935=VERTEX_POINT('',#20933);
#20936=CARTESIAN_POINT('',(2.45E0,0.E0,-2.125E0));
#20937=CARTESIAN_POINT('',(2.45E0,0.E0,-2.325E0));
#20938=VERTEX_POINT('',#20936);
#20939=VERTEX_POINT('',#20937);
#20940=CARTESIAN_POINT('',(2.125E0,1.E-1,-2.5E0));
#20941=CARTESIAN_POINT('',(2.325E0,1.E-1,-2.5E0));
#20942=VERTEX_POINT('',#20940);
#20943=VERTEX_POINT('',#20941);
#20944=CARTESIAN_POINT('',(2.325E0,1.E-1,-2.45E0));
#20945=VERTEX_POINT('',#20944);
#20946=CARTESIAN_POINT('',(2.5E0,1.E-1,-2.325E0));
#20947=VERTEX_POINT('',#20946);
#20948=CARTESIAN_POINT('',(2.5E0,1.E-1,-2.125E0));
#20949=VERTEX_POINT('',#20948);
#20950=CARTESIAN_POINT('',(2.125E0,1.E-1,-2.45E0));
#20951=VERTEX_POINT('',#20950);
#20952=CARTESIAN_POINT('',(2.45E0,0.E0,-2.45E0));
#20953=DIRECTION('',(-1.E0,0.E0,0.E0));
#20954=DIRECTION('',(0.E0,0.E0,1.E0));
#20955=AXIS2_PLACEMENT_3D('',#20952,#20953,#20954);
#20956=PLANE('',#20955);
#20958=ORIENTED_EDGE('',*,*,#20957,.F.);
#20960=ORIENTED_EDGE('',*,*,#20959,.F.);
#20962=ORIENTED_EDGE('',*,*,#20961,.F.);
#20964=ORIENTED_EDGE('',*,*,#20963,.T.);
#20965=EDGE_LOOP('',(#20958,#20960,#20962,#20964));
#20966=FACE_OUTER_BOUND('',#20965,.F.);
#20968=CARTESIAN_POINT('',(0.E0,1.E-1,0.E0));
#20969=DIRECTION('',(0.E0,1.E0,0.E0));
#20970=DIRECTION('',(1.E0,0.E0,0.E0));
#20971=AXIS2_PLACEMENT_3D('',#20968,#20969,#20970);
#20972=PLANE('',#20971);
#20973=ORIENTED_EDGE('',*,*,#20957,.T.);
#20975=ORIENTED_EDGE('',*,*,#20974,.F.);
#20977=ORIENTED_EDGE('',*,*,#20976,.F.);
#20979=ORIENTED_EDGE('',*,*,#20978,.F.);
#20980=EDGE_LOOP('',(#20973,#20975,#20977,#20979));
#20981=FACE_OUTER_BOUND('',#20980,.F.);
#20983=CARTESIAN_POINT('',(0.E0,1.E-1,0.E0));
#20984=DIRECTION('',(0.E0,1.E0,0.E0));
#20985=DIRECTION('',(1.E0,0.E0,0.E0));
#20986=AXIS2_PLACEMENT_3D('',#20983,#20984,#20985);
#20987=PLANE('',#20986);
#20989=ORIENTED_EDGE('',*,*,#20988,.F.);
#20991=ORIENTED_EDGE('',*,*,#20990,.F.);
#20993=ORIENTED_EDGE('',*,*,#20992,.T.);
#20995=ORIENTED_EDGE('',*,*,#20994,.F.);
#20996=EDGE_LOOP('',(#20989,#20991,#20993,#20995));
#20997=FACE_OUTER_BOUND('',#20996,.F.);
#20999=CARTESIAN_POINT('',(2.5E0,0.E0,-2.125E0));
#21000=DIRECTION('',(0.E0,0.E0,-1.E0));
#21001=DIRECTION('',(-1.E0,0.E0,0.E0));
#21002=AXIS2_PLACEMENT_3D('',#20999,#21000,#21001);
#21003=PLANE('',#21002);
#21004=ORIENTED_EDGE('',*,*,#20974,.T.);
#21005=ORIENTED_EDGE('',*,*,#20963,.F.);
#21007=ORIENTED_EDGE('',*,*,#21006,.T.);
#21009=ORIENTED_EDGE('',*,*,#21008,.T.);
#21011=ORIENTED_EDGE('',*,*,#21010,.F.);
#21013=ORIENTED_EDGE('',*,*,#21012,.F.);
#21014=EDGE_LOOP('',(#21004,#21005,#21007,#21009,#21011,#21013));
#21015=FACE_OUTER_BOUND('',#21014,.F.);
#21017=CARTESIAN_POINT('',(0.E0,0.E0,0.E0));
#21018=DIRECTION('',(0.E0,-1.E0,0.E0));
#21019=DIRECTION('',(-1.E0,0.E0,0.E0));
#21020=AXIS2_PLACEMENT_3D('',#21017,#21018,#21019);
#21021=PLANE('',#21020);
#21023=ORIENTED_EDGE('',*,*,#21022,.F.);
#21025=ORIENTED_EDGE('',*,*,#21024,.F.);
#21026=ORIENTED_EDGE('',*,*,#21006,.F.);
#21027=ORIENTED_EDGE('',*,*,#20961,.T.);
#21029=ORIENTED_EDGE('',*,*,#21028,.F.);
#21031=ORIENTED_EDGE('',*,*,#21030,.F.);
#21032=EDGE_LOOP('',(#21023,#21025,#21026,#21027,#21029,#21031));
#21033=FACE_OUTER_BOUND('',#21032,.F.);
#21035=FILL_AREA_STYLE_COLOUR('',#26);
#21036=FILL_AREA_STYLE('',(#21035));
#21037=SURFACE_STYLE_FILL_AREA(#21036);
#21038=SURFACE_SIDE_STYLE('',(#21037));
#21039=SURFACE_STYLE_USAGE(.POSITIVE.,#21038);
#21040=PRESENTATION_STYLE_ASSIGNMENT((#21039));
#21041=OVER_RIDING_STYLED_ITEM('',(#21040),#21034,#20701);
#21042=CARTESIAN_POINT('',(-2.45E0,0.E0,-2.45E0));
#21043=DIRECTION('',(0.E0,0.E0,1.E0));
#21044=DIRECTION('',(1.E0,0.E0,0.E0));
#21045=AXIS2_PLACEMENT_3D('',#21042,#21043,#21044);
#21046=PLANE('',#21045);
#21047=ORIENTED_EDGE('',*,*,#21022,.T.);
#21049=ORIENTED_EDGE('',*,*,#21048,.T.);
#21050=ORIENTED_EDGE('',*,*,#20992,.F.);
#21052=ORIENTED_EDGE('',*,*,#21051,.F.);
#21053=EDGE_LOOP('',(#21047,#21049,#21050,#21052));
#21054=FACE_OUTER_BOUND('',#21053,.F.);
#21056=CARTESIAN_POINT('',(2.325E0,0.E0,-2.5E0));
#21057=DIRECTION('',(-1.E0,0.E0,0.E0));
#21058=DIRECTION('',(0.E0,0.E0,1.E0));
#21059=AXIS2_PLACEMENT_3D('',#21056,#21057,#21058);
#21060=PLANE('',#21059);
#21061=ORIENTED_EDGE('',*,*,#20994,.T.);
#21062=ORIENTED_EDGE('',*,*,#21048,.F.);
#21063=ORIENTED_EDGE('',*,*,#21030,.T.);
#21065=ORIENTED_EDGE('',*,*,#21064,.T.);
#21067=ORIENTED_EDGE('',*,*,#21066,.F.);
#21069=ORIENTED_EDGE('',*,*,#21068,.F.);
#21070=EDGE_LOOP('',(#21061,#21062,#21063,#21065,#21067,#21069));
#21071=FACE_OUTER_BOUND('',#21070,.F.);
#21073=CARTESIAN_POINT('',(2.325E0,0.E0,-2.325E0));
#21074=DIRECTION('',(0.E0,0.E0,1.E0));
#21075=DIRECTION('',(1.E0,0.E0,0.E0));
#21076=AXIS2_PLACEMENT_3D('',#21073,#21074,#21075);
#21077=PLANE('',#21076);
#21078=ORIENTED_EDGE('',*,*,#20978,.T.);
#21080=ORIENTED_EDGE('',*,*,#21079,.T.);
#21082=ORIENTED_EDGE('',*,*,#21081,.F.);
#21083=ORIENTED_EDGE('',*,*,#21064,.F.);
#21084=ORIENTED_EDGE('',*,*,#21028,.T.);
#21085=ORIENTED_EDGE('',*,*,#20959,.T.);
#21086=EDGE_LOOP('',(#21078,#21080,#21082,#21083,#21084,#21085));
#21087=FACE_OUTER_BOUND('',#21086,.F.);
#21089=CARTESIAN_POINT('',(2.5E0,0.E0,-2.325E0));
#21090=DIRECTION('',(-1.E0,0.E0,0.E0));
#21091=DIRECTION('',(0.E0,0.E0,1.E0));
#21092=AXIS2_PLACEMENT_3D('',#21089,#21090,#21091);
#21093=PLANE('',#21092);
#21094=ORIENTED_EDGE('',*,*,#20976,.T.);
#21095=ORIENTED_EDGE('',*,*,#21012,.T.);
#21097=ORIENTED_EDGE('',*,*,#21096,.F.);
#21098=ORIENTED_EDGE('',*,*,#21079,.F.);
#21099=EDGE_LOOP('',(#21094,#21095,#21097,#21098));
#21100=FACE_OUTER_BOUND('',#21099,.F.);
#21102=CARTESIAN_POINT('',(0.E0,2.E-1,0.E0));
#21103=DIRECTION('',(0.E0,-1.E0,0.E0));
#21104=DIRECTION('',(-1.E0,0.E0,0.E0));
#21105=AXIS2_PLACEMENT_3D('',#21102,#21103,#21104);
#21106=PLANE('',#21105);
#21108=ORIENTED_EDGE('',*,*,#21107,.T.);
#21109=ORIENTED_EDGE('',*,*,#21066,.T.);
#21110=ORIENTED_EDGE('',*,*,#21081,.T.);
#21111=ORIENTED_EDGE('',*,*,#21096,.T.);
#21112=ORIENTED_EDGE('',*,*,#21010,.T.);
#21114=ORIENTED_EDGE('',*,*,#21113,.T.);
#21115=EDGE_LOOP('',(#21108,#21109,#21110,#21111,#21112,#21114));
#21116=FACE_OUTER_BOUND('',#21115,.F.);
#21118=CARTESIAN_POINT('',(2.125E0,0.E0,-2.5E0));
#21119=DIRECTION('',(0.E0,0.E0,1.E0));
#21120=DIRECTION('',(1.E0,0.E0,0.E0));
#21121=AXIS2_PLACEMENT_3D('',#21118,#21119,#21120);
#21122=PLANE('',#21121);
#21123=ORIENTED_EDGE('',*,*,#20988,.T.);
#21124=ORIENTED_EDGE('',*,*,#21068,.T.);
#21125=ORIENTED_EDGE('',*,*,#21107,.F.);
#21127=ORIENTED_EDGE('',*,*,#21126,.F.);
#21128=EDGE_LOOP('',(#21123,#21124,#21125,#21127));
#21129=FACE_OUTER_BOUND('',#21128,.F.);
#21131=CARTESIAN_POINT('',(2.125E0,0.E0,-2.125E0));
#21132=DIRECTION('',(1.E0,0.E0,0.E0));
#21133=DIRECTION('',(0.E0,0.E0,-1.E0));
#21134=AXIS2_PLACEMENT_3D('',#21131,#21132,#21133);
#21135=PLANE('',#21134);
#21136=ORIENTED_EDGE('',*,*,#20990,.T.);
#21137=ORIENTED_EDGE('',*,*,#21126,.T.);
#21138=ORIENTED_EDGE('',*,*,#21113,.F.);
#21139=ORIENTED_EDGE('',*,*,#21008,.F.);
#21140=ORIENTED_EDGE('',*,*,#21024,.T.);
#21141=ORIENTED_EDGE('',*,*,#21051,.T.);
#21142=EDGE_LOOP('',(#21136,#21137,#21138,#21139,#21140,#21141));
#21143=FACE_OUTER_BOUND('',#21142,.F.);
#21145=CLOSED_SHELL('',(#20967,#20982,#20998,#21016,#21034,#21055,#21072,#21088,
#21101,#21117,#21130,#21144));
#21146=MANIFOLD_SOLID_BREP('',#21145);
#21147=FILL_AREA_STYLE_COLOUR('',#18);
#21148=FILL_AREA_STYLE('',(#21147));
#21149=SURFACE_STYLE_FILL_AREA(#21148);
#21150=SURFACE_SIDE_STYLE('',(#21149));
#21151=SURFACE_STYLE_USAGE(.POSITIVE.,#21150);
#21152=PRESENTATION_STYLE_ASSIGNMENT((#21151));
#20701=STYLED_ITEM('',(#21152),#21146);
#21154=DIRECTION('',(0.E0,0.E0,-1.E0));
#21155=VECTOR('',#21154,2.E-1);
#21156=CARTESIAN_POINT('',(-2.45E0,1.E-1,2.325E0));
#21157=LINE('',#21156,#21155);
#21158=CURVE_STYLE('',#32,POSITIVE_LENGTH_MEASURE(2.E-2),#18);
#21159=PRESENTATION_STYLE_ASSIGNMENT((#21158));
#21160=STYLED_ITEM('',(#21159),#21157);
#21161=DIRECTION('',(-1.E0,0.E0,0.E0));
#21162=VECTOR('',#21161,2.E-1);
#21163=CARTESIAN_POINT('',(-2.125E0,1.E-1,2.45E0));
#21164=LINE('',#21163,#21162);
#21165=CURVE_STYLE('',#32,POSITIVE_LENGTH_MEASURE(2.E-2),#18);
#21166=PRESENTATION_STYLE_ASSIGNMENT((#21165));
#21167=STYLED_ITEM('',(#21166),#21164);
#21168=DIRECTION('',(1.E0,0.E0,0.E0));
#21169=VECTOR('',#21168,5.E-2);
#21170=CARTESIAN_POINT('',(-2.5E0,1.E-1,2.125E0));
#21171=LINE('',#21170,#21169);
#21172=CURVE_STYLE('',#32,POSITIVE_LENGTH_MEASURE(2.E-2),#18);
#21173=PRESENTATION_STYLE_ASSIGNMENT((#21172));
#21174=STYLED_ITEM('',(#21173),#21171);
#21175=DIRECTION('',(0.E0,1.E0,0.E0));
#21176=VECTOR('',#21175,1.E-1);
#21177=CARTESIAN_POINT('',(-2.45E0,0.E0,2.125E0));
#21178=LINE('',#21177,#21176);
#21179=CURVE_STYLE('',#32,POSITIVE_LENGTH_MEASURE(2.E-2),#18);
#21180=PRESENTATION_STYLE_ASSIGNMENT((#21179));
#21181=STYLED_ITEM('',(#21180),#21178);
#21182=DIRECTION('',(0.E0,1.E0,0.E0));
#21183=VECTOR('',#21182,1.E-1);
#21184=CARTESIAN_POINT('',(-2.5E0,1.E-1,2.125E0));
#21185=LINE('',#21184,#21183);
#21186=CURVE_STYLE('',#32,POSITIVE_LENGTH_MEASURE(2.E-2),#18);
#21187=PRESENTATION_STYLE_ASSIGNMENT((#21186));
#21188=STYLED_ITEM('',(#21187),#21185);
#21189=DIRECTION('',(-1.E0,0.E0,0.E0));
#21190=VECTOR('',#21189,2.E-1);
#21191=CARTESIAN_POINT('',(-2.125E0,0.E0,2.45E0));
#21192=LINE('',#21191,#21190);
#21193=CURVE_STYLE('',#32,POSITIVE_LENGTH_MEASURE(2.E-2),#18);
#21194=PRESENTATION_STYLE_ASSIGNMENT((#21193));
#21195=STYLED_ITEM('',(#21194),#21192);
#21196=DIRECTION('',(0.E0,0.E0,1.E0));
#21197=VECTOR('',#21196,3.25E-1);
#21198=CARTESIAN_POINT('',(-2.125E0,0.E0,2.125E0));
#21199=LINE('',#21198,#21197);
#21200=CURVE_STYLE('',#32,POSITIVE_LENGTH_MEASURE(2.E-2),#18);
#21201=PRESENTATION_STYLE_ASSIGNMENT((#21200));
#21202=STYLED_ITEM('',(#21201),#21199);
#21203=DIRECTION('',(1.E0,0.E0,0.E0));
#21204=VECTOR('',#21203,3.25E-1);
#21205=CARTESIAN_POINT('',(-2.45E0,0.E0,2.125E0));
#21206=LINE('',#21205,#21204);
#21207=CURVE_STYLE('',#32,POSITIVE_LENGTH_MEASURE(2.E-2),#18);
#21208=PRESENTATION_STYLE_ASSIGNMENT((#21207));
#21209=STYLED_ITEM('',(#21208),#21206);
#21210=DIRECTION('',(0.E0,0.E0,1.E0));
#21211=VECTOR('',#21210,2.E-1);
#21212=CARTESIAN_POINT('',(-2.45E0,0.E0,2.125E0));
#21213=LINE('',#21212,#21211);
#21214=CURVE_STYLE('',#32,POSITIVE_LENGTH_MEASURE(2.E-2),#18);
#21215=PRESENTATION_STYLE_ASSIGNMENT((#21214));
#21216=STYLED_ITEM('',(#21215),#21213);
#21217=DIRECTION('',(-1.E0,0.E0,0.E0));
#21218=VECTOR('',#21217,1.25E-1);
#21219=CARTESIAN_POINT('',(-2.325E0,0.E0,2.325E0));
#21220=LINE('',#21219,#21218);
#21221=CURVE_STYLE('',#32,POSITIVE_LENGTH_MEASURE(2.E-2),#18);
#21222=PRESENTATION_STYLE_ASSIGNMENT((#21221));
#21223=STYLED_ITEM('',(#21222),#21220);
#21224=DIRECTION('',(0.E0,0.E0,-1.E0));
#21225=VECTOR('',#21224,1.25E-1);
#21226=CARTESIAN_POINT('',(-2.325E0,0.E0,2.45E0));
#21227=LINE('',#21226,#21225);
#21228=CURVE_STYLE('',#32,POSITIVE_LENGTH_MEASURE(2.E-2),#18);
#21229=PRESENTATION_STYLE_ASSIGNMENT((#21228));
#21230=STYLED_ITEM('',(#21229),#21227);
#21231=DIRECTION('',(0.E0,0.E0,-1.E0));
#21232=VECTOR('',#21231,5.E-2);
#21233=CARTESIAN_POINT('',(-2.325E0,1.E-1,2.5E0));
#21234=LINE('',#21233,#21232);
#21235=CURVE_STYLE('',#32,POSITIVE_LENGTH_MEASURE(2.E-2),#18);
#21236=PRESENTATION_STYLE_ASSIGNMENT((#21235));
#21237=STYLED_ITEM('',(#21236),#21234);
#21238=DIRECTION('',(0.E0,1.E0,0.E0));
#21239=VECTOR('',#21238,1.E-1);
#21240=CARTESIAN_POINT('',(-2.325E0,0.E0,2.45E0));
#21241=LINE('',#21240,#21239);
#21242=CURVE_STYLE('',#32,POSITIVE_LENGTH_MEASURE(2.E-2),#18);
#21243=PRESENTATION_STYLE_ASSIGNMENT((#21242));
#21244=STYLED_ITEM('',(#21243),#21241);
#21245=DIRECTION('',(0.E0,1.E0,0.E0));
#21246=VECTOR('',#21245,1.E-1);
#21247=CARTESIAN_POINT('',(-2.325E0,1.E-1,2.5E0));
#21248=LINE('',#21247,#21246);
#21249=CURVE_STYLE('',#32,POSITIVE_LENGTH_MEASURE(2.E-2),#18);
#21250=PRESENTATION_STYLE_ASSIGNMENT((#21249));
#21251=STYLED_ITEM('',(#21250),#21248);
#21252=DIRECTION('',(-1.E0,0.E0,0.E0));
#21253=VECTOR('',#21252,5.E-2);
#21254=CARTESIAN_POINT('',(-2.45E0,1.E-1,2.325E0));
#21255=LINE('',#21254,#21253);
#21256=CURVE_STYLE('',#32,POSITIVE_LENGTH_MEASURE(2.E-2),#18);
#21257=PRESENTATION_STYLE_ASSIGNMENT((#21256));
#21258=STYLED_ITEM('',(#21257),#21255);
#21259=DIRECTION('',(0.E0,1.E0,0.E0));
#21260=VECTOR('',#21259,2.E-1);
#21261=CARTESIAN_POINT('',(-2.325E0,0.E0,2.325E0));
#21262=LINE('',#21261,#21260);
#21263=CURVE_STYLE('',#32,POSITIVE_LENGTH_MEASURE(2.E-2),#18);
#21264=PRESENTATION_STYLE_ASSIGNMENT((#21263));
#21265=STYLED_ITEM('',(#21264),#21262);
#21266=DIRECTION('',(0.E0,1.E0,0.E0));
#21267=VECTOR('',#21266,1.E-1);
#21268=CARTESIAN_POINT('',(-2.45E0,0.E0,2.325E0));
#21269=LINE('',#21268,#21267);
#21270=CURVE_STYLE('',#32,POSITIVE_LENGTH_MEASURE(2.E-2),#18);
#21271=PRESENTATION_STYLE_ASSIGNMENT((#21270));
#21272=STYLED_ITEM('',(#21271),#21269);
#21273=DIRECTION('',(0.E0,0.E0,-1.E0));
#21274=VECTOR('',#21273,2.E-1);
#21275=CARTESIAN_POINT('',(-2.5E0,1.E-1,2.325E0));
#21276=LINE('',#21275,#21274);
#21277=CURVE_STYLE('',#32,POSITIVE_LENGTH_MEASURE(2.E-2),#18);
#21278=PRESENTATION_STYLE_ASSIGNMENT((#21277));
#21279=STYLED_ITEM('',(#21278),#21276);
#21280=DIRECTION('',(0.E0,1.E0,0.E0));
#21281=VECTOR('',#21280,1.E-1);
#21282=CARTESIAN_POINT('',(-2.5E0,1.E-1,2.325E0));
#21283=LINE('',#21282,#21281);
#21284=CURVE_STYLE('',#32,POSITIVE_LENGTH_MEASURE(2.E-2),#18);
#21285=PRESENTATION_STYLE_ASSIGNMENT((#21284));
#21286=STYLED_ITEM('',(#21285),#21283);
#21287=DIRECTION('',(-1.E0,0.E0,0.E0));
#21288=VECTOR('',#21287,2.E-1);
#21289=CARTESIAN_POINT('',(-2.125E0,2.E-1,2.5E0));
#21290=LINE('',#21289,#21288);
#21291=CURVE_STYLE('',#32,POSITIVE_LENGTH_MEASURE(2.E-2),#18);
#21292=PRESENTATION_STYLE_ASSIGNMENT((#21291));
#21293=STYLED_ITEM('',(#21292),#21290);
#21294=DIRECTION('',(0.E0,0.E0,-1.E0));
#21295=VECTOR('',#21294,1.75E-1);
#21296=CARTESIAN_POINT('',(-2.325E0,2.E-1,2.5E0));
#21297=LINE('',#21296,#21295);
#21298=CURVE_STYLE('',#32,POSITIVE_LENGTH_MEASURE(2.E-2),#18);
#21299=PRESENTATION_STYLE_ASSIGNMENT((#21298));
#21300=STYLED_ITEM('',(#21299),#21297);
#21301=DIRECTION('',(-1.E0,0.E0,0.E0));
#21302=VECTOR('',#21301,1.75E-1);
#21303=CARTESIAN_POINT('',(-2.325E0,2.E-1,2.325E0));
#21304=LINE('',#21303,#21302);
#21305=CURVE_STYLE('',#32,POSITIVE_LENGTH_MEASURE(2.E-2),#18);
#21306=PRESENTATION_STYLE_ASSIGNMENT((#21305));
#21307=STYLED_ITEM('',(#21306),#21304);
#21308=DIRECTION('',(0.E0,0.E0,-1.E0));
#21309=VECTOR('',#21308,2.E-1);
#21310=CARTESIAN_POINT('',(-2.5E0,2.E-1,2.325E0));
#21311=LINE('',#21310,#21309);
#21312=CURVE_STYLE('',#32,POSITIVE_LENGTH_MEASURE(2.E-2),#18);
#21313=PRESENTATION_STYLE_ASSIGNMENT((#21312));
#21314=STYLED_ITEM('',(#21313),#21311);
#21315=DIRECTION('',(1.E0,0.E0,0.E0));
#21316=VECTOR('',#21315,3.75E-1);
#21317=CARTESIAN_POINT('',(-2.5E0,2.E-1,2.125E0));
#21318=LINE('',#21317,#21316);
#21319=CURVE_STYLE('',#32,POSITIVE_LENGTH_MEASURE(2.E-2),#18);
#21320=PRESENTATION_STYLE_ASSIGNMENT((#21319));
#21321=STYLED_ITEM('',(#21320),#21318);
#21322=DIRECTION('',(0.E0,0.E0,1.E0));
#21323=VECTOR('',#21322,3.75E-1);
#21324=CARTESIAN_POINT('',(-2.125E0,2.E-1,2.125E0));
#21325=LINE('',#21324,#21323);
#21326=CURVE_STYLE('',#32,POSITIVE_LENGTH_MEASURE(2.E-2),#18);
#21327=PRESENTATION_STYLE_ASSIGNMENT((#21326));
#21328=STYLED_ITEM('',(#21327),#21325);
#21329=DIRECTION('',(-1.E0,0.E0,0.E0));
#21330=VECTOR('',#21329,2.E-1);
#21331=CARTESIAN_POINT('',(-2.125E0,1.E-1,2.5E0));
#21332=LINE('',#21331,#21330);
#21333=CURVE_STYLE('',#32,POSITIVE_LENGTH_MEASURE(2.E-2),#18);
#21334=PRESENTATION_STYLE_ASSIGNMENT((#21333));
#21335=STYLED_ITEM('',(#21334),#21332);
#21336=DIRECTION('',(0.E0,1.E0,0.E0));
#21337=VECTOR('',#21336,1.E-1);
#21338=CARTESIAN_POINT('',(-2.125E0,1.E-1,2.5E0));
#21339=LINE('',#21338,#21337);
#21340=CURVE_STYLE('',#32,POSITIVE_LENGTH_MEASURE(2.E-2),#18);
#21341=PRESENTATION_STYLE_ASSIGNMENT((#21340));
#21342=STYLED_ITEM('',(#21341),#21339);
#21343=DIRECTION('',(0.E0,0.E0,1.E0));
#21344=VECTOR('',#21343,5.E-2);
#21345=CARTESIAN_POINT('',(-2.125E0,1.E-1,2.45E0));
#21346=LINE('',#21345,#21344);
#21347=CURVE_STYLE('',#32,POSITIVE_LENGTH_MEASURE(2.E-2),#18);
#21348=PRESENTATION_STYLE_ASSIGNMENT((#21347));
#21349=STYLED_ITEM('',(#21348),#21346);
#21350=DIRECTION('',(0.E0,1.E0,0.E0));
#21351=VECTOR('',#21350,2.E-1);
#21352=CARTESIAN_POINT('',(-2.125E0,0.E0,2.125E0));
#21353=LINE('',#21352,#21351);
#21354=CURVE_STYLE('',#32,POSITIVE_LENGTH_MEASURE(2.E-2),#18);
#21355=PRESENTATION_STYLE_ASSIGNMENT((#21354));
#21356=STYLED_ITEM('',(#21355),#21353);
#21357=DIRECTION('',(0.E0,1.E0,0.E0));
#21358=VECTOR('',#21357,1.E-1);
#21359=CARTESIAN_POINT('',(-2.125E0,0.E0,2.45E0));
#21360=LINE('',#21359,#21358);
#21361=CURVE_STYLE('',#32,POSITIVE_LENGTH_MEASURE(2.E-2),#18);
#21362=PRESENTATION_STYLE_ASSIGNMENT((#21361));
#21363=STYLED_ITEM('',(#21362),#21360);
#21364=CARTESIAN_POINT('',(-2.125E0,2.E-1,2.5E0));
#21365=CARTESIAN_POINT('',(-2.325E0,2.E-1,2.5E0));
#21366=VERTEX_POINT('',#21364);
#21367=VERTEX_POINT('',#21365);
#21368=CARTESIAN_POINT('',(-2.325E0,2.E-1,2.325E0));
#21369=VERTEX_POINT('',#21368);
#21370=CARTESIAN_POINT('',(-2.5E0,2.E-1,2.325E0));
#21371=VERTEX_POINT('',#21370);
#21372=CARTESIAN_POINT('',(-2.5E0,2.E-1,2.125E0));
#21373=VERTEX_POINT('',#21372);
#21374=CARTESIAN_POINT('',(-2.125E0,2.E-1,2.125E0));
#21375=VERTEX_POINT('',#21374);
#21376=CARTESIAN_POINT('',(-2.325E0,0.E0,2.325E0));
#21377=VERTEX_POINT('',#21376);
#21378=CARTESIAN_POINT('',(-2.125E0,0.E0,2.125E0));
#21379=VERTEX_POINT('',#21378);
#21380=CARTESIAN_POINT('',(-2.45E0,1.E-1,2.325E0));
#21381=CARTESIAN_POINT('',(-2.45E0,1.E-1,2.125E0));
#21382=VERTEX_POINT('',#21380);
#21383=VERTEX_POINT('',#21381);
#21384=CARTESIAN_POINT('',(-2.125E0,0.E0,2.45E0));
#21385=CARTESIAN_POINT('',(-2.325E0,0.E0,2.45E0));
#21386=VERTEX_POINT('',#21384);
#21387=VERTEX_POINT('',#21385);
#21388=CARTESIAN_POINT('',(-2.45E0,0.E0,2.125E0));
#21389=CARTESIAN_POINT('',(-2.45E0,0.E0,2.325E0));
#21390=VERTEX_POINT('',#21388);
#21391=VERTEX_POINT('',#21389);
#21392=CARTESIAN_POINT('',(-2.125E0,1.E-1,2.5E0));
#21393=CARTESIAN_POINT('',(-2.325E0,1.E-1,2.5E0));
#21394=VERTEX_POINT('',#21392);
#21395=VERTEX_POINT('',#21393);
#21396=CARTESIAN_POINT('',(-2.325E0,1.E-1,2.45E0));
#21397=VERTEX_POINT('',#21396);
#21398=CARTESIAN_POINT('',(-2.5E0,1.E-1,2.325E0));
#21399=VERTEX_POINT('',#21398);
#21400=CARTESIAN_POINT('',(-2.5E0,1.E-1,2.125E0));
#21401=VERTEX_POINT('',#21400);
#21402=CARTESIAN_POINT('',(-2.125E0,1.E-1,2.45E0));
#21403=VERTEX_POINT('',#21402);
#21404=CARTESIAN_POINT('',(-2.45E0,0.E0,2.45E0));
#21405=DIRECTION('',(1.E0,0.E0,0.E0));
#21406=DIRECTION('',(0.E0,0.E0,-1.E0));
#21407=AXIS2_PLACEMENT_3D('',#21404,#21405,#21406);
#21408=PLANE('',#21407);
#21410=ORIENTED_EDGE('',*,*,#21409,.F.);
#21412=ORIENTED_EDGE('',*,*,#21411,.F.);
#21414=ORIENTED_EDGE('',*,*,#21413,.F.);
#21416=ORIENTED_EDGE('',*,*,#21415,.T.);
#21417=EDGE_LOOP('',(#21410,#21412,#21414,#21416));
#21418=FACE_OUTER_BOUND('',#21417,.F.);
#21420=CARTESIAN_POINT('',(0.E0,1.E-1,0.E0));
#21421=DIRECTION('',(0.E0,1.E0,0.E0));
#21422=DIRECTION('',(1.E0,0.E0,0.E0));
#21423=AXIS2_PLACEMENT_3D('',#21420,#21421,#21422);
#21424=PLANE('',#21423);
#21425=ORIENTED_EDGE('',*,*,#21409,.T.);
#21427=ORIENTED_EDGE('',*,*,#21426,.F.);
#21429=ORIENTED_EDGE('',*,*,#21428,.F.);
#21431=ORIENTED_EDGE('',*,*,#21430,.F.);
#21432=EDGE_LOOP('',(#21425,#21427,#21429,#21431));
#21433=FACE_OUTER_BOUND('',#21432,.F.);
#21435=CARTESIAN_POINT('',(0.E0,1.E-1,0.E0));
#21436=DIRECTION('',(0.E0,1.E0,0.E0));
#21437=DIRECTION('',(1.E0,0.E0,0.E0));
#21438=AXIS2_PLACEMENT_3D('',#21435,#21436,#21437);
#21439=PLANE('',#21438);
#21441=ORIENTED_EDGE('',*,*,#21440,.F.);
#21443=ORIENTED_EDGE('',*,*,#21442,.F.);
#21445=ORIENTED_EDGE('',*,*,#21444,.T.);
#21447=ORIENTED_EDGE('',*,*,#21446,.F.);
#21448=EDGE_LOOP('',(#21441,#21443,#21445,#21447));
#21449=FACE_OUTER_BOUND('',#21448,.F.);
#21451=CARTESIAN_POINT('',(-2.5E0,0.E0,2.125E0));
#21452=DIRECTION('',(0.E0,0.E0,1.E0));
#21453=DIRECTION('',(1.E0,0.E0,0.E0));
#21454=AXIS2_PLACEMENT_3D('',#21451,#21452,#21453);
#21455=PLANE('',#21454);
#21456=ORIENTED_EDGE('',*,*,#21426,.T.);
#21457=ORIENTED_EDGE('',*,*,#21415,.F.);
#21459=ORIENTED_EDGE('',*,*,#21458,.T.);
#21461=ORIENTED_EDGE('',*,*,#21460,.T.);
#21463=ORIENTED_EDGE('',*,*,#21462,.F.);
#21465=ORIENTED_EDGE('',*,*,#21464,.F.);
#21466=EDGE_LOOP('',(#21456,#21457,#21459,#21461,#21463,#21465));
#21467=FACE_OUTER_BOUND('',#21466,.F.);
#21469=CARTESIAN_POINT('',(0.E0,0.E0,0.E0));
#21470=DIRECTION('',(0.E0,-1.E0,0.E0));
#21471=DIRECTION('',(1.E0,0.E0,0.E0));
#21472=AXIS2_PLACEMENT_3D('',#21469,#21470,#21471);
#21473=PLANE('',#21472);
#21475=ORIENTED_EDGE('',*,*,#21474,.F.);
#21477=ORIENTED_EDGE('',*,*,#21476,.F.);
#21478=ORIENTED_EDGE('',*,*,#21458,.F.);
#21479=ORIENTED_EDGE('',*,*,#21413,.T.);
#21481=ORIENTED_EDGE('',*,*,#21480,.F.);
#21483=ORIENTED_EDGE('',*,*,#21482,.F.);
#21484=EDGE_LOOP('',(#21475,#21477,#21478,#21479,#21481,#21483));
#21485=FACE_OUTER_BOUND('',#21484,.F.);
#21487=FILL_AREA_STYLE_COLOUR('',#26);
#21488=FILL_AREA_STYLE('',(#21487));
#21489=SURFACE_STYLE_FILL_AREA(#21488);
#21490=SURFACE_SIDE_STYLE('',(#21489));
#21491=SURFACE_STYLE_USAGE(.POSITIVE.,#21490);
#21492=PRESENTATION_STYLE_ASSIGNMENT((#21491));
#21493=OVER_RIDING_STYLED_ITEM('',(#21492),#21486,#21153);
#21494=CARTESIAN_POINT('',(2.45E0,0.E0,2.45E0));
#21495=DIRECTION('',(0.E0,0.E0,-1.E0));
#21496=DIRECTION('',(-1.E0,0.E0,0.E0));
#21497=AXIS2_PLACEMENT_3D('',#21494,#21495,#21496);
#21498=PLANE('',#21497);
#21499=ORIENTED_EDGE('',*,*,#21474,.T.);
#21501=ORIENTED_EDGE('',*,*,#21500,.T.);
#21502=ORIENTED_EDGE('',*,*,#21444,.F.);
#21504=ORIENTED_EDGE('',*,*,#21503,.F.);
#21505=EDGE_LOOP('',(#21499,#21501,#21502,#21504));
#21506=FACE_OUTER_BOUND('',#21505,.F.);
#21508=CARTESIAN_POINT('',(-2.325E0,0.E0,2.5E0));
#21509=DIRECTION('',(1.E0,0.E0,0.E0));
#21510=DIRECTION('',(0.E0,0.E0,-1.E0));
#21511=AXIS2_PLACEMENT_3D('',#21508,#21509,#21510);
#21512=PLANE('',#21511);
#21513=ORIENTED_EDGE('',*,*,#21446,.T.);
#21514=ORIENTED_EDGE('',*,*,#21500,.F.);
#21515=ORIENTED_EDGE('',*,*,#21482,.T.);
#21517=ORIENTED_EDGE('',*,*,#21516,.T.);
#21519=ORIENTED_EDGE('',*,*,#21518,.F.);
#21521=ORIENTED_EDGE('',*,*,#21520,.F.);
#21522=EDGE_LOOP('',(#21513,#21514,#21515,#21517,#21519,#21521));
#21523=FACE_OUTER_BOUND('',#21522,.F.);
#21525=CARTESIAN_POINT('',(-2.325E0,0.E0,2.325E0));
#21526=DIRECTION('',(0.E0,0.E0,-1.E0));
#21527=DIRECTION('',(-1.E0,0.E0,0.E0));
#21528=AXIS2_PLACEMENT_3D('',#21525,#21526,#21527);
#21529=PLANE('',#21528);
#21530=ORIENTED_EDGE('',*,*,#21430,.T.);
#21532=ORIENTED_EDGE('',*,*,#21531,.T.);
#21534=ORIENTED_EDGE('',*,*,#21533,.F.);
#21535=ORIENTED_EDGE('',*,*,#21516,.F.);
#21536=ORIENTED_EDGE('',*,*,#21480,.T.);
#21537=ORIENTED_EDGE('',*,*,#21411,.T.);
#21538=EDGE_LOOP('',(#21530,#21532,#21534,#21535,#21536,#21537));
#21539=FACE_OUTER_BOUND('',#21538,.F.);
#21541=CARTESIAN_POINT('',(-2.5E0,0.E0,2.325E0));
#21542=DIRECTION('',(1.E0,0.E0,0.E0));
#21543=DIRECTION('',(0.E0,0.E0,-1.E0));
#21544=AXIS2_PLACEMENT_3D('',#21541,#21542,#21543);
#21545=PLANE('',#21544);
#21546=ORIENTED_EDGE('',*,*,#21428,.T.);
#21547=ORIENTED_EDGE('',*,*,#21464,.T.);
#21549=ORIENTED_EDGE('',*,*,#21548,.F.);
#21550=ORIENTED_EDGE('',*,*,#21531,.F.);
#21551=EDGE_LOOP('',(#21546,#21547,#21549,#21550));
#21552=FACE_OUTER_BOUND('',#21551,.F.);
#21554=CARTESIAN_POINT('',(0.E0,2.E-1,0.E0));
#21555=DIRECTION('',(0.E0,-1.E0,0.E0));
#21556=DIRECTION('',(1.E0,0.E0,0.E0));
#21557=AXIS2_PLACEMENT_3D('',#21554,#21555,#21556);
#21558=PLANE('',#21557);
#21560=ORIENTED_EDGE('',*,*,#21559,.T.);
#21561=ORIENTED_EDGE('',*,*,#21518,.T.);
#21562=ORIENTED_EDGE('',*,*,#21533,.T.);
#21563=ORIENTED_EDGE('',*,*,#21548,.T.);
#21564=ORIENTED_EDGE('',*,*,#21462,.T.);
#21566=ORIENTED_EDGE('',*,*,#21565,.T.);
#21567=EDGE_LOOP('',(#21560,#21561,#21562,#21563,#21564,#21566));
#21568=FACE_OUTER_BOUND('',#21567,.F.);
#21570=CARTESIAN_POINT('',(-2.125E0,0.E0,2.5E0));
#21571=DIRECTION('',(0.E0,0.E0,-1.E0));
#21572=DIRECTION('',(-1.E0,0.E0,0.E0));
#21573=AXIS2_PLACEMENT_3D('',#21570,#21571,#21572);
#21574=PLANE('',#21573);
#21575=ORIENTED_EDGE('',*,*,#21440,.T.);
#21576=ORIENTED_EDGE('',*,*,#21520,.T.);
#21577=ORIENTED_EDGE('',*,*,#21559,.F.);
#21579=ORIENTED_EDGE('',*,*,#21578,.F.);
#21580=EDGE_LOOP('',(#21575,#21576,#21577,#21579));
#21581=FACE_OUTER_BOUND('',#21580,.F.);
#21583=CARTESIAN_POINT('',(-2.125E0,0.E0,2.125E0));
#21584=DIRECTION('',(-1.E0,0.E0,0.E0));
#21585=DIRECTION('',(0.E0,0.E0,1.E0));
#21586=AXIS2_PLACEMENT_3D('',#21583,#21584,#21585);
#21587=PLANE('',#21586);
#21588=ORIENTED_EDGE('',*,*,#21442,.T.);
#21589=ORIENTED_EDGE('',*,*,#21578,.T.);
#21590=ORIENTED_EDGE('',*,*,#21565,.F.);
#21591=ORIENTED_EDGE('',*,*,#21460,.F.);
#21592=ORIENTED_EDGE('',*,*,#21476,.T.);
#21593=ORIENTED_EDGE('',*,*,#21503,.T.);
#21594=EDGE_LOOP('',(#21588,#21589,#21590,#21591,#21592,#21593));
#21595=FACE_OUTER_BOUND('',#21594,.F.);
#21597=CLOSED_SHELL('',(#21419,#21434,#21450,#21468,#21486,#21507,#21524,#21540,
#21553,#21569,#21582,#21596));
#21598=MANIFOLD_SOLID_BREP('',#21597);
#21599=FILL_AREA_STYLE_COLOUR('',#18);
#21600=FILL_AREA_STYLE('',(#21599));
#21601=SURFACE_STYLE_FILL_AREA(#21600);
#21602=SURFACE_SIDE_STYLE('',(#21601));
#21603=SURFACE_STYLE_USAGE(.POSITIVE.,#21602);
#21604=PRESENTATION_STYLE_ASSIGNMENT((#21603));
#21153=STYLED_ITEM('',(#21604),#21598);
#21606=DIRECTION('',(-1.E0,0.E0,0.E0));
#21607=VECTOR('',#21606,2.E-1);
#21608=CARTESIAN_POINT('',(2.325E0,1.E-1,2.45E0));
#21609=LINE('',#21608,#21607);
#21610=CURVE_STYLE('',#32,POSITIVE_LENGTH_MEASURE(2.E-2),#18);
#21611=PRESENTATION_STYLE_ASSIGNMENT((#21610));
#21612=STYLED_ITEM('',(#21611),#21609);
#21613=DIRECTION('',(0.E0,0.E0,1.E0));
#21614=VECTOR('',#21613,2.E-1);
#21615=CARTESIAN_POINT('',(2.45E0,1.E-1,2.125E0));
#21616=LINE('',#21615,#21614);
#21617=CURVE_STYLE('',#32,POSITIVE_LENGTH_MEASURE(2.E-2),#18);
#21618=PRESENTATION_STYLE_ASSIGNMENT((#21617));
#21619=STYLED_ITEM('',(#21618),#21616);
#21620=DIRECTION('',(0.E0,0.E0,1.E0));
#21621=VECTOR('',#21620,5.E-2);
#21622=CARTESIAN_POINT('',(2.125E0,1.E-1,2.45E0));
#21623=LINE('',#21622,#21621);
#21624=CURVE_STYLE('',#32,POSITIVE_LENGTH_MEASURE(2.E-2),#18);
#21625=PRESENTATION_STYLE_ASSIGNMENT((#21624));
#21626=STYLED_ITEM('',(#21625),#21623);
#21627=DIRECTION('',(0.E0,1.E0,0.E0));
#21628=VECTOR('',#21627,1.E-1);
#21629=CARTESIAN_POINT('',(2.125E0,0.E0,2.45E0));
#21630=LINE('',#21629,#21628);
#21631=CURVE_STYLE('',#32,POSITIVE_LENGTH_MEASURE(2.E-2),#18);
#21632=PRESENTATION_STYLE_ASSIGNMENT((#21631));
#21633=STYLED_ITEM('',(#21632),#21630);
#21634=DIRECTION('',(0.E0,1.E0,0.E0));
#21635=VECTOR('',#21634,2.E-1);
#21636=CARTESIAN_POINT('',(2.125E0,0.E0,2.125E0));
#21637=LINE('',#21636,#21635);
#21638=CURVE_STYLE('',#32,POSITIVE_LENGTH_MEASURE(2.E-2),#18);
#21639=PRESENTATION_STYLE_ASSIGNMENT((#21638));
#21640=STYLED_ITEM('',(#21639),#21637);
#21641=DIRECTION('',(0.E0,0.E0,1.E0));
#21642=VECTOR('',#21641,2.E-1);
#21643=CARTESIAN_POINT('',(2.45E0,0.E0,2.125E0));
#21644=LINE('',#21643,#21642);
#21645=CURVE_STYLE('',#32,POSITIVE_LENGTH_MEASURE(2.E-2),#18);
#21646=PRESENTATION_STYLE_ASSIGNMENT((#21645));
#21647=STYLED_ITEM('',(#21646),#21644);
#21648=DIRECTION('',(-1.E0,0.E0,0.E0));
#21649=VECTOR('',#21648,3.25E-1);
#21650=CARTESIAN_POINT('',(2.45E0,0.E0,2.125E0));
#21651=LINE('',#21650,#21649);
#21652=CURVE_STYLE('',#32,POSITIVE_LENGTH_MEASURE(2.E-2),#18);
#21653=PRESENTATION_STYLE_ASSIGNMENT((#21652));
#21654=STYLED_ITEM('',(#21653),#21651);
#21655=DIRECTION('',(0.E0,0.E0,1.E0));
#21656=VECTOR('',#21655,3.25E-1);
#21657=CARTESIAN_POINT('',(2.125E0,0.E0,2.125E0));
#21658=LINE('',#21657,#21656);
#21659=CURVE_STYLE('',#32,POSITIVE_LENGTH_MEASURE(2.E-2),#18);
#21660=PRESENTATION_STYLE_ASSIGNMENT((#21659));
#21661=STYLED_ITEM('',(#21660),#21658);
#21662=DIRECTION('',(1.E0,0.E0,0.E0));
#21663=VECTOR('',#21662,2.E-1);
#21664=CARTESIAN_POINT('',(2.125E0,0.E0,2.45E0));
#21665=LINE('',#21664,#21663);
#21666=CURVE_STYLE('',#32,POSITIVE_LENGTH_MEASURE(2.E-2),#18);
#21667=PRESENTATION_STYLE_ASSIGNMENT((#21666));
#21668=STYLED_ITEM('',(#21667),#21665);
#21669=DIRECTION('',(0.E0,0.E0,-1.E0));
#21670=VECTOR('',#21669,1.25E-1);
#21671=CARTESIAN_POINT('',(2.325E0,0.E0,2.45E0));
#21672=LINE('',#21671,#21670);
#21673=CURVE_STYLE('',#32,POSITIVE_LENGTH_MEASURE(2.E-2),#18);
#21674=PRESENTATION_STYLE_ASSIGNMENT((#21673));
#21675=STYLED_ITEM('',(#21674),#21672);
#21676=DIRECTION('',(1.E0,0.E0,0.E0));
#21677=VECTOR('',#21676,1.25E-1);
#21678=CARTESIAN_POINT('',(2.325E0,0.E0,2.325E0));
#21679=LINE('',#21678,#21677);
#21680=CURVE_STYLE('',#32,POSITIVE_LENGTH_MEASURE(2.E-2),#18);
#21681=PRESENTATION_STYLE_ASSIGNMENT((#21680));
#21682=STYLED_ITEM('',(#21681),#21679);
#21683=DIRECTION('',(1.E0,0.E0,-1.776356839400E-14));
#21684=VECTOR('',#21683,5.E-2);
#21685=CARTESIAN_POINT('',(2.45E0,1.E-1,2.325E0));
#21686=LINE('',#21685,#21684);
#21687=CURVE_STYLE('',#32,POSITIVE_LENGTH_MEASURE(2.E-2),#18);
#21688=PRESENTATION_STYLE_ASSIGNMENT((#21687));
#21689=STYLED_ITEM('',(#21688),#21686);
#21690=DIRECTION('',(0.E0,1.E0,0.E0));
#21691=VECTOR('',#21690,1.E-1);
#21692=CARTESIAN_POINT('',(2.45E0,0.E0,2.325E0));
#21693=LINE('',#21692,#21691);
#21694=CURVE_STYLE('',#32,POSITIVE_LENGTH_MEASURE(2.E-2),#18);
#21695=PRESENTATION_STYLE_ASSIGNMENT((#21694));
#21696=STYLED_ITEM('',(#21695),#21693);
#21697=DIRECTION('',(0.E0,1.E0,0.E0));
#21698=VECTOR('',#21697,2.E-1);
#21699=CARTESIAN_POINT('',(2.325E0,0.E0,2.325E0));
#21700=LINE('',#21699,#21698);
#21701=CURVE_STYLE('',#32,POSITIVE_LENGTH_MEASURE(2.E-2),#18);
#21702=PRESENTATION_STYLE_ASSIGNMENT((#21701));
#21703=STYLED_ITEM('',(#21702),#21700);
#21704=DIRECTION('',(0.E0,0.E0,-1.E0));
#21705=VECTOR('',#21704,5.E-2);
#21706=CARTESIAN_POINT('',(2.325E0,1.E-1,2.5E0));
#21707=LINE('',#21706,#21705);
#21708=CURVE_STYLE('',#32,POSITIVE_LENGTH_MEASURE(2.E-2),#18);
#21709=PRESENTATION_STYLE_ASSIGNMENT((#21708));
#21710=STYLED_ITEM('',(#21709),#21707);
#21711=DIRECTION('',(0.E0,1.E0,0.E0));
#21712=VECTOR('',#21711,1.E-1);
#21713=CARTESIAN_POINT('',(2.325E0,1.E-1,2.5E0));
#21714=LINE('',#21713,#21712);
#21715=CURVE_STYLE('',#32,POSITIVE_LENGTH_MEASURE(2.E-2),#18);
#21716=PRESENTATION_STYLE_ASSIGNMENT((#21715));
#21717=STYLED_ITEM('',(#21716),#21714);
#21718=DIRECTION('',(0.E0,1.E0,0.E0));
#21719=VECTOR('',#21718,1.E-1);
#21720=CARTESIAN_POINT('',(2.325E0,0.E0,2.45E0));
#21721=LINE('',#21720,#21719);
#21722=CURVE_STYLE('',#32,POSITIVE_LENGTH_MEASURE(2.E-2),#18);
#21723=PRESENTATION_STYLE_ASSIGNMENT((#21722));
#21724=STYLED_ITEM('',(#21723),#21721);
#21725=DIRECTION('',(1.E0,0.E0,0.E0));
#21726=VECTOR('',#21725,2.E-1);
#21727=CARTESIAN_POINT('',(2.125E0,1.E-1,2.5E0));
#21728=LINE('',#21727,#21726);
#21729=CURVE_STYLE('',#32,POSITIVE_LENGTH_MEASURE(2.E-2),#18);
#21730=PRESENTATION_STYLE_ASSIGNMENT((#21729));
#21731=STYLED_ITEM('',(#21730),#21728);
#21732=DIRECTION('',(0.E0,1.E0,0.E0));
#21733=VECTOR('',#21732,1.E-1);
#21734=CARTESIAN_POINT('',(2.125E0,1.E-1,2.5E0));
#21735=LINE('',#21734,#21733);
#21736=CURVE_STYLE('',#32,POSITIVE_LENGTH_MEASURE(2.E-2),#18);
#21737=PRESENTATION_STYLE_ASSIGNMENT((#21736));
#21738=STYLED_ITEM('',(#21737),#21735);
#21739=DIRECTION('',(1.E0,0.E0,0.E0));
#21740=VECTOR('',#21739,2.E-1);
#21741=CARTESIAN_POINT('',(2.125E0,2.E-1,2.5E0));
#21742=LINE('',#21741,#21740);
#21743=CURVE_STYLE('',#32,POSITIVE_LENGTH_MEASURE(2.E-2),#18);
#21744=PRESENTATION_STYLE_ASSIGNMENT((#21743));
#21745=STYLED_ITEM('',(#21744),#21742);
#21746=DIRECTION('',(0.E0,0.E0,1.E0));
#21747=VECTOR('',#21746,3.75E-1);
#21748=CARTESIAN_POINT('',(2.125E0,2.E-1,2.125E0));
#21749=LINE('',#21748,#21747);
#21750=CURVE_STYLE('',#32,POSITIVE_LENGTH_MEASURE(2.E-2),#18);
#21751=PRESENTATION_STYLE_ASSIGNMENT((#21750));
#21752=STYLED_ITEM('',(#21751),#21749);
#21753=DIRECTION('',(-1.E0,0.E0,0.E0));
#21754=VECTOR('',#21753,3.75E-1);
#21755=CARTESIAN_POINT('',(2.5E0,2.E-1,2.125E0));
#21756=LINE('',#21755,#21754);
#21757=CURVE_STYLE('',#32,POSITIVE_LENGTH_MEASURE(2.E-2),#18);
#21758=PRESENTATION_STYLE_ASSIGNMENT((#21757));
#21759=STYLED_ITEM('',(#21758),#21756);
#21760=DIRECTION('',(0.E0,0.E0,-1.E0));
#21761=VECTOR('',#21760,2.E-1);
#21762=CARTESIAN_POINT('',(2.5E0,2.E-1,2.325E0));
#21763=LINE('',#21762,#21761);
#21764=CURVE_STYLE('',#32,POSITIVE_LENGTH_MEASURE(2.E-2),#18);
#21765=PRESENTATION_STYLE_ASSIGNMENT((#21764));
#21766=STYLED_ITEM('',(#21765),#21763);
#21767=DIRECTION('',(1.E0,0.E0,0.E0));
#21768=VECTOR('',#21767,1.75E-1);
#21769=CARTESIAN_POINT('',(2.325E0,2.E-1,2.325E0));
#21770=LINE('',#21769,#21768);
#21771=CURVE_STYLE('',#32,POSITIVE_LENGTH_MEASURE(2.E-2),#18);
#21772=PRESENTATION_STYLE_ASSIGNMENT((#21771));
#21773=STYLED_ITEM('',(#21772),#21770);
#21774=DIRECTION('',(0.E0,0.E0,-1.E0));
#21775=VECTOR('',#21774,1.75E-1);
#21776=CARTESIAN_POINT('',(2.325E0,2.E-1,2.5E0));
#21777=LINE('',#21776,#21775);
#21778=CURVE_STYLE('',#32,POSITIVE_LENGTH_MEASURE(2.E-2),#18);
#21779=PRESENTATION_STYLE_ASSIGNMENT((#21778));
#21780=STYLED_ITEM('',(#21779),#21777);
#21781=DIRECTION('',(-1.E0,0.E0,0.E0));
#21782=VECTOR('',#21781,5.E-2);
#21783=CARTESIAN_POINT('',(2.5E0,1.E-1,2.125E0));
#21784=LINE('',#21783,#21782);
#21785=CURVE_STYLE('',#32,POSITIVE_LENGTH_MEASURE(2.E-2),#18);
#21786=PRESENTATION_STYLE_ASSIGNMENT((#21785));
#21787=STYLED_ITEM('',(#21786),#21784);
#21788=DIRECTION('',(0.E0,1.E0,0.E0));
#21789=VECTOR('',#21788,1.E-1);
#21790=CARTESIAN_POINT('',(2.5E0,1.E-1,2.125E0));
#21791=LINE('',#21790,#21789);
#21792=CURVE_STYLE('',#32,POSITIVE_LENGTH_MEASURE(2.E-2),#18);
#21793=PRESENTATION_STYLE_ASSIGNMENT((#21792));
#21794=STYLED_ITEM('',(#21793),#21791);
#21795=DIRECTION('',(0.E0,1.E0,0.E0));
#21796=VECTOR('',#21795,1.E-1);
#21797=CARTESIAN_POINT('',(2.45E0,0.E0,2.125E0));
#21798=LINE('',#21797,#21796);
#21799=CURVE_STYLE('',#32,POSITIVE_LENGTH_MEASURE(2.E-2),#18);
#21800=PRESENTATION_STYLE_ASSIGNMENT((#21799));
#21801=STYLED_ITEM('',(#21800),#21798);
#21802=DIRECTION('',(0.E0,0.E0,-1.E0));
#21803=VECTOR('',#21802,2.E-1);
#21804=CARTESIAN_POINT('',(2.5E0,1.E-1,2.325E0));
#21805=LINE('',#21804,#21803);
#21806=CURVE_STYLE('',#32,POSITIVE_LENGTH_MEASURE(2.E-2),#18);
#21807=PRESENTATION_STYLE_ASSIGNMENT((#21806));
#21808=STYLED_ITEM('',(#21807),#21805);
#21809=DIRECTION('',(0.E0,1.E0,0.E0));
#21810=VECTOR('',#21809,1.E-1);
#21811=CARTESIAN_POINT('',(2.5E0,1.E-1,2.325E0));
#21812=LINE('',#21811,#21810);
#21813=CURVE_STYLE('',#32,POSITIVE_LENGTH_MEASURE(2.E-2),#18);
#21814=PRESENTATION_STYLE_ASSIGNMENT((#21813));
#21815=STYLED_ITEM('',(#21814),#21812);
#21816=CARTESIAN_POINT('',(2.125E0,2.E-1,2.5E0));
#21817=CARTESIAN_POINT('',(2.325E0,2.E-1,2.5E0));
#21818=VERTEX_POINT('',#21816);
#21819=VERTEX_POINT('',#21817);
#21820=CARTESIAN_POINT('',(2.325E0,2.E-1,2.325E0));
#21821=VERTEX_POINT('',#21820);
#21822=CARTESIAN_POINT('',(2.5E0,2.E-1,2.325E0));
#21823=VERTEX_POINT('',#21822);
#21824=CARTESIAN_POINT('',(2.5E0,2.E-1,2.125E0));
#21825=VERTEX_POINT('',#21824);
#21826=CARTESIAN_POINT('',(2.125E0,2.E-1,2.125E0));
#21827=VERTEX_POINT('',#21826);
#21828=CARTESIAN_POINT('',(2.325E0,0.E0,2.325E0));
#21829=VERTEX_POINT('',#21828);
#21830=CARTESIAN_POINT('',(2.125E0,0.E0,2.125E0));
#21831=VERTEX_POINT('',#21830);
#21832=CARTESIAN_POINT('',(2.325E0,1.E-1,2.45E0));
#21833=CARTESIAN_POINT('',(2.125E0,1.E-1,2.45E0));
#21834=VERTEX_POINT('',#21832);
#21835=VERTEX_POINT('',#21833);
#21836=CARTESIAN_POINT('',(2.45E0,0.E0,2.125E0));
#21837=CARTESIAN_POINT('',(2.45E0,0.E0,2.325E0));
#21838=VERTEX_POINT('',#21836);
#21839=VERTEX_POINT('',#21837);
#21840=CARTESIAN_POINT('',(2.125E0,0.E0,2.45E0));
#21841=CARTESIAN_POINT('',(2.325E0,0.E0,2.45E0));
#21842=VERTEX_POINT('',#21840);
#21843=VERTEX_POINT('',#21841);
#21844=CARTESIAN_POINT('',(2.125E0,1.E-1,2.5E0));
#21845=CARTESIAN_POINT('',(2.325E0,1.E-1,2.5E0));
#21846=VERTEX_POINT('',#21844);
#21847=VERTEX_POINT('',#21845);
#21848=CARTESIAN_POINT('',(2.45E0,1.E-1,2.325E0));
#21849=CARTESIAN_POINT('',(2.5E0,1.E-1,2.325E0));
#21850=VERTEX_POINT('',#21848);
#21851=VERTEX_POINT('',#21849);
#21852=CARTESIAN_POINT('',(2.5E0,1.E-1,2.125E0));
#21853=VERTEX_POINT('',#21852);
#21854=CARTESIAN_POINT('',(2.45E0,1.E-1,2.125E0));
#21855=VERTEX_POINT('',#21854);
#21856=CARTESIAN_POINT('',(2.45E0,0.E0,2.45E0));
#21857=DIRECTION('',(0.E0,0.E0,-1.E0));
#21858=DIRECTION('',(-1.E0,0.E0,0.E0));
#21859=AXIS2_PLACEMENT_3D('',#21856,#21857,#21858);
#21860=PLANE('',#21859);
#21862=ORIENTED_EDGE('',*,*,#21861,.F.);
#21864=ORIENTED_EDGE('',*,*,#21863,.F.);
#21866=ORIENTED_EDGE('',*,*,#21865,.F.);
#21868=ORIENTED_EDGE('',*,*,#21867,.T.);
#21869=EDGE_LOOP('',(#21862,#21864,#21866,#21868));
#21870=FACE_OUTER_BOUND('',#21869,.F.);
#21872=CARTESIAN_POINT('',(0.E0,1.E-1,0.E0));
#21873=DIRECTION('',(0.E0,1.E0,0.E0));
#21874=DIRECTION('',(1.E0,0.E0,0.E0));
#21875=AXIS2_PLACEMENT_3D('',#21872,#21873,#21874);
#21876=PLANE('',#21875);
#21877=ORIENTED_EDGE('',*,*,#21861,.T.);
#21879=ORIENTED_EDGE('',*,*,#21878,.T.);
#21881=ORIENTED_EDGE('',*,*,#21880,.T.);
#21883=ORIENTED_EDGE('',*,*,#21882,.T.);
#21884=EDGE_LOOP('',(#21877,#21879,#21881,#21883));
#21885=FACE_OUTER_BOUND('',#21884,.F.);
#21887=CARTESIAN_POINT('',(0.E0,1.E-1,0.E0));
#21888=DIRECTION('',(0.E0,1.E0,0.E0));
#21889=DIRECTION('',(1.E0,0.E0,0.E0));
#21890=AXIS2_PLACEMENT_3D('',#21887,#21888,#21889);
#21891=PLANE('',#21890);
#21893=ORIENTED_EDGE('',*,*,#21892,.T.);
#21895=ORIENTED_EDGE('',*,*,#21894,.T.);
#21897=ORIENTED_EDGE('',*,*,#21896,.T.);
#21899=ORIENTED_EDGE('',*,*,#21898,.T.);
#21900=EDGE_LOOP('',(#21893,#21895,#21897,#21899));
#21901=FACE_OUTER_BOUND('',#21900,.F.);
#21903=CARTESIAN_POINT('',(2.125E0,0.E0,2.125E0));
#21904=DIRECTION('',(-1.E0,0.E0,0.E0));
#21905=DIRECTION('',(0.E0,0.E0,1.E0));
#21906=AXIS2_PLACEMENT_3D('',#21903,#21904,#21905);
#21907=PLANE('',#21906);
#21908=ORIENTED_EDGE('',*,*,#21878,.F.);
#21909=ORIENTED_EDGE('',*,*,#21867,.F.);
#21911=ORIENTED_EDGE('',*,*,#21910,.F.);
#21913=ORIENTED_EDGE('',*,*,#21912,.T.);
#21915=ORIENTED_EDGE('',*,*,#21914,.T.);
#21917=ORIENTED_EDGE('',*,*,#21916,.F.);
#21918=EDGE_LOOP('',(#21908,#21909,#21911,#21913,#21915,#21917));
#21919=FACE_OUTER_BOUND('',#21918,.F.);
#21921=CARTESIAN_POINT('',(0.E0,0.E0,0.E0));
#21922=DIRECTION('',(0.E0,1.E0,0.E0));
#21923=DIRECTION('',(-1.E0,0.E0,0.E0));
#21924=AXIS2_PLACEMENT_3D('',#21921,#21922,#21923);
#21925=PLANE('',#21924);
#21927=ORIENTED_EDGE('',*,*,#21926,.F.);
#21929=ORIENTED_EDGE('',*,*,#21928,.T.);
#21930=ORIENTED_EDGE('',*,*,#21910,.T.);
#21931=ORIENTED_EDGE('',*,*,#21865,.T.);
#21933=ORIENTED_EDGE('',*,*,#21932,.T.);
#21935=ORIENTED_EDGE('',*,*,#21934,.T.);
#21936=EDGE_LOOP('',(#21927,#21929,#21930,#21931,#21933,#21935));
#21937=FACE_OUTER_BOUND('',#21936,.F.);
#21939=FILL_AREA_STYLE_COLOUR('',#26);
#21940=FILL_AREA_STYLE('',(#21939));
#21941=SURFACE_STYLE_FILL_AREA(#21940);
#21942=SURFACE_SIDE_STYLE('',(#21941));
#21943=SURFACE_STYLE_USAGE(.POSITIVE.,#21942);
#21944=PRESENTATION_STYLE_ASSIGNMENT((#21943));
#21945=OVER_RIDING_STYLED_ITEM('',(#21944),#21938,#21605);
#21946=CARTESIAN_POINT('',(2.45E0,0.E0,-2.45E0));
#21947=DIRECTION('',(-1.E0,0.E0,0.E0));
#21948=DIRECTION('',(0.E0,0.E0,1.E0));
#21949=AXIS2_PLACEMENT_3D('',#21946,#21947,#21948);
#21950=PLANE('',#21949);
#21951=ORIENTED_EDGE('',*,*,#21926,.T.);
#21953=ORIENTED_EDGE('',*,*,#21952,.T.);
#21954=ORIENTED_EDGE('',*,*,#21898,.F.);
#21956=ORIENTED_EDGE('',*,*,#21955,.F.);
#21957=EDGE_LOOP('',(#21951,#21953,#21954,#21956));
#21958=FACE_OUTER_BOUND('',#21957,.F.);
#21960=CARTESIAN_POINT('',(2.325E0,0.E0,2.325E0));
#21961=DIRECTION('',(0.E0,0.E0,1.E0));
#21962=DIRECTION('',(1.E0,0.E0,0.E0));
#21963=AXIS2_PLACEMENT_3D('',#21960,#21961,#21962);
#21964=PLANE('',#21963);
#21965=ORIENTED_EDGE('',*,*,#21892,.F.);
#21966=ORIENTED_EDGE('',*,*,#21952,.F.);
#21967=ORIENTED_EDGE('',*,*,#21934,.F.);
#21969=ORIENTED_EDGE('',*,*,#21968,.T.);
#21971=ORIENTED_EDGE('',*,*,#21970,.T.);
#21973=ORIENTED_EDGE('',*,*,#21972,.F.);
#21974=EDGE_LOOP('',(#21965,#21966,#21967,#21969,#21971,#21973));
#21975=FACE_OUTER_BOUND('',#21974,.F.);
#21977=CARTESIAN_POINT('',(2.325E0,0.E0,2.5E0));
#21978=DIRECTION('',(1.E0,0.E0,0.E0));
#21979=DIRECTION('',(0.E0,0.E0,-1.E0));
#21980=AXIS2_PLACEMENT_3D('',#21977,#21978,#21979);
#21981=PLANE('',#21980);
#21982=ORIENTED_EDGE('',*,*,#21882,.F.);
#21984=ORIENTED_EDGE('',*,*,#21983,.T.);
#21986=ORIENTED_EDGE('',*,*,#21985,.T.);
#21987=ORIENTED_EDGE('',*,*,#21968,.F.);
#21988=ORIENTED_EDGE('',*,*,#21932,.F.);
#21989=ORIENTED_EDGE('',*,*,#21863,.T.);
#21990=EDGE_LOOP('',(#21982,#21984,#21986,#21987,#21988,#21989));
#21991=FACE_OUTER_BOUND('',#21990,.F.);
#21993=CARTESIAN_POINT('',(2.125E0,0.E0,2.5E0));
#21994=DIRECTION('',(0.E0,0.E0,1.E0));
#21995=DIRECTION('',(1.E0,0.E0,0.E0));
#21996=AXIS2_PLACEMENT_3D('',#21993,#21994,#21995);
#21997=PLANE('',#21996);
#21998=ORIENTED_EDGE('',*,*,#21880,.F.);
#21999=ORIENTED_EDGE('',*,*,#21916,.T.);
#22001=ORIENTED_EDGE('',*,*,#22000,.T.);
#22002=ORIENTED_EDGE('',*,*,#21983,.F.);
#22003=EDGE_LOOP('',(#21998,#21999,#22001,#22002));
#22004=FACE_OUTER_BOUND('',#22003,.F.);
#22006=CARTESIAN_POINT('',(0.E0,2.E-1,0.E0));
#22007=DIRECTION('',(0.E0,1.E0,0.E0));
#22008=DIRECTION('',(-1.E0,0.E0,0.E0));
#22009=AXIS2_PLACEMENT_3D('',#22006,#22007,#22008);
#22010=PLANE('',#22009);
#22011=ORIENTED_EDGE('',*,*,#22000,.F.);
#22012=ORIENTED_EDGE('',*,*,#21914,.F.);
#22014=ORIENTED_EDGE('',*,*,#22013,.F.);
#22016=ORIENTED_EDGE('',*,*,#22015,.F.);
#22017=ORIENTED_EDGE('',*,*,#21970,.F.);
#22018=ORIENTED_EDGE('',*,*,#21985,.F.);
#22019=EDGE_LOOP('',(#22011,#22012,#22014,#22016,#22017,#22018));
#22020=FACE_OUTER_BOUND('',#22019,.F.);
#22022=CARTESIAN_POINT('',(2.5E0,0.E0,2.125E0));
#22023=DIRECTION('',(0.E0,0.E0,-1.E0));
#22024=DIRECTION('',(-1.E0,0.E0,0.E0));
#22025=AXIS2_PLACEMENT_3D('',#22022,#22023,#22024);
#22026=PLANE('',#22025);
#22027=ORIENTED_EDGE('',*,*,#21896,.F.);
#22029=ORIENTED_EDGE('',*,*,#22028,.T.);
#22030=ORIENTED_EDGE('',*,*,#22013,.T.);
#22031=ORIENTED_EDGE('',*,*,#21912,.F.);
#22032=ORIENTED_EDGE('',*,*,#21928,.F.);
#22033=ORIENTED_EDGE('',*,*,#21955,.T.);
#22034=EDGE_LOOP('',(#22027,#22029,#22030,#22031,#22032,#22033));
#22035=FACE_OUTER_BOUND('',#22034,.F.);
#22037=CARTESIAN_POINT('',(2.5E0,0.E0,2.325E0));
#22038=DIRECTION('',(1.E0,0.E0,0.E0));
#22039=DIRECTION('',(0.E0,0.E0,-1.E0));
#22040=AXIS2_PLACEMENT_3D('',#22037,#22038,#22039);
#22041=PLANE('',#22040);
#22042=ORIENTED_EDGE('',*,*,#21894,.F.);
#22043=ORIENTED_EDGE('',*,*,#21972,.T.);
#22044=ORIENTED_EDGE('',*,*,#22015,.T.);
#22045=ORIENTED_EDGE('',*,*,#22028,.F.);
#22046=EDGE_LOOP('',(#22042,#22043,#22044,#22045));
#22047=FACE_OUTER_BOUND('',#22046,.F.);
#22049=CLOSED_SHELL('',(#21871,#21886,#21902,#21920,#21938,#21959,#21976,#21992,
#22005,#22021,#22036,#22048));
#22050=MANIFOLD_SOLID_BREP('',#22049);
#22051=FILL_AREA_STYLE_COLOUR('',#18);
#22052=FILL_AREA_STYLE('',(#22051));
#22053=SURFACE_STYLE_FILL_AREA(#22052);
#22054=SURFACE_SIDE_STYLE('',(#22053));
#22055=SURFACE_STYLE_USAGE(.POSITIVE.,#22054);
#22056=PRESENTATION_STYLE_ASSIGNMENT((#22055));
#21605=STYLED_ITEM('',(#22056),#22050);
#22059=PLANE_ANGLE_MEASURE_WITH_UNIT(PLANE_ANGLE_MEASURE(1.745329251994E-2),
#22058);
#22060=(CONVERSION_BASED_UNIT('DEGREE',#22059)NAMED_UNIT(*)PLANE_ANGLE_UNIT());
#22062=UNCERTAINTY_MEASURE_WITH_UNIT(LENGTH_MEASURE(7.073612717704E-4),#22057,
'distance_accuracy_value',
'Maximum model space distance between geometric entities at asserted connectivities');
#22064=CARTESIAN_POINT('',(0.E0,0.E0,0.E0));
#22065=DIRECTION('',(0.E0,0.E0,1.E0));
#22066=DIRECTION('',(1.E0,0.E0,0.E0));
#22069=PRODUCT_CONTEXT('',#10607,'mechanical');
#22070=PRODUCT('FRAME-RHB0032R_AF0','FRAME-RHB0032R_AF0','NOT SPECIFIED',
(#22069));
#22071=PRODUCT_DEFINITION_FORMATION('125','LAST_VERSION',#22070);
#22079=DERIVED_UNIT_ELEMENT(#22078,2.E0);
#22080=DERIVED_UNIT((#22079));
#22081=MEASURE_REPRESENTATION_ITEM('surface area measure',AREA_MEASURE(
4.872356792404E1),#22080);
#22086=DERIVED_UNIT_ELEMENT(#22085,3.E0);
#22087=DERIVED_UNIT((#22086));
#22088=MEASURE_REPRESENTATION_ITEM('volume measure',VOLUME_MEASURE(
3.520954603852E0),#22087);
#22092=CARTESIAN_POINT('centre point',(3.015329953785E-3,1.029271181141E-1,
3.015329960645E-3));
#22097=DERIVED_UNIT_ELEMENT(#22096,2.E0);
#22098=DERIVED_UNIT((#22097));
#22099=MEASURE_REPRESENTATION_ITEM('surface area measure',AREA_MEASURE(
4.872356792404E1),#22098);
#22104=DERIVED_UNIT_ELEMENT(#22103,3.E0);
#22105=DERIVED_UNIT((#22104));
#22106=MEASURE_REPRESENTATION_ITEM('volume measure',VOLUME_MEASURE(
3.520954603852E0),#22105);
#22110=CARTESIAN_POINT('centre point',(3.015329953785E-3,1.029271181141E-1,
3.015329960645E-3));
#22117=CARTESIAN_POINT('centre point',(3.015329953785E-3,-3.015329960645E-3,
1.029271181141E-1));
#22121=CARTESIAN_POINT('',(0.E0,0.E0,0.E0));
#22122=DIRECTION('',(0.E0,-1.E0,0.E0));
#22123=DIRECTION('',(1.E0,0.E0,0.E0));
#22124=AXIS2_PLACEMENT_3D('',#22121,#22122,#22123);
#22125=ITEM_DEFINED_TRANSFORMATION('','',#22067,#22124);
#22126=(REPRESENTATION_RELATIONSHIP('','',#22068,#10658)REPRESENTATION_RELATIONSHIP_WITH_TRANSFORMATION(#22125)SHAPE_REPRESENTATION_RELATIONSHIP());
#22127=CONTEXT_DEPENDENT_SHAPE_REPRESENTATION(#22126,#22116);
#22130=PLANE_ANGLE_MEASURE_WITH_UNIT(PLANE_ANGLE_MEASURE(1.745329251994E-2),
#22129);
#22131=(CONVERSION_BASED_UNIT('DEGREE',#22130)NAMED_UNIT(*)PLANE_ANGLE_UNIT());
#22133=UNCERTAINTY_MEASURE_WITH_UNIT(LENGTH_MEASURE(4.329953813841E-4),#22128,
'distance_accuracy_value',
'Maximum model space distance between geometric entities at asserted connectivities');
#22135=CARTESIAN_POINT('',(0.E0,0.E0,0.E0));
#22136=DIRECTION('',(0.E0,0.E0,1.E0));
#22137=DIRECTION('',(1.E0,0.E0,0.E0));
#22140=PRODUCT_DEFINITION_CONTEXT('part definition',#10607,'design');
#22141=PRODUCT_CONTEXT('',#10607,'mechanical');
#22142=PRODUCT('PIN1-ID','PIN1-ID','NOT SPECIFIED',(#22141));
#22143=PRODUCT_DEFINITION_FORMATION('18','LAST_VERSION',#22142);
#22149=CARTESIAN_POINT('',(0.E0,0.E0,1.E0));
#22150=DIRECTION('',(0.E0,-1.E0,0.E0));
#22151=DIRECTION('',(1.E0,0.E0,0.E0));
#22152=AXIS2_PLACEMENT_3D('',#22149,#22150,#22151);
#22153=ITEM_DEFINED_TRANSFORMATION('','',#22138,#22152);
#22154=(REPRESENTATION_RELATIONSHIP('','',#22139,#10658)REPRESENTATION_RELATIONSHIP_WITH_TRANSFORMATION(#22153)SHAPE_REPRESENTATION_RELATIONSHIP());
#22155=CONTEXT_DEPENDENT_SHAPE_REPRESENTATION(#22154,#22148);
#22158=PLANE_ANGLE_MEASURE_WITH_UNIT(PLANE_ANGLE_MEASURE(1.745329251994E-2),
#22157);
#22159=(CONVERSION_BASED_UNIT('DEGREE',#22158)NAMED_UNIT(*)PLANE_ANGLE_UNIT());
#22161=UNCERTAINTY_MEASURE_WITH_UNIT(LENGTH_MEASURE(7.4997E-4),#22156,
'distance_accuracy_value',
'Maximum model space distance between geometric entities at asserted connectivities');
#22163=CARTESIAN_POINT('',(0.E0,0.E0,0.E0));
#22164=DIRECTION('',(0.E0,0.E0,1.E0));
#22165=DIRECTION('',(1.E0,0.E0,0.E0));
#22167=MECHANICAL_DESIGN_GEOMETRIC_PRESENTATION_REPRESENTATION('',(#35,#42,#49,
#56,#63,#70,#77,#84,#91,#98,#105,#112,#119,#126,#134,#141,#148,#155,#163,#170,
#177,#184,#192,#199,#206,#213,#221,#228,#235,#242,#250,#257,#264,#271,#279,#286,
#293,#300,#308,#315,#322,#329,#337,#344,#351,#358,#365,#372,#379,#387,#394,#401,
#408,#416,#423,#430,#437,#445,#452,#459,#466,#474,#481,#488,#495,#503,#510,#517,
#524,#532,#539,#546,#553,#561,#568,#575,#582,#590,#597,#604,#611,#618,#625,#632,
#640,#647,#654,#661,#669,#676,#683,#690,#698,#705,#712,#719,#727,#734,#741,#748,
#756,#763,#770,#777,#785,#792,#799,#806,#814,#821,#828,#835,#843,#850,#857,#864,
#871,#878,#885,#893,#900,#907,#914,#922,#929,#936,#943,#951,#958,#965,#972,#980,
#987,#994,#1001,#1009,#1016,#1023,#1030,#1038,#1045,#1052,#1059,#1067,#1074,
#1081,#1088,#1096,#1103,#1110,#1117,#1124,#1131,#1138,#1145,#1152,#1159,#1166,
#1173,#1180,#1187,#1194,#1201,#1208,#1215,#1222,#1229,#1236,#1243,#1250,#1257,
#1264,#1271,#1278,#1285,#1292,#1299,#1306,#1313,#1320,#1327,#1334,#1341,#1348,
#1355,#1362,#1369,#1376,#1383,#1390,#1397,#1404,#1411,#1418,#1425,#1432,#1439,
#1446,#1453,#1460,#1467,#1474,#1481,#1488,#1495,#1502,#1509,#1516,#1523,#1530,
#1537,#1544,#1551,#1558,#1565,#1572,#1579,#1586,#1593,#1600,#1607,#1614,#1621,
#1628,#1635,#1642,#1649,#1656,#1663,#1670,#1677,#1684,#1691,#1698,#1705,#1712,
#1719,#1726,#1733,#1740,#1747,#1754,#1761,#1768,#1775,#1782,#1789,#1796,#1803,
#1810,#1817,#1824,#1831,#1838,#1845,#1852,#1859,#1866,#1873,#1880,#1887,#1894,
#1901,#1908,#1915,#1922,#1929,#1936,#1943,#1950,#1957,#1964,#1971,#1978,#1985,
#1992,#1999,#2006,#2013,#2020,#2027,#2034,#2041,#2048,#2055,#2062,#2069,#2076,
#2083,#2090,#2097,#2104,#2111,#2118,#2125,#2132,#2139,#2146,#2153,#2160,#2167,
#2174,#2181,#2188,#2195,#2202,#2209,#2216,#2223,#2230,#2237,#2244,#2251,#2258,
#2265,#2272,#2279,#2286,#2293,#2300,#2307,#2314,#2321,#2328,#2335,#2342,#2349,
#2356,#2363,#2370,#2377,#2384,#2391,#2398,#2405,#2412,#2419,#2426,#2433,#2440,
#2447,#2454,#2461,#2468,#2475,#2482,#2489,#2496,#2503,#2510,#2517,#2524,#2531,
#2538,#2545,#2552,#2559,#2566,#2573,#2580,#2587,#2594,#2601,#2608,#2615,#2622,
#2629,#2636,#2643,#2650,#2657,#2664,#2671,#2678,#2685,#2692,#2699,#2706,#2713,
#2720,#2727,#2734,#2741,#2748,#2755,#2762,#2769,#2776,#2783,#2790,#2797,#2804,
#2811,#2818,#2825,#2832,#2839,#2846,#2853,#2860,#2867,#2874,#2881,#2888,#2895,
#2902,#2909,#2916,#2923,#2930,#2937,#2944,#2951,#2958,#2965,#2972,#2979,#2986,
#2993,#3000,#3007,#3014,#3021,#3028,#3035,#3042,#3049,#3057,#3064,#3071,#3078,
#3085,#3092,#3099,#3106,#3113,#3121,#3128,#3135,#3142,#3149,#3156,#3163,#3170,
#3177,#3185,#3192,#3199,#3206,#3213,#3220,#3227,#3234,#3241,#3249,#3256,#3263,
#3270,#3277,#3284,#3291,#3298,#3305,#3313,#3320,#3327,#3334,#3341,#3348,#3355,
#3362,#3369,#3377,#3384,#3391,#3398,#3405,#3412,#3419,#3426,#3433,#3441,#3448,
#3455,#3462,#3469,#3476,#3483,#3490,#3497,#3505,#3512,#3519,#3526,#3533,#3540,
#3547,#3554,#3561,#3568,#3575,#3582,#3589,#3596,#3603,#3610,#3617,#3624,#3631,
#3638,#3645,#3653,#3660,#3667,#3674,#3681,#3688,#3695,#3702,#3709,#3717,#3724,
#3731,#3738,#3745,#3752,#3759,#3766,#3773,#3781,#3788,#3795,#3802,#3809,#3816,
#3823,#3830,#3837,#3845,#3852,#3859,#3866,#3873,#3880,#3887,#3894,#3901,#3909,
#3916,#3923,#3930,#3937,#3944,#3951,#3958,#3965,#3973,#3980,#3987,#3994,#4001,
#4008,#4015,#4022,#4029,#4037,#4044,#4051,#4058,#4065,#4072,#4079,#4086,#4093,
#4101,#4108,#4115,#4122,#4129,#4136,#4143,#4150,#4157,#4164,#4171,#4178,#4185,
#4192,#4199,#4206,#4213,#4220,#4227,#4234,#4241,#4248,#4256,#4263,#4270,#4277,
#4284,#4291,#4298,#4305,#4312,#4320,#4327,#4334,#4341,#4348,#4355,#4362,#4369,
#4376,#4384,#4391,#4398,#4405,#4412,#4419,#4426,#4433,#4440,#4447,#4455,#4462,
#4469,#4476,#4483,#4490,#4497,#4504,#4512,#4519,#4526,#4533,#4540,#4547,#4554,
#4561,#4568,#4576,#4583,#4590,#4597,#4604,#4611,#4618,#4625,#4632,#4640,#4647,
#4654,#4661,#4668,#4675,#4682,#4689,#4696,#4704,#4711,#4718,#4725,#4732,#4739,
#4746,#4753,#4760,#4767,#4774,#4781,#4788,#4795,#4802,#4809,#4816,#4823,#4830,
#4837,#4845,#4852,#4859,#4866,#4873,#4880,#4887,#4894,#4901,#4909,#4916,#4923,
#4930,#4937,#4944,#4951,#4958,#4965,#4973,#4980,#4987,#4994,#5001,#5008,#5015,
#5022,#5029,#5037,#5044,#5051,#5058,#5065,#5072,#5079,#5086,#5093,#5101,#5108,
#5115,#5122,#5129,#5136,#5143,#5150,#5157,#5165,#5172,#5179,#5186,#5193,#5200,
#5207,#5214,#5221,#5229,#5236,#5243,#5250,#5257,#5264,#5271,#5278,#5285,#5293,
#5300,#5307,#5314,#5321,#27,#10679,#10686,#10693,#10700,#10707,#10714,#10721,
#10728,#10735,#10742,#10749,#10756,#10763,#10770,#10777,#10784,#10791,#10798,
#10805,#10812,#10819,#10826,#10833,#10840,#10847,#10854,#10861,#11063,#10672,
#11104,#11111,#11119,#11126,#11133,#11140,#11147,#11154,#11161,#11168,#11175,
#11182,#11189,#11196,#11203,#11210,#11218,#11225,#11272,#11097,#11390,#11397,
#11405,#11412,#11419,#11426,#11433,#11440,#11447,#11454,#11461,#11468,#11475,
#11482,#11489,#11496,#11504,#11511,#11558,#11383,#11676,#11683,#11691,#11698,
#11705,#11712,#11719,#11726,#11733,#11740,#11747,#11754,#11761,#11768,#11775,
#11782,#11790,#11797,#11844,#11669,#11962,#11969,#11977,#11984,#11991,#11998,
#12005,#12012,#12019,#12026,#12033,#12040,#12047,#12054,#12061,#12068,#12076,
#12083,#12130,#11955,#12248,#12255,#12263,#12270,#12277,#12284,#12291,#12298,
#12305,#12312,#12319,#12326,#12333,#12340,#12347,#12354,#12362,#12369,#12416,
#12241,#12534,#12541,#12549,#12556,#12563,#12570,#12577,#12584,#12591,#12598,
#12605,#12613,#12620,#12627,#12634,#12641,#12648,#12655,#12702,#12527,#12820,
#12827,#12835,#12842,#12849,#12856,#12863,#12870,#12877,#12884,#12891,#12899,
#12906,#12913,#12920,#12927,#12934,#12941,#12988,#12813,#13106,#13113,#13121,
#13128,#13135,#13142,#13149,#13156,#13163,#13170,#13177,#13185,#13192,#13199,
#13206,#13213,#13220,#13227,#13274,#13099,#13392,#13399,#13407,#13414,#13421,
#13428,#13435,#13442,#13449,#13456,#13463,#13471,#13478,#13485,#13492,#13499,
#13506,#13513,#13560,#13385,#13678,#13685,#13693,#13700,#13707,#13714,#13721,
#13728,#13735,#13742,#13749,#13757,#13764,#13771,#13778,#13785,#13792,#13799,
#13846,#13671,#13964,#13971,#13979,#13986,#13993,#14000,#14007,#14014,#14021,
#14028,#14035,#14042,#14049,#14056,#14063,#14070,#14078,#14085,#14132,#13957,
#14250,#14257,#14265,#14272,#14279,#14286,#14293,#14300,#14307,#14314,#14321,
#14328,#14335,#14342,#14349,#14356,#14364,#14371,#14418,#14243,#14536,#14543,
#14551,#14558,#14565,#14572,#14579,#14586,#14593,#14600,#14607,#14614,#14621,
#14628,#14635,#14642,#14650,#14657,#14704,#14529,#14822,#14829,#14837,#14844,
#14851,#14858,#14865,#14872,#14879,#14886,#14893,#14901,#14908,#14915,#14922,
#14929,#14936,#14943,#14990,#14815,#15108,#15115,#15123,#15130,#15137,#15144,
#15151,#15158,#15165,#15172,#15179,#15187,#15194,#15201,#15208,#15215,#15222,
#15229,#15276,#15101,#15394,#15401,#15409,#15416,#15423,#15430,#15437,#15444,
#15451,#15458,#15465,#15473,#15480,#15487,#15494,#15501,#15508,#15515,#15562,
#15387,#15680,#15687,#15695,#15702,#15709,#15716,#15723,#15730,#15737,#15744,
#15751,#15758,#15765,#15772,#15779,#15786,#15794,#15801,#15848,#15673,#15966,
#15973,#15981,#15988,#15995,#16002,#16009,#16016,#16023,#16030,#16037,#16044,
#16051,#16058,#16065,#16072,#16080,#16087,#16134,#15959,#16252,#16259,#16267,
#16274,#16281,#16288,#16295,#16302,#16309,#16316,#16323,#16330,#16337,#16344,
#16351,#16358,#16366,#16373,#16420,#16245,#16538,#16545,#16553,#16560,#16567,
#16574,#16581,#16588,#16595,#16602,#16609,#16616,#16623,#16630,#16637,#16644,
#16652,#16659,#16706,#16531,#16824,#16831,#16839,#16846,#16853,#16860,#16867,
#16874,#16881,#16888,#16895,#16902,#16909,#16916,#16923,#16930,#16938,#16945,
#16992,#16817,#17110,#17117,#17125,#17132,#17139,#17146,#17153,#17160,#17167,
#17174,#17181,#17188,#17195,#17202,#17209,#17216,#17224,#17231,#17278,#17103,
#17396,#17403,#17411,#17418,#17425,#17432,#17439,#17446,#17453,#17460,#17467,
#17474,#17481,#17488,#17495,#17502,#17510,#17517,#17564,#17389,#17682,#17689,
#17697,#17704,#17711,#17718,#17725,#17732,#17739,#17746,#17753,#17760,#17767,
#17774,#17781,#17788,#17796,#17803,#17850,#17675,#17968,#17975,#17983,#17990,
#17997,#18004,#18011,#18018,#18025,#18032,#18039,#18047,#18054,#18061,#18068,
#18075,#18082,#18089,#18136,#17961,#18254,#18261,#18269,#18276,#18283,#18290,
#18297,#18304,#18311,#18318,#18325,#18333,#18340,#18347,#18354,#18361,#18368,
#18375,#18422,#18247,#18540,#18547,#18555,#18562,#18569,#18576,#18583,#18590,
#18597,#18604,#18611,#18619,#18626,#18633,#18640,#18647,#18654,#18661,#18708,
#18533,#18826,#18833,#18841,#18848,#18855,#18862,#18869,#18876,#18883,#18890,
#18897,#18905,#18912,#18919,#18926,#18933,#18940,#18947,#18994,#18819,#19112,
#19119,#19127,#19134,#19141,#19148,#19155,#19162,#19169,#19176,#19183,#19191,
#19198,#19205,#19212,#19219,#19226,#19233,#19280,#19105,#19398,#19405,#19413,
#19420,#19427,#19434,#19441,#19448,#19455,#19462,#19469,#19477,#19484,#19491,
#19498,#19505,#19512,#19519,#19566,#19391,#19684,#19691,#19699,#19706,#19713,
#19720,#19727,#19734,#19741,#19748,#19755,#19763,#19770,#19777,#19784,#19791,
#19798,#19805,#19852,#19677,#19970,#19977,#19985,#19992,#19999,#20006,#20013,
#20020,#20027,#20034,#20041,#20049,#20056,#20063,#20070,#20077,#20084,#20091,
#20138,#19963,#20256,#20263,#20270,#20277,#20284,#20291,#20298,#20305,#20312,
#20319,#20326,#20333,#20340,#20347,#20354,#20361,#20368,#20375,#20382,#20389,
#20396,#20403,#20410,#20417,#20424,#20431,#20438,#20445,#20452,#20459,#20541,
#20249,#20708,#20715,#20722,#20729,#20736,#20743,#20750,#20757,#20764,#20771,
#20778,#20785,#20792,#20799,#20806,#20813,#20820,#20827,#20834,#20841,#20848,
#20855,#20862,#20869,#20876,#20883,#20890,#20897,#20904,#20911,#21041,#20701,
#21160,#21167,#21174,#21181,#21188,#21195,#21202,#21209,#21216,#21223,#21230,
#21237,#21244,#21251,#21258,#21265,#21272,#21279,#21286,#21293,#21300,#21307,
#21314,#21321,#21328,#21335,#21342,#21349,#21356,#21363,#21493,#21153,#21612,
#21619,#21626,#21633,#21640,#21647,#21654,#21661,#21668,#21675,#21682,#21689,
#21696,#21703,#21710,#21717,#21724,#21731,#21738,#21745,#21752,#21759,#21766,
#21773,#21780,#21787,#21794,#21801,#21808,#21815,#21945,#21605),#22162);
#22168=PRODUCT_CONTEXT('',#10607,'mechanical');
#22169=PRODUCT('RHB0032R_ASM','RHB0032R_ASM','NOT SPECIFIED',(#22168));
#22170=PRODUCT_DEFINITION_FORMATION('241','LAST_VERSION',#22169);
#22173=DERIVED_UNIT_ELEMENT(#22172,2.E0);
#22174=DERIVED_UNIT((#22173));
#22175=MEASURE_REPRESENTATION_ITEM('surface area measure',AREA_MEASURE(
1.280798058849E2),#22174);
#22180=DERIVED_UNIT_ELEMENT(#22179,3.E0);
#22181=DERIVED_UNIT((#22180));
#22182=MEASURE_REPRESENTATION_ITEM('volume measure',VOLUME_MEASURE(
2.471510370005E1),#22181);
#22186=CARTESIAN_POINT('centre point',(1.073913503399E-4,-1.073913527958E-4,
5.054693053417E-1));
#22190=PRODUCT_RELATED_PRODUCT_CATEGORY('part','',(#22169,#10611,#22070,
#22142));
#1=COLOUR_RGB('',0.E0,4.3E-1,1.E0);
#2=COLOUR_RGB('',0.E0,6.6E-1,0.E0);
#3=COLOUR_RGB('',1.29412E-1,5.E-2,1.E-1);
#4=COLOUR_RGB('',1.80392E-1,2.7451E-1,9.8039E-2);
#5=COLOUR_RGB('',2.54902E-1,5.4902E-1,0.E0);
#6=COLOUR_RGB('',2.7451E-1,2.7451E-1,2.7451E-1);
#7=COLOUR_RGB('',3.E-1,1.29412E-1,2.5098E-1);
#8=COLOUR_RGB('',3.13725E-1,3.13725E-1,3.13725E-1);
#9=COLOUR_RGB('',3.5E-1,3.5E-1,3.5E-1);
#10=COLOUR_RGB('',3.92157E-1,3.92157E-1,3.92157E-1);
#11=COLOUR_RGB('',5.7E-1,0.E0,1.E0);
#12=COLOUR_RGB('',5.9E-1,3.E-1,0.E0);
#13=COLOUR_RGB('',6.E-1,6.E-1,6.E-1);
#14=COLOUR_RGB('',6.9E-1,0.E0,0.E0);
#15=COLOUR_RGB('',6.952E-1,7.426E-1,7.9E-1);
#16=COLOUR_RGB('',7.E-1,7.E-1,7.E-1);
#17=COLOUR_RGB('',7.45098E-1,3.92157E-1,2.94118E-1);
#18=COLOUR_RGB('',8.27451E-1,3.29412E-1,7.0588E-2);
#19=COLOUR_RGB('',8.39216E-1,8.90196E-1,7.68627E-1);
#20=COLOUR_RGB('',8.7E-1,7.5E-1,4.9E-1);
#21=COLOUR_RGB('',8.9E-1,9.2E-1,9.4E-1);
#22=COLOUR_RGB('',9.80392E-1,9.80392E-1,9.80392E-1);
#23=COLOUR_RGB('',9.9E-1,1.E0,0.E0);
#24=COLOUR_RGB('',1.E0,5.E-1,0.E0);
#25=COLOUR_RGB('',1.E0,7.84314E-1,0.E0);
#26=DRAUGHTING_PRE_DEFINED_COLOUR('white');
#131=CIRCLE('',#130,1.25E-1);
#160=CIRCLE('',#159,1.25E-1);
#189=CIRCLE('',#188,1.25E-1);
#218=CIRCLE('',#217,1.25E-1);
#247=CIRCLE('',#246,1.25E-1);
#276=CIRCLE('',#275,1.25E-1);
#305=CIRCLE('',#304,1.25E-1);
#334=CIRCLE('',#333,1.25E-1);
#384=CIRCLE('',#383,1.25E-1);
#413=CIRCLE('',#412,1.25E-1);
#442=CIRCLE('',#441,1.25E-1);
#471=CIRCLE('',#470,1.25E-1);
#500=CIRCLE('',#499,1.25E-1);
#529=CIRCLE('',#528,1.25E-1);
#558=CIRCLE('',#557,1.25E-1);
#587=CIRCLE('',#586,1.25E-1);
#637=CIRCLE('',#636,1.25E-1);
#666=CIRCLE('',#665,1.25E-1);
#695=CIRCLE('',#694,1.25E-1);
#724=CIRCLE('',#723,1.25E-1);
#753=CIRCLE('',#752,1.25E-1);
#782=CIRCLE('',#781,1.25E-1);
#811=CIRCLE('',#810,1.25E-1);
#840=CIRCLE('',#839,1.25E-1);
#890=CIRCLE('',#889,1.25E-1);
#919=CIRCLE('',#918,1.25E-1);
#948=CIRCLE('',#947,1.25E-1);
#977=CIRCLE('',#976,1.25E-1);
#1006=CIRCLE('',#1005,1.25E-1);
#1035=CIRCLE('',#1034,1.25E-1);
#1064=CIRCLE('',#1063,1.25E-1);
#1093=CIRCLE('',#1092,1.25E-1);
#3054=CIRCLE('',#3053,1.25E-1);
#3118=CIRCLE('',#3117,1.25E-1);
#3182=CIRCLE('',#3181,1.25E-1);
#3246=CIRCLE('',#3245,1.25E-1);
#3310=CIRCLE('',#3309,1.25E-1);
#3374=CIRCLE('',#3373,1.25E-1);
#3438=CIRCLE('',#3437,1.25E-1);
#3502=CIRCLE('',#3501,1.25E-1);
#3650=CIRCLE('',#3649,1.25E-1);
#3714=CIRCLE('',#3713,1.25E-1);
#3778=CIRCLE('',#3777,1.25E-1);
#3842=CIRCLE('',#3841,1.25E-1);
#3906=CIRCLE('',#3905,1.25E-1);
#3970=CIRCLE('',#3969,1.25E-1);
#4034=CIRCLE('',#4033,1.25E-1);
#4098=CIRCLE('',#4097,1.25E-1);
#4253=CIRCLE('',#4252,1.25E-1);
#4317=CIRCLE('',#4316,1.25E-1);
#4381=CIRCLE('',#4380,1.25E-1);
#4452=CIRCLE('',#4451,1.25E-1);
#4509=CIRCLE('',#4508,1.25E-1);
#4573=CIRCLE('',#4572,1.25E-1);
#4637=CIRCLE('',#4636,1.25E-1);
#4701=CIRCLE('',#4700,1.25E-1);
#4842=CIRCLE('',#4841,1.25E-1);
#4906=CIRCLE('',#4905,1.25E-1);
#4970=CIRCLE('',#4969,1.25E-1);
#5034=CIRCLE('',#5033,1.25E-1);
#5098=CIRCLE('',#5097,1.25E-1);
#5162=CIRCLE('',#5161,1.25E-1);
#5226=CIRCLE('',#5225,1.25E-1);
#5290=CIRCLE('',#5289,1.25E-1);
#6323=EDGE_CURVE('',#5816,#5817,#67,.T.);
#6325=EDGE_CURVE('',#6317,#5816,#74,.T.);
#6327=EDGE_CURVE('',#6317,#5781,#81,.T.);
#6329=EDGE_CURVE('',#5817,#5781,#88,.T.);
#6333=ADVANCED_FACE('',(#6332),#6322,.F.);
#6339=EDGE_CURVE('',#5820,#5821,#95,.T.);
#6341=EDGE_CURVE('',#5820,#5783,#102,.T.);
#6343=EDGE_CURVE('',#5973,#5783,#109,.T.);
#6345=EDGE_CURVE('',#5972,#5973,#116,.T.);
#6347=EDGE_CURVE('',#5972,#5541,#123,.T.);
#6349=EDGE_CURVE('',#5541,#5543,#131,.T.);
#6351=EDGE_CURVE('',#5969,#5543,#138,.T.);
#6353=EDGE_CURVE('',#5968,#5969,#145,.T.);
#6355=EDGE_CURVE('',#5968,#5537,#152,.T.);
#6357=EDGE_CURVE('',#5537,#5539,#160,.T.);
#6359=EDGE_CURVE('',#5965,#5539,#167,.T.);
#6361=EDGE_CURVE('',#5964,#5965,#174,.T.);
#6363=EDGE_CURVE('',#5964,#5533,#181,.T.);
#6365=EDGE_CURVE('',#5533,#5535,#189,.T.);
#6367=EDGE_CURVE('',#5961,#5535,#196,.T.);
#6369=EDGE_CURVE('',#5960,#5961,#203,.T.);
#6371=EDGE_CURVE('',#5960,#5469,#210,.T.);
#6373=EDGE_CURVE('',#5469,#5471,#218,.T.);
#6375=EDGE_CURVE('',#5957,#5471,#225,.T.);
#6377=EDGE_CURVE('',#5956,#5957,#232,.T.);
#6379=EDGE_CURVE('',#5956,#5465,#239,.T.);
#6381=EDGE_CURVE('',#5465,#5467,#247,.T.);
#6383=EDGE_CURVE('',#5953,#5467,#254,.T.);
#6385=EDGE_CURVE('',#5952,#5953,#261,.T.);
#6387=EDGE_CURVE('',#5952,#5457,#268,.T.);
#6389=EDGE_CURVE('',#5457,#5459,#276,.T.);
#6391=EDGE_CURVE('',#5949,#5459,#283,.T.);
#6393=EDGE_CURVE('',#5948,#5949,#290,.T.);
#6395=EDGE_CURVE('',#5948,#5453,#297,.T.);
#6397=EDGE_CURVE('',#5453,#5455,#305,.T.);
#6399=EDGE_CURVE('',#5945,#5455,#312,.T.);
#6401=EDGE_CURVE('',#5944,#5945,#319,.T.);
#6403=EDGE_CURVE('',#5944,#5449,#326,.T.);
#6405=EDGE_CURVE('',#5449,#5451,#334,.T.);
#6407=EDGE_CURVE('',#5941,#5451,#341,.T.);
#6409=EDGE_CURVE('',#5940,#5941,#348,.T.);
#6411=EDGE_CURVE('',#5940,#5799,#355,.T.);
#6413=EDGE_CURVE('',#5933,#5799,#362,.T.);
#6415=EDGE_CURVE('',#5932,#5933,#369,.T.);
#6417=EDGE_CURVE('',#5932,#5705,#376,.T.);
#6419=EDGE_CURVE('',#5705,#5707,#384,.T.);
#6421=EDGE_CURVE('',#5929,#5707,#391,.T.);
#6423=EDGE_CURVE('',#5928,#5929,#398,.T.);
#6425=EDGE_CURVE('',#5928,#5709,#405,.T.);
#6427=EDGE_CURVE('',#5709,#5711,#413,.T.);
#6429=EDGE_CURVE('',#5925,#5711,#420,.T.);
#6431=EDGE_CURVE('',#5924,#5925,#427,.T.);
#6433=EDGE_CURVE('',#5924,#5713,#434,.T.);
#6435=EDGE_CURVE('',#5713,#5715,#442,.T.);
#6437=EDGE_CURVE('',#5921,#5715,#449,.T.);
#6439=EDGE_CURVE('',#5920,#5921,#456,.T.);
#6441=EDGE_CURVE('',#5920,#5717,#463,.T.);
#6443=EDGE_CURVE('',#5717,#5719,#471,.T.);
#6445=EDGE_CURVE('',#5917,#5719,#478,.T.);
#6447=EDGE_CURVE('',#5916,#5917,#485,.T.);
#6449=EDGE_CURVE('',#5916,#5721,#492,.T.);
#6451=EDGE_CURVE('',#5721,#5723,#500,.T.);
#6453=EDGE_CURVE('',#5913,#5723,#507,.T.);
#6455=EDGE_CURVE('',#5912,#5913,#514,.T.);
#6457=EDGE_CURVE('',#5912,#5725,#521,.T.);
#6459=EDGE_CURVE('',#5725,#5727,#529,.T.);
#6461=EDGE_CURVE('',#5909,#5727,#536,.T.);
#6463=EDGE_CURVE('',#5908,#5909,#543,.T.);
#6465=EDGE_CURVE('',#5908,#5729,#550,.T.);
#6467=EDGE_CURVE('',#5729,#5731,#558,.T.);
#6469=EDGE_CURVE('',#5905,#5731,#565,.T.);
#6471=EDGE_CURVE('',#5904,#5905,#572,.T.);
#6473=EDGE_CURVE('',#5904,#5733,#579,.T.);
#6475=EDGE_CURVE('',#5733,#5735,#587,.T.);
#6477=EDGE_CURVE('',#5901,#5735,#594,.T.);
#6479=EDGE_CURVE('',#5900,#5901,#601,.T.);
#6481=EDGE_CURVE('',#5900,#5807,#608,.T.);
#6483=EDGE_CURVE('',#5893,#5807,#615,.T.);
#6485=EDGE_CURVE('',#5892,#5893,#622,.T.);
#6487=EDGE_CURVE('',#5892,#5375,#629,.T.);
#6489=EDGE_CURVE('',#5373,#5375,#637,.T.);
#6491=EDGE_CURVE('',#5889,#5373,#644,.T.);
#6493=EDGE_CURVE('',#5888,#5889,#651,.T.);
#6495=EDGE_CURVE('',#5888,#5379,#658,.T.);
#6497=EDGE_CURVE('',#5377,#5379,#666,.T.);
#6499=EDGE_CURVE('',#5885,#5377,#673,.T.);
#6501=EDGE_CURVE('',#5884,#5885,#680,.T.);
#6503=EDGE_CURVE('',#5884,#5383,#687,.T.);
#6505=EDGE_CURVE('',#5381,#5383,#695,.T.);
#6507=EDGE_CURVE('',#5881,#5381,#702,.T.);
#6509=EDGE_CURVE('',#5880,#5881,#709,.T.);
#6511=EDGE_CURVE('',#5880,#5387,#716,.T.);
#6513=EDGE_CURVE('',#5385,#5387,#724,.T.);
#6515=EDGE_CURVE('',#5877,#5385,#731,.T.);
#6517=EDGE_CURVE('',#5876,#5877,#738,.T.);
#6519=EDGE_CURVE('',#5876,#5391,#745,.T.);
#6521=EDGE_CURVE('',#5389,#5391,#753,.T.);
#6523=EDGE_CURVE('',#5873,#5389,#760,.T.);
#6525=EDGE_CURVE('',#5872,#5873,#767,.T.);
#6527=EDGE_CURVE('',#5872,#5523,#774,.T.);
#6529=EDGE_CURVE('',#5521,#5523,#782,.T.);
#6531=EDGE_CURVE('',#5869,#5521,#789,.T.);
#6533=EDGE_CURVE('',#5868,#5869,#796,.T.);
#6535=EDGE_CURVE('',#5868,#5527,#803,.T.);
#6537=EDGE_CURVE('',#5525,#5527,#811,.T.);
#6539=EDGE_CURVE('',#5865,#5525,#818,.T.);
#6541=EDGE_CURVE('',#5864,#5865,#825,.T.);
#6543=EDGE_CURVE('',#5864,#5531,#832,.T.);
#6545=EDGE_CURVE('',#5529,#5531,#840,.T.);
#6547=EDGE_CURVE('',#5861,#5529,#847,.T.);
#6549=EDGE_CURVE('',#5860,#5861,#854,.T.);
#6551=EDGE_CURVE('',#5860,#5791,#861,.T.);
#6553=EDGE_CURVE('',#5853,#5791,#868,.T.);
#6555=EDGE_CURVE('',#5852,#5853,#875,.T.);
#6557=EDGE_CURVE('',#5852,#5703,#882,.T.);
#6559=EDGE_CURVE('',#5701,#5703,#890,.T.);
#6561=EDGE_CURVE('',#5849,#5701,#897,.T.);
#6563=EDGE_CURVE('',#5848,#5849,#904,.T.);
#6565=EDGE_CURVE('',#5848,#5699,#911,.T.);
#6567=EDGE_CURVE('',#5697,#5699,#919,.T.);
#6569=EDGE_CURVE('',#5845,#5697,#926,.T.);
#6571=EDGE_CURVE('',#5844,#5845,#933,.T.);
#6573=EDGE_CURVE('',#5844,#5695,#940,.T.);
#6575=EDGE_CURVE('',#5693,#5695,#948,.T.);
#6577=EDGE_CURVE('',#5841,#5693,#955,.T.);
#6579=EDGE_CURVE('',#5840,#5841,#962,.T.);
#6581=EDGE_CURVE('',#5840,#5691,#969,.T.);
#6583=EDGE_CURVE('',#5689,#5691,#977,.T.);
#6585=EDGE_CURVE('',#5837,#5689,#984,.T.);
#6587=EDGE_CURVE('',#5836,#5837,#991,.T.);
#6589=EDGE_CURVE('',#5836,#5687,#998,.T.);
#6591=EDGE_CURVE('',#5685,#5687,#1006,.T.);
#6593=EDGE_CURVE('',#5833,#5685,#1013,.T.);
#6595=EDGE_CURVE('',#5832,#5833,#1020,.T.);
#6597=EDGE_CURVE('',#5832,#5679,#1027,.T.);
#6599=EDGE_CURVE('',#5677,#5679,#1035,.T.);
#6601=EDGE_CURVE('',#5829,#5677,#1042,.T.);
#6603=EDGE_CURVE('',#5828,#5829,#1049,.T.);
#6605=EDGE_CURVE('',#5828,#5675,#1056,.T.);
#6607=EDGE_CURVE('',#5673,#5675,#1064,.T.);
#6609=EDGE_CURVE('',#5825,#5673,#1071,.T.);
#6611=EDGE_CURVE('',#5824,#5825,#1078,.T.);
#6613=EDGE_CURVE('',#5824,#5671,#1085,.T.);
#6615=EDGE_CURVE('',#5669,#5671,#1093,.T.);
#6617=EDGE_CURVE('',#5821,#5669,#1100,.T.);
#6621=EDGE_CURVE('',#5743,#5809,#31,.T.);
#6623=EDGE_CURVE('',#5809,#5811,#39,.T.);
#6625=EDGE_CURVE('',#5811,#5813,#46,.T.);
#6627=EDGE_CURVE('',#5813,#5741,#53,.T.);
#6629=EDGE_CURVE('',#5743,#5741,#60,.T.);
#6633=ADVANCED_FACE('',(#6620,#6632),#6338,.F.);
#6639=EDGE_CURVE('',#5856,#5857,#1107,.T.);
#6641=EDGE_CURVE('',#6311,#5856,#1114,.T.);
#6643=EDGE_CURVE('',#6311,#5789,#1121,.T.);
#6645=EDGE_CURVE('',#5857,#5789,#1128,.T.);
#6649=ADVANCED_FACE('',(#6648),#6638,.F.);
#6655=EDGE_CURVE('',#5896,#5897,#1135,.T.);
#6657=EDGE_CURVE('',#6313,#5896,#1142,.T.);
#6659=EDGE_CURVE('',#6313,#5805,#1149,.T.);
#6661=EDGE_CURVE('',#5897,#5805,#1156,.T.);
#6665=ADVANCED_FACE('',(#6664),#6654,.F.);
#6671=EDGE_CURVE('',#5936,#5937,#1163,.T.);
#6673=EDGE_CURVE('',#6315,#5936,#1170,.T.);
#6675=EDGE_CURVE('',#6315,#5797,#1177,.T.);
#6677=EDGE_CURVE('',#5937,#5797,#1184,.T.);
#6681=ADVANCED_FACE('',(#6680),#6670,.F.);
#6687=EDGE_CURVE('',#5743,#5737,#1191,.T.);
#6689=EDGE_CURVE('',#5737,#5371,#1282,.T.);
#6691=EDGE_CURVE('',#5371,#5809,#1226,.T.);
#6696=ADVANCED_FACE('',(#6695),#6686,.F.);
#6702=EDGE_CURVE('',#5741,#5739,#1205,.T.);
#6704=EDGE_CURVE('',#5737,#5739,#1198,.T.);
#6710=ADVANCED_FACE('',(#6709),#6701,.F.);
#6718=EDGE_CURVE('',#5369,#5813,#1212,.T.);
#6720=EDGE_CURVE('',#5369,#5739,#1261,.T.);
#6724=ADVANCED_FACE('',(#6723),#6715,.F.);
#6731=EDGE_CURVE('',#5368,#5811,#1219,.T.);
#6733=EDGE_CURVE('',#5368,#5369,#1268,.T.);
#6738=ADVANCED_FACE('',(#6737),#6729,.F.);
#6746=EDGE_CURVE('',#5371,#5368,#1275,.T.);
#6751=ADVANCED_FACE('',(#6750),#6743,.F.);
#6757=EDGE_CURVE('',#5332,#5333,#1233,.T.);
#6759=EDGE_CURVE('',#5337,#5332,#1240,.T.);
#6761=EDGE_CURVE('',#5335,#5337,#1247,.T.);
#6763=EDGE_CURVE('',#5333,#5335,#1254,.T.);
#6774=ADVANCED_FACE('',(#6766,#6773),#6756,.T.);
#6781=EDGE_CURVE('',#5333,#5341,#1296,.T.);
#6783=EDGE_CURVE('',#5340,#5341,#1317,.T.);
#6785=EDGE_CURVE('',#5332,#5340,#1289,.T.);
#6789=ADVANCED_FACE('',(#6788),#6779,.F.);
#6796=EDGE_CURVE('',#5335,#5343,#1303,.T.);
#6798=EDGE_CURVE('',#5341,#5343,#1324,.T.);
#6803=ADVANCED_FACE('',(#6802),#6794,.F.);
#6810=EDGE_CURVE('',#5337,#5345,#1310,.T.);
#6812=EDGE_CURVE('',#5343,#5345,#1331,.T.);
#6817=ADVANCED_FACE('',(#6816),#6808,.F.);
#6825=EDGE_CURVE('',#5345,#5340,#1338,.T.);
#6830=ADVANCED_FACE('',(#6829),#6822,.F.);
#6842=ADVANCED_FACE('',(#6841),#6835,.F.);
#6849=EDGE_CURVE('',#5817,#6273,#1359,.T.);
#6851=EDGE_CURVE('',#6272,#6273,#1667,.T.);
#6853=EDGE_CURVE('',#5816,#6272,#1345,.T.);
#6857=ADVANCED_FACE('',(#6856),#6847,.F.);
#6864=EDGE_CURVE('',#5821,#6207,#5311,.T.);
#6866=EDGE_CURVE('',#6275,#6207,#1961,.T.);
#6868=EDGE_CURVE('',#5820,#6275,#4736,.T.);
#6872=ADVANCED_FACE('',(#6871),#6862,.F.);
#6879=EDGE_CURVE('',#5825,#6211,#5247,.T.);
#6881=EDGE_CURVE('',#6209,#6211,#1954,.T.);
#6883=EDGE_CURVE('',#5824,#6209,#5275,.T.);
#6887=ADVANCED_FACE('',(#6886),#6877,.F.);
#6894=EDGE_CURVE('',#5829,#6215,#5183,.T.);
#6896=EDGE_CURVE('',#6213,#6215,#1947,.T.);
#6898=EDGE_CURVE('',#5828,#6213,#5211,.T.);
#6902=ADVANCED_FACE('',(#6901),#6892,.F.);
#6909=EDGE_CURVE('',#5833,#6219,#5119,.T.);
#6911=EDGE_CURVE('',#6217,#6219,#1940,.T.);
#6913=EDGE_CURVE('',#5832,#6217,#5147,.T.);
#6917=ADVANCED_FACE('',(#6916),#6907,.F.);
#6924=EDGE_CURVE('',#5837,#6223,#5055,.T.);
#6926=EDGE_CURVE('',#6221,#6223,#1933,.T.);
#6928=EDGE_CURVE('',#5836,#6221,#5083,.T.);
#6932=ADVANCED_FACE('',(#6931),#6922,.F.);
#6939=EDGE_CURVE('',#5841,#6227,#4991,.T.);
#6941=EDGE_CURVE('',#6225,#6227,#1926,.T.);
#6943=EDGE_CURVE('',#5840,#6225,#5019,.T.);
#6947=ADVANCED_FACE('',(#6946),#6937,.F.);
#6954=EDGE_CURVE('',#5845,#6231,#4927,.T.);
#6956=EDGE_CURVE('',#6229,#6231,#1919,.T.);
#6958=EDGE_CURVE('',#5844,#6229,#4955,.T.);
#6962=ADVANCED_FACE('',(#6961),#6952,.F.);
#6969=EDGE_CURVE('',#5849,#6235,#4863,.T.);
#6971=EDGE_CURVE('',#6233,#6235,#1912,.T.);
#6973=EDGE_CURVE('',#5848,#6233,#4891,.T.);
#6977=ADVANCED_FACE('',(#6976),#6967,.F.);
#6984=EDGE_CURVE('',#5853,#6277,#2976,.T.);
#6986=EDGE_CURVE('',#6237,#6277,#1905,.T.);
#6988=EDGE_CURVE('',#5852,#6237,#4827,.T.);
#6992=ADVANCED_FACE('',(#6991),#6982,.F.);
#6998=EDGE_CURVE('',#6280,#6281,#1891,.T.);
#7000=EDGE_CURVE('',#6311,#6280,#2927,.T.);
#7003=EDGE_CURVE('',#5856,#6281,#2899,.T.);
#7007=ADVANCED_FACE('',(#7006),#6997,.F.);
#7013=EDGE_CURVE('',#6141,#5770,#1387,.T.);
#7015=EDGE_CURVE('',#6141,#6273,#1352,.T.);
#7019=EDGE_CURVE('',#5781,#5777,#4778,.T.);
#7021=EDGE_CURVE('',#5770,#5777,#4764,.T.);
#7025=ADVANCED_FACE('',(#7024),#7012,.F.);
#7031=EDGE_CURVE('',#6101,#6103,#1366,.T.);
#7033=EDGE_CURVE('',#6101,#5329,#1373,.T.);
#7035=EDGE_CURVE('',#5329,#5324,#2269,.T.);
#7037=EDGE_CURVE('',#5976,#5324,#1975,.T.);
#7039=EDGE_CURVE('',#6141,#5976,#1380,.T.);
#7042=EDGE_CURVE('',#5770,#5771,#1394,.T.);
#7044=EDGE_CURVE('',#6139,#5771,#1401,.T.);
#7046=EDGE_CURVE('',#6138,#6139,#1408,.T.);
#7048=EDGE_CURVE('',#6138,#5642,#1415,.T.);
#7050=EDGE_CURVE('',#5642,#5643,#1422,.T.);
#7052=EDGE_CURVE('',#6135,#5643,#1429,.T.);
#7054=EDGE_CURVE('',#6134,#6135,#1436,.T.);
#7056=EDGE_CURVE('',#6134,#5646,#1443,.T.);
#7058=EDGE_CURVE('',#5646,#5647,#1450,.T.);
#7060=EDGE_CURVE('',#6131,#5647,#1457,.T.);
#7062=EDGE_CURVE('',#6130,#6131,#1464,.T.);
#7064=EDGE_CURVE('',#6130,#5650,#1471,.T.);
#7066=EDGE_CURVE('',#5650,#5651,#1478,.T.);
#7068=EDGE_CURVE('',#6127,#5651,#1485,.T.);
#7070=EDGE_CURVE('',#6126,#6127,#1492,.T.);
#7072=EDGE_CURVE('',#6126,#5681,#1499,.T.);
#7074=EDGE_CURVE('',#5681,#5683,#1506,.T.);
#7076=EDGE_CURVE('',#6123,#5683,#1513,.T.);
#7078=EDGE_CURVE('',#6122,#6123,#1520,.T.);
#7080=EDGE_CURVE('',#6122,#5654,#1527,.T.);
#7082=EDGE_CURVE('',#5654,#5655,#1534,.T.);
#7084=EDGE_CURVE('',#6119,#5655,#1541,.T.);
#7086=EDGE_CURVE('',#6118,#6119,#1548,.T.);
#7088=EDGE_CURVE('',#6118,#5658,#1555,.T.);
#7090=EDGE_CURVE('',#5658,#5659,#1562,.T.);
#7092=EDGE_CURVE('',#6115,#5659,#1569,.T.);
#7094=EDGE_CURVE('',#6114,#6115,#1576,.T.);
#7096=EDGE_CURVE('',#6114,#5662,#1583,.T.);
#7098=EDGE_CURVE('',#5662,#5663,#1590,.T.);
#7100=EDGE_CURVE('',#6111,#5663,#1597,.T.);
#7102=EDGE_CURVE('',#6110,#6111,#1604,.T.);
#7104=EDGE_CURVE('',#6110,#5666,#1611,.T.);
#7106=EDGE_CURVE('',#5666,#5667,#1618,.T.);
#7108=EDGE_CURVE('',#6107,#5667,#1625,.T.);
#7110=EDGE_CURVE('',#6106,#6107,#1632,.T.);
#7112=EDGE_CURVE('',#6106,#5775,#1639,.T.);
#7114=EDGE_CURVE('',#5774,#5775,#1646,.T.);
#7116=EDGE_CURVE('',#6103,#5774,#1653,.T.);
#7120=ADVANCED_FACE('',(#7119),#7030,.T.);
#7126=EDGE_CURVE('',#5976,#5977,#1968,.T.);
#7128=EDGE_CURVE('',#6309,#5977,#4792,.T.);
#7130=EDGE_CURVE('',#6309,#6272,#1660,.T.);
#7137=ADVANCED_FACE('',(#7136),#7125,.F.);
#7143=EDGE_CURVE('',#5980,#5981,#2234,.T.);
#7145=EDGE_CURVE('',#5981,#6203,#4679,.T.);
#7147=EDGE_CURVE('',#6203,#6307,#1674,.T.);
#7149=EDGE_CURVE('',#5980,#6307,#4715,.T.);
#7153=ADVANCED_FACE('',(#7152),#7142,.F.);
#7159=EDGE_CURVE('',#5984,#5985,#2206,.T.);
#7161=EDGE_CURVE('',#5985,#6199,#4615,.T.);
#7163=EDGE_CURVE('',#6199,#6205,#1681,.T.);
#7165=EDGE_CURVE('',#6205,#5984,#4651,.T.);
#7169=ADVANCED_FACE('',(#7168),#7158,.F.);
#7175=EDGE_CURVE('',#5988,#5989,#2178,.T.);
#7177=EDGE_CURVE('',#5989,#6195,#4551,.T.);
#7179=EDGE_CURVE('',#6195,#6201,#1688,.T.);
#7181=EDGE_CURVE('',#6201,#5988,#4587,.T.);
#7185=ADVANCED_FACE('',(#7184),#7174,.F.);
#7191=EDGE_CURVE('',#5992,#5993,#2150,.T.);
#7193=EDGE_CURVE('',#5993,#6179,#4487,.T.);
#7195=EDGE_CURVE('',#6179,#6197,#1695,.T.);
#7197=EDGE_CURVE('',#6197,#5992,#4523,.T.);
#7201=ADVANCED_FACE('',(#7200),#7190,.F.);
#7207=EDGE_CURVE('',#5996,#5997,#2122,.T.);
#7209=EDGE_CURVE('',#5997,#6175,#4423,.T.);
#7211=EDGE_CURVE('',#6175,#6181,#1702,.T.);
#7213=EDGE_CURVE('',#6181,#5996,#4459,.T.);
#7217=ADVANCED_FACE('',(#7216),#7206,.F.);
#7223=EDGE_CURVE('',#6000,#6001,#2094,.T.);
#7225=EDGE_CURVE('',#6001,#6171,#4359,.T.);
#7227=EDGE_CURVE('',#6171,#6177,#1709,.T.);
#7229=EDGE_CURVE('',#6177,#6000,#4395,.T.);
#7233=ADVANCED_FACE('',(#7232),#7222,.F.);
#7239=EDGE_CURVE('',#6004,#6005,#2066,.T.);
#7241=EDGE_CURVE('',#6005,#6167,#4295,.T.);
#7243=EDGE_CURVE('',#6167,#6173,#1716,.T.);
#7245=EDGE_CURVE('',#6173,#6004,#4331,.T.);
#7249=ADVANCED_FACE('',(#7248),#7238,.F.);
#7255=EDGE_CURVE('',#6008,#6009,#2038,.T.);
#7257=EDGE_CURVE('',#6009,#6163,#4231,.T.);
#7259=EDGE_CURVE('',#6163,#6169,#1723,.T.);
#7261=EDGE_CURVE('',#6169,#6008,#4267,.T.);
#7265=ADVANCED_FACE('',(#7264),#7254,.F.);
#7271=EDGE_CURVE('',#6012,#6013,#2010,.T.);
#7273=EDGE_CURVE('',#6013,#6305,#4140,.T.);
#7275=EDGE_CURVE('',#6305,#6165,#1730,.T.);
#7277=EDGE_CURVE('',#6165,#6012,#4203,.T.);
#7281=ADVANCED_FACE('',(#7280),#7270,.F.);
#7287=EDGE_CURVE('',#6016,#6017,#1982,.T.);
#7289=EDGE_CURVE('',#6017,#6019,#2584,.T.);
#7291=EDGE_CURVE('',#6019,#6300,#4806,.T.);
#7293=EDGE_CURVE('',#6300,#6301,#1737,.T.);
#7295=EDGE_CURVE('',#6301,#6303,#1744,.T.);
#7297=EDGE_CURVE('',#6303,#6016,#4175,.T.);
#7301=ADVANCED_FACE('',(#7300),#7286,.F.);
#7307=EDGE_CURVE('',#6022,#6023,#2850,.T.);
#7309=EDGE_CURVE('',#6023,#6239,#4076,.T.);
#7311=EDGE_CURVE('',#6239,#6297,#1751,.T.);
#7313=EDGE_CURVE('',#6297,#6022,#4112,.T.);
#7317=ADVANCED_FACE('',(#7316),#7306,.F.);
#7323=EDGE_CURVE('',#6026,#6027,#2822,.T.);
#7325=EDGE_CURVE('',#6027,#6243,#4012,.T.);
#7327=EDGE_CURVE('',#6243,#6241,#1758,.T.);
#7329=EDGE_CURVE('',#6241,#6026,#4048,.T.);
#7333=ADVANCED_FACE('',(#7332),#7322,.F.);
#7339=EDGE_CURVE('',#6030,#6031,#2794,.T.);
#7341=EDGE_CURVE('',#6031,#6247,#3948,.T.);
#7343=EDGE_CURVE('',#6247,#6245,#1765,.T.);
#7345=EDGE_CURVE('',#6245,#6030,#3984,.T.);
#7349=ADVANCED_FACE('',(#7348),#7338,.F.);
#7355=EDGE_CURVE('',#6034,#6035,#2766,.T.);
#7357=EDGE_CURVE('',#6035,#6251,#3884,.T.);
#7359=EDGE_CURVE('',#6251,#6249,#1772,.T.);
#7361=EDGE_CURVE('',#6249,#6034,#3920,.T.);
#7365=ADVANCED_FACE('',(#7364),#7354,.F.);
#7371=EDGE_CURVE('',#6038,#6039,#2738,.T.);
#7373=EDGE_CURVE('',#6039,#6255,#3820,.T.);
#7375=EDGE_CURVE('',#6255,#6253,#1779,.T.);
#7377=EDGE_CURVE('',#6253,#6038,#3856,.T.);
#7381=ADVANCED_FACE('',(#7380),#7370,.F.);
#7387=EDGE_CURVE('',#6042,#6043,#2710,.T.);
#7389=EDGE_CURVE('',#6043,#6259,#3756,.T.);
#7391=EDGE_CURVE('',#6259,#6257,#1786,.T.);
#7393=EDGE_CURVE('',#6257,#6042,#3792,.T.);
#7397=ADVANCED_FACE('',(#7396),#7386,.F.);
#7403=EDGE_CURVE('',#6046,#6047,#2682,.T.);
#7405=EDGE_CURVE('',#6047,#6263,#3692,.T.);
#7407=EDGE_CURVE('',#6263,#6261,#1793,.T.);
#7409=EDGE_CURVE('',#6261,#6046,#3728,.T.);
#7413=ADVANCED_FACE('',(#7412),#7402,.F.);
#7419=EDGE_CURVE('',#6050,#6051,#2654,.T.);
#7421=EDGE_CURVE('',#6051,#6267,#3628,.T.);
#7423=EDGE_CURVE('',#6267,#6265,#1800,.T.);
#7425=EDGE_CURVE('',#6265,#6050,#3664,.T.);
#7429=ADVANCED_FACE('',(#7428),#7418,.F.);
#7435=EDGE_CURVE('',#6054,#6055,#2626,.T.);
#7437=EDGE_CURVE('',#6295,#6055,#3544,.T.);
#7439=EDGE_CURVE('',#6295,#6269,#1807,.T.);
#7441=EDGE_CURVE('',#6269,#6054,#3600,.T.);
#7445=ADVANCED_FACE('',(#7444),#7434,.F.);
#7451=EDGE_CURVE('',#6058,#6059,#2598,.T.);
#7453=EDGE_CURVE('',#6059,#6061,#2290,.T.);
#7455=EDGE_CURVE('',#6290,#6061,#3593,.T.);
#7457=EDGE_CURVE('',#6290,#6291,#1814,.T.);
#7459=EDGE_CURVE('',#6291,#6293,#1821,.T.);
#7461=EDGE_CURVE('',#6058,#6293,#2878,.T.);
#7465=ADVANCED_FACE('',(#7464),#7450,.F.);
#7471=EDGE_CURVE('',#6064,#6065,#2556,.T.);
#7473=EDGE_CURVE('',#6145,#6065,#3473,.T.);
#7475=EDGE_CURVE('',#6145,#6287,#1828,.T.);
#7477=EDGE_CURVE('',#6064,#6287,#3516,.T.);
#7481=ADVANCED_FACE('',(#7480),#7470,.F.);
#7487=EDGE_CURVE('',#6068,#6069,#2528,.T.);
#7489=EDGE_CURVE('',#6149,#6069,#3409,.T.);
#7491=EDGE_CURVE('',#6149,#6143,#1835,.T.);
#7493=EDGE_CURVE('',#6068,#6143,#3452,.T.);
#7497=ADVANCED_FACE('',(#7496),#7486,.F.);
#7503=EDGE_CURVE('',#6072,#6073,#2500,.T.);
#7505=EDGE_CURVE('',#6153,#6073,#3345,.T.);
#7507=EDGE_CURVE('',#6153,#6147,#1842,.T.);
#7509=EDGE_CURVE('',#6072,#6147,#3388,.T.);
#7513=ADVANCED_FACE('',(#7512),#7502,.F.);
#7519=EDGE_CURVE('',#6076,#6077,#2472,.T.);
#7521=EDGE_CURVE('',#6157,#6077,#3281,.T.);
#7523=EDGE_CURVE('',#6157,#6151,#1849,.T.);
#7525=EDGE_CURVE('',#6076,#6151,#3324,.T.);
#7529=ADVANCED_FACE('',(#7528),#7518,.F.);
#7535=EDGE_CURVE('',#6080,#6081,#2444,.T.);
#7537=EDGE_CURVE('',#6161,#6081,#3217,.T.);
#7539=EDGE_CURVE('',#6161,#6155,#1856,.T.);
#7541=EDGE_CURVE('',#6080,#6155,#3260,.T.);
#7545=ADVANCED_FACE('',(#7544),#7534,.F.);
#7551=EDGE_CURVE('',#6084,#6085,#2416,.T.);
#7553=EDGE_CURVE('',#6185,#6085,#3153,.T.);
#7555=EDGE_CURVE('',#6185,#6159,#1863,.T.);
#7557=EDGE_CURVE('',#6084,#6159,#3196,.T.);
#7561=ADVANCED_FACE('',(#7560),#7550,.F.);
#7567=EDGE_CURVE('',#6088,#6089,#2388,.T.);
#7569=EDGE_CURVE('',#6189,#6089,#3089,.T.);
#7571=EDGE_CURVE('',#6189,#6183,#1870,.T.);
#7573=EDGE_CURVE('',#6088,#6183,#3132,.T.);
#7577=ADVANCED_FACE('',(#7576),#7566,.F.);
#7583=EDGE_CURVE('',#6092,#6093,#2360,.T.);
#7585=EDGE_CURVE('',#6193,#6093,#3025,.T.);
#7587=EDGE_CURVE('',#6193,#6187,#1877,.T.);
#7589=EDGE_CURVE('',#6092,#6187,#3068,.T.);
#7593=ADVANCED_FACE('',(#7592),#7582,.F.);
#7599=EDGE_CURVE('',#6096,#6097,#2332,.T.);
#7601=EDGE_CURVE('',#6097,#6285,#2997,.T.);
#7603=EDGE_CURVE('',#6285,#6191,#1884,.T.);
#7605=EDGE_CURVE('',#6096,#6191,#3004,.T.);
#7609=ADVANCED_FACE('',(#7608),#7598,.F.);
#7615=EDGE_CURVE('',#6100,#6101,#2304,.T.);
#7618=EDGE_CURVE('',#6103,#6280,#2934,.T.);
#7621=EDGE_CURVE('',#6281,#6283,#1898,.T.);
#7623=EDGE_CURVE('',#6283,#6100,#2906,.T.);
#7627=ADVANCED_FACE('',(#7626),#7614,.F.);
#7634=EDGE_CURVE('',#6237,#6107,#4813,.T.);
#7637=EDGE_CURVE('',#6277,#6106,#2969,.T.);
#7641=ADVANCED_FACE('',(#7640),#7632,.F.);
#7648=EDGE_CURVE('',#6233,#6111,#4877,.T.);
#7651=EDGE_CURVE('',#6110,#6235,#4856,.T.);
#7655=ADVANCED_FACE('',(#7654),#7646,.F.);
#7662=EDGE_CURVE('',#6229,#6115,#4941,.T.);
#7665=EDGE_CURVE('',#6114,#6231,#4920,.T.);
#7669=ADVANCED_FACE('',(#7668),#7660,.F.);
#7676=EDGE_CURVE('',#6225,#6119,#5005,.T.);
#7679=EDGE_CURVE('',#6118,#6227,#4984,.T.);
#7683=ADVANCED_FACE('',(#7682),#7674,.F.);
#7690=EDGE_CURVE('',#6221,#6123,#5069,.T.);
#7693=EDGE_CURVE('',#6122,#6223,#5048,.T.);
#7697=ADVANCED_FACE('',(#7696),#7688,.F.);
#7704=EDGE_CURVE('',#6217,#6127,#5133,.T.);
#7707=EDGE_CURVE('',#6126,#6219,#5112,.T.);
#7711=ADVANCED_FACE('',(#7710),#7702,.F.);
#7718=EDGE_CURVE('',#6213,#6131,#5197,.T.);
#7721=EDGE_CURVE('',#6130,#6215,#5176,.T.);
#7725=ADVANCED_FACE('',(#7724),#7716,.F.);
#7732=EDGE_CURVE('',#6209,#6135,#5261,.T.);
#7735=EDGE_CURVE('',#6134,#6211,#5240,.T.);
#7739=ADVANCED_FACE('',(#7738),#7730,.F.);
#7746=EDGE_CURVE('',#6275,#6139,#4743,.T.);
#7749=EDGE_CURVE('',#6138,#6207,#5304,.T.);
#7753=ADVANCED_FACE('',(#7752),#7744,.F.);
#7761=EDGE_CURVE('',#5324,#5325,#2262,.T.);
#7763=EDGE_CURVE('',#6017,#5325,#2591,.T.);
#7766=EDGE_CURVE('',#6016,#5750,#1989,.T.);
#7768=EDGE_CURVE('',#5750,#5751,#1996,.T.);
#7770=EDGE_CURVE('',#6013,#5751,#2003,.T.);
#7773=EDGE_CURVE('',#6012,#5414,#2017,.T.);
#7775=EDGE_CURVE('',#5414,#5415,#2024,.T.);
#7777=EDGE_CURVE('',#6009,#5415,#2031,.T.);
#7780=EDGE_CURVE('',#6008,#5418,#2045,.T.);
#7782=EDGE_CURVE('',#5418,#5419,#2052,.T.);
#7784=EDGE_CURVE('',#6005,#5419,#2059,.T.);
#7787=EDGE_CURVE('',#6004,#5422,#2073,.T.);
#7789=EDGE_CURVE('',#5422,#5423,#2080,.T.);
#7791=EDGE_CURVE('',#6001,#5423,#2087,.T.);
#7794=EDGE_CURVE('',#6000,#5463,#2101,.T.);
#7796=EDGE_CURVE('',#5463,#5461,#2108,.T.);
#7798=EDGE_CURVE('',#5997,#5461,#2115,.T.);
#7801=EDGE_CURVE('',#5996,#5426,#2129,.T.);
#7803=EDGE_CURVE('',#5426,#5427,#2136,.T.);
#7805=EDGE_CURVE('',#5993,#5427,#2143,.T.);
#7808=EDGE_CURVE('',#5992,#5498,#2157,.T.);
#7810=EDGE_CURVE('',#5498,#5499,#2164,.T.);
#7812=EDGE_CURVE('',#5989,#5499,#2171,.T.);
#7815=EDGE_CURVE('',#5988,#5502,#2185,.T.);
#7817=EDGE_CURVE('',#5502,#5503,#2192,.T.);
#7819=EDGE_CURVE('',#5985,#5503,#2199,.T.);
#7822=EDGE_CURVE('',#5984,#5506,#2213,.T.);
#7824=EDGE_CURVE('',#5506,#5507,#2220,.T.);
#7826=EDGE_CURVE('',#5981,#5507,#2227,.T.);
#7829=EDGE_CURVE('',#5980,#5747,#2241,.T.);
#7831=EDGE_CURVE('',#5746,#5747,#2248,.T.);
#7833=EDGE_CURVE('',#5977,#5746,#2255,.T.);
#7837=ADVANCED_FACE('',(#7836),#7758,.T.);
#7845=EDGE_CURVE('',#5327,#5329,#2276,.T.);
#7847=EDGE_CURVE('',#5325,#5327,#2283,.T.);
#7851=ADVANCED_FACE('',(#7850),#7842,.T.);
#7858=EDGE_CURVE('',#6059,#5327,#2297,.T.);
#7863=EDGE_CURVE('',#6100,#5762,#2311,.T.);
#7865=EDGE_CURVE('',#5762,#5763,#2318,.T.);
#7867=EDGE_CURVE('',#6097,#5763,#2325,.T.);
#7870=EDGE_CURVE('',#6096,#5519,#2339,.T.);
#7872=EDGE_CURVE('',#5518,#5519,#2346,.T.);
#7874=EDGE_CURVE('',#6093,#5518,#2353,.T.);
#7877=EDGE_CURVE('',#6092,#5515,#2367,.T.);
#7879=EDGE_CURVE('',#5514,#5515,#2374,.T.);
#7881=EDGE_CURVE('',#6089,#5514,#2381,.T.);
#7884=EDGE_CURVE('',#6088,#5511,#2395,.T.);
#7886=EDGE_CURVE('',#5510,#5511,#2402,.T.);
#7888=EDGE_CURVE('',#6085,#5510,#2409,.T.);
#7891=EDGE_CURVE('',#6084,#5443,#2423,.T.);
#7893=EDGE_CURVE('',#5442,#5443,#2430,.T.);
#7895=EDGE_CURVE('',#6081,#5442,#2437,.T.);
#7898=EDGE_CURVE('',#6080,#5445,#2451,.T.);
#7900=EDGE_CURVE('',#5447,#5445,#2458,.T.);
#7902=EDGE_CURVE('',#6077,#5447,#2465,.T.);
#7905=EDGE_CURVE('',#6076,#5439,#2479,.T.);
#7907=EDGE_CURVE('',#5438,#5439,#2486,.T.);
#7909=EDGE_CURVE('',#6073,#5438,#2493,.T.);
#7912=EDGE_CURVE('',#6072,#5435,#2507,.T.);
#7914=EDGE_CURVE('',#5434,#5435,#2514,.T.);
#7916=EDGE_CURVE('',#6069,#5434,#2521,.T.);
#7919=EDGE_CURVE('',#6068,#5431,#2535,.T.);
#7921=EDGE_CURVE('',#5430,#5431,#2542,.T.);
#7923=EDGE_CURVE('',#6065,#5430,#2549,.T.);
#7926=EDGE_CURVE('',#6064,#5767,#2563,.T.);
#7928=EDGE_CURVE('',#5766,#5767,#2570,.T.);
#7930=EDGE_CURVE('',#6061,#5766,#2577,.T.);
#7934=ADVANCED_FACE('',(#7933),#7856,.T.);
#7945=EDGE_CURVE('',#6058,#5758,#2605,.T.);
#7947=EDGE_CURVE('',#5758,#5759,#2612,.T.);
#7949=EDGE_CURVE('',#6055,#5759,#2619,.T.);
#7952=EDGE_CURVE('',#6054,#5639,#2633,.T.);
#7954=EDGE_CURVE('',#5638,#5639,#2640,.T.);
#7956=EDGE_CURVE('',#6051,#5638,#2647,.T.);
#7959=EDGE_CURVE('',#6050,#5635,#2661,.T.);
#7961=EDGE_CURVE('',#5634,#5635,#2668,.T.);
#7963=EDGE_CURVE('',#6047,#5634,#2675,.T.);
#7966=EDGE_CURVE('',#6046,#5631,#2689,.T.);
#7968=EDGE_CURVE('',#5630,#5631,#2696,.T.);
#7970=EDGE_CURVE('',#6043,#5630,#2703,.T.);
#7973=EDGE_CURVE('',#6042,#5627,#2717,.T.);
#7975=EDGE_CURVE('',#5626,#5627,#2724,.T.);
#7977=EDGE_CURVE('',#6039,#5626,#2731,.T.);
#7980=EDGE_CURVE('',#6038,#5623,#2745,.T.);
#7982=EDGE_CURVE('',#5622,#5623,#2752,.T.);
#7984=EDGE_CURVE('',#6035,#5622,#2759,.T.);
#7987=EDGE_CURVE('',#6034,#5619,#2773,.T.);
#7989=EDGE_CURVE('',#5618,#5619,#2780,.T.);
#7991=EDGE_CURVE('',#6031,#5618,#2787,.T.);
#7994=EDGE_CURVE('',#6030,#5615,#2801,.T.);
#7996=EDGE_CURVE('',#5614,#5615,#2808,.T.);
#7998=EDGE_CURVE('',#6027,#5614,#2815,.T.);
#8001=EDGE_CURVE('',#6026,#5611,#2829,.T.);
#8003=EDGE_CURVE('',#5610,#5611,#2836,.T.);
#8005=EDGE_CURVE('',#6023,#5610,#2843,.T.);
#8008=EDGE_CURVE('',#6022,#5755,#2857,.T.);
#8010=EDGE_CURVE('',#5754,#5755,#2864,.T.);
#8012=EDGE_CURVE('',#6019,#5754,#2871,.T.);
#8016=ADVANCED_FACE('',(#8015),#7939,.T.);
#8024=EDGE_CURVE('',#5897,#6293,#2885,.T.);
#8027=EDGE_CURVE('',#5805,#5801,#3579,.T.);
#8029=EDGE_CURVE('',#5758,#5801,#3551,.T.);
#8033=ADVANCED_FACE('',(#8032),#8021,.F.);
#8042=EDGE_CURVE('',#5896,#6291,#2892,.T.);
#8046=ADVANCED_FACE('',(#8045),#8038,.F.);
#8053=EDGE_CURVE('',#5901,#6269,#3607,.T.);
#8056=EDGE_CURVE('',#5900,#6295,#3537,.T.);
#8060=ADVANCED_FACE('',(#8059),#8051,.F.);
#8067=EDGE_CURVE('',#5905,#6265,#3671,.T.);
#8070=EDGE_CURVE('',#5904,#6267,#3635,.T.);
#8074=ADVANCED_FACE('',(#8073),#8065,.F.);
#8081=EDGE_CURVE('',#5909,#6261,#3735,.T.);
#8084=EDGE_CURVE('',#5908,#6263,#3699,.T.);
#8088=ADVANCED_FACE('',(#8087),#8079,.F.);
#8095=EDGE_CURVE('',#5913,#6257,#3799,.T.);
#8098=EDGE_CURVE('',#5912,#6259,#3763,.T.);
#8102=ADVANCED_FACE('',(#8101),#8093,.F.);
#8109=EDGE_CURVE('',#5917,#6253,#3863,.T.);
#8112=EDGE_CURVE('',#5916,#6255,#3827,.T.);
#8116=ADVANCED_FACE('',(#8115),#8107,.F.);
#8123=EDGE_CURVE('',#5921,#6249,#3927,.T.);
#8126=EDGE_CURVE('',#5920,#6251,#3891,.T.);
#8130=ADVANCED_FACE('',(#8129),#8121,.F.);
#8137=EDGE_CURVE('',#5925,#6245,#3991,.T.);
#8140=EDGE_CURVE('',#5924,#6247,#3955,.T.);
#8144=ADVANCED_FACE('',(#8143),#8135,.F.);
#8151=EDGE_CURVE('',#5929,#6241,#4055,.T.);
#8154=EDGE_CURVE('',#5928,#6243,#4019,.T.);
#8158=ADVANCED_FACE('',(#8157),#8149,.F.);
#8165=EDGE_CURVE('',#5933,#6297,#4119,.T.);
#8168=EDGE_CURVE('',#5932,#6239,#4083,.T.);
#8172=ADVANCED_FACE('',(#8171),#8163,.F.);
#8179=EDGE_CURVE('',#6315,#6300,#4799,.T.);
#8182=EDGE_CURVE('',#5936,#6301,#4196,.T.);
#8186=ADVANCED_FACE('',(#8185),#8177,.F.);
#8193=EDGE_CURVE('',#5857,#6283,#2913,.T.);
#8199=ADVANCED_FACE('',(#8198),#8191,.F.);
#8206=EDGE_CURVE('',#5861,#6191,#3011,.T.);
#8209=EDGE_CURVE('',#5860,#6285,#2990,.T.);
#8213=ADVANCED_FACE('',(#8212),#8204,.F.);
#8220=EDGE_CURVE('',#5865,#6187,#3075,.T.);
#8223=EDGE_CURVE('',#5864,#6193,#3039,.T.);
#8227=ADVANCED_FACE('',(#8226),#8218,.F.);
#8234=EDGE_CURVE('',#5869,#6183,#3139,.T.);
#8237=EDGE_CURVE('',#5868,#6189,#3103,.T.);
#8241=ADVANCED_FACE('',(#8240),#8232,.F.);
#8248=EDGE_CURVE('',#5873,#6159,#3203,.T.);
#8251=EDGE_CURVE('',#5872,#6185,#3167,.T.);
#8255=ADVANCED_FACE('',(#8254),#8246,.F.);
#8262=EDGE_CURVE('',#5877,#6155,#3267,.T.);
#8265=EDGE_CURVE('',#5876,#6161,#3231,.T.);
#8269=ADVANCED_FACE('',(#8268),#8260,.F.);
#8276=EDGE_CURVE('',#5881,#6151,#3331,.T.);
#8279=EDGE_CURVE('',#5880,#6157,#3295,.T.);
#8283=ADVANCED_FACE('',(#8282),#8274,.F.);
#8290=EDGE_CURVE('',#5885,#6147,#3395,.T.);
#8293=EDGE_CURVE('',#5884,#6153,#3359,.T.);
#8297=ADVANCED_FACE('',(#8296),#8288,.F.);
#8304=EDGE_CURVE('',#5889,#6143,#3459,.T.);
#8307=EDGE_CURVE('',#5888,#6149,#3423,.T.);
#8311=ADVANCED_FACE('',(#8310),#8302,.F.);
#8318=EDGE_CURVE('',#5893,#6287,#3523,.T.);
#8321=EDGE_CURVE('',#5892,#6145,#3487,.T.);
#8325=ADVANCED_FACE('',(#8324),#8316,.F.);
#8332=EDGE_CURVE('',#6313,#6290,#3586,.T.);
#8338=ADVANCED_FACE('',(#8337),#8330,.F.);
#8348=EDGE_CURVE('',#5789,#5785,#2920,.T.);
#8350=EDGE_CURVE('',#5785,#5762,#2941,.T.);
#8354=ADVANCED_FACE('',(#8353),#8343,.T.);
#8361=EDGE_CURVE('',#5774,#5785,#2948,.T.);
#8369=ADVANCED_FACE('',(#8368),#8359,.T.);
#8379=EDGE_CURVE('',#5787,#5775,#2955,.T.);
#8381=EDGE_CURVE('',#5763,#5787,#2962,.T.);
#8385=ADVANCED_FACE('',(#8384),#8374,.T.);
#8395=EDGE_CURVE('',#5791,#5787,#2983,.T.);
#8400=ADVANCED_FACE('',(#8399),#8390,.T.);
#8414=ADVANCED_FACE('',(#8413),#8405,.T.);
#8423=EDGE_CURVE('',#5529,#5482,#3018,.T.);
#8425=EDGE_CURVE('',#5519,#5482,#3046,.T.);
#8430=ADVANCED_FACE('',(#8429),#8419,.F.);
#8438=EDGE_CURVE('',#5531,#5483,#3032,.T.);
#8440=EDGE_CURVE('',#5482,#5483,#3054,.T.);
#8444=ADVANCED_FACE('',(#8443),#8435,.F.);
#8452=EDGE_CURVE('',#5483,#5518,#3061,.T.);
#8459=ADVANCED_FACE('',(#8458),#8449,.F.);
#8471=ADVANCED_FACE('',(#8470),#8464,.F.);
#8480=EDGE_CURVE('',#5525,#5478,#3082,.T.);
#8482=EDGE_CURVE('',#5515,#5478,#3110,.T.);
#8487=ADVANCED_FACE('',(#8486),#8476,.F.);
#8495=EDGE_CURVE('',#5527,#5479,#3096,.T.);
#8497=EDGE_CURVE('',#5478,#5479,#3118,.T.);
#8501=ADVANCED_FACE('',(#8500),#8492,.F.);
#8509=EDGE_CURVE('',#5479,#5514,#3125,.T.);
#8516=ADVANCED_FACE('',(#8515),#8506,.F.);
#8528=ADVANCED_FACE('',(#8527),#8521,.F.);
#8537=EDGE_CURVE('',#5521,#5474,#3146,.T.);
#8539=EDGE_CURVE('',#5511,#5474,#3174,.T.);
#8544=ADVANCED_FACE('',(#8543),#8533,.F.);
#8552=EDGE_CURVE('',#5523,#5475,#3160,.T.);
#8554=EDGE_CURVE('',#5474,#5475,#3182,.T.);
#8558=ADVANCED_FACE('',(#8557),#8549,.F.);
#8566=EDGE_CURVE('',#5475,#5510,#3189,.T.);
#8573=ADVANCED_FACE('',(#8572),#8563,.F.);
#8585=ADVANCED_FACE('',(#8584),#8578,.F.);
#8594=EDGE_CURVE('',#5389,#5364,#3210,.T.);
#8596=EDGE_CURVE('',#5443,#5364,#3238,.T.);
#8601=ADVANCED_FACE('',(#8600),#8590,.F.);
#8609=EDGE_CURVE('',#5391,#5365,#3224,.T.);
#8611=EDGE_CURVE('',#5364,#5365,#3246,.T.);
#8615=ADVANCED_FACE('',(#8614),#8606,.F.);
#8623=EDGE_CURVE('',#5365,#5442,#3253,.T.);
#8630=ADVANCED_FACE('',(#8629),#8620,.F.);
#8642=ADVANCED_FACE('',(#8641),#8635,.F.);
#8651=EDGE_CURVE('',#5385,#5360,#3274,.T.);
#8653=EDGE_CURVE('',#5445,#5360,#3302,.T.);
#8658=ADVANCED_FACE('',(#8657),#8647,.F.);
#8666=EDGE_CURVE('',#5387,#5361,#3288,.T.);
#8668=EDGE_CURVE('',#5360,#5361,#3310,.T.);
#8672=ADVANCED_FACE('',(#8671),#8663,.F.);
#8680=EDGE_CURVE('',#5361,#5447,#3317,.T.);
#8687=ADVANCED_FACE('',(#8686),#8677,.F.);
#8699=ADVANCED_FACE('',(#8698),#8692,.F.);
#8708=EDGE_CURVE('',#5381,#5356,#3338,.T.);
#8710=EDGE_CURVE('',#5439,#5356,#3366,.T.);
#8715=ADVANCED_FACE('',(#8714),#8704,.F.);
#8723=EDGE_CURVE('',#5383,#5357,#3352,.T.);
#8725=EDGE_CURVE('',#5356,#5357,#3374,.T.);
#8729=ADVANCED_FACE('',(#8728),#8720,.F.);
#8737=EDGE_CURVE('',#5357,#5438,#3381,.T.);
#8744=ADVANCED_FACE('',(#8743),#8734,.F.);
#8756=ADVANCED_FACE('',(#8755),#8749,.F.);
#8765=EDGE_CURVE('',#5377,#5352,#3402,.T.);
#8767=EDGE_CURVE('',#5435,#5352,#3430,.T.);
#8772=ADVANCED_FACE('',(#8771),#8761,.F.);
#8780=EDGE_CURVE('',#5379,#5353,#3416,.T.);
#8782=EDGE_CURVE('',#5352,#5353,#3438,.T.);
#8786=ADVANCED_FACE('',(#8785),#8777,.F.);
#8794=EDGE_CURVE('',#5353,#5434,#3445,.T.);
#8801=ADVANCED_FACE('',(#8800),#8791,.F.);
#8813=ADVANCED_FACE('',(#8812),#8806,.F.);
#8822=EDGE_CURVE('',#5373,#5348,#3466,.T.);
#8824=EDGE_CURVE('',#5431,#5348,#3494,.T.);
#8829=ADVANCED_FACE('',(#8828),#8818,.F.);
#8837=EDGE_CURVE('',#5375,#5349,#3480,.T.);
#8839=EDGE_CURVE('',#5348,#5349,#3502,.T.);
#8843=ADVANCED_FACE('',(#8842),#8834,.F.);
#8851=EDGE_CURVE('',#5349,#5430,#3509,.T.);
#8858=ADVANCED_FACE('',(#8857),#8848,.F.);
#8870=ADVANCED_FACE('',(#8869),#8863,.F.);
#8880=EDGE_CURVE('',#5807,#5803,#3530,.T.);
#8882=EDGE_CURVE('',#5767,#5803,#3565,.T.);
#8886=ADVANCED_FACE('',(#8885),#8875,.F.);
#8893=EDGE_CURVE('',#5803,#5759,#3572,.T.);
#8901=ADVANCED_FACE('',(#8900),#8891,.F.);
#8909=EDGE_CURVE('',#5801,#5766,#3558,.T.);
#8916=ADVANCED_FACE('',(#8915),#8906,.F.);
#8930=ADVANCED_FACE('',(#8929),#8921,.F.);
#8939=EDGE_CURVE('',#5735,#5607,#3614,.T.);
#8941=EDGE_CURVE('',#5607,#5639,#3642,.T.);
#8946=ADVANCED_FACE('',(#8945),#8935,.T.);
#8952=EDGE_CURVE('',#5733,#5606,#3621,.T.);
#8954=EDGE_CURVE('',#5606,#5607,#3650,.T.);
#8960=ADVANCED_FACE('',(#8959),#8951,.F.);
#8968=EDGE_CURVE('',#5638,#5606,#3657,.T.);
#8975=ADVANCED_FACE('',(#8974),#8965,.T.);
#8987=ADVANCED_FACE('',(#8986),#8980,.T.);
#8996=EDGE_CURVE('',#5731,#5603,#3678,.T.);
#8998=EDGE_CURVE('',#5603,#5635,#3706,.T.);
#9003=ADVANCED_FACE('',(#9002),#8992,.T.);
#9009=EDGE_CURVE('',#5729,#5602,#3685,.T.);
#9011=EDGE_CURVE('',#5602,#5603,#3714,.T.);
#9017=ADVANCED_FACE('',(#9016),#9008,.F.);
#9025=EDGE_CURVE('',#5634,#5602,#3721,.T.);
#9032=ADVANCED_FACE('',(#9031),#9022,.T.);
#9044=ADVANCED_FACE('',(#9043),#9037,.T.);
#9053=EDGE_CURVE('',#5727,#5599,#3742,.T.);
#9055=EDGE_CURVE('',#5599,#5631,#3770,.T.);
#9060=ADVANCED_FACE('',(#9059),#9049,.T.);
#9066=EDGE_CURVE('',#5725,#5598,#3749,.T.);
#9068=EDGE_CURVE('',#5598,#5599,#3778,.T.);
#9074=ADVANCED_FACE('',(#9073),#9065,.F.);
#9082=EDGE_CURVE('',#5630,#5598,#3785,.T.);
#9089=ADVANCED_FACE('',(#9088),#9079,.T.);
#9101=ADVANCED_FACE('',(#9100),#9094,.T.);
#9110=EDGE_CURVE('',#5723,#5595,#3806,.T.);
#9112=EDGE_CURVE('',#5595,#5627,#3834,.T.);
#9117=ADVANCED_FACE('',(#9116),#9106,.T.);
#9123=EDGE_CURVE('',#5721,#5594,#3813,.T.);
#9125=EDGE_CURVE('',#5594,#5595,#3842,.T.);
#9131=ADVANCED_FACE('',(#9130),#9122,.F.);
#9139=EDGE_CURVE('',#5626,#5594,#3849,.T.);
#9146=ADVANCED_FACE('',(#9145),#9136,.T.);
#9158=ADVANCED_FACE('',(#9157),#9151,.T.);
#9167=EDGE_CURVE('',#5719,#5591,#3870,.T.);
#9169=EDGE_CURVE('',#5591,#5623,#3898,.T.);
#9174=ADVANCED_FACE('',(#9173),#9163,.T.);
#9180=EDGE_CURVE('',#5717,#5590,#3877,.T.);
#9182=EDGE_CURVE('',#5590,#5591,#3906,.T.);
#9188=ADVANCED_FACE('',(#9187),#9179,.F.);
#9196=EDGE_CURVE('',#5622,#5590,#3913,.T.);
#9203=ADVANCED_FACE('',(#9202),#9193,.T.);
#9215=ADVANCED_FACE('',(#9214),#9208,.T.);
#9224=EDGE_CURVE('',#5715,#5587,#3934,.T.);
#9226=EDGE_CURVE('',#5587,#5619,#3962,.T.);
#9231=ADVANCED_FACE('',(#9230),#9220,.T.);
#9237=EDGE_CURVE('',#5713,#5586,#3941,.T.);
#9239=EDGE_CURVE('',#5586,#5587,#3970,.T.);
#9245=ADVANCED_FACE('',(#9244),#9236,.F.);
#9253=EDGE_CURVE('',#5618,#5586,#3977,.T.);
#9260=ADVANCED_FACE('',(#9259),#9250,.T.);
#9272=ADVANCED_FACE('',(#9271),#9265,.T.);
#9281=EDGE_CURVE('',#5711,#5583,#3998,.T.);
#9283=EDGE_CURVE('',#5583,#5615,#4026,.T.);
#9288=ADVANCED_FACE('',(#9287),#9277,.T.);
#9294=EDGE_CURVE('',#5709,#5582,#4005,.T.);
#9296=EDGE_CURVE('',#5582,#5583,#4034,.T.);
#9302=ADVANCED_FACE('',(#9301),#9293,.F.);
#9310=EDGE_CURVE('',#5614,#5582,#4041,.T.);
#9317=ADVANCED_FACE('',(#9316),#9307,.T.);
#9329=ADVANCED_FACE('',(#9328),#9322,.T.);
#9338=EDGE_CURVE('',#5707,#5579,#4062,.T.);
#9340=EDGE_CURVE('',#5579,#5611,#4090,.T.);
#9345=ADVANCED_FACE('',(#9344),#9334,.T.);
#9351=EDGE_CURVE('',#5705,#5578,#4069,.T.);
#9353=EDGE_CURVE('',#5578,#5579,#4098,.T.);
#9359=ADVANCED_FACE('',(#9358),#9350,.F.);
#9367=EDGE_CURVE('',#5610,#5578,#4105,.T.);
#9374=ADVANCED_FACE('',(#9373),#9364,.T.);
#9386=ADVANCED_FACE('',(#9385),#9379,.T.);
#9396=EDGE_CURVE('',#5799,#5795,#4126,.T.);
#9398=EDGE_CURVE('',#5795,#5755,#4161,.T.);
#9402=ADVANCED_FACE('',(#9401),#9391,.T.);
#9409=EDGE_CURVE('',#5751,#5795,#4168,.T.);
#9413=EDGE_CURVE('',#5940,#6305,#4133,.T.);
#9418=ADVANCED_FACE('',(#9417),#9407,.T.);
#9425=EDGE_CURVE('',#5793,#5750,#4147,.T.);
#9427=EDGE_CURVE('',#5754,#5793,#4154,.T.);
#9434=ADVANCED_FACE('',(#9433),#9423,.T.);
#9442=EDGE_CURVE('',#5937,#6303,#4182,.T.);
#9445=EDGE_CURVE('',#5797,#5793,#4189,.T.);
#9450=ADVANCED_FACE('',(#9449),#9439,.T.);
#9462=ADVANCED_FACE('',(#9461),#9455,.F.);
#9469=EDGE_CURVE('',#5941,#6165,#4210,.T.);
#9475=ADVANCED_FACE('',(#9474),#9467,.F.);
#9482=EDGE_CURVE('',#5945,#6169,#4274,.T.);
#9485=EDGE_CURVE('',#5944,#6163,#4238,.T.);
#9489=ADVANCED_FACE('',(#9488),#9480,.F.);
#9496=EDGE_CURVE('',#5949,#6173,#4338,.T.);
#9499=EDGE_CURVE('',#5948,#6167,#4302,.T.);
#9503=ADVANCED_FACE('',(#9502),#9494,.F.);
#9510=EDGE_CURVE('',#5953,#6177,#4402,.T.);
#9513=EDGE_CURVE('',#5952,#6171,#4366,.T.);
#9517=ADVANCED_FACE('',(#9516),#9508,.F.);
#9524=EDGE_CURVE('',#5957,#6181,#4466,.T.);
#9527=EDGE_CURVE('',#5956,#6175,#4430,.T.);
#9531=ADVANCED_FACE('',(#9530),#9522,.F.);
#9538=EDGE_CURVE('',#5961,#6197,#4530,.T.);
#9541=EDGE_CURVE('',#5960,#6179,#4494,.T.);
#9545=ADVANCED_FACE('',(#9544),#9536,.F.);
#9552=EDGE_CURVE('',#5965,#6201,#4594,.T.);
#9555=EDGE_CURVE('',#5964,#6195,#4558,.T.);
#9559=ADVANCED_FACE('',(#9558),#9550,.F.);
#9566=EDGE_CURVE('',#5969,#6205,#4658,.T.);
#9569=EDGE_CURVE('',#5968,#6199,#4622,.T.);
#9573=ADVANCED_FACE('',(#9572),#9564,.F.);
#9580=EDGE_CURVE('',#5973,#6307,#4722,.T.);
#9583=EDGE_CURVE('',#5972,#6203,#4686,.T.);
#9587=ADVANCED_FACE('',(#9586),#9578,.F.);
#9594=EDGE_CURVE('',#6317,#6309,#4785,.T.);
#9600=ADVANCED_FACE('',(#9599),#9592,.F.);
#9609=EDGE_CURVE('',#5451,#5395,#4217,.T.);
#9611=EDGE_CURVE('',#5395,#5414,#4245,.T.);
#9616=ADVANCED_FACE('',(#9615),#9605,.T.);
#9622=EDGE_CURVE('',#5449,#5394,#4224,.T.);
#9624=EDGE_CURVE('',#5394,#5395,#4253,.T.);
#9630=ADVANCED_FACE('',(#9629),#9621,.F.);
#9638=EDGE_CURVE('',#5415,#5394,#4260,.T.);
#9645=ADVANCED_FACE('',(#9644),#9635,.T.);
#9657=ADVANCED_FACE('',(#9656),#9650,.T.);
#9666=EDGE_CURVE('',#5455,#5399,#4281,.T.);
#9668=EDGE_CURVE('',#5399,#5418,#4309,.T.);
#9673=ADVANCED_FACE('',(#9672),#9662,.T.);
#9679=EDGE_CURVE('',#5453,#5398,#4288,.T.);
#9681=EDGE_CURVE('',#5398,#5399,#4317,.T.);
#9687=ADVANCED_FACE('',(#9686),#9678,.F.);
#9695=EDGE_CURVE('',#5419,#5398,#4324,.T.);
#9702=ADVANCED_FACE('',(#9701),#9692,.T.);
#9714=ADVANCED_FACE('',(#9713),#9707,.T.);
#9723=EDGE_CURVE('',#5459,#5403,#4345,.T.);
#9725=EDGE_CURVE('',#5403,#5422,#4373,.T.);
#9730=ADVANCED_FACE('',(#9729),#9719,.T.);
#9736=EDGE_CURVE('',#5457,#5402,#4352,.T.);
#9738=EDGE_CURVE('',#5402,#5403,#4381,.T.);
#9744=ADVANCED_FACE('',(#9743),#9735,.F.);
#9752=EDGE_CURVE('',#5423,#5402,#4388,.T.);
#9759=ADVANCED_FACE('',(#9758),#9749,.T.);
#9771=ADVANCED_FACE('',(#9770),#9764,.T.);
#9780=EDGE_CURVE('',#5467,#5407,#4409,.T.);
#9782=EDGE_CURVE('',#5407,#5463,#4444,.T.);
#9787=ADVANCED_FACE('',(#9786),#9776,.T.);
#9793=EDGE_CURVE('',#5465,#5406,#4416,.T.);
#9795=EDGE_CURVE('',#5406,#5407,#4452,.T.);
#9801=ADVANCED_FACE('',(#9800),#9792,.F.);
#9809=EDGE_CURVE('',#5461,#5406,#4437,.T.);
#9816=ADVANCED_FACE('',(#9815),#9806,.T.);
#9828=ADVANCED_FACE('',(#9827),#9821,.T.);
#9837=EDGE_CURVE('',#5471,#5411,#4473,.T.);
#9839=EDGE_CURVE('',#5411,#5426,#4501,.T.);
#9844=ADVANCED_FACE('',(#9843),#9833,.T.);
#9850=EDGE_CURVE('',#5469,#5410,#4480,.T.);
#9852=EDGE_CURVE('',#5410,#5411,#4509,.T.);
#9858=ADVANCED_FACE('',(#9857),#9849,.F.);
#9866=EDGE_CURVE('',#5427,#5410,#4516,.T.);
#9873=ADVANCED_FACE('',(#9872),#9863,.T.);
#9885=ADVANCED_FACE('',(#9884),#9878,.T.);
#9894=EDGE_CURVE('',#5535,#5487,#4537,.T.);
#9896=EDGE_CURVE('',#5487,#5498,#4565,.T.);
#9901=ADVANCED_FACE('',(#9900),#9890,.T.);
#9907=EDGE_CURVE('',#5533,#5486,#4544,.T.);
#9909=EDGE_CURVE('',#5486,#5487,#4573,.T.);
#9915=ADVANCED_FACE('',(#9914),#9906,.F.);
#9923=EDGE_CURVE('',#5499,#5486,#4580,.T.);
#9930=ADVANCED_FACE('',(#9929),#9920,.T.);
#9942=ADVANCED_FACE('',(#9941),#9935,.T.);
#9951=EDGE_CURVE('',#5539,#5491,#4601,.T.);
#9953=EDGE_CURVE('',#5491,#5502,#4629,.T.);
#9958=ADVANCED_FACE('',(#9957),#9947,.T.);
#9964=EDGE_CURVE('',#5537,#5490,#4608,.T.);
#9966=EDGE_CURVE('',#5490,#5491,#4637,.T.);
#9972=ADVANCED_FACE('',(#9971),#9963,.F.);
#9980=EDGE_CURVE('',#5503,#5490,#4644,.T.);
#9987=ADVANCED_FACE('',(#9986),#9977,.T.);
#9999=ADVANCED_FACE('',(#9998),#9992,.T.);
#10008=EDGE_CURVE('',#5543,#5495,#4665,.T.);
#10010=EDGE_CURVE('',#5495,#5506,#4693,.T.);
#10015=ADVANCED_FACE('',(#10014),#10004,.T.);
#10021=EDGE_CURVE('',#5541,#5494,#4672,.T.);
#10023=EDGE_CURVE('',#5494,#5495,#4701,.T.);
#10029=ADVANCED_FACE('',(#10028),#10020,.F.);
#10037=EDGE_CURVE('',#5507,#5494,#4708,.T.);
#10044=ADVANCED_FACE('',(#10043),#10034,.T.);
#10056=ADVANCED_FACE('',(#10055),#10049,.T.);
#10066=EDGE_CURVE('',#5783,#5779,#4729,.T.);
#10068=EDGE_CURVE('',#5747,#5779,#4750,.T.);
#10072=ADVANCED_FACE('',(#10071),#10061,.F.);
#10079=EDGE_CURVE('',#5779,#5771,#4757,.T.);
#10087=ADVANCED_FACE('',(#10086),#10077,.F.);
#10098=EDGE_CURVE('',#5777,#5746,#4771,.T.);
#10102=ADVANCED_FACE('',(#10101),#10092,.F.);
#10116=ADVANCED_FACE('',(#10115),#10107,.F.);
#10130=ADVANCED_FACE('',(#10129),#10121,.T.);
#10138=EDGE_CURVE('',#5575,#5667,#4849,.T.);
#10140=EDGE_CURVE('',#5703,#5575,#4820,.T.);
#10146=ADVANCED_FACE('',(#10145),#10135,.F.);
#10153=EDGE_CURVE('',#5666,#5574,#4834,.T.);
#10155=EDGE_CURVE('',#5574,#5575,#4842,.T.);
#10160=ADVANCED_FACE('',(#10159),#10151,.F.);
#10169=EDGE_CURVE('',#5701,#5574,#4870,.T.);
#10175=ADVANCED_FACE('',(#10174),#10165,.F.);
#10187=ADVANCED_FACE('',(#10186),#10180,.F.);
#10195=EDGE_CURVE('',#5571,#5663,#4913,.T.);
#10197=EDGE_CURVE('',#5699,#5571,#4884,.T.);
#10203=ADVANCED_FACE('',(#10202),#10192,.F.);
#10210=EDGE_CURVE('',#5662,#5570,#4898,.T.);
#10212=EDGE_CURVE('',#5570,#5571,#4906,.T.);
#10217=ADVANCED_FACE('',(#10216),#10208,.F.);
#10226=EDGE_CURVE('',#5697,#5570,#4934,.T.);
#10232=ADVANCED_FACE('',(#10231),#10222,.F.);
#10244=ADVANCED_FACE('',(#10243),#10237,.F.);
#10252=EDGE_CURVE('',#5567,#5659,#4977,.T.);
#10254=EDGE_CURVE('',#5695,#5567,#4948,.T.);
#10260=ADVANCED_FACE('',(#10259),#10249,.F.);
#10267=EDGE_CURVE('',#5658,#5566,#4962,.T.);
#10269=EDGE_CURVE('',#5566,#5567,#4970,.T.);
#10274=ADVANCED_FACE('',(#10273),#10265,.F.);
#10283=EDGE_CURVE('',#5693,#5566,#4998,.T.);
#10289=ADVANCED_FACE('',(#10288),#10279,.F.);
#10301=ADVANCED_FACE('',(#10300),#10294,.F.);
#10309=EDGE_CURVE('',#5563,#5655,#5041,.T.);
#10311=EDGE_CURVE('',#5691,#5563,#5012,.T.);
#10317=ADVANCED_FACE('',(#10316),#10306,.F.);
#10324=EDGE_CURVE('',#5654,#5562,#5026,.T.);
#10326=EDGE_CURVE('',#5562,#5563,#5034,.T.);
#10331=ADVANCED_FACE('',(#10330),#10322,.F.);
#10340=EDGE_CURVE('',#5689,#5562,#5062,.T.);
#10346=ADVANCED_FACE('',(#10345),#10336,.F.);
#10358=ADVANCED_FACE('',(#10357),#10351,.F.);
#10366=EDGE_CURVE('',#5559,#5683,#5105,.T.);
#10368=EDGE_CURVE('',#5687,#5559,#5076,.T.);
#10374=ADVANCED_FACE('',(#10373),#10363,.F.);
#10380=EDGE_CURVE('',#5681,#5558,#5090,.T.);
#10382=EDGE_CURVE('',#5558,#5559,#5098,.T.);
#10388=ADVANCED_FACE('',(#10387),#10379,.F.);
#10397=EDGE_CURVE('',#5685,#5558,#5126,.T.);
#10403=ADVANCED_FACE('',(#10402),#10393,.F.);
#10415=ADVANCED_FACE('',(#10414),#10408,.F.);
#10423=EDGE_CURVE('',#5555,#5651,#5169,.T.);
#10425=EDGE_CURVE('',#5679,#5555,#5140,.T.);
#10431=ADVANCED_FACE('',(#10430),#10420,.F.);
#10438=EDGE_CURVE('',#5650,#5554,#5154,.T.);
#10440=EDGE_CURVE('',#5554,#5555,#5162,.T.);
#10445=ADVANCED_FACE('',(#10444),#10436,.F.);
#10454=EDGE_CURVE('',#5677,#5554,#5190,.T.);
#10460=ADVANCED_FACE('',(#10459),#10450,.F.);
#10472=ADVANCED_FACE('',(#10471),#10465,.F.);
#10480=EDGE_CURVE('',#5551,#5647,#5233,.T.);
#10482=EDGE_CURVE('',#5675,#5551,#5204,.T.);
#10488=ADVANCED_FACE('',(#10487),#10477,.F.);
#10495=EDGE_CURVE('',#5646,#5550,#5218,.T.);
#10497=EDGE_CURVE('',#5550,#5551,#5226,.T.);
#10502=ADVANCED_FACE('',(#10501),#10493,.F.);
#10511=EDGE_CURVE('',#5673,#5550,#5254,.T.);
#10517=ADVANCED_FACE('',(#10516),#10507,.F.);
#10529=ADVANCED_FACE('',(#10528),#10522,.F.);
#10537=EDGE_CURVE('',#5547,#5643,#5297,.T.);
#10539=EDGE_CURVE('',#5671,#5547,#5268,.T.);
#10545=ADVANCED_FACE('',(#10544),#10534,.F.);
#10552=EDGE_CURVE('',#5642,#5546,#5282,.T.);
#10554=EDGE_CURVE('',#5546,#5547,#5290,.T.);
#10559=ADVANCED_FACE('',(#10558),#10550,.F.);
#10568=EDGE_CURVE('',#5669,#5546,#5318,.T.);
#10574=ADVANCED_FACE('',(#10573),#10564,.F.);
#10586=ADVANCED_FACE('',(#10585),#10579,.F.);
#10595=(LENGTH_UNIT()NAMED_UNIT(*)SI_UNIT(.MILLI.,.METRE.));
#10596=(NAMED_UNIT(*)PLANE_ANGLE_UNIT()SI_UNIT($,.RADIAN.));
#10599=(NAMED_UNIT(*)SI_UNIT($,.STERADIAN.)SOLID_ANGLE_UNIT());
#10601=(GEOMETRIC_REPRESENTATION_CONTEXT(3)GLOBAL_UNCERTAINTY_ASSIGNED_CONTEXT((
#10600))GLOBAL_UNIT_ASSIGNED_CONTEXT((#10595,#10598,#10599))REPRESENTATION_CONTEXT('ID1','3'));
#10605=AXIS2_PLACEMENT_3D('',#10602,#10603,#10604);
#10606=ADVANCED_BREP_SHAPE_REPRESENTATION('',(#10605,#10588),#10601);
#10613=PRODUCT_DEFINITION('part definition','',#10612,#10609);
#10614=PRODUCT_DEFINITION_SHAPE('','SHAPE FOR BODY-QFN_AF0.',#10613);
#10615=SHAPE_ASPECT('','solid data associated with BODY-QFN_AF0',#10614,.F.);
#10616=PROPERTY_DEFINITION('',
'shape for solid data with which properties are associated',#10615);
#10617=SHAPE_REPRESENTATION('',(#10588),#10601);
#10618=SHAPE_DEFINITION_REPRESENTATION(#10616,#10617);
#10619=(LENGTH_UNIT()NAMED_UNIT(*)SI_UNIT(.MILLI.,.METRE.));
#10623=PROPERTY_DEFINITION('geometric validation property',
'area of BODY-QFN_AF0',#10615);
#10624=REPRESENTATION('surface area',(#10622),#10601);
#10625=PROPERTY_DEFINITION_REPRESENTATION(#10623,#10624);
#10626=(LENGTH_UNIT()NAMED_UNIT(*)SI_UNIT(.MILLI.,.METRE.));
#10630=PROPERTY_DEFINITION('geometric validation property',
'volume of BODY-QFN_AF0',#10615);
#10631=REPRESENTATION('volume',(#10629),#10601);
#10632=PROPERTY_DEFINITION_REPRESENTATION(#10630,#10631);
#10634=PROPERTY_DEFINITION('geometric validation property',
'centroid of BODY-QFN_AF0',#10615);
#10635=REPRESENTATION('centroid',(#10633),#10601);
#10636=PROPERTY_DEFINITION_REPRESENTATION(#10634,#10635);
#10637=(LENGTH_UNIT()NAMED_UNIT(*)SI_UNIT(.MILLI.,.METRE.));
#10641=PROPERTY_DEFINITION('geometric validation property',
'area of BODY-QFN_AF0',#10614);
#10642=REPRESENTATION('surface area',(#10640),#10601);
#10643=PROPERTY_DEFINITION_REPRESENTATION(#10641,#10642);
#10644=(LENGTH_UNIT()NAMED_UNIT(*)SI_UNIT(.MILLI.,.METRE.));
#10648=PROPERTY_DEFINITION('geometric validation property',
'volume of BODY-QFN_AF0',#10614);
#10649=REPRESENTATION('volume',(#10647),#10601);
#10650=PROPERTY_DEFINITION_REPRESENTATION(#10648,#10649);
#10652=PROPERTY_DEFINITION('geometric validation property',
'centroid of BODY-QFN_AF0',#10614);
#10653=REPRESENTATION('centroid',(#10651),#10601);
#10654=PROPERTY_DEFINITION_REPRESENTATION(#10652,#10653);
#10655=SHAPE_DEFINITION_REPRESENTATION(#10614,#10606);
#10656=SHAPE_DEFINITION_REPRESENTATION(#10657,#10658);
#10657=PRODUCT_DEFINITION_SHAPE('','SHAPE FOR RHB0032R_ASM.',#22171);
#10658=SHAPE_REPRESENTATION('',(#10668,#22124,#22152,#22166),#22162);
#10659=NEXT_ASSEMBLY_USAGE_OCCURRENCE('0','Next assembly relationship',
'BODY-QFN',#22171,#10613,$);
#10660=PRODUCT_DEFINITION_SHAPE('Placement #0',
'Placement of BODY-QFN_AF0 with respect to RHB0032R_ASM',#10659);
#10662=PROPERTY_DEFINITION('geometric validation property',
'centroid of BODY-QFN',#10660);
#10663=REPRESENTATION('centroid',(#10661),#10601);
#10664=PROPERTY_DEFINITION_REPRESENTATION(#10662,#10663);
#10903=EDGE_CURVE('',#10892,#10893,#10683,.T.);
#10905=EDGE_CURVE('',#10892,#10895,#10816,.T.);
#10907=EDGE_CURVE('',#10895,#10897,#10809,.T.);
#10909=EDGE_CURVE('',#10897,#10893,#10676,.T.);
#10913=ADVANCED_FACE('',(#10912),#10902,.T.);
#10920=EDGE_CURVE('',#10887,#10893,#10725,.T.);
#10922=EDGE_CURVE('',#10887,#10881,#10690,.T.);
#10924=EDGE_CURVE('',#10881,#10892,#10823,.T.);
#10928=ADVANCED_FACE('',(#10927),#10918,.T.);
#10934=EDGE_CURVE('',#10864,#10865,#10697,.T.);
#10936=EDGE_CURVE('',#10865,#10867,#10704,.T.);
#10938=EDGE_CURVE('',#10867,#10869,#10711,.T.);
#10940=EDGE_CURVE('',#10869,#10864,#10718,.T.);
#10946=EDGE_CURVE('',#10897,#10889,#10732,.T.);
#10948=EDGE_CURVE('',#10889,#10886,#10739,.T.);
#10950=EDGE_CURVE('',#10886,#10887,#10746,.T.);
#10954=ADVANCED_FACE('',(#10943,#10953),#10933,.F.);
#10961=EDGE_CURVE('',#10864,#10872,#10753,.T.);
#10963=EDGE_CURVE('',#10872,#10873,#10781,.T.);
#10965=EDGE_CURVE('',#10865,#10873,#10774,.T.);
#10969=ADVANCED_FACE('',(#10968),#10959,.T.);
#10976=EDGE_CURVE('',#10869,#10877,#10760,.T.);
#10978=EDGE_CURVE('',#10877,#10872,#10788,.T.);
#10983=ADVANCED_FACE('',(#10982),#10974,.T.);
#10990=EDGE_CURVE('',#10867,#10875,#10767,.T.);
#10992=EDGE_CURVE('',#10875,#10877,#10795,.T.);
#10997=ADVANCED_FACE('',(#10996),#10988,.T.);
#11005=EDGE_CURVE('',#10873,#10875,#10802,.T.);
#11010=ADVANCED_FACE('',(#11009),#11002,.T.);
#11022=ADVANCED_FACE('',(#11021),#11015,.T.);
#11029=EDGE_CURVE('',#10895,#10883,#10844,.T.);
#11031=EDGE_CURVE('',#10889,#10883,#10858,.T.);
#11036=ADVANCED_FACE('',(#11035),#11027,.T.);
#11044=EDGE_CURVE('',#10880,#10881,#10830,.T.);
#11046=EDGE_CURVE('',#10883,#10880,#10837,.T.);
#11051=ADVANCED_FACE('',(#11050),#11041,.T.);
#11070=EDGE_CURVE('',#10886,#10880,#10851,.T.);
#11076=ADVANCED_FACE('',(#11075),#11068,.T.);
#11088=ADVANCED_FACE('',(#11087),#11081,.T.);
#11116=CIRCLE('',#11115,1.25E-1);
#11215=CIRCLE('',#11214,1.25E-1);
#11255=EDGE_CURVE('',#11240,#11241,#11101,.T.);
#11257=EDGE_CURVE('',#11241,#11228,#11108,.T.);
#11259=EDGE_CURVE('',#11228,#11229,#11116,.T.);
#11261=EDGE_CURVE('',#11229,#11240,#11123,.T.);
#11265=ADVANCED_FACE('',(#11264),#11254,.F.);
#11279=EDGE_CURVE('',#11240,#11248,#11137,.T.);
#11281=EDGE_CURVE('',#11245,#11248,#11151,.T.);
#11283=EDGE_CURVE('',#11241,#11245,#11172,.T.);
#11287=ADVANCED_FACE('',(#11286),#11277,.F.);
#11293=EDGE_CURVE('',#11248,#11249,#11130,.T.);
#11297=EDGE_CURVE('',#11229,#11235,#11144,.T.);
#11299=EDGE_CURVE('',#11235,#11237,#11207,.T.);
#11301=EDGE_CURVE('',#11249,#11237,#11186,.T.);
#11305=ADVANCED_FACE('',(#11304),#11292,.T.);
#11311=EDGE_CURVE('',#11244,#11245,#11158,.T.);
#11315=EDGE_CURVE('',#11249,#11244,#11179,.T.);
#11319=ADVANCED_FACE('',(#11318),#11310,.F.);
#11326=EDGE_CURVE('',#11244,#11232,#11165,.T.);
#11328=EDGE_CURVE('',#11232,#11233,#11193,.T.);
#11330=EDGE_CURVE('',#11228,#11233,#11222,.T.);
#11336=ADVANCED_FACE('',(#11335),#11324,.T.);
#11344=EDGE_CURVE('',#11237,#11232,#11200,.T.);
#11349=ADVANCED_FACE('',(#11348),#11341,.T.);
#11358=EDGE_CURVE('',#11233,#11235,#11215,.T.);
#11362=ADVANCED_FACE('',(#11361),#11354,.T.);
#11374=ADVANCED_FACE('',(#11373),#11367,.T.);
#11402=CIRCLE('',#11401,1.25E-1);
#11501=CIRCLE('',#11500,1.25E-1);
#11541=EDGE_CURVE('',#11526,#11527,#11387,.T.);
#11543=EDGE_CURVE('',#11527,#11514,#11394,.T.);
#11545=EDGE_CURVE('',#11514,#11515,#11402,.T.);
#11547=EDGE_CURVE('',#11515,#11526,#11409,.T.);
#11551=ADVANCED_FACE('',(#11550),#11540,.F.);
#11565=EDGE_CURVE('',#11526,#11534,#11423,.T.);
#11567=EDGE_CURVE('',#11531,#11534,#11437,.T.);
#11569=EDGE_CURVE('',#11527,#11531,#11458,.T.);
#11573=ADVANCED_FACE('',(#11572),#11563,.F.);
#11579=EDGE_CURVE('',#11534,#11535,#11416,.T.);
#11583=EDGE_CURVE('',#11515,#11521,#11430,.T.);
#11585=EDGE_CURVE('',#11521,#11523,#11493,.T.);
#11587=EDGE_CURVE('',#11535,#11523,#11472,.T.);
#11591=ADVANCED_FACE('',(#11590),#11578,.T.);
#11597=EDGE_CURVE('',#11530,#11531,#11444,.T.);
#11601=EDGE_CURVE('',#11535,#11530,#11465,.T.);
#11605=ADVANCED_FACE('',(#11604),#11596,.F.);
#11612=EDGE_CURVE('',#11530,#11518,#11451,.T.);
#11614=EDGE_CURVE('',#11518,#11519,#11479,.T.);
#11616=EDGE_CURVE('',#11514,#11519,#11508,.T.);
#11622=ADVANCED_FACE('',(#11621),#11610,.T.);
#11630=EDGE_CURVE('',#11523,#11518,#11486,.T.);
#11635=ADVANCED_FACE('',(#11634),#11627,.T.);
#11644=EDGE_CURVE('',#11519,#11521,#11501,.T.);
#11648=ADVANCED_FACE('',(#11647),#11640,.T.);
#11660=ADVANCED_FACE('',(#11659),#11653,.T.);
#11688=CIRCLE('',#11687,1.25E-1);
#11787=CIRCLE('',#11786,1.25E-1);
#11827=EDGE_CURVE('',#11812,#11813,#11673,.T.);
#11829=EDGE_CURVE('',#11813,#11800,#11680,.T.);
#11831=EDGE_CURVE('',#11800,#11801,#11688,.T.);
#11833=EDGE_CURVE('',#11801,#11812,#11695,.T.);
#11837=ADVANCED_FACE('',(#11836),#11826,.F.);
#11851=EDGE_CURVE('',#11812,#11820,#11709,.T.);
#11853=EDGE_CURVE('',#11817,#11820,#11723,.T.);
#11855=EDGE_CURVE('',#11813,#11817,#11744,.T.);
#11859=ADVANCED_FACE('',(#11858),#11849,.F.);
#11865=EDGE_CURVE('',#11820,#11821,#11702,.T.);
#11869=EDGE_CURVE('',#11801,#11807,#11716,.T.);
#11871=EDGE_CURVE('',#11807,#11809,#11779,.T.);
#11873=EDGE_CURVE('',#11821,#11809,#11758,.T.);
#11877=ADVANCED_FACE('',(#11876),#11864,.T.);
#11883=EDGE_CURVE('',#11816,#11817,#11730,.T.);
#11887=EDGE_CURVE('',#11821,#11816,#11751,.T.);
#11891=ADVANCED_FACE('',(#11890),#11882,.F.);
#11898=EDGE_CURVE('',#11816,#11804,#11737,.T.);
#11900=EDGE_CURVE('',#11804,#11805,#11765,.T.);
#11902=EDGE_CURVE('',#11800,#11805,#11794,.T.);
#11908=ADVANCED_FACE('',(#11907),#11896,.T.);
#11916=EDGE_CURVE('',#11809,#11804,#11772,.T.);
#11921=ADVANCED_FACE('',(#11920),#11913,.T.);
#11930=EDGE_CURVE('',#11805,#11807,#11787,.T.);
#11934=ADVANCED_FACE('',(#11933),#11926,.T.);
#11946=ADVANCED_FACE('',(#11945),#11939,.T.);
#11974=CIRCLE('',#11973,1.25E-1);
#12073=CIRCLE('',#12072,1.25E-1);
#12113=EDGE_CURVE('',#12098,#12099,#11959,.T.);
#12115=EDGE_CURVE('',#12099,#12086,#11966,.T.);
#12117=EDGE_CURVE('',#12086,#12087,#11974,.T.);
#12119=EDGE_CURVE('',#12087,#12098,#11981,.T.);
#12123=ADVANCED_FACE('',(#12122),#12112,.F.);
#12137=EDGE_CURVE('',#12098,#12106,#11995,.T.);
#12139=EDGE_CURVE('',#12103,#12106,#12009,.T.);
#12141=EDGE_CURVE('',#12099,#12103,#12030,.T.);
#12145=ADVANCED_FACE('',(#12144),#12135,.F.);
#12151=EDGE_CURVE('',#12106,#12107,#11988,.T.);
#12155=EDGE_CURVE('',#12087,#12093,#12002,.T.);
#12157=EDGE_CURVE('',#12093,#12095,#12065,.T.);
#12159=EDGE_CURVE('',#12107,#12095,#12044,.T.);
#12163=ADVANCED_FACE('',(#12162),#12150,.T.);
#12169=EDGE_CURVE('',#12102,#12103,#12016,.T.);
#12173=EDGE_CURVE('',#12107,#12102,#12037,.T.);
#12177=ADVANCED_FACE('',(#12176),#12168,.F.);
#12184=EDGE_CURVE('',#12102,#12090,#12023,.T.);
#12186=EDGE_CURVE('',#12090,#12091,#12051,.T.);
#12188=EDGE_CURVE('',#12086,#12091,#12080,.T.);
#12194=ADVANCED_FACE('',(#12193),#12182,.T.);
#12202=EDGE_CURVE('',#12095,#12090,#12058,.T.);
#12207=ADVANCED_FACE('',(#12206),#12199,.T.);
#12216=EDGE_CURVE('',#12091,#12093,#12073,.T.);
#12220=ADVANCED_FACE('',(#12219),#12212,.T.);
#12232=ADVANCED_FACE('',(#12231),#12225,.T.);
#12260=CIRCLE('',#12259,1.25E-1);
#12359=CIRCLE('',#12358,1.25E-1);
#12399=EDGE_CURVE('',#12384,#12385,#12245,.T.);
#12401=EDGE_CURVE('',#12385,#12372,#12252,.T.);
#12403=EDGE_CURVE('',#12372,#12373,#12260,.T.);
#12405=EDGE_CURVE('',#12373,#12384,#12267,.T.);
#12409=ADVANCED_FACE('',(#12408),#12398,.F.);
#12423=EDGE_CURVE('',#12384,#12392,#12281,.T.);
#12425=EDGE_CURVE('',#12389,#12392,#12295,.T.);
#12427=EDGE_CURVE('',#12385,#12389,#12316,.T.);
#12431=ADVANCED_FACE('',(#12430),#12421,.F.);
#12437=EDGE_CURVE('',#12392,#12393,#12274,.T.);
#12441=EDGE_CURVE('',#12373,#12379,#12288,.T.);
#12443=EDGE_CURVE('',#12379,#12381,#12351,.T.);
#12445=EDGE_CURVE('',#12393,#12381,#12330,.T.);
#12449=ADVANCED_FACE('',(#12448),#12436,.T.);
#12455=EDGE_CURVE('',#12388,#12389,#12302,.T.);
#12459=EDGE_CURVE('',#12393,#12388,#12323,.T.);
#12463=ADVANCED_FACE('',(#12462),#12454,.F.);
#12470=EDGE_CURVE('',#12388,#12376,#12309,.T.);
#12472=EDGE_CURVE('',#12376,#12377,#12337,.T.);
#12474=EDGE_CURVE('',#12372,#12377,#12366,.T.);
#12480=ADVANCED_FACE('',(#12479),#12468,.T.);
#12488=EDGE_CURVE('',#12381,#12376,#12344,.T.);
#12493=ADVANCED_FACE('',(#12492),#12485,.T.);
#12502=EDGE_CURVE('',#12377,#12379,#12359,.T.);
#12506=ADVANCED_FACE('',(#12505),#12498,.T.);
#12518=ADVANCED_FACE('',(#12517),#12511,.T.);
#12546=CIRCLE('',#12545,1.25E-1);
#12610=CIRCLE('',#12609,1.25E-1);
#12685=EDGE_CURVE('',#12670,#12671,#12531,.T.);
#12687=EDGE_CURVE('',#12659,#12670,#12538,.T.);
#12689=EDGE_CURVE('',#12658,#12659,#12546,.T.);
#12691=EDGE_CURVE('',#12671,#12658,#12553,.T.);
#12695=ADVANCED_FACE('',(#12694),#12684,.T.);
#12709=EDGE_CURVE('',#12671,#12675,#12567,.T.);
#12711=EDGE_CURVE('',#12678,#12675,#12581,.T.);
#12713=EDGE_CURVE('',#12670,#12678,#12652,.T.);
#12717=ADVANCED_FACE('',(#12716),#12707,.F.);
#12723=EDGE_CURVE('',#12674,#12675,#12560,.T.);
#12727=EDGE_CURVE('',#12658,#12663,#12631,.T.);
#12729=EDGE_CURVE('',#12662,#12663,#12602,.T.);
#12731=EDGE_CURVE('',#12674,#12662,#12574,.T.);
#12735=ADVANCED_FACE('',(#12734),#12722,.F.);
#12742=EDGE_CURVE('',#12679,#12674,#12588,.T.);
#12744=EDGE_CURVE('',#12678,#12679,#12638,.T.);
#12749=ADVANCED_FACE('',(#12748),#12740,.F.);
#12757=EDGE_CURVE('',#12667,#12662,#12624,.T.);
#12759=EDGE_CURVE('',#12679,#12667,#12595,.T.);
#12763=ADVANCED_FACE('',(#12762),#12754,.F.);
#12770=EDGE_CURVE('',#12663,#12665,#12610,.T.);
#12772=EDGE_CURVE('',#12665,#12667,#12617,.T.);
#12777=ADVANCED_FACE('',(#12776),#12768,.F.);
#12784=EDGE_CURVE('',#12659,#12665,#12645,.T.);
#12790=ADVANCED_FACE('',(#12789),#12782,.T.);
#12804=ADVANCED_FACE('',(#12803),#12795,.F.);
#12832=CIRCLE('',#12831,1.25E-1);
#12896=CIRCLE('',#12895,1.25E-1);
#12971=EDGE_CURVE('',#12956,#12957,#12817,.T.);
#12973=EDGE_CURVE('',#12945,#12956,#12824,.T.);
#12975=EDGE_CURVE('',#12944,#12945,#12832,.T.);
#12977=EDGE_CURVE('',#12957,#12944,#12839,.T.);
#12981=ADVANCED_FACE('',(#12980),#12970,.T.);
#12995=EDGE_CURVE('',#12957,#12961,#12853,.T.);
#12997=EDGE_CURVE('',#12964,#12961,#12867,.T.);
#12999=EDGE_CURVE('',#12956,#12964,#12938,.T.);
#13003=ADVANCED_FACE('',(#13002),#12993,.F.);
#13009=EDGE_CURVE('',#12960,#12961,#12846,.T.);
#13013=EDGE_CURVE('',#12944,#12949,#12917,.T.);
#13015=EDGE_CURVE('',#12948,#12949,#12888,.T.);
#13017=EDGE_CURVE('',#12960,#12948,#12860,.T.);
#13021=ADVANCED_FACE('',(#13020),#13008,.F.);
#13028=EDGE_CURVE('',#12965,#12960,#12874,.T.);
#13030=EDGE_CURVE('',#12964,#12965,#12924,.T.);
#13035=ADVANCED_FACE('',(#13034),#13026,.F.);
#13043=EDGE_CURVE('',#12953,#12948,#12910,.T.);
#13045=EDGE_CURVE('',#12965,#12953,#12881,.T.);
#13049=ADVANCED_FACE('',(#13048),#13040,.F.);
#13056=EDGE_CURVE('',#12949,#12951,#12896,.T.);
#13058=EDGE_CURVE('',#12951,#12953,#12903,.T.);
#13063=ADVANCED_FACE('',(#13062),#13054,.F.);
#13070=EDGE_CURVE('',#12945,#12951,#12931,.T.);
#13076=ADVANCED_FACE('',(#13075),#13068,.T.);
#13090=ADVANCED_FACE('',(#13089),#13081,.F.);
#13118=CIRCLE('',#13117,1.25E-1);
#13182=CIRCLE('',#13181,1.25E-1);
#13257=EDGE_CURVE('',#13242,#13243,#13103,.T.);
#13259=EDGE_CURVE('',#13231,#13242,#13110,.T.);
#13261=EDGE_CURVE('',#13230,#13231,#13118,.T.);
#13263=EDGE_CURVE('',#13243,#13230,#13125,.T.);
#13267=ADVANCED_FACE('',(#13266),#13256,.T.);
#13281=EDGE_CURVE('',#13243,#13247,#13139,.T.);
#13283=EDGE_CURVE('',#13250,#13247,#13153,.T.);
#13285=EDGE_CURVE('',#13242,#13250,#13224,.T.);
#13289=ADVANCED_FACE('',(#13288),#13279,.F.);
#13295=EDGE_CURVE('',#13246,#13247,#13132,.T.);
#13299=EDGE_CURVE('',#13230,#13235,#13203,.T.);
#13301=EDGE_CURVE('',#13234,#13235,#13174,.T.);
#13303=EDGE_CURVE('',#13246,#13234,#13146,.T.);
#13307=ADVANCED_FACE('',(#13306),#13294,.F.);
#13314=EDGE_CURVE('',#13251,#13246,#13160,.T.);
#13316=EDGE_CURVE('',#13250,#13251,#13210,.T.);
#13321=ADVANCED_FACE('',(#13320),#13312,.F.);
#13329=EDGE_CURVE('',#13239,#13234,#13196,.T.);
#13331=EDGE_CURVE('',#13251,#13239,#13167,.T.);
#13335=ADVANCED_FACE('',(#13334),#13326,.F.);
#13342=EDGE_CURVE('',#13235,#13237,#13182,.T.);
#13344=EDGE_CURVE('',#13237,#13239,#13189,.T.);
#13349=ADVANCED_FACE('',(#13348),#13340,.F.);
#13356=EDGE_CURVE('',#13231,#13237,#13217,.T.);
#13362=ADVANCED_FACE('',(#13361),#13354,.T.);
#13376=ADVANCED_FACE('',(#13375),#13367,.F.);
#13404=CIRCLE('',#13403,1.25E-1);
#13468=CIRCLE('',#13467,1.25E-1);
#13543=EDGE_CURVE('',#13528,#13529,#13389,.T.);
#13545=EDGE_CURVE('',#13517,#13528,#13396,.T.);
#13547=EDGE_CURVE('',#13516,#13517,#13404,.T.);
#13549=EDGE_CURVE('',#13529,#13516,#13411,.T.);
#13553=ADVANCED_FACE('',(#13552),#13542,.T.);
#13567=EDGE_CURVE('',#13529,#13533,#13425,.T.);
#13569=EDGE_CURVE('',#13536,#13533,#13439,.T.);
#13571=EDGE_CURVE('',#13528,#13536,#13510,.T.);
#13575=ADVANCED_FACE('',(#13574),#13565,.F.);
#13581=EDGE_CURVE('',#13532,#13533,#13418,.T.);
#13585=EDGE_CURVE('',#13516,#13521,#13489,.T.);
#13587=EDGE_CURVE('',#13520,#13521,#13460,.T.);
#13589=EDGE_CURVE('',#13532,#13520,#13432,.T.);
#13593=ADVANCED_FACE('',(#13592),#13580,.F.);
#13600=EDGE_CURVE('',#13537,#13532,#13446,.T.);
#13602=EDGE_CURVE('',#13536,#13537,#13496,.T.);
#13607=ADVANCED_FACE('',(#13606),#13598,.F.);
#13615=EDGE_CURVE('',#13525,#13520,#13482,.T.);
#13617=EDGE_CURVE('',#13537,#13525,#13453,.T.);
#13621=ADVANCED_FACE('',(#13620),#13612,.F.);
#13628=EDGE_CURVE('',#13521,#13523,#13468,.T.);
#13630=EDGE_CURVE('',#13523,#13525,#13475,.T.);
#13635=ADVANCED_FACE('',(#13634),#13626,.F.);
#13642=EDGE_CURVE('',#13517,#13523,#13503,.T.);
#13648=ADVANCED_FACE('',(#13647),#13640,.T.);
#13662=ADVANCED_FACE('',(#13661),#13653,.F.);
#13690=CIRCLE('',#13689,1.25E-1);
#13754=CIRCLE('',#13753,1.25E-1);
#13829=EDGE_CURVE('',#13814,#13815,#13675,.T.);
#13831=EDGE_CURVE('',#13803,#13814,#13682,.T.);
#13833=EDGE_CURVE('',#13802,#13803,#13690,.T.);
#13835=EDGE_CURVE('',#13815,#13802,#13697,.T.);
#13839=ADVANCED_FACE('',(#13838),#13828,.T.);
#13853=EDGE_CURVE('',#13815,#13819,#13711,.T.);
#13855=EDGE_CURVE('',#13822,#13819,#13725,.T.);
#13857=EDGE_CURVE('',#13814,#13822,#13796,.T.);
#13861=ADVANCED_FACE('',(#13860),#13851,.F.);
#13867=EDGE_CURVE('',#13818,#13819,#13704,.T.);
#13871=EDGE_CURVE('',#13802,#13807,#13775,.T.);
#13873=EDGE_CURVE('',#13806,#13807,#13746,.T.);
#13875=EDGE_CURVE('',#13818,#13806,#13718,.T.);
#13879=ADVANCED_FACE('',(#13878),#13866,.F.);
#13886=EDGE_CURVE('',#13823,#13818,#13732,.T.);
#13888=EDGE_CURVE('',#13822,#13823,#13782,.T.);
#13893=ADVANCED_FACE('',(#13892),#13884,.F.);
#13901=EDGE_CURVE('',#13811,#13806,#13768,.T.);
#13903=EDGE_CURVE('',#13823,#13811,#13739,.T.);
#13907=ADVANCED_FACE('',(#13906),#13898,.F.);
#13914=EDGE_CURVE('',#13807,#13809,#13754,.T.);
#13916=EDGE_CURVE('',#13809,#13811,#13761,.T.);
#13921=ADVANCED_FACE('',(#13920),#13912,.F.);
#13928=EDGE_CURVE('',#13803,#13809,#13789,.T.);
#13934=ADVANCED_FACE('',(#13933),#13926,.T.);
#13948=ADVANCED_FACE('',(#13947),#13939,.F.);
#13976=CIRCLE('',#13975,1.25E-1);
#14075=CIRCLE('',#14074,1.25E-1);
#14115=EDGE_CURVE('',#14100,#14101,#13961,.T.);
#14117=EDGE_CURVE('',#14101,#14088,#13968,.T.);
#14119=EDGE_CURVE('',#14088,#14089,#13976,.T.);
#14121=EDGE_CURVE('',#14089,#14100,#13983,.T.);
#14125=ADVANCED_FACE('',(#14124),#14114,.F.);
#14139=EDGE_CURVE('',#14100,#14108,#13997,.T.);
#14141=EDGE_CURVE('',#14105,#14108,#14011,.T.);
#14143=EDGE_CURVE('',#14101,#14105,#14032,.T.);
#14147=ADVANCED_FACE('',(#14146),#14137,.F.);
#14153=EDGE_CURVE('',#14108,#14109,#13990,.T.);
#14157=EDGE_CURVE('',#14089,#14095,#14004,.T.);
#14159=EDGE_CURVE('',#14095,#14097,#14067,.T.);
#14161=EDGE_CURVE('',#14109,#14097,#14046,.T.);
#14165=ADVANCED_FACE('',(#14164),#14152,.T.);
#14171=EDGE_CURVE('',#14104,#14105,#14018,.T.);
#14175=EDGE_CURVE('',#14109,#14104,#14039,.T.);
#14179=ADVANCED_FACE('',(#14178),#14170,.F.);
#14186=EDGE_CURVE('',#14104,#14092,#14025,.T.);
#14188=EDGE_CURVE('',#14092,#14093,#14053,.T.);
#14190=EDGE_CURVE('',#14088,#14093,#14082,.T.);
#14196=ADVANCED_FACE('',(#14195),#14184,.T.);
#14204=EDGE_CURVE('',#14097,#14092,#14060,.T.);
#14209=ADVANCED_FACE('',(#14208),#14201,.T.);
#14218=EDGE_CURVE('',#14093,#14095,#14075,.T.);
#14222=ADVANCED_FACE('',(#14221),#14214,.T.);
#14234=ADVANCED_FACE('',(#14233),#14227,.T.);
#14262=CIRCLE('',#14261,1.25E-1);
#14361=CIRCLE('',#14360,1.25E-1);
#14401=EDGE_CURVE('',#14386,#14387,#14247,.T.);
#14403=EDGE_CURVE('',#14387,#14374,#14254,.T.);
#14405=EDGE_CURVE('',#14374,#14375,#14262,.T.);
#14407=EDGE_CURVE('',#14375,#14386,#14269,.T.);
#14411=ADVANCED_FACE('',(#14410),#14400,.F.);
#14425=EDGE_CURVE('',#14386,#14394,#14283,.T.);
#14427=EDGE_CURVE('',#14391,#14394,#14297,.T.);
#14429=EDGE_CURVE('',#14387,#14391,#14318,.T.);
#14433=ADVANCED_FACE('',(#14432),#14423,.F.);
#14439=EDGE_CURVE('',#14394,#14395,#14276,.T.);
#14443=EDGE_CURVE('',#14375,#14381,#14290,.T.);
#14445=EDGE_CURVE('',#14381,#14383,#14353,.T.);
#14447=EDGE_CURVE('',#14395,#14383,#14332,.T.);
#14451=ADVANCED_FACE('',(#14450),#14438,.T.);
#14457=EDGE_CURVE('',#14390,#14391,#14304,.T.);
#14461=EDGE_CURVE('',#14395,#14390,#14325,.T.);
#14465=ADVANCED_FACE('',(#14464),#14456,.F.);
#14472=EDGE_CURVE('',#14390,#14378,#14311,.T.);
#14474=EDGE_CURVE('',#14378,#14379,#14339,.T.);
#14476=EDGE_CURVE('',#14374,#14379,#14368,.T.);
#14482=ADVANCED_FACE('',(#14481),#14470,.T.);
#14490=EDGE_CURVE('',#14383,#14378,#14346,.T.);
#14495=ADVANCED_FACE('',(#14494),#14487,.T.);
#14504=EDGE_CURVE('',#14379,#14381,#14361,.T.);
#14508=ADVANCED_FACE('',(#14507),#14500,.T.);
#14520=ADVANCED_FACE('',(#14519),#14513,.T.);
#14548=CIRCLE('',#14547,1.25E-1);
#14647=CIRCLE('',#14646,1.25E-1);
#14687=EDGE_CURVE('',#14672,#14673,#14533,.T.);
#14689=EDGE_CURVE('',#14673,#14660,#14540,.T.);
#14691=EDGE_CURVE('',#14660,#14661,#14548,.T.);
#14693=EDGE_CURVE('',#14661,#14672,#14555,.T.);
#14697=ADVANCED_FACE('',(#14696),#14686,.F.);
#14711=EDGE_CURVE('',#14672,#14680,#14569,.T.);
#14713=EDGE_CURVE('',#14677,#14680,#14583,.T.);
#14715=EDGE_CURVE('',#14673,#14677,#14604,.T.);
#14719=ADVANCED_FACE('',(#14718),#14709,.F.);
#14725=EDGE_CURVE('',#14680,#14681,#14562,.T.);
#14729=EDGE_CURVE('',#14661,#14667,#14576,.T.);
#14731=EDGE_CURVE('',#14667,#14669,#14639,.T.);
#14733=EDGE_CURVE('',#14681,#14669,#14618,.T.);
#14737=ADVANCED_FACE('',(#14736),#14724,.T.);
#14743=EDGE_CURVE('',#14676,#14677,#14590,.T.);
#14747=EDGE_CURVE('',#14681,#14676,#14611,.T.);
#14751=ADVANCED_FACE('',(#14750),#14742,.F.);
#14758=EDGE_CURVE('',#14676,#14664,#14597,.T.);
#14760=EDGE_CURVE('',#14664,#14665,#14625,.T.);
#14762=EDGE_CURVE('',#14660,#14665,#14654,.T.);
#14768=ADVANCED_FACE('',(#14767),#14756,.T.);
#14776=EDGE_CURVE('',#14669,#14664,#14632,.T.);
#14781=ADVANCED_FACE('',(#14780),#14773,.T.);
#14790=EDGE_CURVE('',#14665,#14667,#14647,.T.);
#14794=ADVANCED_FACE('',(#14793),#14786,.T.);
#14806=ADVANCED_FACE('',(#14805),#14799,.T.);
#14834=CIRCLE('',#14833,1.25E-1);
#14898=CIRCLE('',#14897,1.25E-1);
#14973=EDGE_CURVE('',#14958,#14959,#14819,.T.);
#14975=EDGE_CURVE('',#14947,#14958,#14826,.T.);
#14977=EDGE_CURVE('',#14946,#14947,#14834,.T.);
#14979=EDGE_CURVE('',#14959,#14946,#14841,.T.);
#14983=ADVANCED_FACE('',(#14982),#14972,.T.);
#14997=EDGE_CURVE('',#14959,#14963,#14855,.T.);
#14999=EDGE_CURVE('',#14966,#14963,#14869,.T.);
#15001=EDGE_CURVE('',#14958,#14966,#14940,.T.);
#15005=ADVANCED_FACE('',(#15004),#14995,.F.);
#15011=EDGE_CURVE('',#14962,#14963,#14848,.T.);
#15015=EDGE_CURVE('',#14946,#14951,#14919,.T.);
#15017=EDGE_CURVE('',#14950,#14951,#14890,.T.);
#15019=EDGE_CURVE('',#14962,#14950,#14862,.T.);
#15023=ADVANCED_FACE('',(#15022),#15010,.F.);
#15030=EDGE_CURVE('',#14967,#14962,#14876,.T.);
#15032=EDGE_CURVE('',#14966,#14967,#14926,.T.);
#15037=ADVANCED_FACE('',(#15036),#15028,.F.);
#15045=EDGE_CURVE('',#14955,#14950,#14912,.T.);
#15047=EDGE_CURVE('',#14967,#14955,#14883,.T.);
#15051=ADVANCED_FACE('',(#15050),#15042,.F.);
#15058=EDGE_CURVE('',#14951,#14953,#14898,.T.);
#15060=EDGE_CURVE('',#14953,#14955,#14905,.T.);
#15065=ADVANCED_FACE('',(#15064),#15056,.F.);
#15072=EDGE_CURVE('',#14947,#14953,#14933,.T.);
#15078=ADVANCED_FACE('',(#15077),#15070,.T.);
#15092=ADVANCED_FACE('',(#15091),#15083,.F.);
#15120=CIRCLE('',#15119,1.25E-1);
#15184=CIRCLE('',#15183,1.25E-1);
#15259=EDGE_CURVE('',#15244,#15245,#15105,.T.);
#15261=EDGE_CURVE('',#15233,#15244,#15112,.T.);
#15263=EDGE_CURVE('',#15232,#15233,#15120,.T.);
#15265=EDGE_CURVE('',#15245,#15232,#15127,.T.);
#15269=ADVANCED_FACE('',(#15268),#15258,.T.);
#15283=EDGE_CURVE('',#15245,#15249,#15141,.T.);
#15285=EDGE_CURVE('',#15252,#15249,#15155,.T.);
#15287=EDGE_CURVE('',#15244,#15252,#15226,.T.);
#15291=ADVANCED_FACE('',(#15290),#15281,.F.);
#15297=EDGE_CURVE('',#15248,#15249,#15134,.T.);
#15301=EDGE_CURVE('',#15232,#15237,#15205,.T.);
#15303=EDGE_CURVE('',#15236,#15237,#15176,.T.);
#15305=EDGE_CURVE('',#15248,#15236,#15148,.T.);
#15309=ADVANCED_FACE('',(#15308),#15296,.F.);
#15316=EDGE_CURVE('',#15253,#15248,#15162,.T.);
#15318=EDGE_CURVE('',#15252,#15253,#15212,.T.);
#15323=ADVANCED_FACE('',(#15322),#15314,.F.);
#15331=EDGE_CURVE('',#15241,#15236,#15198,.T.);
#15333=EDGE_CURVE('',#15253,#15241,#15169,.T.);
#15337=ADVANCED_FACE('',(#15336),#15328,.F.);
#15344=EDGE_CURVE('',#15237,#15239,#15184,.T.);
#15346=EDGE_CURVE('',#15239,#15241,#15191,.T.);
#15351=ADVANCED_FACE('',(#15350),#15342,.F.);
#15358=EDGE_CURVE('',#15233,#15239,#15219,.T.);
#15364=ADVANCED_FACE('',(#15363),#15356,.T.);
#15378=ADVANCED_FACE('',(#15377),#15369,.F.);
#15406=CIRCLE('',#15405,1.25E-1);
#15470=CIRCLE('',#15469,1.25E-1);
#15545=EDGE_CURVE('',#15530,#15531,#15391,.T.);
#15547=EDGE_CURVE('',#15519,#15530,#15398,.T.);
#15549=EDGE_CURVE('',#15518,#15519,#15406,.T.);
#15551=EDGE_CURVE('',#15531,#15518,#15413,.T.);
#15555=ADVANCED_FACE('',(#15554),#15544,.T.);
#15569=EDGE_CURVE('',#15531,#15535,#15427,.T.);
#15571=EDGE_CURVE('',#15538,#15535,#15441,.T.);
#15573=EDGE_CURVE('',#15530,#15538,#15512,.T.);
#15577=ADVANCED_FACE('',(#15576),#15567,.F.);
#15583=EDGE_CURVE('',#15534,#15535,#15420,.T.);
#15587=EDGE_CURVE('',#15518,#15523,#15491,.T.);
#15589=EDGE_CURVE('',#15522,#15523,#15462,.T.);
#15591=EDGE_CURVE('',#15534,#15522,#15434,.T.);
#15595=ADVANCED_FACE('',(#15594),#15582,.F.);
#15602=EDGE_CURVE('',#15539,#15534,#15448,.T.);
#15604=EDGE_CURVE('',#15538,#15539,#15498,.T.);
#15609=ADVANCED_FACE('',(#15608),#15600,.F.);
#15617=EDGE_CURVE('',#15527,#15522,#15484,.T.);
#15619=EDGE_CURVE('',#15539,#15527,#15455,.T.);
#15623=ADVANCED_FACE('',(#15622),#15614,.F.);
#15630=EDGE_CURVE('',#15523,#15525,#15470,.T.);
#15632=EDGE_CURVE('',#15525,#15527,#15477,.T.);
#15637=ADVANCED_FACE('',(#15636),#15628,.F.);
#15644=EDGE_CURVE('',#15519,#15525,#15505,.T.);
#15650=ADVANCED_FACE('',(#15649),#15642,.T.);
#15664=ADVANCED_FACE('',(#15663),#15655,.F.);
#15692=CIRCLE('',#15691,1.25E-1);
#15791=CIRCLE('',#15790,1.25E-1);
#15831=EDGE_CURVE('',#15816,#15817,#15677,.T.);
#15833=EDGE_CURVE('',#15816,#15804,#15684,.T.);
#15835=EDGE_CURVE('',#15804,#15805,#15692,.T.);
#15837=EDGE_CURVE('',#15805,#15817,#15699,.T.);
#15841=ADVANCED_FACE('',(#15840),#15830,.F.);
#15855=EDGE_CURVE('',#15817,#15824,#15713,.T.);
#15857=EDGE_CURVE('',#15821,#15824,#15727,.T.);
#15859=EDGE_CURVE('',#15816,#15821,#15748,.T.);
#15863=ADVANCED_FACE('',(#15862),#15853,.F.);
#15869=EDGE_CURVE('',#15824,#15825,#15706,.T.);
#15873=EDGE_CURVE('',#15805,#15811,#15720,.T.);
#15875=EDGE_CURVE('',#15811,#15813,#15783,.T.);
#15877=EDGE_CURVE('',#15825,#15813,#15762,.T.);
#15881=ADVANCED_FACE('',(#15880),#15868,.T.);
#15887=EDGE_CURVE('',#15820,#15821,#15734,.T.);
#15891=EDGE_CURVE('',#15825,#15820,#15755,.T.);
#15895=ADVANCED_FACE('',(#15894),#15886,.F.);
#15902=EDGE_CURVE('',#15820,#15808,#15741,.T.);
#15904=EDGE_CURVE('',#15808,#15809,#15769,.T.);
#15906=EDGE_CURVE('',#15804,#15809,#15798,.T.);
#15912=ADVANCED_FACE('',(#15911),#15900,.T.);
#15920=EDGE_CURVE('',#15813,#15808,#15776,.T.);
#15925=ADVANCED_FACE('',(#15924),#15917,.T.);
#15934=EDGE_CURVE('',#15809,#15811,#15791,.T.);
#15938=ADVANCED_FACE('',(#15937),#15930,.T.);
#15950=ADVANCED_FACE('',(#15949),#15943,.T.);
#15978=CIRCLE('',#15977,1.25E-1);
#16077=CIRCLE('',#16076,1.25E-1);
#16117=EDGE_CURVE('',#16102,#16103,#15963,.T.);
#16119=EDGE_CURVE('',#16102,#16090,#15970,.T.);
#16121=EDGE_CURVE('',#16090,#16091,#15978,.T.);
#16123=EDGE_CURVE('',#16091,#16103,#15985,.T.);
#16127=ADVANCED_FACE('',(#16126),#16116,.F.);
#16141=EDGE_CURVE('',#16103,#16110,#15999,.T.);
#16143=EDGE_CURVE('',#16107,#16110,#16013,.T.);
#16145=EDGE_CURVE('',#16102,#16107,#16034,.T.);
#16149=ADVANCED_FACE('',(#16148),#16139,.F.);
#16155=EDGE_CURVE('',#16110,#16111,#15992,.T.);
#16159=EDGE_CURVE('',#16091,#16097,#16006,.T.);
#16161=EDGE_CURVE('',#16097,#16099,#16069,.T.);
#16163=EDGE_CURVE('',#16111,#16099,#16048,.T.);
#16167=ADVANCED_FACE('',(#16166),#16154,.T.);
#16173=EDGE_CURVE('',#16106,#16107,#16020,.T.);
#16177=EDGE_CURVE('',#16111,#16106,#16041,.T.);
#16181=ADVANCED_FACE('',(#16180),#16172,.F.);
#16188=EDGE_CURVE('',#16106,#16094,#16027,.T.);
#16190=EDGE_CURVE('',#16094,#16095,#16055,.T.);
#16192=EDGE_CURVE('',#16090,#16095,#16084,.T.);
#16198=ADVANCED_FACE('',(#16197),#16186,.T.);
#16206=EDGE_CURVE('',#16099,#16094,#16062,.T.);
#16211=ADVANCED_FACE('',(#16210),#16203,.T.);
#16220=EDGE_CURVE('',#16095,#16097,#16077,.T.);
#16224=ADVANCED_FACE('',(#16223),#16216,.T.);
#16236=ADVANCED_FACE('',(#16235),#16229,.T.);
#16264=CIRCLE('',#16263,1.25E-1);
#16363=CIRCLE('',#16362,1.25E-1);
#16403=EDGE_CURVE('',#16388,#16389,#16249,.T.);
#16405=EDGE_CURVE('',#16388,#16376,#16256,.T.);
#16407=EDGE_CURVE('',#16376,#16377,#16264,.T.);
#16409=EDGE_CURVE('',#16377,#16389,#16271,.T.);
#16413=ADVANCED_FACE('',(#16412),#16402,.F.);
#16427=EDGE_CURVE('',#16389,#16396,#16285,.T.);
#16429=EDGE_CURVE('',#16393,#16396,#16299,.T.);
#16431=EDGE_CURVE('',#16388,#16393,#16320,.T.);
#16435=ADVANCED_FACE('',(#16434),#16425,.F.);
#16441=EDGE_CURVE('',#16396,#16397,#16278,.T.);
#16445=EDGE_CURVE('',#16377,#16383,#16292,.T.);
#16447=EDGE_CURVE('',#16383,#16385,#16355,.T.);
#16449=EDGE_CURVE('',#16397,#16385,#16334,.T.);
#16453=ADVANCED_FACE('',(#16452),#16440,.T.);
#16459=EDGE_CURVE('',#16392,#16393,#16306,.T.);
#16463=EDGE_CURVE('',#16397,#16392,#16327,.T.);
#16467=ADVANCED_FACE('',(#16466),#16458,.F.);
#16474=EDGE_CURVE('',#16392,#16380,#16313,.T.);
#16476=EDGE_CURVE('',#16380,#16381,#16341,.T.);
#16478=EDGE_CURVE('',#16376,#16381,#16370,.T.);
#16484=ADVANCED_FACE('',(#16483),#16472,.T.);
#16492=EDGE_CURVE('',#16385,#16380,#16348,.T.);
#16497=ADVANCED_FACE('',(#16496),#16489,.T.);
#16506=EDGE_CURVE('',#16381,#16383,#16363,.T.);
#16510=ADVANCED_FACE('',(#16509),#16502,.T.);
#16522=ADVANCED_FACE('',(#16521),#16515,.T.);
#16550=CIRCLE('',#16549,1.25E-1);
#16649=CIRCLE('',#16648,1.25E-1);
#16689=EDGE_CURVE('',#16674,#16675,#16535,.T.);
#16691=EDGE_CURVE('',#16674,#16662,#16542,.T.);
#16693=EDGE_CURVE('',#16662,#16663,#16550,.T.);
#16695=EDGE_CURVE('',#16663,#16675,#16557,.T.);
#16699=ADVANCED_FACE('',(#16698),#16688,.F.);
#16713=EDGE_CURVE('',#16675,#16682,#16571,.T.);
#16715=EDGE_CURVE('',#16679,#16682,#16585,.T.);
#16717=EDGE_CURVE('',#16674,#16679,#16606,.T.);
#16721=ADVANCED_FACE('',(#16720),#16711,.F.);
#16727=EDGE_CURVE('',#16682,#16683,#16564,.T.);
#16731=EDGE_CURVE('',#16663,#16669,#16578,.T.);
#16733=EDGE_CURVE('',#16669,#16671,#16641,.T.);
#16735=EDGE_CURVE('',#16683,#16671,#16620,.T.);
#16739=ADVANCED_FACE('',(#16738),#16726,.T.);
#16745=EDGE_CURVE('',#16678,#16679,#16592,.T.);
#16749=EDGE_CURVE('',#16683,#16678,#16613,.T.);
#16753=ADVANCED_FACE('',(#16752),#16744,.F.);
#16760=EDGE_CURVE('',#16678,#16666,#16599,.T.);
#16762=EDGE_CURVE('',#16666,#16667,#16627,.T.);
#16764=EDGE_CURVE('',#16662,#16667,#16656,.T.);
#16770=ADVANCED_FACE('',(#16769),#16758,.T.);
#16778=EDGE_CURVE('',#16671,#16666,#16634,.T.);
#16783=ADVANCED_FACE('',(#16782),#16775,.T.);
#16792=EDGE_CURVE('',#16667,#16669,#16649,.T.);
#16796=ADVANCED_FACE('',(#16795),#16788,.T.);
#16808=ADVANCED_FACE('',(#16807),#16801,.T.);
#16836=CIRCLE('',#16835,1.25E-1);
#16935=CIRCLE('',#16934,1.25E-1);
#16975=EDGE_CURVE('',#16960,#16961,#16821,.T.);
#16977=EDGE_CURVE('',#16960,#16948,#16828,.T.);
#16979=EDGE_CURVE('',#16948,#16949,#16836,.T.);
#16981=EDGE_CURVE('',#16949,#16961,#16843,.T.);
#16985=ADVANCED_FACE('',(#16984),#16974,.F.);
#16999=EDGE_CURVE('',#16961,#16968,#16857,.T.);
#17001=EDGE_CURVE('',#16965,#16968,#16871,.T.);
#17003=EDGE_CURVE('',#16960,#16965,#16892,.T.);
#17007=ADVANCED_FACE('',(#17006),#16997,.F.);
#17013=EDGE_CURVE('',#16968,#16969,#16850,.T.);
#17017=EDGE_CURVE('',#16949,#16955,#16864,.T.);
#17019=EDGE_CURVE('',#16955,#16957,#16927,.T.);
#17021=EDGE_CURVE('',#16969,#16957,#16906,.T.);
#17025=ADVANCED_FACE('',(#17024),#17012,.T.);
#17031=EDGE_CURVE('',#16964,#16965,#16878,.T.);
#17035=EDGE_CURVE('',#16969,#16964,#16899,.T.);
#17039=ADVANCED_FACE('',(#17038),#17030,.F.);
#17046=EDGE_CURVE('',#16964,#16952,#16885,.T.);
#17048=EDGE_CURVE('',#16952,#16953,#16913,.T.);
#17050=EDGE_CURVE('',#16948,#16953,#16942,.T.);
#17056=ADVANCED_FACE('',(#17055),#17044,.T.);
#17064=EDGE_CURVE('',#16957,#16952,#16920,.T.);
#17069=ADVANCED_FACE('',(#17068),#17061,.T.);
#17078=EDGE_CURVE('',#16953,#16955,#16935,.T.);
#17082=ADVANCED_FACE('',(#17081),#17074,.T.);
#17094=ADVANCED_FACE('',(#17093),#17087,.T.);
#17122=CIRCLE('',#17121,1.25E-1);
#17221=CIRCLE('',#17220,1.25E-1);
#17261=EDGE_CURVE('',#17246,#17247,#17107,.T.);
#17263=EDGE_CURVE('',#17246,#17234,#17114,.T.);
#17265=EDGE_CURVE('',#17234,#17235,#17122,.T.);
#17267=EDGE_CURVE('',#17235,#17247,#17129,.T.);
#17271=ADVANCED_FACE('',(#17270),#17260,.F.);
#17285=EDGE_CURVE('',#17247,#17254,#17143,.T.);
#17287=EDGE_CURVE('',#17251,#17254,#17157,.T.);
#17289=EDGE_CURVE('',#17246,#17251,#17178,.T.);
#17293=ADVANCED_FACE('',(#17292),#17283,.F.);
#17299=EDGE_CURVE('',#17254,#17255,#17136,.T.);
#17303=EDGE_CURVE('',#17235,#17241,#17150,.T.);
#17305=EDGE_CURVE('',#17241,#17243,#17213,.T.);
#17307=EDGE_CURVE('',#17255,#17243,#17192,.T.);
#17311=ADVANCED_FACE('',(#17310),#17298,.T.);
#17317=EDGE_CURVE('',#17250,#17251,#17164,.T.);
#17321=EDGE_CURVE('',#17255,#17250,#17185,.T.);
#17325=ADVANCED_FACE('',(#17324),#17316,.F.);
#17332=EDGE_CURVE('',#17250,#17238,#17171,.T.);
#17334=EDGE_CURVE('',#17238,#17239,#17199,.T.);
#17336=EDGE_CURVE('',#17234,#17239,#17228,.T.);
#17342=ADVANCED_FACE('',(#17341),#17330,.T.);
#17350=EDGE_CURVE('',#17243,#17238,#17206,.T.);
#17355=ADVANCED_FACE('',(#17354),#17347,.T.);
#17364=EDGE_CURVE('',#17239,#17241,#17221,.T.);
#17368=ADVANCED_FACE('',(#17367),#17360,.T.);
#17380=ADVANCED_FACE('',(#17379),#17373,.T.);
#17408=CIRCLE('',#17407,1.25E-1);
#17507=CIRCLE('',#17506,1.25E-1);
#17547=EDGE_CURVE('',#17532,#17533,#17393,.T.);
#17549=EDGE_CURVE('',#17532,#17520,#17400,.T.);
#17551=EDGE_CURVE('',#17520,#17521,#17408,.T.);
#17553=EDGE_CURVE('',#17521,#17533,#17415,.T.);
#17557=ADVANCED_FACE('',(#17556),#17546,.F.);
#17571=EDGE_CURVE('',#17533,#17540,#17429,.T.);
#17573=EDGE_CURVE('',#17537,#17540,#17443,.T.);
#17575=EDGE_CURVE('',#17532,#17537,#17464,.T.);
#17579=ADVANCED_FACE('',(#17578),#17569,.F.);
#17585=EDGE_CURVE('',#17540,#17541,#17422,.T.);
#17589=EDGE_CURVE('',#17521,#17527,#17436,.T.);
#17591=EDGE_CURVE('',#17527,#17529,#17499,.T.);
#17593=EDGE_CURVE('',#17541,#17529,#17478,.T.);
#17597=ADVANCED_FACE('',(#17596),#17584,.T.);
#17603=EDGE_CURVE('',#17536,#17537,#17450,.T.);
#17607=EDGE_CURVE('',#17541,#17536,#17471,.T.);
#17611=ADVANCED_FACE('',(#17610),#17602,.F.);
#17618=EDGE_CURVE('',#17536,#17524,#17457,.T.);
#17620=EDGE_CURVE('',#17524,#17525,#17485,.T.);
#17622=EDGE_CURVE('',#17520,#17525,#17514,.T.);
#17628=ADVANCED_FACE('',(#17627),#17616,.T.);
#17636=EDGE_CURVE('',#17529,#17524,#17492,.T.);
#17641=ADVANCED_FACE('',(#17640),#17633,.T.);
#17650=EDGE_CURVE('',#17525,#17527,#17507,.T.);
#17654=ADVANCED_FACE('',(#17653),#17646,.T.);
#17666=ADVANCED_FACE('',(#17665),#17659,.T.);
#17694=CIRCLE('',#17693,1.25E-1);
#17793=CIRCLE('',#17792,1.25E-1);
#17833=EDGE_CURVE('',#17818,#17819,#17679,.T.);
#17835=EDGE_CURVE('',#17818,#17806,#17686,.T.);
#17837=EDGE_CURVE('',#17806,#17807,#17694,.T.);
#17839=EDGE_CURVE('',#17807,#17819,#17701,.T.);
#17843=ADVANCED_FACE('',(#17842),#17832,.F.);
#17857=EDGE_CURVE('',#17819,#17826,#17715,.T.);
#17859=EDGE_CURVE('',#17823,#17826,#17729,.T.);
#17861=EDGE_CURVE('',#17818,#17823,#17750,.T.);
#17865=ADVANCED_FACE('',(#17864),#17855,.F.);
#17871=EDGE_CURVE('',#17826,#17827,#17708,.T.);
#17875=EDGE_CURVE('',#17807,#17813,#17722,.T.);
#17877=EDGE_CURVE('',#17813,#17815,#17785,.T.);
#17879=EDGE_CURVE('',#17827,#17815,#17764,.T.);
#17883=ADVANCED_FACE('',(#17882),#17870,.T.);
#17889=EDGE_CURVE('',#17822,#17823,#17736,.T.);
#17893=EDGE_CURVE('',#17827,#17822,#17757,.T.);
#17897=ADVANCED_FACE('',(#17896),#17888,.F.);
#17904=EDGE_CURVE('',#17822,#17810,#17743,.T.);
#17906=EDGE_CURVE('',#17810,#17811,#17771,.T.);
#17908=EDGE_CURVE('',#17806,#17811,#17800,.T.);
#17914=ADVANCED_FACE('',(#17913),#17902,.T.);
#17922=EDGE_CURVE('',#17815,#17810,#17778,.T.);
#17927=ADVANCED_FACE('',(#17926),#17919,.T.);
#17936=EDGE_CURVE('',#17811,#17813,#17793,.T.);
#17940=ADVANCED_FACE('',(#17939),#17932,.T.);
#17952=ADVANCED_FACE('',(#17951),#17945,.T.);
#17980=CIRCLE('',#17979,1.25E-1);
#18044=CIRCLE('',#18043,1.25E-1);
#18119=EDGE_CURVE('',#18104,#18105,#17965,.T.);
#18121=EDGE_CURVE('',#18093,#18105,#17972,.T.);
#18123=EDGE_CURVE('',#18092,#18093,#17980,.T.);
#18125=EDGE_CURVE('',#18104,#18092,#17987,.T.);
#18129=ADVANCED_FACE('',(#18128),#18118,.T.);
#18143=EDGE_CURVE('',#18104,#18109,#18001,.T.);
#18145=EDGE_CURVE('',#18112,#18109,#18015,.T.);
#18147=EDGE_CURVE('',#18105,#18112,#18086,.T.);
#18151=ADVANCED_FACE('',(#18150),#18141,.F.);
#18157=EDGE_CURVE('',#18108,#18109,#17994,.T.);
#18161=EDGE_CURVE('',#18092,#18097,#18065,.T.);
#18163=EDGE_CURVE('',#18096,#18097,#18036,.T.);
#18165=EDGE_CURVE('',#18108,#18096,#18008,.T.);
#18169=ADVANCED_FACE('',(#18168),#18156,.F.);
#18176=EDGE_CURVE('',#18113,#18108,#18022,.T.);
#18178=EDGE_CURVE('',#18112,#18113,#18072,.T.);
#18183=ADVANCED_FACE('',(#18182),#18174,.F.);
#18191=EDGE_CURVE('',#18101,#18096,#18058,.T.);
#18193=EDGE_CURVE('',#18113,#18101,#18029,.T.);
#18197=ADVANCED_FACE('',(#18196),#18188,.F.);
#18204=EDGE_CURVE('',#18097,#18099,#18044,.T.);
#18206=EDGE_CURVE('',#18099,#18101,#18051,.T.);
#18211=ADVANCED_FACE('',(#18210),#18202,.F.);
#18218=EDGE_CURVE('',#18093,#18099,#18079,.T.);
#18224=ADVANCED_FACE('',(#18223),#18216,.T.);
#18238=ADVANCED_FACE('',(#18237),#18229,.F.);
#18266=CIRCLE('',#18265,1.25E-1);
#18330=CIRCLE('',#18329,1.25E-1);
#18405=EDGE_CURVE('',#18390,#18391,#18251,.T.);
#18407=EDGE_CURVE('',#18379,#18391,#18258,.T.);
#18409=EDGE_CURVE('',#18378,#18379,#18266,.T.);
#18411=EDGE_CURVE('',#18390,#18378,#18273,.T.);
#18415=ADVANCED_FACE('',(#18414),#18404,.T.);
#18429=EDGE_CURVE('',#18390,#18395,#18287,.T.);
#18431=EDGE_CURVE('',#18398,#18395,#18301,.T.);
#18433=EDGE_CURVE('',#18391,#18398,#18372,.T.);
#18437=ADVANCED_FACE('',(#18436),#18427,.F.);
#18443=EDGE_CURVE('',#18394,#18395,#18280,.T.);
#18447=EDGE_CURVE('',#18378,#18383,#18351,.T.);
#18449=EDGE_CURVE('',#18382,#18383,#18322,.T.);
#18451=EDGE_CURVE('',#18394,#18382,#18294,.T.);
#18455=ADVANCED_FACE('',(#18454),#18442,.F.);
#18462=EDGE_CURVE('',#18399,#18394,#18308,.T.);
#18464=EDGE_CURVE('',#18398,#18399,#18358,.T.);
#18469=ADVANCED_FACE('',(#18468),#18460,.F.);
#18477=EDGE_CURVE('',#18387,#18382,#18344,.T.);
#18479=EDGE_CURVE('',#18399,#18387,#18315,.T.);
#18483=ADVANCED_FACE('',(#18482),#18474,.F.);
#18490=EDGE_CURVE('',#18383,#18385,#18330,.T.);
#18492=EDGE_CURVE('',#18385,#18387,#18337,.T.);
#18497=ADVANCED_FACE('',(#18496),#18488,.F.);
#18504=EDGE_CURVE('',#18379,#18385,#18365,.T.);
#18510=ADVANCED_FACE('',(#18509),#18502,.T.);
#18524=ADVANCED_FACE('',(#18523),#18515,.F.);
#18552=CIRCLE('',#18551,1.25E-1);
#18616=CIRCLE('',#18615,1.25E-1);
#18691=EDGE_CURVE('',#18676,#18677,#18537,.T.);
#18693=EDGE_CURVE('',#18665,#18677,#18544,.T.);
#18695=EDGE_CURVE('',#18664,#18665,#18552,.T.);
#18697=EDGE_CURVE('',#18676,#18664,#18559,.T.);
#18701=ADVANCED_FACE('',(#18700),#18690,.T.);
#18715=EDGE_CURVE('',#18676,#18681,#18573,.T.);
#18717=EDGE_CURVE('',#18684,#18681,#18587,.T.);
#18719=EDGE_CURVE('',#18677,#18684,#18658,.T.);
#18723=ADVANCED_FACE('',(#18722),#18713,.F.);
#18729=EDGE_CURVE('',#18680,#18681,#18566,.T.);
#18733=EDGE_CURVE('',#18664,#18669,#18637,.T.);
#18735=EDGE_CURVE('',#18668,#18669,#18608,.T.);
#18737=EDGE_CURVE('',#18680,#18668,#18580,.T.);
#18741=ADVANCED_FACE('',(#18740),#18728,.F.);
#18748=EDGE_CURVE('',#18685,#18680,#18594,.T.);
#18750=EDGE_CURVE('',#18684,#18685,#18644,.T.);
#18755=ADVANCED_FACE('',(#18754),#18746,.F.);
#18763=EDGE_CURVE('',#18673,#18668,#18630,.T.);
#18765=EDGE_CURVE('',#18685,#18673,#18601,.T.);
#18769=ADVANCED_FACE('',(#18768),#18760,.F.);
#18776=EDGE_CURVE('',#18669,#18671,#18616,.T.);
#18778=EDGE_CURVE('',#18671,#18673,#18623,.T.);
#18783=ADVANCED_FACE('',(#18782),#18774,.F.);
#18790=EDGE_CURVE('',#18665,#18671,#18651,.T.);
#18796=ADVANCED_FACE('',(#18795),#18788,.T.);
#18810=ADVANCED_FACE('',(#18809),#18801,.F.);
#18838=CIRCLE('',#18837,1.25E-1);
#18902=CIRCLE('',#18901,1.25E-1);
#18977=EDGE_CURVE('',#18962,#18963,#18823,.T.);
#18979=EDGE_CURVE('',#18951,#18963,#18830,.T.);
#18981=EDGE_CURVE('',#18950,#18951,#18838,.T.);
#18983=EDGE_CURVE('',#18962,#18950,#18845,.T.);
#18987=ADVANCED_FACE('',(#18986),#18976,.T.);
#19001=EDGE_CURVE('',#18962,#18967,#18859,.T.);
#19003=EDGE_CURVE('',#18970,#18967,#18873,.T.);
#19005=EDGE_CURVE('',#18963,#18970,#18944,.T.);
#19009=ADVANCED_FACE('',(#19008),#18999,.F.);
#19015=EDGE_CURVE('',#18966,#18967,#18852,.T.);
#19019=EDGE_CURVE('',#18950,#18955,#18923,.T.);
#19021=EDGE_CURVE('',#18954,#18955,#18894,.T.);
#19023=EDGE_CURVE('',#18966,#18954,#18866,.T.);
#19027=ADVANCED_FACE('',(#19026),#19014,.F.);
#19034=EDGE_CURVE('',#18971,#18966,#18880,.T.);
#19036=EDGE_CURVE('',#18970,#18971,#18930,.T.);
#19041=ADVANCED_FACE('',(#19040),#19032,.F.);
#19049=EDGE_CURVE('',#18959,#18954,#18916,.T.);
#19051=EDGE_CURVE('',#18971,#18959,#18887,.T.);
#19055=ADVANCED_FACE('',(#19054),#19046,.F.);
#19062=EDGE_CURVE('',#18955,#18957,#18902,.T.);
#19064=EDGE_CURVE('',#18957,#18959,#18909,.T.);
#19069=ADVANCED_FACE('',(#19068),#19060,.F.);
#19076=EDGE_CURVE('',#18951,#18957,#18937,.T.);
#19082=ADVANCED_FACE('',(#19081),#19074,.T.);
#19096=ADVANCED_FACE('',(#19095),#19087,.F.);
#19124=CIRCLE('',#19123,1.25E-1);
#19188=CIRCLE('',#19187,1.25E-1);
#19263=EDGE_CURVE('',#19248,#19249,#19109,.T.);
#19265=EDGE_CURVE('',#19237,#19249,#19116,.T.);
#19267=EDGE_CURVE('',#19236,#19237,#19124,.T.);
#19269=EDGE_CURVE('',#19248,#19236,#19131,.T.);
#19273=ADVANCED_FACE('',(#19272),#19262,.T.);
#19287=EDGE_CURVE('',#19248,#19253,#19145,.T.);
#19289=EDGE_CURVE('',#19256,#19253,#19159,.T.);
#19291=EDGE_CURVE('',#19249,#19256,#19230,.T.);
#19295=ADVANCED_FACE('',(#19294),#19285,.F.);
#19301=EDGE_CURVE('',#19252,#19253,#19138,.T.);
#19305=EDGE_CURVE('',#19236,#19241,#19209,.T.);
#19307=EDGE_CURVE('',#19240,#19241,#19180,.T.);
#19309=EDGE_CURVE('',#19252,#19240,#19152,.T.);
#19313=ADVANCED_FACE('',(#19312),#19300,.F.);
#19320=EDGE_CURVE('',#19257,#19252,#19166,.T.);
#19322=EDGE_CURVE('',#19256,#19257,#19216,.T.);
#19327=ADVANCED_FACE('',(#19326),#19318,.F.);
#19335=EDGE_CURVE('',#19245,#19240,#19202,.T.);
#19337=EDGE_CURVE('',#19257,#19245,#19173,.T.);
#19341=ADVANCED_FACE('',(#19340),#19332,.F.);
#19348=EDGE_CURVE('',#19241,#19243,#19188,.T.);
#19350=EDGE_CURVE('',#19243,#19245,#19195,.T.);
#19355=ADVANCED_FACE('',(#19354),#19346,.F.);
#19362=EDGE_CURVE('',#19237,#19243,#19223,.T.);
#19368=ADVANCED_FACE('',(#19367),#19360,.T.);
#19382=ADVANCED_FACE('',(#19381),#19373,.F.);
#19410=CIRCLE('',#19409,1.25E-1);
#19474=CIRCLE('',#19473,1.25E-1);
#19549=EDGE_CURVE('',#19534,#19535,#19395,.T.);
#19551=EDGE_CURVE('',#19523,#19535,#19402,.T.);
#19553=EDGE_CURVE('',#19522,#19523,#19410,.T.);
#19555=EDGE_CURVE('',#19534,#19522,#19417,.T.);
#19559=ADVANCED_FACE('',(#19558),#19548,.T.);
#19573=EDGE_CURVE('',#19534,#19539,#19431,.T.);
#19575=EDGE_CURVE('',#19542,#19539,#19445,.T.);
#19577=EDGE_CURVE('',#19535,#19542,#19516,.T.);
#19581=ADVANCED_FACE('',(#19580),#19571,.F.);
#19587=EDGE_CURVE('',#19538,#19539,#19424,.T.);
#19591=EDGE_CURVE('',#19522,#19527,#19495,.T.);
#19593=EDGE_CURVE('',#19526,#19527,#19466,.T.);
#19595=EDGE_CURVE('',#19538,#19526,#19438,.T.);
#19599=ADVANCED_FACE('',(#19598),#19586,.F.);
#19606=EDGE_CURVE('',#19543,#19538,#19452,.T.);
#19608=EDGE_CURVE('',#19542,#19543,#19502,.T.);
#19613=ADVANCED_FACE('',(#19612),#19604,.F.);
#19621=EDGE_CURVE('',#19531,#19526,#19488,.T.);
#19623=EDGE_CURVE('',#19543,#19531,#19459,.T.);
#19627=ADVANCED_FACE('',(#19626),#19618,.F.);
#19634=EDGE_CURVE('',#19527,#19529,#19474,.T.);
#19636=EDGE_CURVE('',#19529,#19531,#19481,.T.);
#19641=ADVANCED_FACE('',(#19640),#19632,.F.);
#19648=EDGE_CURVE('',#19523,#19529,#19509,.T.);
#19654=ADVANCED_FACE('',(#19653),#19646,.T.);
#19668=ADVANCED_FACE('',(#19667),#19659,.F.);
#19696=CIRCLE('',#19695,1.25E-1);
#19760=CIRCLE('',#19759,1.25E-1);
#19835=EDGE_CURVE('',#19820,#19821,#19681,.T.);
#19837=EDGE_CURVE('',#19809,#19821,#19688,.T.);
#19839=EDGE_CURVE('',#19808,#19809,#19696,.T.);
#19841=EDGE_CURVE('',#19820,#19808,#19703,.T.);
#19845=ADVANCED_FACE('',(#19844),#19834,.T.);
#19859=EDGE_CURVE('',#19820,#19825,#19717,.T.);
#19861=EDGE_CURVE('',#19828,#19825,#19731,.T.);
#19863=EDGE_CURVE('',#19821,#19828,#19802,.T.);
#19867=ADVANCED_FACE('',(#19866),#19857,.F.);
#19873=EDGE_CURVE('',#19824,#19825,#19710,.T.);
#19877=EDGE_CURVE('',#19808,#19813,#19781,.T.);
#19879=EDGE_CURVE('',#19812,#19813,#19752,.T.);
#19881=EDGE_CURVE('',#19824,#19812,#19724,.T.);
#19885=ADVANCED_FACE('',(#19884),#19872,.F.);
#19892=EDGE_CURVE('',#19829,#19824,#19738,.T.);
#19894=EDGE_CURVE('',#19828,#19829,#19788,.T.);
#19899=ADVANCED_FACE('',(#19898),#19890,.F.);
#19907=EDGE_CURVE('',#19817,#19812,#19774,.T.);
#19909=EDGE_CURVE('',#19829,#19817,#19745,.T.);
#19913=ADVANCED_FACE('',(#19912),#19904,.F.);
#19920=EDGE_CURVE('',#19813,#19815,#19760,.T.);
#19922=EDGE_CURVE('',#19815,#19817,#19767,.T.);
#19927=ADVANCED_FACE('',(#19926),#19918,.F.);
#19934=EDGE_CURVE('',#19809,#19815,#19795,.T.);
#19940=ADVANCED_FACE('',(#19939),#19932,.T.);
#19954=ADVANCED_FACE('',(#19953),#19945,.F.);
#19982=CIRCLE('',#19981,1.25E-1);
#20046=CIRCLE('',#20045,1.25E-1);
#20121=EDGE_CURVE('',#20106,#20107,#19967,.T.);
#20123=EDGE_CURVE('',#20095,#20107,#19974,.T.);
#20125=EDGE_CURVE('',#20094,#20095,#19982,.T.);
#20127=EDGE_CURVE('',#20106,#20094,#19989,.T.);
#20131=ADVANCED_FACE('',(#20130),#20120,.T.);
#20145=EDGE_CURVE('',#20106,#20111,#20003,.T.);
#20147=EDGE_CURVE('',#20114,#20111,#20017,.T.);
#20149=EDGE_CURVE('',#20107,#20114,#20088,.T.);
#20153=ADVANCED_FACE('',(#20152),#20143,.F.);
#20159=EDGE_CURVE('',#20110,#20111,#19996,.T.);
#20163=EDGE_CURVE('',#20094,#20099,#20067,.T.);
#20165=EDGE_CURVE('',#20098,#20099,#20038,.T.);
#20167=EDGE_CURVE('',#20110,#20098,#20010,.T.);
#20171=ADVANCED_FACE('',(#20170),#20158,.F.);
#20178=EDGE_CURVE('',#20115,#20110,#20024,.T.);
#20180=EDGE_CURVE('',#20114,#20115,#20074,.T.);
#20185=ADVANCED_FACE('',(#20184),#20176,.F.);
#20193=EDGE_CURVE('',#20103,#20098,#20060,.T.);
#20195=EDGE_CURVE('',#20115,#20103,#20031,.T.);
#20199=ADVANCED_FACE('',(#20198),#20190,.F.);
#20206=EDGE_CURVE('',#20099,#20101,#20046,.T.);
#20208=EDGE_CURVE('',#20101,#20103,#20053,.T.);
#20213=ADVANCED_FACE('',(#20212),#20204,.F.);
#20220=EDGE_CURVE('',#20095,#20101,#20081,.T.);
#20226=ADVANCED_FACE('',(#20225),#20218,.T.);
#20240=ADVANCED_FACE('',(#20239),#20231,.F.);
#20505=EDGE_CURVE('',#20486,#20487,#20274,.T.);
#20507=EDGE_CURVE('',#20487,#20494,#20372,.T.);
#20509=EDGE_CURVE('',#20499,#20494,#20302,.T.);
#20511=EDGE_CURVE('',#20486,#20499,#20344,.T.);
#20515=ADVANCED_FACE('',(#20514),#20504,.F.);
#20521=EDGE_CURVE('',#20482,#20483,#20253,.T.);
#20523=EDGE_CURVE('',#20483,#20473,#20260,.T.);
#20525=EDGE_CURVE('',#20473,#20487,#20267,.T.);
#20528=EDGE_CURVE('',#20486,#20475,#20281,.T.);
#20530=EDGE_CURVE('',#20475,#20482,#20288,.T.);
#20534=ADVANCED_FACE('',(#20533),#20520,.F.);
#20547=EDGE_CURVE('',#20478,#20479,#20295,.T.);
#20549=EDGE_CURVE('',#20483,#20478,#20400,.T.);
#20552=EDGE_CURVE('',#20482,#20479,#20316,.T.);
#20556=ADVANCED_FACE('',(#20555),#20546,.F.);
#20563=EDGE_CURVE('',#20479,#20490,#20309,.T.);
#20565=EDGE_CURVE('',#20490,#20491,#20407,.T.);
#20567=EDGE_CURVE('',#20491,#20478,#20386,.T.);
#20571=ADVANCED_FACE('',(#20570),#20561,.F.);
#20577=EDGE_CURVE('',#20494,#20495,#20365,.T.);
#20579=EDGE_CURVE('',#20495,#20497,#20351,.T.);
#20581=EDGE_CURVE('',#20497,#20499,#20330,.T.);
#20586=ADVANCED_FACE('',(#20585),#20576,.F.);
#20595=EDGE_CURVE('',#20475,#20471,#20323,.T.);
#20597=EDGE_CURVE('',#20471,#20462,#20428,.T.);
#20599=EDGE_CURVE('',#20490,#20462,#20414,.T.);
#20603=ADVANCED_FACE('',(#20602),#20591,.T.);
#20610=EDGE_CURVE('',#20497,#20469,#20337,.T.);
#20612=EDGE_CURVE('',#20469,#20471,#20435,.T.);
#20619=ADVANCED_FACE('',(#20618),#20608,.T.);
#20626=EDGE_CURVE('',#20495,#20467,#20358,.T.);
#20628=EDGE_CURVE('',#20467,#20469,#20442,.T.);
#20633=ADVANCED_FACE('',(#20632),#20624,.T.);
#20642=EDGE_CURVE('',#20473,#20465,#20379,.T.);
#20644=EDGE_CURVE('',#20465,#20467,#20449,.T.);
#20649=ADVANCED_FACE('',(#20648),#20638,.T.);
#20656=EDGE_CURVE('',#20491,#20463,#20393,.T.);
#20658=EDGE_CURVE('',#20463,#20465,#20456,.T.);
#20665=ADVANCED_FACE('',(#20664),#20654,.T.);
#20673=EDGE_CURVE('',#20462,#20463,#20421,.T.);
#20678=ADVANCED_FACE('',(#20677),#20670,.T.);
#20692=ADVANCED_FACE('',(#20691),#20683,.T.);
#20957=EDGE_CURVE('',#20930,#20931,#20705,.T.);
#20959=EDGE_CURVE('',#20939,#20930,#20817,.T.);
#20961=EDGE_CURVE('',#20938,#20939,#20761,.T.);
#20963=EDGE_CURVE('',#20938,#20931,#20726,.T.);
#20967=ADVANCED_FACE('',(#20966),#20956,.F.);
#20974=EDGE_CURVE('',#20949,#20931,#20719,.T.);
#20976=EDGE_CURVE('',#20947,#20949,#20824,.T.);
#20978=EDGE_CURVE('',#20930,#20947,#20803,.T.);
#20982=ADVANCED_FACE('',(#20981),#20972,.F.);
#20988=EDGE_CURVE('',#20942,#20943,#20880,.T.);
#20990=EDGE_CURVE('',#20951,#20942,#20894,.T.);
#20992=EDGE_CURVE('',#20951,#20945,#20712,.T.);
#20994=EDGE_CURVE('',#20943,#20945,#20782,.T.);
#20998=ADVANCED_FACE('',(#20997),#20987,.F.);
#21006=EDGE_CURVE('',#20938,#20927,#20754,.T.);
#21008=EDGE_CURVE('',#20927,#20923,#20901,.T.);
#21010=EDGE_CURVE('',#20921,#20923,#20866,.T.);
#21012=EDGE_CURVE('',#20949,#20921,#20733,.T.);
#21016=ADVANCED_FACE('',(#21015),#21003,.F.);
#21022=EDGE_CURVE('',#20934,#20935,#20740,.T.);
#21024=EDGE_CURVE('',#20927,#20934,#20747,.T.);
#21028=EDGE_CURVE('',#20925,#20939,#20768,.T.);
#21030=EDGE_CURVE('',#20935,#20925,#20775,.T.);
#21034=ADVANCED_FACE('',(#21033),#21021,.T.);
#21048=EDGE_CURVE('',#20935,#20945,#20789,.T.);
#21051=EDGE_CURVE('',#20934,#20951,#20908,.T.);
#21055=ADVANCED_FACE('',(#21054),#21046,.F.);
#21064=EDGE_CURVE('',#20925,#20917,#20810,.T.);
#21066=EDGE_CURVE('',#20915,#20917,#20845,.T.);
#21068=EDGE_CURVE('',#20943,#20915,#20796,.T.);
#21072=ADVANCED_FACE('',(#21071),#21060,.F.);
#21079=EDGE_CURVE('',#20947,#20919,#20831,.T.);
#21081=EDGE_CURVE('',#20917,#20919,#20852,.T.);
#21088=ADVANCED_FACE('',(#21087),#21077,.F.);
#21096=EDGE_CURVE('',#20919,#20921,#20859,.T.);
#21101=ADVANCED_FACE('',(#21100),#21093,.F.);
#21107=EDGE_CURVE('',#20914,#20915,#20838,.T.);
#21113=EDGE_CURVE('',#20923,#20914,#20873,.T.);
#21117=ADVANCED_FACE('',(#21116),#21106,.F.);
#21126=EDGE_CURVE('',#20942,#20914,#20887,.T.);
#21130=ADVANCED_FACE('',(#21129),#21122,.F.);
#21144=ADVANCED_FACE('',(#21143),#21135,.F.);
#21409=EDGE_CURVE('',#21382,#21383,#21157,.T.);
#21411=EDGE_CURVE('',#21391,#21382,#21269,.T.);
#21413=EDGE_CURVE('',#21390,#21391,#21213,.T.);
#21415=EDGE_CURVE('',#21390,#21383,#21178,.T.);
#21419=ADVANCED_FACE('',(#21418),#21408,.F.);
#21426=EDGE_CURVE('',#21401,#21383,#21171,.T.);
#21428=EDGE_CURVE('',#21399,#21401,#21276,.T.);
#21430=EDGE_CURVE('',#21382,#21399,#21255,.T.);
#21434=ADVANCED_FACE('',(#21433),#21424,.F.);
#21440=EDGE_CURVE('',#21394,#21395,#21332,.T.);
#21442=EDGE_CURVE('',#21403,#21394,#21346,.T.);
#21444=EDGE_CURVE('',#21403,#21397,#21164,.T.);
#21446=EDGE_CURVE('',#21395,#21397,#21234,.T.);
#21450=ADVANCED_FACE('',(#21449),#21439,.F.);
#21458=EDGE_CURVE('',#21390,#21379,#21206,.T.);
#21460=EDGE_CURVE('',#21379,#21375,#21353,.T.);
#21462=EDGE_CURVE('',#21373,#21375,#21318,.T.);
#21464=EDGE_CURVE('',#21401,#21373,#21185,.T.);
#21468=ADVANCED_FACE('',(#21467),#21455,.F.);
#21474=EDGE_CURVE('',#21386,#21387,#21192,.T.);
#21476=EDGE_CURVE('',#21379,#21386,#21199,.T.);
#21480=EDGE_CURVE('',#21377,#21391,#21220,.T.);
#21482=EDGE_CURVE('',#21387,#21377,#21227,.T.);
#21486=ADVANCED_FACE('',(#21485),#21473,.T.);
#21500=EDGE_CURVE('',#21387,#21397,#21241,.T.);
#21503=EDGE_CURVE('',#21386,#21403,#21360,.T.);
#21507=ADVANCED_FACE('',(#21506),#21498,.F.);
#21516=EDGE_CURVE('',#21377,#21369,#21262,.T.);
#21518=EDGE_CURVE('',#21367,#21369,#21297,.T.);
#21520=EDGE_CURVE('',#21395,#21367,#21248,.T.);
#21524=ADVANCED_FACE('',(#21523),#21512,.F.);
#21531=EDGE_CURVE('',#21399,#21371,#21283,.T.);
#21533=EDGE_CURVE('',#21369,#21371,#21304,.T.);
#21540=ADVANCED_FACE('',(#21539),#21529,.F.);
#21548=EDGE_CURVE('',#21371,#21373,#21311,.T.);
#21553=ADVANCED_FACE('',(#21552),#21545,.F.);
#21559=EDGE_CURVE('',#21366,#21367,#21290,.T.);
#21565=EDGE_CURVE('',#21375,#21366,#21325,.T.);
#21569=ADVANCED_FACE('',(#21568),#21558,.F.);
#21578=EDGE_CURVE('',#21394,#21366,#21339,.T.);
#21582=ADVANCED_FACE('',(#21581),#21574,.F.);
#21596=ADVANCED_FACE('',(#21595),#21587,.F.);
#21861=EDGE_CURVE('',#21834,#21835,#21609,.T.);
#21863=EDGE_CURVE('',#21843,#21834,#21721,.T.);
#21865=EDGE_CURVE('',#21842,#21843,#21665,.T.);
#21867=EDGE_CURVE('',#21842,#21835,#21630,.T.);
#21871=ADVANCED_FACE('',(#21870),#21860,.F.);
#21878=EDGE_CURVE('',#21835,#21846,#21623,.T.);
#21880=EDGE_CURVE('',#21846,#21847,#21728,.T.);
#21882=EDGE_CURVE('',#21847,#21834,#21707,.T.);
#21886=ADVANCED_FACE('',(#21885),#21876,.F.);
#21892=EDGE_CURVE('',#21850,#21851,#21686,.T.);
#21894=EDGE_CURVE('',#21851,#21853,#21805,.T.);
#21896=EDGE_CURVE('',#21853,#21855,#21784,.T.);
#21898=EDGE_CURVE('',#21855,#21850,#21616,.T.);
#21902=ADVANCED_FACE('',(#21901),#21891,.F.);
#21910=EDGE_CURVE('',#21831,#21842,#21658,.T.);
#21912=EDGE_CURVE('',#21831,#21827,#21637,.T.);
#21914=EDGE_CURVE('',#21827,#21818,#21749,.T.);
#21916=EDGE_CURVE('',#21846,#21818,#21735,.T.);
#21920=ADVANCED_FACE('',(#21919),#21907,.T.);
#21926=EDGE_CURVE('',#21838,#21839,#21644,.T.);
#21928=EDGE_CURVE('',#21838,#21831,#21651,.T.);
#21932=EDGE_CURVE('',#21843,#21829,#21672,.T.);
#21934=EDGE_CURVE('',#21829,#21839,#21679,.T.);
#21938=ADVANCED_FACE('',(#21937),#21925,.F.);
#21952=EDGE_CURVE('',#21839,#21850,#21693,.T.);
#21955=EDGE_CURVE('',#21838,#21855,#21798,.T.);
#21959=ADVANCED_FACE('',(#21958),#21950,.F.);
#21968=EDGE_CURVE('',#21829,#21821,#21700,.T.);
#21970=EDGE_CURVE('',#21821,#21823,#21770,.T.);
#21972=EDGE_CURVE('',#21851,#21823,#21812,.T.);
#21976=ADVANCED_FACE('',(#21975),#21964,.T.);
#21983=EDGE_CURVE('',#21847,#21819,#21714,.T.);
#21985=EDGE_CURVE('',#21819,#21821,#21777,.T.);
#21992=ADVANCED_FACE('',(#21991),#21981,.T.);
#22000=EDGE_CURVE('',#21818,#21819,#21742,.T.);
#22005=ADVANCED_FACE('',(#22004),#21997,.T.);
#22013=EDGE_CURVE('',#21825,#21827,#21756,.T.);
#22015=EDGE_CURVE('',#21823,#21825,#21763,.T.);
#22021=ADVANCED_FACE('',(#22020),#22010,.T.);
#22028=EDGE_CURVE('',#21853,#21825,#21791,.T.);
#22036=ADVANCED_FACE('',(#22035),#22026,.T.);
#22048=ADVANCED_FACE('',(#22047),#22041,.T.);
#22057=(LENGTH_UNIT()NAMED_UNIT(*)SI_UNIT(.MILLI.,.METRE.));
#22058=(NAMED_UNIT(*)PLANE_ANGLE_UNIT()SI_UNIT($,.RADIAN.));
#22061=(NAMED_UNIT(*)SI_UNIT($,.STERADIAN.)SOLID_ANGLE_UNIT());
#22063=(GEOMETRIC_REPRESENTATION_CONTEXT(3)GLOBAL_UNCERTAINTY_ASSIGNED_CONTEXT((
#22062))GLOBAL_UNIT_ASSIGNED_CONTEXT((#22057,#22060,#22061))REPRESENTATION_CONTEXT('ID2','3'));
#22067=AXIS2_PLACEMENT_3D('',#22064,#22065,#22066);
#22068=ADVANCED_BREP_SHAPE_REPRESENTATION('',(#22067,#11090,#11376,#11662,
#11948,#12234,#12520,#12806,#13092,#13378,#13664,#13950,#14236,#14522,#14808,
#15094,#15380,#15666,#15952,#16238,#16524,#16810,#17096,#17382,#17668,#17954,
#18240,#18526,#18812,#19098,#19384,#19670,#19956,#20242,#20694,#21146,#21598,
#22050),#22063);
#22072=PRODUCT_DEFINITION('part definition','',#22071,#10609);
#22073=PRODUCT_DEFINITION_SHAPE('','SHAPE FOR FRAME-RHB0032R_AF0.',#22072);
#22074=SHAPE_ASPECT('','solid data associated with FRAME-RHB0032R_AF0',#22073,
.F.);
#22075=PROPERTY_DEFINITION('',
'shape for solid data with which properties are associated',#22074);
#22076=SHAPE_REPRESENTATION('',(#22050),#22063);
#22077=SHAPE_DEFINITION_REPRESENTATION(#22075,#22076);
#22078=(LENGTH_UNIT()NAMED_UNIT(*)SI_UNIT(.MILLI.,.METRE.));
#22082=PROPERTY_DEFINITION('geometric validation property',
'area of FRAME-RHB0032R_AF0',#22074);
#22083=REPRESENTATION('surface area',(#22081),#22063);
#22084=PROPERTY_DEFINITION_REPRESENTATION(#22082,#22083);
#22085=(LENGTH_UNIT()NAMED_UNIT(*)SI_UNIT(.MILLI.,.METRE.));
#22089=PROPERTY_DEFINITION('geometric validation property',
'volume of FRAME-RHB0032R_AF0',#22074);
#22090=REPRESENTATION('volume',(#22088),#22063);
#22091=PROPERTY_DEFINITION_REPRESENTATION(#22089,#22090);
#22093=PROPERTY_DEFINITION('geometric validation property',
'centroid of FRAME-RHB0032R_AF0',#22074);
#22094=REPRESENTATION('centroid',(#22092),#22063);
#22095=PROPERTY_DEFINITION_REPRESENTATION(#22093,#22094);
#22096=(LENGTH_UNIT()NAMED_UNIT(*)SI_UNIT(.MILLI.,.METRE.));
#22100=PROPERTY_DEFINITION('geometric validation property',
'area of FRAME-RHB0032R_AF0',#22073);
#22101=REPRESENTATION('surface area',(#22099),#22063);
#22102=PROPERTY_DEFINITION_REPRESENTATION(#22100,#22101);
#22103=(LENGTH_UNIT()NAMED_UNIT(*)SI_UNIT(.MILLI.,.METRE.));
#22107=PROPERTY_DEFINITION('geometric validation property',
'volume of FRAME-RHB0032R_AF0',#22073);
#22108=REPRESENTATION('volume',(#22106),#22063);
#22109=PROPERTY_DEFINITION_REPRESENTATION(#22107,#22108);
#22111=PROPERTY_DEFINITION('geometric validation property',
'centroid of FRAME-RHB0032R_AF0',#22073);
#22112=REPRESENTATION('centroid',(#22110),#22063);
#22113=PROPERTY_DEFINITION_REPRESENTATION(#22111,#22112);
#22114=SHAPE_DEFINITION_REPRESENTATION(#22073,#22068);
#22115=NEXT_ASSEMBLY_USAGE_OCCURRENCE('1','Next assembly relationship',
'FRAME-RHB0032R',#22171,#22072,$);
#22116=PRODUCT_DEFINITION_SHAPE('Placement #1',
'Placement of FRAME-RHB0032R_AF0 with respect to RHB0032R_ASM',#22115);
#22118=PROPERTY_DEFINITION('geometric validation property',
'centroid of FRAME-RHB0032R',#22116);
#22119=REPRESENTATION('centroid',(#22117),#22063);
#22120=PROPERTY_DEFINITION_REPRESENTATION(#22118,#22119);
#22128=(LENGTH_UNIT()NAMED_UNIT(*)SI_UNIT(.MILLI.,.METRE.));
#22129=(NAMED_UNIT(*)PLANE_ANGLE_UNIT()SI_UNIT($,.RADIAN.));
#22132=(NAMED_UNIT(*)SI_UNIT($,.STERADIAN.)SOLID_ANGLE_UNIT());
#22134=(GEOMETRIC_REPRESENTATION_CONTEXT(3)GLOBAL_UNCERTAINTY_ASSIGNED_CONTEXT((
#22133))GLOBAL_UNIT_ASSIGNED_CONTEXT((#22128,#22131,#22132))REPRESENTATION_CONTEXT('ID3','3'));
#22138=AXIS2_PLACEMENT_3D('',#22135,#22136,#22137);
#22139=SHAPE_REPRESENTATION('',(#22138),#22134);
#22144=PRODUCT_DEFINITION('part definition','',#22143,#22140);
#22145=PRODUCT_DEFINITION_SHAPE('','SHAPE FOR PIN1-ID.',#22144);
#22146=SHAPE_DEFINITION_REPRESENTATION(#22145,#22139);
#22147=NEXT_ASSEMBLY_USAGE_OCCURRENCE('2','Next assembly relationship',
'PIN1-ID',#22171,#22144,$);
#22148=PRODUCT_DEFINITION_SHAPE('Placement #2',
'Placement of PIN1-ID with respect to RHB0032R_ASM',#22147);
#22156=(LENGTH_UNIT()NAMED_UNIT(*)SI_UNIT(.MILLI.,.METRE.));
#22157=(NAMED_UNIT(*)PLANE_ANGLE_UNIT()SI_UNIT($,.RADIAN.));
#22160=(NAMED_UNIT(*)SI_UNIT($,.STERADIAN.)SOLID_ANGLE_UNIT());
#22162=(GEOMETRIC_REPRESENTATION_CONTEXT(3)GLOBAL_UNCERTAINTY_ASSIGNED_CONTEXT((
#22161))GLOBAL_UNIT_ASSIGNED_CONTEXT((#22156,#22159,#22160))REPRESENTATION_CONTEXT('ID4','3'));
#22166=AXIS2_PLACEMENT_3D('',#22163,#22164,#22165);
#22171=PRODUCT_DEFINITION('part definition','',#22170,#22140);
#22172=(LENGTH_UNIT()NAMED_UNIT(*)SI_UNIT(.MILLI.,.METRE.));
#22176=PROPERTY_DEFINITION('geometric validation property',
'area of RHB0032R_ASM',#10657);
#22177=REPRESENTATION('surface area',(#22175),#22162);
#22178=PROPERTY_DEFINITION_REPRESENTATION(#22176,#22177);
#22179=(LENGTH_UNIT()NAMED_UNIT(*)SI_UNIT(.MILLI.,.METRE.));
#22183=PROPERTY_DEFINITION('geometric validation property',
'volume of RHB0032R_ASM',#10657);
#22184=REPRESENTATION('volume',(#22182),#22162);
#22185=PROPERTY_DEFINITION_REPRESENTATION(#22183,#22184);
#22187=PROPERTY_DEFINITION('geometric validation property',
'centroid of RHB0032R_ASM',#10657);
#22188=REPRESENTATION('centroid',(#22186),#22162);
#22189=PROPERTY_DEFINITION_REPRESENTATION(#22187,#22188);
ENDSEC;
END-ISO-10303-21;
